solver,case_id,E_over_N_Td,energy_eV,energy_width_eV,eedf,eepf,sample_count,effective_sample_count,relative_standard_error
two_term,ar_mcig_sweep_rerun_0000,5.0000000000e+01,1.0000000000e-04,2.3935287248e-04,8.9969111617e-04,8.9969111617e-02,,,
two_term,ar_mcig_sweep_rerun_0000,5.0000000000e+01,3.7870574497e-04,5.5741148993e-04,1.6099309777e-03,8.2728721034e-02,,,
two_term,ar_mcig_sweep_rerun_0000,5.0000000000e+01,1.2148229799e-03,1.1148229799e-03,2.9797680246e-03,8.5492094321e-02,,,
two_term,ar_mcig_sweep_rerun_0000,5.0000000000e+01,2.6083517047e-03,1.6722344698e-03,4.4053196419e-03,8.6257000181e-02,,,
two_term,ar_mcig_sweep_rerun_0000,5.0000000000e+01,4.5592919195e-03,2.2296459597e-03,5.8436055351e-03,8.6543049018e-02,,,
two_term,ar_mcig_sweep_rerun_0000,5.0000000000e+01,7.0676436242e-03,2.7870574497e-03,7.2865284230e-03,8.6672902802e-02,,,
two_term,ar_mcig_sweep_rerun_0000,5.0000000000e+01,1.0133406819e-02,3.3444689396e-03,8.7315723704e-03,8.6739061486e-02,,,
two_term,ar_mcig_sweep_rerun_0000,5.0000000000e+01,1.3756581503e-02,3.9018804295e-03,1.0177690530e-02,8.6774871356e-02,,,
two_term,ar_mcig_sweep_rerun_0000,5.0000000000e+01,1.7937167678e-02,4.4592919195e-03,1.1624390195e-02,8.6794707814e-02,,,
two_term,ar_mcig_sweep_rerun_0000,5.0000000000e+01,2.2675165342e-02,5.0167034094e-03,1.3071285479e-02,8.6804665636e-02,,,
two_term,ar_mcig_sweep_rerun_0000,5.0000000000e+01,2.7970574497e-02,5.5741148993e-03,1.4517940603e-02,8.6806914938e-02,,,
two_term,ar_mcig_sweep_rerun_0000,5.0000000000e+01,3.3823395141e-02,6.1315263893e-03,1.5964638980e-02,8.6806151474e-02,,,
two_term,ar_mcig_sweep_rerun_0000,5.0000000000e+01,4.0233627275e-02,6.6889378792e-03,1.7411296650e-02,8.6803356921e-02,,,
two_term,ar_mcig_sweep_rerun_0000,5.0000000000e+01,4.7201270899e-02,7.2463493691e-03,1.8857935519e-02,8.6799515356e-02,,,
two_term,ar_mcig_sweep_rerun_0000,5.0000000000e+01,5.4726326014e-02,7.8037608591e-03,2.0304207222e-02,8.6793637611e-02,,,
two_term,ar_mcig_sweep_rerun_0000,5.0000000000e+01,6.2808792618e-02,8.3611723490e-03,2.1750225452e-02,8.6786773047e-02,,,
two_term,ar_mcig_sweep_rerun_0000,5.0000000000e+01,7.1448670712e-02,8.9185838390e-03,2.3195617956e-02,8.6777846917e-02,,,
two_term,ar_mcig_sweep_rerun_0000,5.0000000000e+01,8.0645960296e-02,9.4759953289e-03,2.4640708842e-02,8.6768459747e-02,,,
two_term,ar_mcig_sweep_rerun_0000,5.0000000000e+01,9.0400661369e-02,1.0033406819e-02,2.6085374628e-02,8.6758348107e-02,,,
two_term,ar_mcig_sweep_rerun_0000,5.0000000000e+01,1.0071277393e-01,1.0590818309e-02,2.7529923767e-02,8.6748650978e-02,,,
two_term,ar_mcig_sweep_rerun_0000,5.0000000000e+01,1.1158229799e-01,1.1148229799e-02,2.8973887190e-02,8.6737942127e-02,,,
two_term,ar_mcig_sweep_rerun_0000,5.0000000000e+01,1.2300923353e-01,1.1705641289e-02,3.0416961585e-02,8.6725532092e-02,,,
two_term,ar_mcig_sweep_rerun_0000,5.0000000000e+01,1.3499358056e-01,1.2263052779e-02,3.1859892490e-02,8.6713705992e-02,,,
two_term,ar_mcig_sweep_rerun_0000,5.0000000000e+01,1.4753533909e-01,1.2820464268e-02,3.3302641338e-02,8.6702306420e-02,,,
two_term,ar_mcig_sweep_rerun_0000,5.0000000000e+01,1.6063450910e-01,1.3377875758e-02,3.4743503880e-02,8.6687043157e-02,,,
two_term,ar_mcig_sweep_rerun_0000,5.0000000000e+01,1.7429109060e-01,1.3935287248e-02,3.6181444181e-02,8.6665910496e-02,,,
two_term,ar_mcig_sweep_rerun_0000,5.0000000000e+01,1.8850508360e-01,1.4492698738e-02,3.7618732524e-02,8.6644824331e-02,,,
two_term,ar_mcig_sweep_rerun_0000,5.0000000000e+01,2.0327648808e-01,1.5050110228e-02,3.9055828899e-02,8.6624807989e-02,,,
two_term,ar_mcig_sweep_rerun_0000,5.0000000000e+01,2.1860530405e-01,1.5607521718e-02,4.0492609275e-02,8.6605488427e-02,,,
two_term,ar_mcig_sweep_rerun_0000,5.0000000000e+01,2.3449153152e-01,1.6164933208e-02,4.1928656318e-02,8.6585937440e-02,,,
two_term,ar_mcig_sweep_rerun_0000,5.0000000000e+01,2.5093517047e-01,1.6722344698e-02,4.3364440806e-02,8.6567122710e-02,,,
two_term,ar_mcig_sweep_rerun_0000,5.0000000000e+01,2.6793622091e-01,1.7279756188e-02,4.4799976650e-02,8.6549003886e-02,,,
two_term,ar_mcig_sweep_rerun_0000,5.0000000000e+01,2.8549468285e-01,1.7837167678e-02,4.6231209987e-02,8.6523932147e-02,,,
two_term,ar_mcig_sweep_rerun_0000,5.0000000000e+01,3.0361055627e-01,1.8394579168e-02,4.7657029598e-02,8.6490525552e-02,,,
two_term,ar_mcig_sweep_rerun_0000,5.0000000000e+01,3.2228384118e-01,1.8951990658e-02,4.9082503805e-02,8.6458449593e-02,,,
two_term,ar_mcig_sweep_rerun_0000,5.0000000000e+01,3.4151453758e-01,1.9509402148e-02,5.0507603163e-02,8.6427542001e-02,,,
two_term,ar_mcig_sweep_rerun_0000,5.0000000000e+01,3.6130264548e-01,2.0066813638e-02,5.1931176653e-02,8.6395792388e-02,,,
two_term,ar_mcig_sweep_rerun_0000,5.0000000000e+01,3.8164816486e-01,2.0624225128e-02,5.3353523867e-02,8.6363755565e-02,,,
two_term,ar_mcig_sweep_rerun_0000,5.0000000000e+01,4.0255109573e-01,2.1181636618e-02,5.4769628113e-02,8.6323548687e-02,,,
two_term,ar_mcig_sweep_rerun_0000,5.0000000000e+01,4.2401143810e-01,2.1739048107e-02,5.6178456849e-02,8.6274215597e-02,,,
two_term,ar_mcig_sweep_rerun_0000,5.0000000000e+01,4.4602919195e-01,2.2296459597e-02,5.7585083165e-02,8.6224037792e-02,,,
two_term,ar_mcig_sweep_rerun_0000,5.0000000000e+01,4.6860435729e-01,2.2853871087e-02,5.8989811051e-02,8.6173522091e-02,,,
two_term,ar_mcig_sweep_rerun_0000,5.0000000000e+01,4.9173693412e-01,2.3411282577e-02,6.0392159592e-02,8.6122007658e-02,,,
two_term,ar_mcig_sweep_rerun_0000,5.0000000000e+01,5.1542692244e-01,2.3968694067e-02,6.1786611855e-02,8.6061880431e-02,,,
two_term,ar_mcig_sweep_rerun_0000,5.0000000000e+01,5.3967432226e-01,2.4526105557e-02,6.3167679008e-02,8.5986256590e-02,,,
two_term,ar_mcig_sweep_rerun_0000,5.0000000000e+01,5.6447913356e-01,2.5083517047e-02,6.4544685380e-02,8.5908580274e-02,,,
two_term,ar_mcig_sweep_rerun_0000,5.0000000000e+01,5.8984135635e-01,2.5640928537e-02,6.5917146648e-02,8.5828355235e-02,,,
two_term,ar_mcig_sweep_rerun_0000,5.0000000000e+01,6.1576099063e-01,2.6198340027e-02,6.7285857922e-02,8.5746757863e-02,,,
two_term,ar_mcig_sweep_rerun_0000,5.0000000000e+01,6.4223803640e-01,2.6755751517e-02,6.8634704723e-02,8.5643766379e-02,,,
two_term,ar_mcig_sweep_rerun_0000,5.0000000000e+01,6.6927249367e-01,2.7313163007e-02,6.9971041453e-02,8.5529680526e-02,,,
two_term,ar_mcig_sweep_rerun_0000,5.0000000000e+01,6.9686436242e-01,2.7870574497e-02,7.1301463395e-02,8.5413066811e-02,,,
two_term,ar_mcig_sweep_rerun_0000,5.0000000000e+01,7.2501364266e-01,2.8427985987e-02,7.2624742641e-02,8.5292632140e-02,,,
two_term,ar_mcig_sweep_rerun_0000,5.0000000000e+01,7.5372033439e-01,2.8985397477e-02,7.3930003113e-02,8.5156069632e-02,,,
two_term,ar_mcig_sweep_rerun_0000,5.0000000000e+01,7.8298443761e-01,2.9542808967e-02,7.5211469459e-02,8.4997765507e-02,,,
two_term,ar_mcig_sweep_rerun_0000,5.0000000000e+01,8.1280595232e-01,3.0100220456e-02,7.6485393488e-02,8.4836954093e-02,,,
two_term,ar_mcig_sweep_rerun_0000,5.0000000000e+01,8.4318487853e-01,3.0657631946e-02,7.7751210321e-02,8.4673157192e-02,,,
two_term,ar_mcig_sweep_rerun_0000,5.0000000000e+01,8.7412121622e-01,3.1215043436e-02,7.8991613455e-02,8.4488024198e-02,,,
two_term,ar_mcig_sweep_rerun_0000,5.0000000000e+01,9.0561496540e-01,3.1772454926e-02,8.0207336864e-02,8.4283449397e-02,,,
two_term,ar_mcig_sweep_rerun_0000,5.0000000000e+01,9.3766612607e-01,3.2329866416e-02,8.1413454561e-02,8.4076005460e-02,,,
two_term,ar_mcig_sweep_rerun_0000,5.0000000000e+01,9.7027469823e-01,3.2887277906e-02,8.2611814355e-02,8.3867714321e-02,,,
two_term,ar_mcig_sweep_rerun_0000,5.0000000000e+01,1.0034406819e+00,3.3444689396e-02,8.3769065274e-02,8.3625324739e-02,,,
two_term,ar_mcig_sweep_rerun_0000,5.0000000000e+01,1.0371640770e+00,3.4002100886e-02,8.4911179229e-02,8.3376016006e-02,,,
two_term,ar_mcig_sweep_rerun_0000,5.0000000000e+01,1.0714448837e+00,3.4559512376e-02,8.6043775008e-02,8.3125551240e-02,,,
two_term,ar_mcig_sweep_rerun_0000,5.0000000000e+01,1.1062831018e+00,3.5116923866e-02,8.7154853225e-02,8.2862577172e-02,,,
two_term,ar_mcig_sweep_rerun_0000,5.0000000000e+01,1.1416787314e+00,3.5674335356e-02,8.8228426333e-02,8.2572717537e-02,,,
two_term,ar_mcig_sweep_rerun_0000,5.0000000000e+01,1.1776317725e+00,3.6231746846e-02,8.9294192223e-02,8.2284579800e-02,,,
two_term,ar_mcig_sweep_rerun_0000,5.0000000000e+01,1.2141422251e+00,3.6789158336e-02,9.0351101427e-02,8.1997133365e-02,,,
two_term,ar_mcig_sweep_rerun_0000,5.0000000000e+01,1.2512100892e+00,3.7346569826e-02,9.1356263511e-02,8.1672003553e-02,,,
two_term,ar_mcig_sweep_rerun_0000,5.0000000000e+01,1.2888353647e+00,3.7903981316e-02,9.2352839332e-02,8.1348870998e-02,,,
two_term,ar_mcig_sweep_rerun_0000,5.0000000000e+01,1.3270180518e+00,3.8461392805e-02,9.3342570870e-02,8.1029161131e-02,,,
two_term,ar_mcig_sweep_rerun_0000,5.0000000000e+01,1.3657581503e+00,3.9018804295e-02,9.4285323901e-02,8.0678385162e-02,,,
two_term,ar_mcig_sweep_rerun_0000,5.0000000000e+01,1.4050556604e+00,3.9576215785e-02,9.5213354007e-02,8.0325067567e-02,,,
two_term,ar_mcig_sweep_rerun_0000,5.0000000000e+01,1.4449105819e+00,4.0133627275e-02,9.6133889511e-02,7.9975327663e-02,,,
two_term,ar_mcig_sweep_rerun_0000,5.0000000000e+01,1.4853229149e+00,4.0691038765e-02,9.7009909772e-02,7.9598642287e-02,,,
two_term,ar_mcig_sweep_rerun_0000,5.0000000000e+01,1.5262926594e+00,4.1248450255e-02,9.7868498509e-02,7.9218026271e-02,,,
two_term,ar_mcig_sweep_rerun_0000,5.0000000000e+01,1.5678198154e+00,4.1805861745e-02,9.8719686531e-02,7.8841647905e-02,,,
two_term,ar_mcig_sweep_rerun_0000,5.0000000000e+01,1.6099043829e+00,4.2363273235e-02,9.9523304989e-02,7.8437681546e-02,,,
two_term,ar_mcig_sweep_rerun_0000,5.0000000000e+01,1.6525463619e+00,4.2920684725e-02,1.0031198701e-01,7.8032587308e-02,,,
two_term,ar_mcig_sweep_rerun_0000,5.0000000000e+01,1.6957457524e+00,4.3478096215e-02,1.0109287885e-01,7.7631896404e-02,,,
two_term,ar_mcig_sweep_rerun_0000,5.0000000000e+01,1.7395025543e+00,4.4035507705e-02,1.0181931417e-01,7.7200058956e-02,,,
two_term,ar_mcig_sweep_rerun_0000,5.0000000000e+01,1.7838167678e+00,4.4592919195e-02,1.0253787370e-01,7.6773119294e-02,,,
two_term,ar_mcig_sweep_rerun_0000,5.0000000000e+01,1.8286883927e+00,4.5150330685e-02,1.0323665220e-01,7.6342092307e-02,,,
two_term,ar_mcig_sweep_rerun_0000,5.0000000000e+01,1.8741174292e+00,4.5707742175e-02,1.0389271570e-01,7.5890375000e-02,,,
two_term,ar_mcig_sweep_rerun_0000,5.0000000000e+01,1.9201038771e+00,4.6265153665e-02,1.0454070243e-01,7.5443712536e-02,,,
two_term,ar_mcig_sweep_rerun_0000,5.0000000000e+01,1.9666477365e+00,4.6822565155e-02,1.0515377471e-01,7.4982787070e-02,,,
two_term,ar_mcig_sweep_rerun_0000,5.0000000000e+01,2.0137490074e+00,4.7379976644e-02,1.0573940538e-01,7.4513368043e-02,,,
two_term,ar_mcig_sweep_rerun_0000,5.0000000000e+01,2.0614076898e+00,4.7937388134e-02,1.0631662215e-01,7.4049004447e-02,,,
two_term,ar_mcig_sweep_rerun_0000,5.0000000000e+01,2.1096237837e+00,4.8494799624e-02,1.0684153224e-01,7.3559302275e-02,,,
two_term,ar_mcig_sweep_rerun_0000,5.0000000000e+01,2.1583972890e+00,4.9052211114e-02,1.0735673253e-01,7.3074119588e-02,,,
two_term,ar_mcig_sweep_rerun_0000,5.0000000000e+01,2.2077282059e+00,4.9609622604e-02,1.0784398103e-01,7.2581026863e-02,,,
two_term,ar_mcig_sweep_rerun_0000,5.0000000000e+01,2.2576165342e+00,5.0167034094e-02,1.0829812233e-01,7.2076856658e-02,,,
two_term,ar_mcig_sweep_rerun_0000,5.0000000000e+01,2.3080622741e+00,5.0724445584e-02,1.0874317362e-01,7.1577782934e-02,,,
two_term,ar_mcig_sweep_rerun_0000,5.0000000000e+01,2.3590654254e+00,5.1281857074e-02,1.0913883134e-01,7.1057398967e-02,,,
two_term,ar_mcig_sweep_rerun_0000,5.0000000000e+01,2.4106259882e+00,5.1839268564e-02,1.0952355701e-01,7.0541164192e-02,,,
two_term,ar_mcig_sweep_rerun_0000,5.0000000000e+01,2.4627439625e+00,5.2396680054e-02,1.0987708854e-01,7.0016034774e-02,,,
two_term,ar_mcig_sweep_rerun_0000,5.0000000000e+01,2.5154193483e+00,5.2954091544e-02,1.1020270256e-01,6.9484357567e-02,,,
two_term,ar_mcig_sweep_rerun_0000,5.0000000000e+01,2.5686521456e+00,5.3511503034e-02,1.1051207914e-01,6.8953624937e-02,,,
two_term,ar_mcig_sweep_rerun_0000,5.0000000000e+01,2.6224423544e+00,5.4068914524e-02,1.1077984021e-01,6.8408136364e-02,,,
two_term,ar_mcig_sweep_rerun_0000,5.0000000000e+01,2.6767899747e+00,5.4626326014e-02,1.1103766325e-01,6.7867705261e-02,,,
two_term,ar_mcig_sweep_rerun_0000,5.0000000000e+01,2.7316950064e+00,5.5183737504e-02,1.1125456422e-01,6.7313431814e-02,,,
two_term,ar_mcig_sweep_rerun_0000,5.0000000000e+01,2.7871574497e+00,5.5741148993e-02,1.1145562453e-01,6.6760754795e-02,,,
two_term,ar_mcig_sweep_rerun_0000,5.0000000000e+01,2.8431773044e+00,5.6298560483e-02,1.1162685622e-01,6.6201331108e-02,,,
two_term,ar_mcig_sweep_rerun_0000,5.0000000000e+01,2.8997545706e+00,5.6855971973e-02,1.1177261113e-01,6.5637914796e-02,,,
two_term,ar_mcig_sweep_rerun_0000,5.0000000000e+01,2.9568892484e+00,5.7413383463e-02,1.1189726015e-01,6.5073164017e-02,,,
two_term,ar_mcig_sweep_rerun_0000,5.0000000000e+01,3.0145813376e+00,5.7970794953e-02,1.1198916876e-01,6.4500416350e-02,,,
two_term,ar_mcig_sweep_rerun_0000,5.0000000000e+01,3.0728308383e+00,5.8528206443e-02,1.1206665596e-01,6.3930350663e-02,,,
two_term,ar_mcig_sweep_rerun_0000,5.0000000000e+01,3.1316377505e+00,5.9085617933e-02,1.1210619964e-01,6.3349599060e-02,,,
two_term,ar_mcig_sweep_rerun_0000,5.0000000000e+01,3.1910020741e+00,5.9643029423e-02,1.1213491702e-01,6.2773641496e-02,,,
two_term,ar_mcig_sweep_rerun_0000,5.0000000000e+01,3.2509238093e+00,6.0200440913e-02,1.1212486986e-01,6.2186849665e-02,,,
two_term,ar_mcig_sweep_rerun_0000,5.0000000000e+01,3.3114029560e+00,6.0757852403e-02,1.1210252130e-01,6.1604064143e-02,,,
two_term,ar_mcig_sweep_rerun_0000,5.0000000000e+01,3.3724395141e+00,6.1315263893e-02,1.1204658593e-01,6.1013584959e-02,,,
two_term,ar_mcig_sweep_rerun_0000,5.0000000000e+01,3.4340334837e+00,6.1872675383e-02,1.1197468265e-01,6.0425127788e-02,,,
two_term,ar_mcig_sweep_rerun_0000,5.0000000000e+01,3.4961848649e+00,6.2430086873e-02,1.1187304699e-01,5.9831277042e-02,,,
two_term,ar_mcig_sweep_rerun_0000,5.0000000000e+01,3.5588936575e+00,6.2987498363e-02,1.1175304953e-01,5.9238203249e-02,,,
two_term,ar_mcig_sweep_rerun_0000,5.0000000000e+01,3.6221598616e+00,6.3544909853e-02,1.1160611468e-01,5.8641380083e-02,,,
two_term,ar_mcig_sweep_rerun_0000,5.0000000000e+01,3.6859834772e+00,6.4102321342e-02,1.1143948959e-01,5.8044680126e-02,,,
two_term,ar_mcig_sweep_rerun_0000,5.0000000000e+01,3.7503645043e+00,6.4659732832e-02,1.1124780082e-01,5.7445325510e-02,,,
two_term,ar_mcig_sweep_rerun_0000,5.0000000000e+01,3.8153029429e+00,6.5217144322e-02,1.1103596134e-01,5.6845899541e-02,,,
two_term,ar_mcig_sweep_rerun_0000,5.0000000000e+01,3.8807987929e+00,6.5774555812e-02,1.1080022665e-01,5.6244503256e-02,,,
two_term,ar_mcig_sweep_rerun_0000,5.0000000000e+01,3.9468520545e+00,6.6331967302e-02,1.1054453612e-01,5.5643169236e-02,,,
two_term,ar_mcig_sweep_rerun_0000,5.0000000000e+01,4.0134627275e+00,6.6889378792e-02,1.1026753401e-01,5.5041219196e-02,,,
two_term,ar_mcig_sweep_rerun_0000,5.0000000000e+01,4.0806308121e+00,6.7446790282e-02,1.0996986311e-01,5.4438986616e-02,,,
two_term,ar_mcig_sweep_rerun_0000,5.0000000000e+01,4.1483563081e+00,6.8004201772e-02,1.0965018512e-01,5.3835821374e-02,,,
two_term,ar_mcig_sweep_rerun_0000,5.0000000000e+01,4.2166392156e+00,6.8561613262e-02,1.0930924383e-01,5.3232108445e-02,,,
two_term,ar_mcig_sweep_rerun_0000,5.0000000000e+01,4.2854795346e+00,6.9119024752e-02,1.0894828921e-01,5.2628464879e-02,,,
two_term,ar_mcig_sweep_rerun_0000,5.0000000000e+01,4.3548772651e+00,6.9676436242e-02,1.0856731140e-01,5.2024884306e-02,,,
two_term,ar_mcig_sweep_rerun_0000,5.0000000000e+01,4.4248324071e+00,7.0233847732e-02,1.0816313753e-01,5.1419856868e-02,,,
two_term,ar_mcig_sweep_rerun_0000,5.0000000000e+01,4.4953449606e+00,7.0791259222e-02,1.0774492008e-01,5.0817733504e-02,,,
two_term,ar_mcig_sweep_rerun_0000,5.0000000000e+01,4.5664149255e+00,7.1348670712e-02,1.0730274991e-01,5.0213809031e-02,,,
two_term,ar_mcig_sweep_rerun_0000,5.0000000000e+01,4.6380423020e+00,7.1906082202e-02,1.0684678256e-01,4.9612840923e-02,,,
two_term,ar_mcig_sweep_rerun_0000,5.0000000000e+01,4.7102270899e+00,7.2463493691e-02,1.0636654025e-01,4.9009933179e-02,,,
two_term,ar_mcig_sweep_rerun_0000,5.0000000000e+01,4.7829692894e+00,7.3020905181e-02,1.0587242362e-01,4.8409885879e-02,,,
two_term,ar_mcig_sweep_rerun_0000,5.0000000000e+01,4.8562689003e+00,7.3578316671e-02,1.0535666975e-01,4.7809111339e-02,,,
two_term,ar_mcig_sweep_rerun_0000,5.0000000000e+01,4.9301259227e+00,7.4135728161e-02,1.0482555319e-01,4.7210451842e-02,,,
two_term,ar_mcig_sweep_rerun_0000,5.0000000000e+01,5.0045403566e+00,7.4693139651e-02,1.0427524689e-01,4.6612149309e-02,,,
two_term,ar_mcig_sweep_rerun_0000,5.0000000000e+01,5.0795122020e+00,7.5250551141e-02,1.0370825961e-01,4.6015308946e-02,,,
two_term,ar_mcig_sweep_rerun_0000,5.0000000000e+01,5.1550414589e+00,7.5807962631e-02,1.0312429985e-01,4.5419770115e-02,,,
two_term,ar_mcig_sweep_rerun_0000,5.0000000000e+01,5.2311281273e+00,7.6365374121e-02,1.0252251889e-01,4.4825133242e-02,,,
two_term,ar_mcig_sweep_rerun_0000,5.0000000000e+01,5.3077722072e+00,7.6922785611e-02,1.0190575781e-01,4.4232611902e-02,,,
two_term,ar_mcig_sweep_rerun_0000,5.0000000000e+01,5.3849736985e+00,7.7480197101e-02,1.0127021876e-01,4.3640523829e-02,,,
two_term,ar_mcig_sweep_rerun_0000,5.0000000000e+01,5.4627326014e+00,7.8037608591e-02,1.0062070343e-01,4.3050914160e-02,,,
two_term,ar_mcig_sweep_rerun_0000,5.0000000000e+01,5.5410489157e+00,7.8595020081e-02,9.9953116096e-02,4.2461990225e-02,,,
two_term,ar_mcig_sweep_rerun_0000,5.0000000000e+01,5.6199226415e+00,7.9152431571e-02,9.9271034341e-02,4.1875246661e-02,,,
two_term,ar_mcig_sweep_rerun_0000,5.0000000000e+01,5.6993537788e+00,7.9709843061e-02,9.8572856803e-02,4.1289966956e-02,,,
two_term,ar_mcig_sweep_rerun_0000,5.0000000000e+01,5.7793423276e+00,8.0267254551e-02,9.7859124176e-02,4.0706345526e-02,,,
two_term,ar_mcig_sweep_rerun_0000,5.0000000000e+01,5.8598882879e+00,8.0824666041e-02,9.7130978132e-02,4.0124819690e-02,,,
two_term,ar_mcig_sweep_rerun_0000,5.0000000000e+01,5.9409916597e+00,8.1382077530e-02,9.6386443098e-02,3.9544535872e-02,,,
two_term,ar_mcig_sweep_rerun_0000,5.0000000000e+01,6.0226524430e+00,8.1939489020e-02,9.5628248439e-02,3.8966580887e-02,,,
two_term,ar_mcig_sweep_rerun_0000,5.0000000000e+01,6.1048706378e+00,8.2496900510e-02,9.4854342240e-02,3.8390077068e-02,,,
two_term,ar_mcig_sweep_rerun_0000,5.0000000000e+01,6.1876462440e+00,8.3054312000e-02,9.4066356688e-02,3.7815651355e-02,,,
two_term,ar_mcig_sweep_rerun_0000,5.0000000000e+01,6.2709792618e+00,8.3611723490e-02,9.3264068996e-02,3.7243173222e-02,,,
two_term,ar_mcig_sweep_rerun_0000,5.0000000000e+01,6.3548696910e+00,8.4169134980e-02,9.2446994584e-02,3.6672411753e-02,,,
two_term,ar_mcig_sweep_rerun_0000,5.0000000000e+01,6.4393175317e+00,8.4726546470e-02,9.1616523571e-02,3.6103880880e-02,,,
two_term,ar_mcig_sweep_rerun_0000,5.0000000000e+01,6.5243227839e+00,8.5283957960e-02,9.0771251360e-02,3.5536986969e-02,,,
two_term,ar_mcig_sweep_rerun_0000,5.0000000000e+01,6.6098854476e+00,8.5841369450e-02,8.9912549445e-02,3.4972231586e-02,,,
two_term,ar_mcig_sweep_rerun_0000,5.0000000000e+01,6.6960055228e+00,8.6398780940e-02,8.9040126271e-02,3.4409460672e-02,,,
two_term,ar_mcig_sweep_rerun_0000,5.0000000000e+01,6.7826830095e+00,8.6956192430e-02,8.8153761407e-02,3.3848551427e-02,,,
two_term,ar_mcig_sweep_rerun_0000,5.0000000000e+01,6.8699179077e+00,8.7513603920e-02,8.7254325996e-02,3.3289800643e-02,,,
two_term,ar_mcig_sweep_rerun_0000,5.0000000000e+01,6.9577102174e+00,8.8071015410e-02,8.6341039322e-02,3.2732871361e-02,,,
two_term,ar_mcig_sweep_rerun_0000,5.0000000000e+01,7.0460599385e+00,8.8628426900e-02,8.5414655463e-02,3.2178013295e-02,,,
two_term,ar_mcig_sweep_rerun_0000,5.0000000000e+01,7.1349670712e+00,8.9185838390e-02,8.4475200422e-02,3.1625197347e-02,,,
two_term,ar_mcig_sweep_rerun_0000,5.0000000000e+01,7.2244316153e+00,8.9743249879e-02,8.3522329112e-02,3.1074257079e-02,,,
two_term,ar_mcig_sweep_rerun_0000,5.0000000000e+01,7.3144535709e+00,9.0300661369e-02,8.2556729657e-02,3.0525412191e-02,,,
two_term,ar_mcig_sweep_rerun_0000,5.0000000000e+01,7.4050329380e+00,9.0858072859e-02,8.1578079538e-02,2.9978505600e-02,,,
two_term,ar_mcig_sweep_rerun_0000,5.0000000000e+01,7.4961697166e+00,9.1415484349e-02,8.0586595863e-02,2.9433581148e-02,,,
two_term,ar_mcig_sweep_rerun_0000,5.0000000000e+01,7.5878639067e+00,9.1972895839e-02,7.9582557367e-02,2.8890703986e-02,,,
two_term,ar_mcig_sweep_rerun_0000,5.0000000000e+01,7.6801155083e+00,9.2530307329e-02,7.8565637499e-02,2.8349719283e-02,,,
two_term,ar_mcig_sweep_rerun_0000,5.0000000000e+01,7.7729245214e+00,9.3087718819e-02,7.7536283560e-02,2.7810753483e-02,,,
two_term,ar_mcig_sweep_rerun_0000,5.0000000000e+01,7.8662909460e+00,9.3645130309e-02,7.6494517464e-02,2.7273778349e-02,,,
two_term,ar_mcig_sweep_rerun_0000,5.0000000000e+01,7.9602147820e+00,9.4202541799e-02,7.5440216317e-02,2.6738714986e-02,,,
two_term,ar_mcig_sweep_rerun_0000,5.0000000000e+01,8.0546960296e+00,9.4759953289e-02,7.4373724956e-02,2.6205651163e-02,,,
two_term,ar_mcig_sweep_rerun_0000,5.0000000000e+01,8.1497346886e+00,9.5317364779e-02,7.3294999171e-02,2.5674536314e-02,,,
two_term,ar_mcig_sweep_rerun_0000,5.0000000000e+01,8.2453307591e+00,9.5874776269e-02,7.2204088044e-02,2.5145353542e-02,,,
two_term,ar_mcig_sweep_rerun_0000,5.0000000000e+01,8.3414842411e+00,9.6432187759e-02,7.1101202044e-02,2.4618142214e-02,,,
two_term,ar_mcig_sweep_rerun_0000,5.0000000000e+01,8.4381951346e+00,9.6989599249e-02,6.9986307173e-02,2.4092856639e-02,,,
two_term,ar_mcig_sweep_rerun_0000,5.0000000000e+01,8.5354634396e+00,9.7547010739e-02,6.8859530800e-02,2.3569507401e-02,,,
two_term,ar_mcig_sweep_rerun_0000,5.0000000000e+01,8.6332891561e+00,9.8104422228e-02,6.7721011536e-02,2.3048108670e-02,,,
two_term,ar_mcig_sweep_rerun_0000,5.0000000000e+01,8.7316722841e+00,9.8661833718e-02,6.6570746668e-02,2.2528626469e-02,,,
two_term,ar_mcig_sweep_rerun_0000,5.0000000000e+01,8.8306128235e+00,9.9219245208e-02,6.5408882843e-02,2.2011077849e-02,,,
two_term,ar_mcig_sweep_rerun_0000,5.0000000000e+01,8.9301107745e+00,9.9776656698e-02,6.4235533860e-02,2.1495468484e-02,,,
two_term,ar_mcig_sweep_rerun_0000,5.0000000000e+01,9.0301661369e+00,1.0033406819e-01,6.3050724924e-02,2.0981774442e-02,,,
two_term,ar_mcig_sweep_rerun_0000,5.0000000000e+01,9.1307789109e+00,1.0089147968e-01,6.1854604965e-02,2.0470013264e-02,,,
two_term,ar_mcig_sweep_rerun_0000,5.0000000000e+01,9.2319490963e+00,1.0144889117e-01,6.0647280316e-02,1.9960188089e-02,,,
two_term,ar_mcig_sweep_rerun_0000,5.0000000000e+01,9.3336766932e+00,1.0200630266e-01,5.9428805267e-02,1.9452284949e-02,,,
two_term,ar_mcig_sweep_rerun_0000,5.0000000000e+01,9.4359617016e+00,1.0256371415e-01,5.8199322972e-02,1.8946319111e-02,,,
two_term,ar_mcig_sweep_rerun_0000,5.0000000000e+01,9.5388041215e+00,1.0312112564e-01,5.6958942760e-02,1.8442294558e-02,,,
two_term,ar_mcig_sweep_rerun_0000,5.0000000000e+01,9.6422039529e+00,1.0367853713e-01,5.5707746654e-02,1.7940206394e-02,,,
two_term,ar_mcig_sweep_rerun_0000,5.0000000000e+01,9.7461611958e+00,1.0423594862e-01,5.4445868728e-02,1.7440066504e-02,,,
two_term,ar_mcig_sweep_rerun_0000,5.0000000000e+01,9.8506758501e+00,1.0479336011e-01,5.3173432152e-02,1.6941883040e-02,,,
two_term,ar_mcig_sweep_rerun_0000,5.0000000000e+01,9.9557479160e+00,1.0535077160e-01,5.1890534648e-02,1.6445655922e-02,,,
two_term,ar_mcig_sweep_rerun_0000,5.0000000000e+01,1.0061377393e+01,1.0590818309e-01,5.0597315296e-02,1.5951398106e-02,,,
two_term,ar_mcig_sweep_rerun_0000,5.0000000000e+01,1.0167564282e+01,1.0646559458e-01,4.9293899614e-02,1.5459118026e-02,,,
two_term,ar_mcig_sweep_rerun_0000,5.0000000000e+01,1.0274308582e+01,1.0702300607e-01,4.7980413391e-02,1.4968824024e-02,,,
two_term,ar_mcig_sweep_rerun_0000,5.0000000000e+01,1.0381610294e+01,1.0758041756e-01,4.6656986213e-02,1.4480525448e-02,,,
two_term,ar_mcig_sweep_rerun_0000,5.0000000000e+01,1.0489469418e+01,1.0813782905e-01,4.5323767308e-02,1.3994237516e-02,,,
two_term,ar_mcig_sweep_rerun_0000,5.0000000000e+01,1.0597885952e+01,1.0869524054e-01,4.3980883675e-02,1.3509968309e-02,,,
two_term,ar_mcig_sweep_rerun_0000,5.0000000000e+01,1.0706859899e+01,1.0925265203e-01,4.2628485661e-02,1.3027732875e-02,,,
two_term,ar_mcig_sweep_rerun_0000,5.0000000000e+01,1.0816391256e+01,1.0981006352e-01,4.1266732590e-02,1.2547548688e-02,,,
two_term,ar_mcig_sweep_rerun_0000,5.0000000000e+01,1.0926480026e+01,1.1036747501e-01,3.9895766563e-02,1.2069427658e-02,,,
two_term,ar_mcig_sweep_rerun_0000,5.0000000000e+01,1.1037126206e+01,1.1092488650e-01,3.8515747057e-02,1.1593386687e-02,,,
two_term,ar_mcig_sweep_rerun_0000,5.0000000000e+01,1.1148329799e+01,1.1148229799e-01,3.7126825748e-02,1.1119440001e-02,,,
two_term,ar_mcig_sweep_rerun_0000,5.0000000000e+01,1.1260090802e+01,1.1203970948e-01,3.5729173892e-02,1.0647607377e-02,,,
two_term,ar_mcig_sweep_rerun_0000,5.0000000000e+01,1.1372409218e+01,6.9954598789e-02,3.4322939570e-02,1.0177901332e-02,,,
two_term,ar_mcig_sweep_rerun_0000,5.0000000000e+01,1.1400000000e+01,3.5223962606e-02,3.3977270470e-02,1.0063199016e-02,,,
two_term,ar_mcig_sweep_rerun_0000,5.0000000000e+01,1.1442857143e+01,4.2642522178e-02,3.3439896997e-02,9.8854784343e-03,,,
two_term,ar_mcig_sweep_rerun_0000,5.0000000000e+01,1.1485285044e+01,2.1428571429e-02,3.2907314734e-02,9.7100520045e-03,,,
two_term,ar_mcig_sweep_rerun_0000,5.0000000000e+01,1.1485714286e+01,2.1643192108e-02,3.2901924283e-02,9.7082800165e-03,,,
two_term,ar_mcig_sweep_rerun_0000,5.0000000000e+01,1.1528571429e+01,4.2857142857e-02,3.2363486186e-02,9.5316382235e-03,,,
two_term,ar_mcig_sweep_rerun_0000,5.0000000000e+01,1.1571428571e+01,3.5073426993e-02,3.1824720494e-02,9.3555884411e-03,,,
two_term,ar_mcig_sweep_rerun_0000,5.0000000000e+01,1.1598718283e+01,2.1428571429e-02,3.1481553505e-02,9.2438130818e-03,,,
two_term,ar_mcig_sweep_rerun_0000,5.0000000000e+01,1.1614285714e+01,2.9212287293e-02,3.1285677433e-02,9.1801401287e-03,,,
two_term,ar_mcig_sweep_rerun_0000,5.0000000000e+01,1.1657142857e+01,4.2857142857e-02,3.0745419383e-02,9.0050133716e-03,,,
two_term,ar_mcig_sweep_rerun_0000,5.0000000000e+01,1.1700000000e+01,2.7783037553e-02,3.0204148640e-02,8.8302635937e-03,,,
two_term,ar_mcig_sweep_rerun_0000,5.0000000000e+01,1.1712708932e+01,6.3628496715e-02,3.0043539074e-02,8.7785424781e-03,,,
two_term,ar_mcig_sweep_rerun_0000,5.0000000000e+01,1.1827256993e+01,1.1482676693e-01,2.8594638057e-02,8.3146234709e-03,,,
two_term,ar_mcig_sweep_rerun_0000,5.0000000000e+01,1.1942362466e+01,1.1538417842e-01,2.7145525485e-02,7.8551255159e-03,,,
two_term,ar_mcig_sweep_rerun_0000,5.0000000000e+01,1.2058025350e+01,1.1594158991e-01,2.5704874077e-02,7.4024824156e-03,,,
two_term,ar_mcig_sweep_rerun_0000,5.0000000000e+01,1.2174245646e+01,1.1649900140e-01,2.4280490635e-02,6.9588332197e-03,,,
two_term,ar_mcig_sweep_rerun_0000,5.0000000000e+01,1.2291023353e+01,1.1705641289e-01,2.2879550646e-02,6.5260961608e-03,,,
two_term,ar_mcig_sweep_rerun_0000,5.0000000000e+01,1.2408358472e+01,1.1761382438e-01,2.1508262298e-02,6.1058785042e-03,,,
two_term,ar_mcig_sweep_rerun_0000,5.0000000000e+01,1.2526251002e+01,1.1817123587e-01,2.0172199673e-02,5.6995780257e-03,,,
two_term,ar_mcig_sweep_rerun_0000,5.0000000000e+01,1.2644700943e+01,1.1872864736e-01,1.8876070988e-02,5.3083227539e-03,,,
two_term,ar_mcig_sweep_rerun_0000,5.0000000000e+01,1.2763708297e+01,1.1928605885e-01,1.7623774475e-02,4.9329929132e-03,,,
two_term,ar_mcig_sweep_rerun_0000,5.0000000000e+01,1.2883273061e+01,1.1984347034e-01,1.6418585237e-02,4.5742787467e-03,,,
two_term,ar_mcig_sweep_rerun_0000,5.0000000000e+01,1.3003395237e+01,1.2040088183e-01,1.5262965134e-02,4.2326321908e-03,,,
two_term,ar_mcig_sweep_rerun_0000,5.0000000000e+01,1.3124074825e+01,1.2095829332e-01,1.4158877973e-02,3.9083593710e-03,,,
two_term,ar_mcig_sweep_rerun_0000,5.0000000000e+01,1.3245311824e+01,1.2151570481e-01,1.3107609243e-02,3.6015744144e-03,,,
two_term,ar_mcig_sweep_rerun_0000,5.0000000000e+01,1.3367106234e+01,1.2207311630e-01,1.2109848831e-02,3.3122264582e-03,,,
two_term,ar_mcig_sweep_rerun_0000,5.0000000000e+01,1.3489458056e+01,1.2263052779e-01,1.1165873243e-02,3.0401530116e-03,,,
two_term,ar_mcig_sweep_rerun_0000,5.0000000000e+01,1.3612367290e+01,1.2318793928e-01,1.0275431269e-02,2.7850514929e-03,,,
two_term,ar_mcig_sweep_rerun_0000,5.0000000000e+01,1.3735833935e+01,1.2374535077e-01,9.4379488513e-03,2.5465376621e-03,,,
two_term,ar_mcig_sweep_rerun_0000,5.0000000000e+01,1.3859857991e+01,1.2430276226e-01,8.6524826156e-03,2.3241349690e-03,,,
two_term,ar_mcig_sweep_rerun_0000,5.0000000000e+01,1.3984439459e+01,1.2486017375e-01,7.9177445495e-03,2.1172832140e-03,,,
two_term,ar_mcig_sweep_rerun_0000,5.0000000000e+01,1.4109578339e+01,1.2541758524e-01,7.2322718245e-03,1.9253856165e-03,,,
two_term,ar_mcig_sweep_rerun_0000,5.0000000000e+01,1.4235274630e+01,1.2597499673e-01,6.5943487499e-03,1.7477889390e-03,,,
two_term,ar_mcig_sweep_rerun_0000,5.0000000000e+01,1.4361528332e+01,1.2653240822e-01,6.0020963043e-03,1.5838083555e-03,,,
two_term,ar_mcig_sweep_rerun_0000,5.0000000000e+01,1.4488339446e+01,1.2708981971e-01,5.4535334661e-03,1.4327442570e-03,,,
two_term,ar_mcig_sweep_rerun_0000,5.0000000000e+01,1.4615707972e+01,1.2764723120e-01,4.9465498980e-03,1.2938754297e-03,,,
two_term,ar_mcig_sweep_rerun_0000,5.0000000000e+01,1.4743633909e+01,1.2820464268e-01,4.4790053363e-03,1.1664854084e-03,,,
two_term,ar_mcig_sweep_rerun_0000,5.0000000000e+01,1.4872117257e+01,1.2876205417e-01,4.0487189018e-03,1.0498596023e-03,,,
two_term,ar_mcig_sweep_rerun_0000,5.0000000000e+01,1.5001158017e+01,1.2931946566e-01,3.6534728298e-03,9.4328621770e-04,,,
two_term,ar_mcig_sweep_rerun_0000,5.0000000000e+01,1.5130756189e+01,1.2987687715e-01,3.2910989742e-03,8.4607843638e-04,,,
two_term,ar_mcig_sweep_rerun_0000,5.0000000000e+01,1.5260911771e+01,1.3043428864e-01,2.9594412016e-03,7.5756425561e-04,,,
two_term,ar_mcig_sweep_rerun_0000,5.0000000000e+01,1.5391624766e+01,1.3099170013e-01,2.6563712207e-03,6.7709020758e-04,,,
two_term,ar_mcig_sweep_rerun_0000,5.0000000000e+01,1.5522895172e+01,1.0918761709e-01,2.3798431029e-03,6.0403480496e-04,,,
two_term,ar_mcig_sweep_rerun_0000,5.0000000000e+01,1.5610000000e+01,6.4980985580e-02,2.2104442135e-03,5.5947167931e-04,,,
two_term,ar_mcig_sweep_rerun_0000,5.0000000000e+01,1.5652857143e+01,2.2361494533e-02,2.1309698460e-03,5.3861754182e-04,,,
two_term,ar_mcig_sweep_rerun_0000,5.0000000000e+01,1.5654722989e+01,2.1428571429e-02,2.1275658859e-03,5.3772511919e-04,,,
two_term,ar_mcig_sweep_rerun_0000,5.0000000000e+01,1.5695714286e+01,4.1924219753e-02,2.0539630561e-03,5.1844427799e-04,,,
two_term,ar_mcig_sweep_rerun_0000,5.0000000000e+01,1.5738571429e+01,4.2857142857e-02,1.9793579632e-03,4.9893237771e-04,,,
two_term,ar_mcig_sweep_rerun_0000,5.0000000000e+01,1.5781428571e+01,2.4268394677e-02,1.9070855342e-03,4.8006165158e-04,,,
two_term,ar_mcig_sweep_rerun_0000,5.0000000000e+01,1.5787108218e+01,2.1428571429e-02,1.8976776552e-03,4.7760751415e-04,,,
two_term,ar_mcig_sweep_rerun_0000,5.0000000000e+01,1.5824285714e+01,4.0017319609e-02,1.8370501289e-03,4.6180533897e-04,,,
two_term,ar_mcig_sweep_rerun_0000,5.0000000000e+01,1.5867142857e+01,4.2857142857e-02,1.7691470638e-03,4.4413456129e-04,,,
two_term,ar_mcig_sweep_rerun_0000,5.0000000000e+01,1.5910000000e+01,2.6454000566e-02,1.7033130700e-03,4.2703098587e-04,,,
two_term,ar_mcig_sweep_rerun_0000,5.0000000000e+01,1.5920050858e+01,7.1775455057e-02,1.6881669074e-03,4.2310012856e-04,,,
two_term,ar_mcig_sweep_rerun_0000,5.0000000000e+01,1.6053550910e+01,1.3377875758e-01,1.4975634114e-03,3.7376589086e-04,,,
two_term,ar_mcig_sweep_rerun_0000,5.0000000000e+01,1.6187608373e+01,1.3433616907e-01,1.3246255299e-03,3.2923180015e-04,,,
two_term,ar_mcig_sweep_rerun_0000,5.0000000000e+01,1.6322223248e+01,1.3489358056e-01,1.1683115625e-03,2.8918050913e-04,,,
two_term,ar_mcig_sweep_rerun_0000,5.0000000000e+01,1.6457395535e+01,1.3545099205e-01,1.0275397227e-03,2.5329001303e-04,,,
two_term,ar_mcig_sweep_rerun_0000,5.0000000000e+01,1.6593125232e+01,1.3600840354e-01,9.0121266584e-04,2.2123976643e-04,,,
two_term,ar_mcig_sweep_rerun_0000,5.0000000000e+01,1.6729412342e+01,1.3656581503e-01,7.8824863587e-04,1.9271826849e-04,,,
two_term,ar_mcig_sweep_rerun_0000,5.0000000000e+01,1.6866256862e+01,1.3712322652e-01,6.8757866083e-04,1.6742219626e-04,,,
two_term,ar_mcig_sweep_rerun_0000,5.0000000000e+01,1.7003658795e+01,1.3768063801e-01,5.9816054016e-04,1.4505963122e-04,,,
two_term,ar_mcig_sweep_rerun_0000,5.0000000000e+01,1.7141618138e+01,1.3823804950e-01,5.1899916640e-04,1.2535473763e-04,,,
two_term,ar_mcig_sweep_rerun_0000,5.0000000000e+01,1.7280134894e+01,1.3879546099e-01,4.4914279246e-04,1.0804654167e-04,,,
two_term,ar_mcig_sweep_rerun_0000,5.0000000000e+01,1.7419209060e+01,1.3935287248e-01,3.8768892652e-04,9.2890046607e-05,,,
two_term,ar_mcig_sweep_rerun_0000,5.0000000000e+01,1.7558840639e+01,1.3991028397e-01,3.3379408397e-04,7.9658241799e-05,,,
two_term,ar_mcig_sweep_rerun_0000,5.0000000000e+01,1.7699029628e+01,1.4046769546e-01,2.8667176399e-04,6.8141264836e-05,,,
two_term,ar_mcig_sweep_rerun_0000,5.0000000000e+01,1.7839776030e+01,1.4102510695e-01,2.4559212405e-04,5.8145985594e-05,,,
two_term,ar_mcig_sweep_rerun_0000,5.0000000000e+01,1.7981079842e+01,1.4158251844e-01,2.0988428916e-04,4.9496221446e-05,,,
two_term,ar_mcig_sweep_rerun_0000,5.0000000000e+01,1.8122941066e+01,1.4213992993e-01,1.7893519263e-04,4.2032132654e-05,,,
two_term,ar_mcig_sweep_rerun_0000,5.0000000000e+01,1.8265359702e+01,1.4269734142e-01,1.5218578199e-04,3.5609015409e-05,,,
two_term,ar_mcig_sweep_rerun_0000,5.0000000000e+01,1.8408335749e+01,1.4325475291e-01,1.2912955732e-04,3.0096666700e-05,,,
two_term,ar_mcig_sweep_rerun_0000,5.0000000000e+01,1.8551869208e+01,1.4381216440e-01,1.0931101434e-04,2.5378741806e-05,,,
two_term,ar_mcig_sweep_rerun_0000,5.0000000000e+01,1.8695960078e+01,1.4436957589e-01,9.2321103301e-05,2.1351436538e-05,,,
two_term,ar_mcig_sweep_rerun_0000,5.0000000000e+01,1.8840608360e+01,1.4492698738e-01,7.7794163908e-05,1.7922539929e-05,,,
two_term,ar_mcig_sweep_rerun_0000,5.0000000000e+01,1.8985814053e+01,1.4548439887e-01,6.5405290755e-05,1.5010607500e-05,,,
two_term,ar_mcig_sweep_rerun_0000,5.0000000000e+01,1.9131577158e+01,1.4604181036e-01,5.4866946379e-05,1.2543981458e-05,,,
two_term,ar_mcig_sweep_rerun_0000,5.0000000000e+01,1.9277897674e+01,1.4659922185e-01,4.5925218118e-05,1.0459752113e-05,,,
two_term,ar_mcig_sweep_rerun_0000,5.0000000000e+01,1.9424775601e+01,1.4715663334e-01,3.8356922632e-05,8.7029352289e-06,,,
two_term,ar_mcig_sweep_rerun_0000,5.0000000000e+01,1.9572210940e+01,1.4771404483e-01,3.1966818635e-05,7.2256924602e-06,,,
two_term,ar_mcig_sweep_rerun_0000,5.0000000000e+01,1.9720203691e+01,1.4827145632e-01,2.6584564477e-05,5.9865119205e-06,,,
two_term,ar_mcig_sweep_rerun_0000,5.0000000000e+01,1.9868753853e+01,1.4882886781e-01,2.2061979775e-05,4.9494753695e-06,,,
two_term,ar_mcig_sweep_rerun_0000,5.0000000000e+01,2.0017861427e+01,1.4938627930e-01,1.8270720529e-05,4.0836342287e-06,,,
two_term,ar_mcig_sweep_rerun_0000,5.0000000000e+01,2.0167526412e+01,1.4994369079e-01,1.5100150757e-05,3.3624432719e-06,,,
two_term,ar_mcig_sweep_rerun_0000,5.0000000000e+01,2.0317748808e+01,1.5050110228e-01,1.2454495617e-05,2.7630474984e-06,,,
two_term,ar_mcig_sweep_rerun_0000,5.0000000000e+01,2.0468528616e+01,1.5105851377e-01,1.0251526847e-05,2.2659234876e-06,,,
two_term,ar_mcig_sweep_rerun_0000,5.0000000000e+01,2.0619865836e+01,1.5161592526e-01,8.4210902424e-06,1.8544938771e-06,,,
two_term,ar_mcig_sweep_rerun_0000,5.0000000000e+01,2.0771760467e+01,1.5217333675e-01,6.9034722663e-06,1.5147150188e-06,,,
two_term,ar_mcig_sweep_rerun_0000,5.0000000000e+01,2.0924212509e+01,1.5273074824e-01,5.6479658077e-06,1.2347171993e-06,,,
two_term,ar_mcig_sweep_rerun_0000,5.0000000000e+01,2.1077221963e+01,1.5328815973e-01,4.6116867453e-06,1.0045073413e-06,,,
two_term,ar_mcig_sweep_rerun_0000,5.0000000000e+01,2.1230788829e+01,1.5384557122e-01,3.7582786499e-06,8.1565388953e-07,,,
two_term,ar_mcig_sweep_rerun_0000,5.0000000000e+01,2.1384913106e+01,1.5440298271e-01,3.0569108900e-06,6.6104197017e-07,,,
two_term,ar_mcig_sweep_rerun_0000,5.0000000000e+01,2.1539594794e+01,1.5496039420e-01,2.4816474218e-06,5.3471370441e-07,,,
two_term,ar_mcig_sweep_rerun_0000,5.0000000000e+01,2.1694833894e+01,1.5551780569e-01,2.0107659494e-06,4.3170130107e-07,,,
two_term,ar_mcig_sweep_rerun_0000,5.0000000000e+01,2.1850630405e+01,1.5607521718e-01,1.6261122957e-06,3.4787125831e-07,,,
two_term,ar_mcig_sweep_rerun_0000,5.0000000000e+01,2.2006984328e+01,1.5663262867e-01,1.3125484067e-06,2.7979185141e-07,,,
two_term,ar_mcig_sweep_rerun_0000,5.0000000000e+01,2.2163895663e+01,1.5719004016e-01,1.0574955199e-06,2.2462365396e-07,,,
two_term,ar_mcig_sweep_rerun_0000,5.0000000000e+01,2.2321364409e+01,1.5774745165e-01,8.5044193164e-07,1.8000488716e-07,,,
two_term,ar_mcig_sweep_rerun_0000,5.0000000000e+01,2.2479390566e+01,1.5830486314e-01,6.8267205345e-07,1.4398586441e-07,,,
two_term,ar_mcig_sweep_rerun_0000,5.0000000000e+01,2.2637974135e+01,1.5886227463e-01,5.4699171406e-07,1.1496402697e-07,,,
two_term,ar_mcig_sweep_rerun_0000,5.0000000000e+01,2.2797115115e+01,1.5941968612e-01,4.3747440894e-07,9.1624729804e-08,,,
two_term,ar_mcig_sweep_rerun_0000,5.0000000000e+01,2.2956813507e+01,1.5997709761e-01,3.4924776087e-07,7.2891657744e-08,,,
two_term,ar_mcig_sweep_rerun_0000,5.0000000000e+01,2.3117069311e+01,1.6053450910e-01,2.7831732263e-07,5.7886041329e-08,,,
two_term,ar_mcig_sweep_rerun_0000,5.0000000000e+01,2.3277882525e+01,1.6109192059e-01,2.2140121851e-07,4.5888965860e-08,,,
two_term,ar_mcig_sweep_rerun_0000,5.0000000000e+01,2.3439253152e+01,1.6164933208e-01,1.7581362094e-07,3.6314547224e-08,,,
two_term,ar_mcig_sweep_rerun_0000,5.0000000000e+01,2.3601181190e+01,1.6220674357e-01,1.3936608678e-07,2.8687337067e-08,,,
two_term,ar_mcig_sweep_rerun_0000,5.0000000000e+01,2.3763666639e+01,1.6276415506e-01,1.1027955898e-07,2.2622380093e-08,,,
two_term,ar_mcig_sweep_rerun_0000,5.0000000000e+01,2.3926709500e+01,1.6332156655e-01,8.7110530717e-08,1.7808575068e-08,,,
two_term,ar_mcig_sweep_rerun_0000,5.0000000000e+01,2.4090309772e+01,1.6387897804e-01,6.8690507015e-08,1.3995084652e-08,,,
two_term,ar_mcig_sweep_rerun_0000,5.0000000000e+01,2.4254467456e+01,1.6443638953e-01,5.4073256677e-08,1.0979603449e-08,,,
two_term,ar_mcig_sweep_rerun_0000,5.0000000000e+01,2.4419182551e+01,1.6499380102e-01,4.2494051636e-08,8.5992897089e-09,,,
two_term,ar_mcig_sweep_rerun_0000,5.0000000000e+01,2.4584455058e+01,1.6555121251e-01,3.3337469186e-08,6.7236072100e-09,,,
two_term,ar_mcig_sweep_rerun_0000,5.0000000000e+01,2.4750284976e+01,1.6610862400e-01,2.6109388798e-08,5.2481544011e-09,,,
two_term,ar_mcig_sweep_rerun_0000,5.0000000000e+01,2.4916672306e+01,1.6666603549e-01,2.0413800578e-08,4.0895813120e-09,,,
two_term,ar_mcig_sweep_rerun_0000,5.0000000000e+01,2.5083617047e+01,1.6722344698e-01,1.5934013442e-08,3.1814865996e-09,,,
two_term,ar_mcig_sweep_rerun_0000,5.0000000000e+01,2.5251119200e+01,1.6778085847e-01,1.2416817243e-08,2.4709842260e-09,,,
two_term,ar_mcig_sweep_rerun_0000,5.0000000000e+01,2.5419178764e+01,1.6833826996e-01,9.6600542444e-09,1.9160145707e-09,,,
two_term,ar_mcig_sweep_rerun_0000,5.0000000000e+01,2.5587795740e+01,1.6889568145e-01,7.5029487238e-09,1.4832540431e-09,,,
two_term,ar_mcig_sweep_rerun_0000,5.0000000000e+01,2.5756970127e+01,1.6945309294e-01,5.8179232890e-09,1.1463588906e-09,,,
two_term,ar_mcig_sweep_rerun_0000,5.0000000000e+01,2.5926701926e+01,1.7001050443e-01,4.5039192996e-09,8.8453895296e-10,,,
two_term,ar_mcig_sweep_rerun_0000,5.0000000000e+01,2.6096991136e+01,1.7056791592e-01,3.4810554706e-09,6.8142133152e-10,,,
two_term,ar_mcig_sweep_rerun_0000,5.0000000000e+01,2.6267837757e+01,1.7112532741e-01,2.6861966430e-09,5.2411385373e-10,,,
two_term,ar_mcig_sweep_rerun_0000,5.0000000000e+01,2.6439241791e+01,1.7168273890e-01,2.0695293955e-09,4.0248259201e-10,,,
two_term,ar_mcig_sweep_rerun_0000,5.0000000000e+01,2.6611203235e+01,1.7224015039e-01,1.5918837403e-09,3.0858804064e-10,,,
two_term,ar_mcig_sweep_rerun_0000,5.0000000000e+01,2.6783722091e+01,1.7279756188e-01,1.2225241551e-09,2.3622289290e-10,,,
two_term,ar_mcig_sweep_rerun_0000,5.0000000000e+01,2.6956798359e+01,1.7335497337e-01,9.3737361623e-10,1.8054213357e-10,,,
two_term,ar_mcig_sweep_rerun_0000,5.0000000000e+01,2.7130432038e+01,1.7391238486e-01,7.1761257006e-10,1.3777222827e-10,,,
two_term,ar_mcig_sweep_rerun_0000,5.0000000000e+01,2.7304623129e+01,1.7446979635e-01,5.4852489304e-10,1.0497315449e-10,,,
two_term,ar_mcig_sweep_rerun_0000,5.0000000000e+01,2.7479371631e+01,1.7502720784e-01,4.1863109507e-10,7.9859775495e-11,,,
two_term,ar_mcig_sweep_rerun_0000,5.0000000000e+01,2.7654677544e+01,1.7558461933e-01,3.1900290998e-10,6.0661108934e-11,,,
two_term,ar_mcig_sweep_rerun_0000,5.0000000000e+01,2.7830540869e+01,1.7614203082e-01,2.4270926010e-10,4.6007170348e-11,,,
two_term,ar_mcig_sweep_rerun_0000,5.0000000000e+01,2.8006961606e+01,1.7669944231e-01,1.8437832908e-10,3.4839898161e-11,,,
two_term,ar_mcig_sweep_rerun_0000,5.0000000000e+01,2.8183939754e+01,1.7725685380e-01,1.3985582134e-10,2.6343877438e-11,,,
two_term,ar_mcig_sweep_rerun_0000,5.0000000000e+01,2.8361475314e+01,1.7781426529e-01,1.0592609284e-10,1.9890172250e-11,,,
two_term,ar_mcig_sweep_rerun_0000,5.0000000000e+01,2.8539568285e+01,1.7837167678e-01,8.0107978572e-11,1.4995193466e-11,,,
two_term,ar_mcig_sweep_rerun_0000,5.0000000000e+01,2.8718218667e+01,1.7892908827e-01,6.0492081465e-11,1.1288072221e-11,,,
two_term,ar_mcig_sweep_rerun_0000,5.0000000000e+01,2.8897426461e+01,1.7948649976e-01,4.5611278057e-11,8.4848204795e-12,,,
two_term,ar_mcig_sweep_rerun_0000,5.0000000000e+01,2.9077191667e+01,1.8004391125e-01,3.4340351514e-11,6.3683732107e-12,,,
two_term,ar_mcig_sweep_rerun_0000,5.0000000000e+01,2.9257514284e+01,1.8060132274e-01,2.5817083428e-11,4.7729673696e-12,,,
two_term,ar_mcig_sweep_rerun_0000,5.0000000000e+01,2.9438394312e+01,1.8115873423e-01,1.9381266285e-11,3.5721121819e-12,,,
two_term,ar_mcig_sweep_rerun_0000,5.0000000000e+01,2.9619831752e+01,1.8171614572e-01,1.4528762672e-11,2.6695455524e-12,,,
two_term,ar_mcig_sweep_rerun_0000,5.0000000000e+01,2.9801826604e+01,1.8227355721e-01,1.0875431923e-11,1.9921639295e-12,,,
two_term,ar_mcig_sweep_rerun_0000,5.0000000000e+01,2.9984378867e+01,1.8283096870e-01,8.1290042514e-12,1.4845328846e-12,,,
two_term,ar_mcig_sweep_rerun_0000,5.0000000000e+01,3.0167488541e+01,1.8338838019e-01,6.0675717922e-12,1.1047025219e-12,,,
two_term,ar_mcig_sweep_rerun_0000,5.0000000000e+01,3.0351155627e+01,1.8394579168e-01,4.5225936571e-12,8.2091833100e-13,,,
two_term,ar_mcig_sweep_rerun_0000,5.0000000000e+01,3.0535380124e+01,1.8450320317e-01,3.3662898314e-12,6.0918589590e-13,,,
two_term,ar_mcig_sweep_rerun_0000,5.0000000000e+01,3.0720162033e+01,1.8506061466e-01,2.5021215218e-12,4.5143647636e-13,,,
two_term,ar_mcig_sweep_rerun_0000,5.0000000000e+01,3.0905501354e+01,1.8561802615e-01,1.8571997832e-12,3.3407250048e-13,,,
two_term,ar_mcig_sweep_rerun_0000,5.0000000000e+01,3.1091398086e+01,1.8617543764e-01,1.3766073757e-12,2.4688230667e-13,,,
two_term,ar_mcig_sweep_rerun_0000,5.0000000000e+01,3.1277852229e+01,1.8673284913e-01,1.0189986716e-12,1.8220284589e-13,,,
two_term,ar_mcig_sweep_rerun_0000,5.0000000000e+01,3.1464863784e+01,1.8729026062e-01,7.5327407699e-13,1.3428889307e-13,,,
two_term,ar_mcig_sweep_rerun_0000,5.0000000000e+01,3.1652432750e+01,1.8784767211e-01,5.5607948801e-13,9.8840134627e-14,,,
two_term,ar_mcig_sweep_rerun_0000,5.0000000000e+01,3.1840559128e+01,1.8840508360e-01,4.0996112755e-13,7.2652796616e-14,,,
two_term,ar_mcig_sweep_rerun_0000,5.0000000000e+01,3.2029242917e+01,1.8896249509e-01,3.0183364488e-13,5.3332790987e-14,,,
two_term,ar_mcig_sweep_rerun_0000,5.0000000000e+01,3.2218484118e+01,1.8951990658e-01,2.2193488367e-13,3.9099663375e-14,,,
two_term,ar_mcig_sweep_rerun_0000,5.0000000000e+01,3.2408282731e+01,1.9007731807e-01,1.6297643031e-13,2.8628381218e-14,,,
two_term,ar_mcig_sweep_rerun_0000,5.0000000000e+01,3.2598638754e+01,1.9063472956e-01,1.1952635062e-13,2.0934564329e-14,,,
two_term,ar_mcig_sweep_rerun_0000,5.0000000000e+01,3.2789552190e+01,1.9119214105e-01,8.7545351445e-14,1.5288516551e-14,,,
two_term,ar_mcig_sweep_rerun_0000,5.0000000000e+01,3.2981023036e+01,1.9174955254e-01,6.4037746717e-14,1.1150747474e-14,,,
two_term,ar_mcig_sweep_rerun_0000,5.0000000000e+01,3.3173051295e+01,1.9230696403e-01,4.6782145359e-14,8.1224570563e-15,,,
two_term,ar_mcig_sweep_rerun_0000,5.0000000000e+01,3.3365636965e+01,1.9286437552e-01,3.4132920074e-14,5.9091325747e-15,,,
two_term,ar_mcig_sweep_rerun_0000,5.0000000000e+01,3.3558780046e+01,1.9342178701e-01,2.4872341957e-14,4.2935210617e-15,,,
two_term,ar_mcig_sweep_rerun_0000,5.0000000000e+01,3.3752480539e+01,1.9397919850e-01,1.8101413287e-14,3.1157287121e-15,,,
two_term,ar_mcig_sweep_rerun_0000,5.0000000000e+01,3.3946738443e+01,1.9453660999e-01,1.3157197358e-14,2.2582101863e-15,,,
two_term,ar_mcig_sweep_rerun_0000,5.0000000000e+01,3.4141553758e+01,1.9509402148e-01,9.5517022457e-15,1.6347040362e-15,,,
two_term,ar_mcig_sweep_rerun_0000,5.0000000000e+01,3.4336926486e+01,1.9565143297e-01,6.9258966999e-15,1.1819396457e-15,,,
two_term,ar_mcig_sweep_rerun_0000,5.0000000000e+01,3.4532856624e+01,1.9620884446e-01,5.0159780136e-15,8.5357044946e-16,,,
two_term,ar_mcig_sweep_rerun_0000,5.0000000000e+01,3.4729344175e+01,1.9676625595e-01,3.6284891125e-15,6.1571187988e-16,,,
two_term,ar_mcig_sweep_rerun_0000,5.0000000000e+01,3.4926389136e+01,1.9732366744e-01,2.6217633114e-15,4.4362563856e-16,,,
two_term,ar_mcig_sweep_rerun_0000,5.0000000000e+01,3.5123991509e+01,1.9788107893e-01,1.8922005447e-15,3.1927523368e-16,,,
two_term,ar_mcig_sweep_rerun_0000,5.0000000000e+01,3.5322151294e+01,1.9843849042e-01,1.3640644986e-15,2.2951513668e-16,,,
two_term,ar_mcig_sweep_rerun_0000,5.0000000000e+01,3.5520868490e+01,1.9899590191e-01,9.8198539435e-16,1.6476434659e-16,,,
two_term,ar_mcig_sweep_rerun_0000,5.0000000000e+01,3.5720143098e+01,1.9955331340e-01,7.0590645240e-16,1.1811105713e-16,,,
two_term,ar_mcig_sweep_rerun_0000,5.0000000000e+01,3.5919975117e+01,2.0011072489e-01,5.0661548958e-16,8.4529918544e-17,,,
two_term,ar_mcig_sweep_rerun_0000,5.0000000000e+01,3.6120364548e+01,2.0066813638e-01,3.6284255205e-16,6.0372915692e-17,,,
two_term,ar_mcig_sweep_rerun_0000,5.0000000000e+01,3.6321311390e+01,2.0122554787e-01,2.5912453943e-16,4.2995973145e-17,,,
two_term,ar_mcig_sweep_rerun_0000,5.0000000000e+01,3.6522815643e+01,2.0178295936e-01,1.8421819767e-16,3.0482487434e-17,,,
two_term,ar_mcig_sweep_rerun_0000,5.0000000000e+01,3.6724877309e+01,2.0234037085e-01,1.2994412628e-16,2.1442552228e-17,,,
two_term,ar_mcig_sweep_rerun_0000,5.0000000000e+01,3.6927496385e+01,2.0289778234e-01,9.0338500529e-17,1.4866130661e-17,,,
two_term,ar_mcig_sweep_rerun_0000,5.0000000000e+01,3.7130672873e+01,2.0345519383e-01,6.1034150823e-17,1.0016280929e-17,,,
two_term,ar_mcig_sweep_rerun_0000,5.0000000000e+01,3.7334406773e+01,2.0401260532e-01,3.8785156020e-17,6.3476199339e-18,,,
two_term,ar_mcig_sweep_rerun_0000,5.0000000000e+01,3.7538698084e+01,2.0457001681e-01,2.1141942363e-17,3.4506847247e-18,,,
two_term,ar_mcig_sweep_rerun_0000,5.0000000000e+01,3.7743546806e+01,2.0512742830e-01,6.2460209531e-18,1.0166748547e-18,,,
two_term,ar_mcig_sweep_rerun_0000,5.0000000000e+01,3.7948952940e+01,2.0568483979e-01,0.0000000000e+00,0.0000000000e+00,,,
two_term,ar_mcig_sweep_rerun_0000,5.0000000000e+01,3.8154916486e+01,2.0624225128e-01,0.0000000000e+00,0.0000000000e+00,,,
two_term,ar_mcig_sweep_rerun_0000,5.0000000000e+01,3.8361437443e+01,2.0679966277e-01,0.0000000000e+00,0.0000000000e+00,,,
two_term,ar_mcig_sweep_rerun_0000,5.0000000000e+01,3.8568515812e+01,2.0735707426e-01,0.0000000000e+00,0.0000000000e+00,,,
two_term,ar_mcig_sweep_rerun_0000,5.0000000000e+01,3.8776151592e+01,2.0791448575e-01,0.0000000000e+00,0.0000000000e+00,,,
two_term,ar_mcig_sweep_rerun_0000,5.0000000000e+01,3.8984344783e+01,2.0847189724e-01,0.0000000000e+00,0.0000000000e+00,,,
two_term,ar_mcig_sweep_rerun_0000,5.0000000000e+01,3.9193095386e+01,2.0902930873e-01,0.0000000000e+00,0.0000000000e+00,,,
two_term,ar_mcig_sweep_rerun_0000,5.0000000000e+01,3.9402403400e+01,2.0958672022e-01,0.0000000000e+00,0.0000000000e+00,,,
two_term,ar_mcig_sweep_rerun_0000,5.0000000000e+01,3.9612268826e+01,2.1014413171e-01,0.0000000000e+00,0.0000000000e+00,,,
two_term,ar_mcig_sweep_rerun_0000,5.0000000000e+01,3.9822691664e+01,2.1070154320e-01,0.0000000000e+00,0.0000000000e+00,,,
two_term,ar_mcig_sweep_rerun_0000,5.0000000000e+01,4.0033671913e+01,2.1125895469e-01,0.0000000000e+00,0.0000000000e+00,,,
two_term,ar_mcig_sweep_rerun_0000,5.0000000000e+01,4.0245209573e+01,2.1181636618e-01,0.0000000000e+00,0.0000000000e+00,,,
two_term,ar_mcig_sweep_rerun_0000,5.0000000000e+01,4.0457304645e+01,2.1237377767e-01,0.0000000000e+00,0.0000000000e+00,,,
two_term,ar_mcig_sweep_rerun_0000,5.0000000000e+01,4.0669957129e+01,2.1293118915e-01,0.0000000000e+00,0.0000000000e+00,,,
two_term,ar_mcig_sweep_rerun_0000,5.0000000000e+01,4.0883167024e+01,2.1348860064e-01,0.0000000000e+00,0.0000000000e+00,,,
two_term,ar_mcig_sweep_rerun_0000,5.0000000000e+01,4.1096934330e+01,2.1404601213e-01,0.0000000000e+00,0.0000000000e+00,,,
two_term,ar_mcig_sweep_rerun_0000,5.0000000000e+01,4.1311259048e+01,2.1460342362e-01,0.0000000000e+00,0.0000000000e+00,,,
two_term,ar_mcig_sweep_rerun_0000,5.0000000000e+01,4.1526141177e+01,2.1516083511e-01,0.0000000000e+00,0.0000000000e+00,,,
two_term,ar_mcig_sweep_rerun_0000,5.0000000000e+01,4.1741580718e+01,2.1571824660e-01,0.0000000000e+00,0.0000000000e+00,,,
two_term,ar_mcig_sweep_rerun_0000,5.0000000000e+01,4.1957577670e+01,2.1627565809e-01,0.0000000000e+00,0.0000000000e+00,,,
two_term,ar_mcig_sweep_rerun_0000,5.0000000000e+01,4.2174132034e+01,2.1683306958e-01,0.0000000000e+00,0.0000000000e+00,,,
two_term,ar_mcig_sweep_rerun_0000,5.0000000000e+01,4.2391243810e+01,2.1739048107e-01,0.0000000000e+00,0.0000000000e+00,,,
two_term,ar_mcig_sweep_rerun_0000,5.0000000000e+01,4.2608912996e+01,2.1794789256e-01,0.0000000000e+00,0.0000000000e+00,,,
two_term,ar_mcig_sweep_rerun_0000,5.0000000000e+01,4.2827139595e+01,2.1850530405e-01,0.0000000000e+00,0.0000000000e+00,,,
two_term,ar_mcig_sweep_rerun_0000,5.0000000000e+01,4.3045923604e+01,2.1906271554e-01,0.0000000000e+00,0.0000000000e+00,,,
two_term,ar_mcig_sweep_rerun_0000,5.0000000000e+01,4.3265265026e+01,2.1962012703e-01,0.0000000000e+00,0.0000000000e+00,,,
two_term,ar_mcig_sweep_rerun_0000,5.0000000000e+01,4.3485163859e+01,2.2017753852e-01,0.0000000000e+00,0.0000000000e+00,,,
two_term,ar_mcig_sweep_rerun_0000,5.0000000000e+01,4.3705620103e+01,2.2073495001e-01,0.0000000000e+00,0.0000000000e+00,,,
two_term,ar_mcig_sweep_rerun_0000,5.0000000000e+01,4.3926633759e+01,2.2129236150e-01,0.0000000000e+00,0.0000000000e+00,,,
two_term,ar_mcig_sweep_rerun_0000,5.0000000000e+01,4.4148204826e+01,2.2184977299e-01,0.0000000000e+00,0.0000000000e+00,,,
two_term,ar_mcig_sweep_rerun_0000,5.0000000000e+01,4.4370333305e+01,2.2240718448e-01,8.1202066100e-21,1.2190477971e-21,,,
two_term,ar_mcig_sweep_rerun_0000,5.0000000000e+01,4.4593019195e+01,2.2296459597e-01,9.0603350696e-20,1.3567843338e-20,,,
two_term,ar_mcig_sweep_rerun_0000,5.0000000000e+01,4.4816262496e+01,2.2352200746e-01,2.0177465898e-19,3.0140385616e-20,,,
two_term,ar_mcig_sweep_rerun_0000,5.0000000000e+01,4.5040063210e+01,2.2407941895e-01,3.5124617247e-19,5.2337395258e-20,,,
two_term,ar_mcig_sweep_rerun_0000,5.0000000000e+01,4.5264421334e+01,2.2463683044e-01,5.5489503178e-19,8.2476903988e-20,,,
two_term,ar_mcig_sweep_rerun_0000,5.0000000000e+01,4.5489336871e+01,2.2519424193e-01,8.3789389140e-19,1.2423221293e-19,,,
two_term,ar_mcig_sweep_rerun_0000,5.0000000000e+01,4.5714809818e+01,2.2575165342e-01,1.2393011388e-18,1.8329405961e-19,,,
two_term,ar_mcig_sweep_rerun_0000,5.0000000000e+01,4.5940840177e+01,2.2630906491e-01,1.8190390760e-18,2.6837531168e-19,,,
two_term,ar_mcig_sweep_rerun_0000,5.0000000000e+01,4.6167427948e+01,2.2686647640e-01,2.6684424845e-18,3.9272631850e-19,,,
two_term,ar_mcig_sweep_rerun_0000,5.0000000000e+01,4.6394573130e+01,2.2742388789e-01,3.9282822331e-18,5.7672541623e-19,,,
two_term,ar_mcig_sweep_rerun_0000,5.0000000000e+01,4.6622275724e+01,2.2798129938e-01,5.8204652105e-18,8.5243439249e-19,,,
two_term,ar_mcig_sweep_rerun_0000,5.0000000000e+01,4.6850535729e+01,2.2853871087e-01,8.6736173799e-18,1.2671936253e-18,,,
two_term,ar_mcig_sweep_rerun_0000,5.0000000000e+01,4.7079353146e+01,2.2909612236e-01,4.3368086899e-18,6.3205521782e-19,,,
two_term,ar_mcig_sweep_rerun_0000,5.0000000000e+01,4.7308727974e+01,2.2965353385e-01,2.8246666554e-18,4.1067339426e-19,,,
two_term,ar_mcig_sweep_rerun_0000,5.0000000000e+01,4.7538660213e+01,2.3021094534e-01,1.8381327537e-18,2.6659586245e-19,,,
two_term,ar_mcig_sweep_rerun_0000,5.0000000000e+01,4.7769149864e+01,2.3076835683e-01,1.1962592790e-18,1.7308186386e-19,,,
two_term,ar_mcig_sweep_rerun_0000,5.0000000000e+01,4.8000196927e+01,2.3132576832e-01,7.7951518001e-19,1.1251309395e-19,,,
two_term,ar_mcig_sweep_rerun_0000,5.0000000000e+01,4.8231801401e+01,2.3188317981e-01,5.0931210236e-19,7.3336006151e-20,,,
two_term,ar_mcig_sweep_rerun_0000,5.0000000000e+01,4.8463963287e+01,2.3244059130e-01,3.3417673461e-19,4.8002819568e-20,,,
two_term,ar_mcig_sweep_rerun_0000,5.0000000000e+01,4.8696682584e+01,2.3299800279e-01,2.2098899593e-19,3.1668023645e-20,,,
two_term,ar_mcig_sweep_rerun_0000,5.0000000000e+01,4.8929959292e+01,2.3355541428e-01,1.4723763434e-19,2.1048996884e-20,,,
two_term,ar_mcig_sweep_rerun_0000,5.0000000000e+01,4.9163793412e+01,2.3411282577e-01,9.8877459229e-20,1.4101801775e-20,,,
two_term,ar_mcig_sweep_rerun_0000,5.0000000000e+01,4.9398184944e+01,2.3467023726e-01,6.7053758269e-20,9.5404229527e-21,,,
two_term,ar_mcig_sweep_rerun_0000,5.0000000000e+01,4.9633133887e+01,2.3522764875e-01,4.6007327107e-20,6.5304206053e-21,,,
two_term,ar_mcig_sweep_rerun_0000,5.0000000000e+01,4.9868640241e+01,2.3578506024e-01,3.2006645981e-20,4.5323809235e-21,,,
two_term,ar_mcig_sweep_rerun_0000,5.0000000000e+01,5.0104704007e+01,2.3634247173e-01,2.2642413443e-20,3.1987733254e-21,,,
two_term,ar_mcig_sweep_rerun_0000,5.0000000000e+01,5.0341325185e+01,2.3689988322e-01,1.6364386561e-20,2.3064147566e-21,,,
two_term,ar_mcig_sweep_rerun_0000,5.0000000000e+01,5.0578503774e+01,2.3745729471e-01,1.2179295769e-20,1.7125339440e-21,,,
two_term,ar_mcig_sweep_rerun_0000,5.0000000000e+01,5.0816239774e+01,2.3801470620e-01,9.4550138044e-21,1.3263584375e-21,,,
two_term,ar_mcig_sweep_rerun_0000,5.0000000000e+01,5.1054533186e+01,2.3857211769e-01,7.7676126558e-21,1.0871022782e-21,,,
two_term,ar_mcig_sweep_rerun_0000,5.0000000000e+01,5.1293384010e+01,2.3912952918e-01,6.8593449778e-21,9.5774957831e-22,,,
two_term,ar_mcig_sweep_rerun_0000,5.0000000000e+01,5.1532792244e+01,2.3968694067e-01,6.5517461617e-21,9.1267304775e-22,,,
two_term,ar_mcig_sweep_rerun_0000,5.0000000000e+01,5.1772757891e+01,2.4024435216e-01,6.6517931033e-21,9.2445991024e-22,,,
two_term,ar_mcig_sweep_rerun_0000,5.0000000000e+01,5.2013280949e+01,2.4080176365e-01,6.8992401696e-21,9.5663031372e-22,,,
two_term,ar_mcig_sweep_rerun_0000,5.0000000000e+01,5.2254361418e+01,2.4135917514e-01,6.8547301092e-21,9.4826361653e-22,,,
two_term,ar_mcig_sweep_rerun_0000,5.0000000000e+01,5.2495999299e+01,2.4191658663e-01,5.7209889721e-21,7.8960157691e-22,,,
two_term,ar_mcig_sweep_rerun_0000,5.0000000000e+01,5.2738194591e+01,2.4247399812e-01,2.0490863383e-21,2.8216141763e-22,,,
two_term,ar_mcig_sweep_rerun_0000,5.0000000000e+01,5.2980947295e+01,2.4303140961e-01,0.0000000000e+00,0.0000000000e+00,,,
two_term,ar_mcig_sweep_rerun_0000,5.0000000000e+01,5.3224257411e+01,2.4358882110e-01,0.0000000000e+00,0.0000000000e+00,,,
two_term,ar_mcig_sweep_rerun_0000,5.0000000000e+01,5.3468124938e+01,2.4414623259e-01,0.0000000000e+00,0.0000000000e+00,,,
two_term,ar_mcig_sweep_rerun_0000,5.0000000000e+01,5.3712549876e+01,2.4470364408e-01,0.0000000000e+00,0.0000000000e+00,,,
two_term,ar_mcig_sweep_rerun_0000,5.0000000000e+01,5.3957532226e+01,2.4526105557e-01,0.0000000000e+00,0.0000000000e+00,,,
two_term,ar_mcig_sweep_rerun_0000,5.0000000000e+01,5.4203071987e+01,2.4581846706e-01,0.0000000000e+00,0.0000000000e+00,,,
two_term,ar_mcig_sweep_rerun_0000,5.0000000000e+01,5.4449169160e+01,2.4637587855e-01,0.0000000000e+00,0.0000000000e+00,,,
two_term,ar_mcig_sweep_rerun_0000,5.0000000000e+01,5.4695823744e+01,2.4693329004e-01,0.0000000000e+00,0.0000000000e+00,,,
two_term,ar_mcig_sweep_rerun_0000,5.0000000000e+01,5.4943035740e+01,2.4749070153e-01,0.0000000000e+00,0.0000000000e+00,,,
two_term,ar_mcig_sweep_rerun_0000,5.0000000000e+01,5.5190805147e+01,2.4804811302e-01,0.0000000000e+00,0.0000000000e+00,,,
two_term,ar_mcig_sweep_rerun_0000,5.0000000000e+01,5.5439131966e+01,2.4860552451e-01,0.0000000000e+00,0.0000000000e+00,,,
two_term,ar_mcig_sweep_rerun_0000,5.0000000000e+01,5.5688016196e+01,2.4916293600e-01,0.0000000000e+00,0.0000000000e+00,,,
two_term,ar_mcig_sweep_rerun_0000,5.0000000000e+01,5.5937457838e+01,2.4972034749e-01,0.0000000000e+00,0.0000000000e+00,,,
two_term,ar_mcig_sweep_rerun_0000,5.0000000000e+01,5.6187456891e+01,2.5027775898e-01,0.0000000000e+00,0.0000000000e+00,,,
two_term,ar_mcig_sweep_rerun_0000,5.0000000000e+01,5.6438013356e+01,2.5083517047e-01,0.0000000000e+00,0.0000000000e+00,,,
two_term,ar_mcig_sweep_rerun_0000,5.0000000000e+01,5.6689127232e+01,2.5139258196e-01,0.0000000000e+00,0.0000000000e+00,,,
two_term,ar_mcig_sweep_rerun_0000,5.0000000000e+01,5.6940798520e+01,2.5194999345e-01,3.9420679257e-20,5.2241101652e-21,,,
two_term,ar_mcig_sweep_rerun_0000,5.0000000000e+01,5.7193027219e+01,2.5250740494e-01,4.2852359558e-20,5.6663474104e-21,,,
two_term,ar_mcig_sweep_rerun_0000,5.0000000000e+01,5.7445813330e+01,2.5306481643e-01,0.0000000000e+00,0.0000000000e+00,,,
two_term,ar_mcig_sweep_rerun_0000,5.0000000000e+01,5.7699156852e+01,2.5362222792e-01,0.0000000000e+00,0.0000000000e+00,,,
two_term,ar_mcig_sweep_rerun_0000,5.0000000000e+01,5.7953057786e+01,2.5417963941e-01,0.0000000000e+00,0.0000000000e+00,,,
two_term,ar_mcig_sweep_rerun_0000,5.0000000000e+01,5.8207516131e+01,2.5473705090e-01,0.0000000000e+00,0.0000000000e+00,,,
two_term,ar_mcig_sweep_rerun_0000,5.0000000000e+01,5.8462531887e+01,2.5529446239e-01,0.0000000000e+00,0.0000000000e+00,,,
two_term,ar_mcig_sweep_rerun_0000,5.0000000000e+01,5.8718105055e+01,2.5585187388e-01,0.0000000000e+00,0.0000000000e+00,,,
two_term,ar_mcig_sweep_rerun_0000,5.0000000000e+01,5.8974235635e+01,2.5640928537e-01,0.0000000000e+00,0.0000000000e+00,,,
two_term,ar_mcig_sweep_rerun_0000,5.0000000000e+01,5.9230923626e+01,2.5696669686e-01,0.0000000000e+00,0.0000000000e+00,,,
two_term,ar_mcig_sweep_rerun_0000,5.0000000000e+01,5.9488169029e+01,2.5752410835e-01,0.0000000000e+00,0.0000000000e+00,,,
two_term,ar_mcig_sweep_rerun_0000,5.0000000000e+01,5.9745971843e+01,2.5808151984e-01,0.0000000000e+00,0.0000000000e+00,,,
two_term,ar_mcig_sweep_rerun_0000,5.0000000000e+01,6.0004332068e+01,2.5863893133e-01,0.0000000000e+00,0.0000000000e+00,,,
two_term,ar_mcig_sweep_rerun_0000,5.0000000000e+01,6.0263249706e+01,2.5919634282e-01,0.0000000000e+00,0.0000000000e+00,,,
two_term,ar_mcig_sweep_rerun_0000,5.0000000000e+01,6.0522724754e+01,2.5975375431e-01,0.0000000000e+00,0.0000000000e+00,,,
two_term,ar_mcig_sweep_rerun_0000,5.0000000000e+01,6.0782757214e+01,2.6031116580e-01,0.0000000000e+00,0.0000000000e+00,,,
two_term,ar_mcig_sweep_rerun_0000,5.0000000000e+01,6.1043347086e+01,2.6086857729e-01,0.0000000000e+00,0.0000000000e+00,,,
two_term,ar_mcig_sweep_rerun_0000,5.0000000000e+01,6.1304494369e+01,2.6142598878e-01,4.3099444455e-21,5.5045968189e-22,,,
two_term,ar_mcig_sweep_rerun_0000,5.0000000000e+01,6.1566199063e+01,2.6198340027e-01,6.9604270897e-21,8.8708394156e-22,,,
two_term,ar_mcig_sweep_rerun_0000,5.0000000000e+01,6.1828461169e+01,2.6254081176e-01,7.5346367155e-21,9.5822632683e-22,,,
two_term,ar_mcig_sweep_rerun_0000,5.0000000000e+01,6.2091280687e+01,2.6309822325e-01,7.2301739610e-21,9.1755781368e-22,,,
two_term,ar_mcig_sweep_rerun_0000,5.0000000000e+01,6.2354657616e+01,2.6365563474e-01,6.7546836339e-21,8.5540259521e-22,,,
two_term,ar_mcig_sweep_rerun_0000,5.0000000000e+01,6.2618591956e+01,2.6421304623e-01,6.7531551698e-21,8.5340479732e-22,,,
two_term,ar_mcig_sweep_rerun_0000,5.0000000000e+01,6.2883083708e+01,2.6477045772e-01,7.7739050020e-21,9.8033004673e-22,,,
two_term,ar_mcig_sweep_rerun_0000,5.0000000000e+01,6.3148132872e+01,2.6532786921e-01,1.0497122623e-20,1.3209610538e-21,,,
two_term,ar_mcig_sweep_rerun_0000,5.0000000000e+01,6.3413739447e+01,2.6588528070e-01,1.5982704913e-20,2.0070518829e-21,,,
two_term,ar_mcig_sweep_rerun_0000,5.0000000000e+01,6.3679903433e+01,2.6644269219e-01,2.5956634312e-20,3.2527237487e-21,,,
two_term,ar_mcig_sweep_rerun_0000,5.0000000000e+01,6.3946624831e+01,2.6700010368e-01,4.3251678720e-20,5.4087157098e-21,,,
two_term,ar_mcig_sweep_rerun_0000,5.0000000000e+01,6.4213903640e+01,2.6755751517e-01,7.2504191631e-20,9.0479163927e-21,,,
two_term,ar_mcig_sweep_rerun_0000,5.0000000000e+01,6.4481739861e+01,2.6811492666e-01,1.2126576340e-19,1.5101491116e-20,,,
two_term,ar_mcig_sweep_rerun_0000,5.0000000000e+01,6.4750133494e+01,2.6867233815e-01,2.0178016802e-19,2.5075993308e-20,,,
two_term,ar_mcig_sweep_rerun_0000,5.0000000000e+01,6.5019084538e+01,2.6922974964e-01,3.3382087080e-19,4.1399305966e-20,,,
two_term,ar_mcig_sweep_rerun_0000,5.0000000000e+01,6.5288592993e+01,2.6978716113e-01,1.4761550982e-19,1.8268939438e-20,,,
two_term,ar_mcig_sweep_rerun_0000,5.0000000000e+01,6.5558658860e+01,2.7034457262e-01,0.0000000000e+00,0.0000000000e+00,,,
two_term,ar_mcig_sweep_rerun_0000,5.0000000000e+01,6.5829282138e+01,2.7090198411e-01,0.0000000000e+00,0.0000000000e+00,,,
two_term,ar_mcig_sweep_rerun_0000,5.0000000000e+01,6.6100462828e+01,2.7145939560e-01,0.0000000000e+00,0.0000000000e+00,,,
two_term,ar_mcig_sweep_rerun_0000,5.0000000000e+01,6.6372200929e+01,2.7201680709e-01,0.0000000000e+00,0.0000000000e+00,,,
two_term,ar_mcig_sweep_rerun_0000,5.0000000000e+01,6.6644496442e+01,2.7257421858e-01,0.0000000000e+00,0.0000000000e+00,,,
two_term,ar_mcig_sweep_rerun_0000,5.0000000000e+01,6.6917349367e+01,2.7313163007e-01,0.0000000000e+00,0.0000000000e+00,,,
two_term,ar_mcig_sweep_rerun_0000,5.0000000000e+01,6.7190759702e+01,2.7368904156e-01,0.0000000000e+00,0.0000000000e+00,,,
two_term,ar_mcig_sweep_rerun_0000,5.0000000000e+01,6.7464727450e+01,2.7424645305e-01,0.0000000000e+00,0.0000000000e+00,,,
two_term,ar_mcig_sweep_rerun_0000,5.0000000000e+01,6.7739252609e+01,2.7480386454e-01,0.0000000000e+00,0.0000000000e+00,,,
two_term,ar_mcig_sweep_rerun_0000,5.0000000000e+01,6.8014335179e+01,2.7536127603e-01,0.0000000000e+00,0.0000000000e+00,,,
two_term,ar_mcig_sweep_rerun_0000,5.0000000000e+01,6.8289975161e+01,2.7591868752e-01,5.5159840696e-19,6.6748963446e-20,,,
two_term,ar_mcig_sweep_rerun_0000,5.0000000000e+01,6.8566172554e+01,2.7647609901e-01,1.1873006514e-18,1.4338567080e-19,,,
two_term,ar_mcig_sweep_rerun_0000,5.0000000000e+01,6.8842927359e+01,2.7703351050e-01,1.8695155948e-18,2.2531983659e-19,,,
two_term,ar_mcig_sweep_rerun_0000,5.0000000000e+01,6.9120239575e+01,2.7759092199e-01,2.5783632534e-18,3.1012836221e-19,,,
two_term,ar_mcig_sweep_rerun_0000,5.0000000000e+01,6.9398109203e+01,2.7814833348e-01,3.1348699842e-18,3.7630996123e-19,,,
two_term,ar_mcig_sweep_rerun_0000,5.0000000000e+01,6.9676536242e+01,2.7870574497e-01,3.2626046215e-18,3.9085994860e-19,,,
two_term,ar_mcig_sweep_rerun_0000,5.0000000000e+01,6.9955520693e+01,2.7926315646e-01,3.4694469520e-18,4.1481003552e-19,,,
two_term,ar_mcig_sweep_rerun_0000,5.0000000000e+01,7.0235062555e+01,2.7982056795e-01,4.3368086899e-19,5.1747965236e-20,,,
two_term,ar_mcig_sweep_rerun_0000,5.0000000000e+01,7.0515161828e+01,2.8037797944e-01,5.8920781125e-19,7.0166084523e-20,,,
two_term,ar_mcig_sweep_rerun_0000,5.0000000000e+01,7.0795818514e+01,2.8093539093e-01,5.7126482863e-19,6.7894357494e-20,,,
two_term,ar_mcig_sweep_rerun_0000,5.0000000000e+01,7.1077032610e+01,2.8149280242e-01,4.8568189236e-19,5.7608592937e-20,,,
two_term,ar_mcig_sweep_rerun_0000,5.0000000000e+01,7.1358804118e+01,2.8205021391e-01,3.8448765919e-19,4.5515427201e-20,,,
two_term,ar_mcig_sweep_rerun_0000,5.0000000000e+01,7.1641133038e+01,2.8260762540e-01,2.9083944616e-19,3.4361497785e-20,,,
two_term,ar_mcig_sweep_rerun_0000,5.0000000000e+01,7.1924019369e+01,2.8316503689e-01,2.1305186104e-19,2.5121661389e-20,,,
two_term,ar_mcig_sweep_rerun_0000,5.0000000000e+01,7.2207463112e+01,2.8372244838e-01,1.5229759334e-19,1.7922640640e-20,,,
two_term,ar_mcig_sweep_rerun_0000,5.0000000000e+01,7.2491464266e+01,2.8427985987e-01,1.0669499297e-19,1.2531429149e-20,,,
two_term,ar_mcig_sweep_rerun_0000,5.0000000000e+01,7.2776022832e+01,2.8483727136e-01,7.3373974976e-20,8.6009790196e-21,,,
two_term,ar_mcig_sweep_rerun_0000,5.0000000000e+01,7.3061138809e+01,2.8539468285e-01,4.9388023390e-20,5.7780118274e-21,,,
two_term,ar_mcig_sweep_rerun_0000,5.0000000000e+01,7.3346812197e+01,2.8595209434e-01,3.2170730758e-20,3.7563867881e-21,,,
two_term,ar_mcig_sweep_rerun_0000,5.0000000000e+01,7.3633042997e+01,2.8650950583e-01,1.9795369777e-20,2.3068919014e-21,,,
two_term,ar_mcig_sweep_rerun_0000,5.0000000000e+01,7.3919831209e+01,2.8706691732e-01,1.0474048135e-20,1.2182434420e-21,,,
two_term,ar_mcig_sweep_rerun_0000,5.0000000000e+01,7.4207176832e+01,2.8762432881e-01,2.7446418976e-21,3.1861244398e-22,,,
two_term,ar_mcig_sweep_rerun_0000,5.0000000000e+01,7.4495079867e+01,2.8818174030e-01,0.0000000000e+00,0.0000000000e+00,,,
two_term,ar_mcig_sweep_rerun_0000,5.0000000000e+01,7.4783540313e+01,2.8873915179e-01,0.0000000000e+00,0.0000000000e+00,,,
two_term,ar_mcig_sweep_rerun_0000,5.0000000000e+01,7.5072558170e+01,2.8929656328e-01,0.0000000000e+00,0.0000000000e+00,,,
two_term,ar_mcig_sweep_rerun_0000,5.0000000000e+01,7.5362133439e+01,2.8985397477e-01,0.0000000000e+00,0.0000000000e+00,,,
two_term,ar_mcig_sweep_rerun_0000,5.0000000000e+01,7.5652266120e+01,2.9041138626e-01,0.0000000000e+00,0.0000000000e+00,,,
two_term,ar_mcig_sweep_rerun_0000,5.0000000000e+01,7.5942956212e+01,2.9096879775e-01,0.0000000000e+00,0.0000000000e+00,,,
two_term,ar_mcig_sweep_rerun_0000,5.0000000000e+01,7.6234203715e+01,2.9152620924e-01,0.0000000000e+00,0.0000000000e+00,,,
two_term,ar_mcig_sweep_rerun_0000,5.0000000000e+01,7.6526008630e+01,2.9208362073e-01,0.0000000000e+00,0.0000000000e+00,,,
two_term,ar_mcig_sweep_rerun_0000,5.0000000000e+01,7.6818370957e+01,2.9264103222e-01,0.0000000000e+00,0.0000000000e+00,,,
two_term,ar_mcig_sweep_rerun_0000,5.0000000000e+01,7.7111290695e+01,2.9319844371e-01,0.0000000000e+00,0.0000000000e+00,,,
two_term,ar_mcig_sweep_rerun_0000,5.0000000000e+01,7.7404767844e+01,2.9375585520e-01,0.0000000000e+00,0.0000000000e+00,,,
two_term,ar_mcig_sweep_rerun_0000,5.0000000000e+01,7.7698802405e+01,2.9431326669e-01,0.0000000000e+00,0.0000000000e+00,,,
two_term,ar_mcig_sweep_rerun_0000,5.0000000000e+01,7.7993394377e+01,2.9487067818e-01,0.0000000000e+00,0.0000000000e+00,,,
two_term,ar_mcig_sweep_rerun_0000,5.0000000000e+01,7.8288543761e+01,2.9542808967e-01,0.0000000000e+00,0.0000000000e+00,,,
two_term,ar_mcig_sweep_rerun_0000,5.0000000000e+01,7.8584250557e+01,2.9598550116e-01,0.0000000000e+00,0.0000000000e+00,,,
two_term,ar_mcig_sweep_rerun_0000,5.0000000000e+01,7.8880514764e+01,2.9654291265e-01,0.0000000000e+00,0.0000000000e+00,,,
two_term,ar_mcig_sweep_rerun_0000,5.0000000000e+01,7.9177336382e+01,2.9710032414e-01,0.0000000000e+00,0.0000000000e+00,,,
two_term,ar_mcig_sweep_rerun_0000,5.0000000000e+01,7.9474715412e+01,2.9765773563e-01,0.0000000000e+00,0.0000000000e+00,,,
two_term,ar_mcig_sweep_rerun_0000,5.0000000000e+01,7.9772651853e+01,2.9821514711e-01,7.3706877954e-19,8.2524138873e-20,,,
two_term,ar_mcig_sweep_rerun_0000,5.0000000000e+01,8.0071145706e+01,2.9877255860e-01,2.2932859747e-18,2.5628323282e-19,,,
two_term,ar_mcig_sweep_rerun_0000,5.0000000000e+01,8.0370196970e+01,2.9932997009e-01,4.5455883822e-18,5.0704042988e-19,,,
two_term,ar_mcig_sweep_rerun_0000,5.0000000000e+01,8.0669805646e+01,2.9988738158e-01,8.0930346120e-18,9.0106452635e-19,,,
two_term,ar_mcig_sweep_rerun_0000,5.0000000000e+01,8.0969971734e+01,3.0044479307e-01,1.3877787808e-17,1.5422623228e-18,,,
two_term,ar_mcig_sweep_rerun_0000,5.0000000000e+01,8.1270695232e+01,3.0100220456e-01,6.9388939039e-18,7.6970314250e-19,,,
two_term,ar_mcig_sweep_rerun_0000,5.0000000000e+01,8.1571976143e+01,3.0155961605e-01,8.6736173799e-18,9.6035050345e-19,,,
two_term,ar_mcig_sweep_rerun_0000,5.0000000000e+01,8.1873814465e+01,3.0211702754e-01,5.1997133821e-18,5.7465460721e-19,,,
two_term,ar_mcig_sweep_rerun_0000,5.0000000000e+01,8.2176210198e+01,3.0267443903e-01,3.1095817035e-18,3.4302748405e-19,,,
two_term,ar_mcig_sweep_rerun_0000,5.0000000000e+01,8.2479163343e+01,3.0323185052e-01,1.8512512777e-18,2.0384180102e-19,,,
two_term,ar_mcig_sweep_rerun_0000,5.0000000000e+01,8.2782673899e+01,3.0378926201e-01,1.0966301646e-18,1.2052869730e-19,,,
two_term,ar_mcig_sweep_rerun_0000,5.0000000000e+01,8.3086741867e+01,3.0434667350e-01,6.4599521584e-19,7.0870163901e-20,,,
two_term,ar_mcig_sweep_rerun_0000,5.0000000000e+01,8.3391367246e+01,3.0490408499e-01,3.7813952880e-19,4.1408693820e-20,,,
two_term,ar_mcig_sweep_rerun_0000,5.0000000000e+01,8.3696550037e+01,3.0546149648e-01,2.1974580737e-19,2.4019657992e-20,,,
two_term,ar_mcig_sweep_rerun_0000,5.0000000000e+01,8.4002290239e+01,3.0601890797e-01,1.2661931210e-19,1.3815111243e-20,,,
two_term,ar_mcig_sweep_rerun_0000,5.0000000000e+01,8.4308587853e+01,3.0657631946e-01,7.2219528018e-20,7.8653624104e-21,,,
two_term,ar_mcig_sweep_rerun_0000,5.0000000000e+01,8.4615442878e+01,3.0713373095e-01,4.0671976860e-20,4.4215085162e-21,,,
two_term,ar_mcig_sweep_rerun_0000,5.0000000000e+01,8.4922855315e+01,3.0769114244e-01,2.2522236795e-20,2.4439888846e-21,,,
two_term,ar_mcig_sweep_rerun_0000,5.0000000000e+01,8.5230825163e+01,3.0824855393e-01,1.2163985857e-20,1.3175817174e-21,,,
two_term,ar_mcig_sweep_rerun_0000,5.0000000000e+01,8.5539352422e+01,3.0880596542e-01,6.2856321105e-21,6.7961973212e-22,,,
two_term,ar_mcig_sweep_rerun_0000,5.0000000000e+01,8.5848437094e+01,3.0936337691e-01,2.9343207279e-21,3.1669512994e-22,,,
two_term,ar_mcig_sweep_rerun_0000,5.0000000000e+01,8.6158079176e+01,3.0992078840e-01,9.5221435562e-22,1.0258567504e-22,,,
two_term,ar_mcig_sweep_rerun_0000,5.0000000000e+01,8.6468278670e+01,3.1047819989e-01,0.0000000000e+00,0.0000000000e+00,,,
two_term,ar_mcig_sweep_rerun_0000,5.0000000000e+01,8.6779035576e+01,3.1103561138e-01,0.0000000000e+00,0.0000000000e+00,,,
two_term,ar_mcig_sweep_rerun_0000,5.0000000000e+01,8.7090349893e+01,3.1159302287e-01,0.0000000000e+00,0.0000000000e+00,,,
two_term,ar_mcig_sweep_rerun_0000,5.0000000000e+01,8.7402221622e+01,3.1215043436e-01,0.0000000000e+00,0.0000000000e+00,,,
two_term,ar_mcig_sweep_rerun_0000,5.0000000000e+01,8.7714650762e+01,3.1270784585e-01,0.0000000000e+00,0.0000000000e+00,,,
two_term,ar_mcig_sweep_rerun_0000,5.0000000000e+01,8.8027637313e+01,3.1326525734e-01,0.0000000000e+00,0.0000000000e+00,,,
two_term,ar_mcig_sweep_rerun_0000,5.0000000000e+01,8.8341181277e+01,3.1382266883e-01,0.0000000000e+00,0.0000000000e+00,,,
two_term,ar_mcig_sweep_rerun_0000,5.0000000000e+01,8.8655282651e+01,3.1438008032e-01,0.0000000000e+00,0.0000000000e+00,,,
two_term,ar_mcig_sweep_rerun_0000,5.0000000000e+01,8.8969941437e+01,3.1493749181e-01,0.0000000000e+00,0.0000000000e+00,,,
two_term,ar_mcig_sweep_rerun_0000,5.0000000000e+01,8.9285157635e+01,3.1549490330e-01,0.0000000000e+00,0.0000000000e+00,,,
two_term,ar_mcig_sweep_rerun_0000,5.0000000000e+01,8.9600931244e+01,3.1605231479e-01,0.0000000000e+00,0.0000000000e+00,,,
two_term,ar_mcig_sweep_rerun_0000,5.0000000000e+01,8.9917262264e+01,3.1660972628e-01,0.0000000000e+00,0.0000000000e+00,,,
two_term,ar_mcig_sweep_rerun_0000,5.0000000000e+01,9.0234150696e+01,3.1716713777e-01,0.0000000000e+00,0.0000000000e+00,,,
two_term,ar_mcig_sweep_rerun_0000,5.0000000000e+01,9.0551596540e+01,3.1772454926e-01,0.0000000000e+00,0.0000000000e+00,,,
two_term,ar_mcig_sweep_rerun_0000,5.0000000000e+01,9.0869599795e+01,3.1828196075e-01,0.0000000000e+00,0.0000000000e+00,,,
two_term,ar_mcig_sweep_rerun_0000,5.0000000000e+01,9.1188160461e+01,3.1883937224e-01,0.0000000000e+00,0.0000000000e+00,,,
two_term,ar_mcig_sweep_rerun_0000,5.0000000000e+01,9.1507278539e+01,3.1939678373e-01,0.0000000000e+00,0.0000000000e+00,,,
two_term,ar_mcig_sweep_rerun_0000,5.0000000000e+01,9.1826954029e+01,3.1995419522e-01,0.0000000000e+00,0.0000000000e+00,,,
two_term,ar_mcig_sweep_rerun_0000,5.0000000000e+01,9.2147186930e+01,3.2051160671e-01,0.0000000000e+00,0.0000000000e+00,,,
two_term,ar_mcig_sweep_rerun_0000,5.0000000000e+01,9.2467977242e+01,3.2106901820e-01,0.0000000000e+00,0.0000000000e+00,,,
two_term,ar_mcig_sweep_rerun_0000,5.0000000000e+01,9.2789324966e+01,3.2162642969e-01,0.0000000000e+00,0.0000000000e+00,,,
two_term,ar_mcig_sweep_rerun_0000,5.0000000000e+01,9.3111230102e+01,3.2218384118e-01,0.0000000000e+00,0.0000000000e+00,,,
two_term,ar_mcig_sweep_rerun_0000,5.0000000000e+01,9.3433692649e+01,3.2274125267e-01,0.0000000000e+00,0.0000000000e+00,,,
two_term,ar_mcig_sweep_rerun_0000,5.0000000000e+01,9.3756712607e+01,3.2329866416e-01,0.0000000000e+00,0.0000000000e+00,,,
two_term,ar_mcig_sweep_rerun_0000,5.0000000000e+01,9.4080289977e+01,3.2385607565e-01,0.0000000000e+00,0.0000000000e+00,,,
two_term,ar_mcig_sweep_rerun_0000,5.0000000000e+01,9.4404424758e+01,3.2441348714e-01,0.0000000000e+00,0.0000000000e+00,,,
two_term,ar_mcig_sweep_rerun_0000,5.0000000000e+01,9.4729116951e+01,3.2497089863e-01,0.0000000000e+00,0.0000000000e+00,,,
two_term,ar_mcig_sweep_rerun_0000,5.0000000000e+01,9.5054366556e+01,3.2552831012e-01,0.0000000000e+00,0.0000000000e+00,,,
two_term,ar_mcig_sweep_rerun_0000,5.0000000000e+01,9.5380173571e+01,3.2608572161e-01,0.0000000000e+00,0.0000000000e+00,,,
two_term,ar_mcig_sweep_rerun_0000,5.0000000000e+01,9.5706537999e+01,3.2664313310e-01,0.0000000000e+00,0.0000000000e+00,,,
two_term,ar_mcig_sweep_rerun_0000,5.0000000000e+01,9.6033459838e+01,3.2720054459e-01,0.0000000000e+00,0.0000000000e+00,,,
two_term,ar_mcig_sweep_rerun_0000,5.0000000000e+01,9.6360939088e+01,3.2775795608e-01,0.0000000000e+00,0.0000000000e+00,,,
two_term,ar_mcig_sweep_rerun_0000,5.0000000000e+01,9.6688975750e+01,3.2831536757e-01,0.0000000000e+00,0.0000000000e+00,,,
two_term,ar_mcig_sweep_rerun_0000,5.0000000000e+01,9.7017569823e+01,3.2887277906e-01,0.0000000000e+00,0.0000000000e+00,,,
two_term,ar_mcig_sweep_rerun_0000,5.0000000000e+01,9.7346721308e+01,3.2943019055e-01,0.0000000000e+00,0.0000000000e+00,,,
two_term,ar_mcig_sweep_rerun_0000,5.0000000000e+01,9.7676430204e+01,3.2998760204e-01,0.0000000000e+00,0.0000000000e+00,,,
two_term,ar_mcig_sweep_rerun_0000,5.0000000000e+01,9.8006696512e+01,3.3054501353e-01,0.0000000000e+00,0.0000000000e+00,,,
two_term,ar_mcig_sweep_rerun_0000,5.0000000000e+01,9.8337520231e+01,3.3110242502e-01,0.0000000000e+00,0.0000000000e+00,,,
two_term,ar_mcig_sweep_rerun_0000,5.0000000000e+01,9.8668901362e+01,3.3165983651e-01,0.0000000000e+00,0.0000000000e+00,,,
two_term,ar_mcig_sweep_rerun_0000,5.0000000000e+01,9.9000839904e+01,3.3221724800e-01,0.0000000000e+00,0.0000000000e+00,,,
two_term,ar_mcig_sweep_rerun_0000,5.0000000000e+01,9.9333335858e+01,3.3277465949e-01,0.0000000000e+00,0.0000000000e+00,,,
two_term,ar_mcig_sweep_rerun_0000,5.0000000000e+01,9.9666389223e+01,3.3333207098e-01,0.0000000000e+00,0.0000000000e+00,,,
two_term,ar_mcig_sweep_rerun_0000,5.0000000000e+01,1.0000000000e+02,3.3361077673e-01,0.0000000000e+00,0.0000000000e+00,,,
two_term,ar_mcig_sweep_rerun_0001,1.0000000000e+02,1.0000000000e-04,2.3935287248e-04,7.0929122356e-04,7.0929122356e-02,,,
two_term,ar_mcig_sweep_rerun_0001,1.0000000000e+02,3.7870574497e-04,5.5741148993e-04,1.2695772354e-03,6.5239132851e-02,,,
two_term,ar_mcig_sweep_rerun_0001,1.0000000000e+02,1.2148229799e-03,1.1148229799e-03,2.3504032700e-03,6.7435080984e-02,,,
two_term,ar_mcig_sweep_rerun_0001,1.0000000000e+02,2.6083517047e-03,1.6722344698e-03,3.4754052542e-03,6.8049098819e-02,,,
two_term,ar_mcig_sweep_rerun_0001,1.0000000000e+02,4.5592919195e-03,2.2296459597e-03,4.6106060717e-03,6.8282484995e-02,,,
two_term,ar_mcig_sweep_rerun_0001,1.0000000000e+02,7.0676436242e-03,2.7870574497e-03,5.7495792213e-03,6.8390966462e-02,,,
two_term,ar_mcig_sweep_rerun_0001,1.0000000000e+02,1.0133406819e-02,3.3444689396e-03,6.8903164387e-03,6.8448104863e-02,,,
two_term,ar_mcig_sweep_rerun_0001,1.0000000000e+02,1.3756581503e-02,3.9018804295e-03,8.0319643369e-03,6.8480434732e-02,,,
two_term,ar_mcig_sweep_rerun_0001,1.0000000000e+02,1.7937167678e-02,4.4592919195e-03,9.1741200226e-03,6.8499512958e-02,,,
two_term,ar_mcig_sweep_rerun_0001,1.0000000000e+02,2.2675165342e-02,5.0167034094e-03,1.0316553769e-02,6.8510859311e-02,,,
two_term,ar_mcig_sweep_rerun_0001,1.0000000000e+02,2.7970574497e-02,5.5741148993e-03,1.1459047734e-02,6.8516920490e-02,,,
two_term,ar_mcig_sweep_rerun_0001,1.0000000000e+02,3.3823395141e-02,6.1315263893e-03,1.2601630435e-02,6.8520123864e-02,,,
two_term,ar_mcig_sweep_rerun_0001,1.0000000000e+02,4.0233627275e-02,6.6889378792e-03,1.3744212794e-02,6.8521249898e-02,,,
two_term,ar_mcig_sweep_rerun_0001,1.0000000000e+02,4.7201270899e-02,7.2463493691e-03,1.4886831179e-02,6.8521272130e-02,,,
two_term,ar_mcig_sweep_rerun_0001,1.0000000000e+02,5.4726326014e-02,7.8037608591e-03,1.6029337491e-02,6.8520011354e-02,,,
two_term,ar_mcig_sweep_rerun_0001,1.0000000000e+02,6.2808792618e-02,8.3611723490e-03,1.7171675643e-02,6.8517649171e-02,,,
two_term,ar_mcig_sweep_rerun_0001,1.0000000000e+02,7.1448670712e-02,8.9185838390e-03,1.8313812915e-02,6.8514374422e-02,,,
two_term,ar_mcig_sweep_rerun_0001,1.0000000000e+02,8.0645960296e-02,9.4759953289e-03,1.9455772880e-02,6.8510506611e-02,,,
two_term,ar_mcig_sweep_rerun_0001,1.0000000000e+02,9.0400661369e-02,1.0033406819e-02,2.0597284095e-02,6.8505297280e-02,,,
two_term,ar_mcig_sweep_rerun_0001,1.0000000000e+02,1.0071277393e-01,1.0590818309e-02,2.1738743309e-02,6.8500249838e-02,,,
two_term,ar_mcig_sweep_rerun_0001,1.0000000000e+02,1.1158229799e-01,1.1148229799e-02,2.2880049597e-02,6.8495069535e-02,,,
two_term,ar_mcig_sweep_rerun_0001,1.0000000000e+02,1.2300923353e-01,1.1705641289e-02,2.4021088996e-02,6.8489474822e-02,,,
two_term,ar_mcig_sweep_rerun_0001,1.0000000000e+02,1.3499358056e-01,1.2263052779e-02,2.5162075302e-02,6.8484123122e-02,,,
two_term,ar_mcig_sweep_rerun_0001,1.0000000000e+02,1.4753533909e-01,1.2820464268e-02,2.6302944487e-02,6.8478831137e-02,,,
two_term,ar_mcig_sweep_rerun_0001,1.0000000000e+02,1.6063450910e-01,1.3377875758e-02,2.7442368605e-02,6.8470290153e-02,,,
two_term,ar_mcig_sweep_rerun_0001,1.0000000000e+02,1.7429109060e-01,1.3935287248e-02,2.8580774817e-02,6.8459922711e-02,,,
two_term,ar_mcig_sweep_rerun_0001,1.0000000000e+02,1.8850508360e-01,1.4492698738e-02,2.9718941586e-02,6.8449740337e-02,,,
two_term,ar_mcig_sweep_rerun_0001,1.0000000000e+02,2.0327648808e-01,1.5050110228e-02,3.0857029800e-02,6.8440085818e-02,,,
two_term,ar_mcig_sweep_rerun_0001,1.0000000000e+02,2.1860530405e-01,1.5607521718e-02,3.1994735323e-02,6.8430257504e-02,,,
two_term,ar_mcig_sweep_rerun_0001,1.0000000000e+02,2.3449153152e-01,1.6164933208e-02,3.3131490197e-02,6.8419104962e-02,,,
two_term,ar_mcig_sweep_rerun_0001,1.0000000000e+02,2.5093517047e-01,1.6722344698e-02,3.4268115155e-02,6.8408402702e-02,,,
two_term,ar_mcig_sweep_rerun_0001,1.0000000000e+02,2.6793622091e-01,1.7279756188e-02,3.5404619742e-02,6.8398128766e-02,,,
two_term,ar_mcig_sweep_rerun_0001,1.0000000000e+02,2.8549468285e-01,1.7837167678e-02,3.6539259228e-02,6.8384980341e-02,,,
two_term,ar_mcig_sweep_rerun_0001,1.0000000000e+02,3.0361055627e-01,1.8394579168e-02,3.7670972622e-02,6.8367295394e-02,,,
two_term,ar_mcig_sweep_rerun_0001,1.0000000000e+02,3.2228384118e-01,1.8951990658e-02,3.8802565958e-02,6.8350418843e-02,,,
two_term,ar_mcig_sweep_rerun_0001,1.0000000000e+02,3.4151453758e-01,1.9509402148e-02,3.9934059367e-02,6.8334317550e-02,,,
two_term,ar_mcig_sweep_rerun_0001,1.0000000000e+02,3.6130264548e-01,2.0066813638e-02,4.1063891989e-02,6.8316331644e-02,,,
two_term,ar_mcig_sweep_rerun_0001,1.0000000000e+02,3.8164816486e-01,2.0624225128e-02,4.2192563765e-02,6.8297424417e-02,,,
two_term,ar_mcig_sweep_rerun_0001,1.0000000000e+02,4.0255109573e-01,2.1181636618e-02,4.3318856857e-02,6.8275750225e-02,,,
two_term,ar_mcig_sweep_rerun_0001,1.0000000000e+02,4.2401143810e-01,2.1739048107e-02,4.4441761750e-02,6.8249972495e-02,,,
two_term,ar_mcig_sweep_rerun_0001,1.0000000000e+02,4.4602919195e-01,2.2296459597e-02,4.5562503320e-02,6.8222233819e-02,,,
two_term,ar_mcig_sweep_rerun_0001,1.0000000000e+02,4.6860435729e-01,2.2853871087e-02,4.6682227094e-02,6.8194351804e-02,,,
two_term,ar_mcig_sweep_rerun_0001,1.0000000000e+02,4.9173693412e-01,2.3411282577e-02,4.7800068850e-02,6.8165104929e-02,,,
two_term,ar_mcig_sweep_rerun_0001,1.0000000000e+02,5.1542692244e-01,2.3968694067e-02,4.8913042463e-02,6.8130429644e-02,,,
two_term,ar_mcig_sweep_rerun_0001,1.0000000000e+02,5.3967432226e-01,2.4526105557e-02,5.0020696197e-02,6.8090081597e-02,,,
two_term,ar_mcig_sweep_rerun_0001,1.0000000000e+02,5.6447913356e-01,2.5083517047e-02,5.1125133835e-02,6.8047239495e-02,,,
two_term,ar_mcig_sweep_rerun_0001,1.0000000000e+02,5.8984135635e-01,2.5640928537e-02,5.2225759736e-02,6.8001290816e-02,,,
two_term,ar_mcig_sweep_rerun_0001,1.0000000000e+02,6.1576099063e-01,2.6198340027e-02,5.3324292972e-02,6.7954624923e-02,,,
two_term,ar_mcig_sweep_rerun_0001,1.0000000000e+02,6.4223803640e-01,2.6755751517e-02,5.4412229098e-02,6.7896674952e-02,,,
two_term,ar_mcig_sweep_rerun_0001,1.0000000000e+02,6.6927249367e-01,2.7313163007e-02,5.5493867285e-02,6.7833387092e-02,,,
two_term,ar_mcig_sweep_rerun_0001,1.0000000000e+02,6.9686436242e-01,2.7870574497e-02,5.6571576303e-02,6.7767919428e-02,,,
two_term,ar_mcig_sweep_rerun_0001,1.0000000000e+02,7.2501364266e-01,2.8427985987e-02,5.7642702920e-02,6.7697284381e-02,,,
two_term,ar_mcig_sweep_rerun_0001,1.0000000000e+02,7.5372033439e-01,2.8985397477e-02,5.8705832826e-02,6.7620151190e-02,,,
two_term,ar_mcig_sweep_rerun_0001,1.0000000000e+02,7.8298443761e-01,2.9542808967e-02,5.9755539723e-02,6.7530755477e-02,,,
two_term,ar_mcig_sweep_rerun_0001,1.0000000000e+02,8.1280595232e-01,3.0100220456e-02,6.0800244378e-02,6.7439118843e-02,,,
two_term,ar_mcig_sweep_rerun_0001,1.0000000000e+02,8.4318487853e-01,3.0657631946e-02,6.1838580817e-02,6.7343876095e-02,,,
two_term,ar_mcig_sweep_rerun_0001,1.0000000000e+02,8.7412121622e-01,3.1215043436e-02,6.2863130575e-02,6.7237285894e-02,,,
two_term,ar_mcig_sweep_rerun_0001,1.0000000000e+02,9.0561496540e-01,3.1772454926e-02,6.3875818084e-02,6.7121967785e-02,,,
two_term,ar_mcig_sweep_rerun_0001,1.0000000000e+02,9.3766612607e-01,3.2329866416e-02,6.4879531199e-02,6.7001355596e-02,,,
two_term,ar_mcig_sweep_rerun_0001,1.0000000000e+02,9.7027469823e-01,3.2887277906e-02,6.5878759133e-02,6.6880276071e-02,,,
two_term,ar_mcig_sweep_rerun_0001,1.0000000000e+02,1.0034406819e+00,3.3444689396e-02,6.6855166643e-02,6.6740448908e-02,,,
two_term,ar_mcig_sweep_rerun_0001,1.0000000000e+02,1.0371640770e+00,3.4002100886e-02,6.7824235660e-02,6.6597998160e-02,,,
two_term,ar_mcig_sweep_rerun_0001,1.0000000000e+02,1.0714448837e+00,3.4559512376e-02,6.8783396127e-02,6.6450567966e-02,,,
two_term,ar_mcig_sweep_rerun_0001,1.0000000000e+02,1.1062831018e+00,3.5116923866e-02,6.9732079824e-02,6.6297855277e-02,,,
two_term,ar_mcig_sweep_rerun_0001,1.0000000000e+02,1.1416787314e+00,3.5674335356e-02,7.0659326044e-02,6.6129849678e-02,,,
two_term,ar_mcig_sweep_rerun_0001,1.0000000000e+02,1.1776317725e+00,3.6231746846e-02,7.1581615190e-02,6.5962443701e-02,,,
two_term,ar_mcig_sweep_rerun_0001,1.0000000000e+02,1.2141422251e+00,3.6789158336e-02,7.2494389301e-02,6.5791473638e-02,,,
two_term,ar_mcig_sweep_rerun_0001,1.0000000000e+02,1.2512100892e+00,3.7346569826e-02,7.3383359686e-02,6.5604325119e-02,,,
two_term,ar_mcig_sweep_rerun_0001,1.0000000000e+02,1.2888353647e+00,3.7903981316e-02,7.4262598092e-02,6.5414106982e-02,,,
two_term,ar_mcig_sweep_rerun_0001,1.0000000000e+02,1.3270180518e+00,3.8461392805e-02,7.5137444453e-02,6.5225588248e-02,,,
two_term,ar_mcig_sweep_rerun_0001,1.0000000000e+02,1.3657581503e+00,3.9018804295e-02,7.5985685131e-02,6.5019688305e-02,,,
two_term,ar_mcig_sweep_rerun_0001,1.0000000000e+02,1.4050556604e+00,3.9576215785e-02,7.6825410909e-02,6.4812403538e-02,,,
two_term,ar_mcig_sweep_rerun_0001,1.0000000000e+02,1.4449105819e+00,4.0133627275e-02,7.7657091210e-02,6.4604182214e-02,,,
two_term,ar_mcig_sweep_rerun_0001,1.0000000000e+02,1.4853229149e+00,4.0691038765e-02,7.8465415624e-02,6.4382500353e-02,,,
two_term,ar_mcig_sweep_rerun_0001,1.0000000000e+02,1.5262926594e+00,4.1248450255e-02,7.9262173865e-02,6.4157446647e-02,,,
two_term,ar_mcig_sweep_rerun_0001,1.0000000000e+02,1.5678198154e+00,4.1805861745e-02,8.0051624584e-02,6.3932557137e-02,,,
two_term,ar_mcig_sweep_rerun_0001,1.0000000000e+02,1.6099043829e+00,4.2363273235e-02,8.0816137943e-02,6.3693930708e-02,,,
two_term,ar_mcig_sweep_rerun_0001,1.0000000000e+02,1.6525463619e+00,4.2920684725e-02,8.1568554227e-02,6.3452091010e-02,,,
two_term,ar_mcig_sweep_rerun_0001,1.0000000000e+02,1.6957457524e+00,4.3478096215e-02,8.2315283209e-02,6.3212083889e-02,,,
two_term,ar_mcig_sweep_rerun_0001,1.0000000000e+02,1.7395025543e+00,4.4035507705e-02,8.3031057702e-02,6.2954682047e-02,,,
two_term,ar_mcig_sweep_rerun_0001,1.0000000000e+02,1.7838167678e+00,4.4592919195e-02,8.3739998237e-02,6.2698597528e-02,,,
two_term,ar_mcig_sweep_rerun_0001,1.0000000000e+02,1.8286883927e+00,4.5150330685e-02,8.4436502838e-02,6.2439638988e-02,,,
two_term,ar_mcig_sweep_rerun_0001,1.0000000000e+02,1.8741174292e+00,4.5707742175e-02,8.5106829608e-02,6.2167873568e-02,,,
two_term,ar_mcig_sweep_rerun_0001,1.0000000000e+02,1.9201038771e+00,4.6265153665e-02,8.5771064045e-02,6.1898259237e-02,,,
two_term,ar_mcig_sweep_rerun_0001,1.0000000000e+02,1.9666477365e+00,4.6822565155e-02,8.6413634428e-02,6.1619615353e-02,,,
two_term,ar_mcig_sweep_rerun_0001,1.0000000000e+02,2.0137490074e+00,4.7379976644e-02,8.7038576152e-02,6.1335104309e-02,,,
two_term,ar_mcig_sweep_rerun_0001,1.0000000000e+02,2.0614076898e+00,4.7937388134e-02,8.7657139757e-02,6.1052766732e-02,,,
two_term,ar_mcig_sweep_rerun_0001,1.0000000000e+02,2.1096237837e+00,4.8494799624e-02,8.8243469499e-02,6.0754726281e-02,,,
two_term,ar_mcig_sweep_rerun_0001,1.0000000000e+02,2.1583972890e+00,4.9052211114e-02,8.8822222908e-02,6.0458301828e-02,,,
two_term,ar_mcig_sweep_rerun_0001,1.0000000000e+02,2.2077282059e+00,4.9609622604e-02,8.9383273153e-02,6.0156623374e-02,,,
two_term,ar_mcig_sweep_rerun_0001,1.0000000000e+02,2.2576165342e+00,5.0167034094e-02,8.9922273049e-02,5.9846972830e-02,,,
two_term,ar_mcig_sweep_rerun_0001,1.0000000000e+02,2.3080622741e+00,5.0724445584e-02,9.0454300178e-02,5.9539537502e-02,,,
two_term,ar_mcig_sweep_rerun_0001,1.0000000000e+02,2.3590654254e+00,5.1281857074e-02,9.0955274882e-02,5.9218567545e-02,,,
two_term,ar_mcig_sweep_rerun_0001,1.0000000000e+02,2.4106259882e+00,5.1839268564e-02,9.1447317248e-02,5.8898746507e-02,,,
two_term,ar_mcig_sweep_rerun_0001,1.0000000000e+02,2.4627439625e+00,5.2396680054e-02,9.1918542693e-02,5.8572464626e-02,,,
two_term,ar_mcig_sweep_rerun_0001,1.0000000000e+02,2.5154193483e+00,5.2954091544e-02,9.2371239901e-02,5.8241368979e-02,,,
two_term,ar_mcig_sweep_rerun_0001,1.0000000000e+02,2.5686521456e+00,5.3511503034e-02,9.2811947680e-02,5.7909689872e-02,,,
two_term,ar_mcig_sweep_rerun_0001,1.0000000000e+02,2.6224423544e+00,5.4068914524e-02,9.3224307396e-02,5.7567343668e-02,,,
two_term,ar_mcig_sweep_rerun_0001,1.0000000000e+02,2.6767899747e+00,5.4626326014e-02,9.3629519772e-02,5.7227615077e-02,,,
two_term,ar_mcig_sweep_rerun_0001,1.0000000000e+02,2.7316950064e+00,5.5183737504e-02,9.4006215860e-02,5.6877495729e-02,,,
two_term,ar_mcig_sweep_rerun_0001,1.0000000000e+02,2.7871574497e+00,5.5741148993e-02,9.4371119627e-02,5.6527314826e-02,,,
two_term,ar_mcig_sweep_rerun_0001,1.0000000000e+02,2.8431773044e+00,5.6298560483e-02,9.4714752363e-02,5.6171452772e-02,,,
two_term,ar_mcig_sweep_rerun_0001,1.0000000000e+02,2.8997545706e+00,5.6855971973e-02,9.5040233911e-02,5.5811908774e-02,,,
two_term,ar_mcig_sweep_rerun_0001,1.0000000000e+02,2.9568892484e+00,5.7413383463e-02,9.5350046295e-02,5.5450233485e-02,,,
two_term,ar_mcig_sweep_rerun_0001,1.0000000000e+02,3.0145813376e+00,5.7970794953e-02,9.5635575183e-02,5.5081526947e-02,,,
two_term,ar_mcig_sweep_rerun_0001,1.0000000000e+02,3.0728308383e+00,5.8528206443e-02,9.5910729444e-02,5.4713924609e-02,,,
two_term,ar_mcig_sweep_rerun_0001,1.0000000000e+02,3.1316377505e+00,5.9085617933e-02,9.6157058275e-02,5.4336968945e-02,,,
two_term,ar_mcig_sweep_rerun_0001,1.0000000000e+02,3.1910020741e+00,5.9643029423e-02,9.6395626618e-02,5.3962714449e-02,,,
two_term,ar_mcig_sweep_rerun_0001,1.0000000000e+02,3.2509238093e+00,6.0200440913e-02,9.6603587282e-02,5.3578414557e-02,,,
two_term,ar_mcig_sweep_rerun_0001,1.0000000000e+02,3.3114029560e+00,6.0757852403e-02,9.6802922559e-02,5.3196425747e-02,,,
two_term,ar_mcig_sweep_rerun_0001,1.0000000000e+02,3.3724395141e+00,6.1315263893e-02,9.6975222044e-02,5.2806659839e-02,,,
two_term,ar_mcig_sweep_rerun_0001,1.0000000000e+02,3.4340334837e+00,6.1872675383e-02,9.7135635945e-02,5.2417502564e-02,,,
two_term,ar_mcig_sweep_rerun_0001,1.0000000000e+02,3.4961848649e+00,6.2430086873e-02,9.7271416224e-02,5.2022119796e-02,,,
two_term,ar_mcig_sweep_rerun_0001,1.0000000000e+02,3.5588936575e+00,6.2987498363e-02,9.7393108349e-02,5.1626266769e-02,,,
two_term,ar_mcig_sweep_rerun_0001,1.0000000000e+02,3.6221598616e+00,6.3544909853e-02,9.7492236777e-02,5.1225502547e-02,,,
two_term,ar_mcig_sweep_rerun_0001,1.0000000000e+02,3.6859834772e+00,6.4102321342e-02,9.7575726514e-02,5.0823562226e-02,,,
two_term,ar_mcig_sweep_rerun_0001,1.0000000000e+02,3.7503645043e+00,6.4659732832e-02,9.7637717579e-02,5.0417450295e-02,,,
two_term,ar_mcig_sweep_rerun_0001,1.0000000000e+02,3.8153029429e+00,6.5217144322e-02,9.7683188810e-02,5.0009822682e-02,,,
two_term,ar_mcig_sweep_rerun_0001,1.0000000000e+02,3.8807987929e+00,6.5774555812e-02,9.7707847039e-02,4.9598538624e-02,,,
two_term,ar_mcig_sweep_rerun_0001,1.0000000000e+02,3.9468520545e+00,6.6331967302e-02,9.7715864048e-02,4.9185790190e-02,,,
two_term,ar_mcig_sweep_rerun_0001,1.0000000000e+02,4.0134627275e+00,6.6889378792e-02,9.7705279297e-02,4.8770635369e-02,,,
two_term,ar_mcig_sweep_rerun_0001,1.0000000000e+02,4.0806308121e+00,6.7446790282e-02,9.7676698333e-02,4.8353433593e-02,,,
two_term,ar_mcig_sweep_rerun_0001,1.0000000000e+02,4.1483563081e+00,6.8004201772e-02,9.7628215962e-02,4.7933299793e-02,,,
two_term,ar_mcig_sweep_rerun_0001,1.0000000000e+02,4.2166392156e+00,6.8561613262e-02,9.7560481066e-02,4.7510621479e-02,,,
two_term,ar_mcig_sweep_rerun_0001,1.0000000000e+02,4.2854795346e+00,6.9119024752e-02,9.7474704093e-02,4.7086044934e-02,,,
two_term,ar_mcig_sweep_rerun_0001,1.0000000000e+02,4.3548772651e+00,6.9676436242e-02,9.7370626776e-02,4.6659491957e-02,,,
two_term,ar_mcig_sweep_rerun_0001,1.0000000000e+02,4.4248324071e+00,7.0233847732e-02,9.7243795280e-02,4.6228892291e-02,,,
two_term,ar_mcig_sweep_rerun_0001,1.0000000000e+02,4.4953449606e+00,7.0791259222e-02,9.7106129793e-02,4.5799963670e-02,,,
two_term,ar_mcig_sweep_rerun_0001,1.0000000000e+02,4.5664149255e+00,7.1348670712e-02,9.6943696392e-02,4.5366146359e-02,,,
two_term,ar_mcig_sweep_rerun_0001,1.0000000000e+02,4.6380423020e+00,7.1906082202e-02,9.6770632393e-02,4.4934118519e-02,,,
two_term,ar_mcig_sweep_rerun_0001,1.0000000000e+02,4.7102270899e+00,7.2463493691e-02,9.6571397183e-02,4.4496678294e-02,,,
two_term,ar_mcig_sweep_rerun_0001,1.0000000000e+02,4.7829692894e+00,7.3020905181e-02,9.6361145583e-02,4.4060879135e-02,,,
two_term,ar_mcig_sweep_rerun_0001,1.0000000000e+02,4.8562689003e+00,7.3578316671e-02,9.6127741150e-02,4.3621176431e-02,,,
two_term,ar_mcig_sweep_rerun_0001,1.0000000000e+02,4.9301259227e+00,7.4135728161e-02,9.5880693323e-02,4.3181941014e-02,,,
two_term,ar_mcig_sweep_rerun_0001,1.0000000000e+02,5.0045403566e+00,7.4693139651e-02,9.5613625227e-02,4.2740311894e-02,,,
two_term,ar_mcig_sweep_rerun_0001,1.0000000000e+02,5.0795122020e+00,7.5250551141e-02,9.5330232707e-02,4.2297982112e-02,,,
two_term,ar_mcig_sweep_rerun_0001,1.0000000000e+02,5.1550414589e+00,7.5807962631e-02,9.5029997795e-02,4.1854738991e-02,,,
two_term,ar_mcig_sweep_rerun_0001,1.0000000000e+02,5.2311281273e+00,7.6365374121e-02,9.4710768519e-02,4.1409661646e-02,,,
two_term,ar_mcig_sweep_rerun_0001,1.0000000000e+02,5.3077722072e+00,7.6922785611e-02,9.4377915953e-02,4.0965121287e-02,,,
two_term,ar_mcig_sweep_rerun_0001,1.0000000000e+02,5.3849736985e+00,7.7480197101e-02,9.4023418627e-02,4.0517649625e-02,,,
two_term,ar_mcig_sweep_rerun_0001,1.0000000000e+02,5.4627326014e+00,7.8037608591e-02,9.3656866786e-02,4.0071412692e-02,,,
two_term,ar_mcig_sweep_rerun_0001,1.0000000000e+02,5.5410489157e+00,7.8595020081e-02,9.3269281224e-02,3.9622569684e-02,,,
two_term,ar_mcig_sweep_rerun_0001,1.0000000000e+02,5.6199226415e+00,7.9152431571e-02,9.2868066232e-02,3.9174298991e-02,,,
two_term,ar_mcig_sweep_rerun_0001,1.0000000000e+02,5.6993537788e+00,7.9709843061e-02,9.2449495976e-02,3.8725027941e-02,,,
two_term,ar_mcig_sweep_rerun_0001,1.0000000000e+02,5.7793423276e+00,8.0267254551e-02,9.2014285482e-02,3.8275074804e-02,,,
two_term,ar_mcig_sweep_rerun_0001,1.0000000000e+02,5.8598882879e+00,8.0824666041e-02,9.1565250266e-02,3.7825616786e-02,,,
two_term,ar_mcig_sweep_rerun_0001,1.0000000000e+02,5.9409916597e+00,8.1382077530e-02,9.1096731029e-02,3.7374321868e-02,,,
two_term,ar_mcig_sweep_rerun_0001,1.0000000000e+02,6.0226524430e+00,8.1939489020e-02,9.0615861996e-02,3.6924134592e-02,,,
two_term,ar_mcig_sweep_rerun_0001,1.0000000000e+02,6.1048706378e+00,8.2496900510e-02,9.0116610526e-02,3.6472590938e-02,,,
two_term,ar_mcig_sweep_rerun_0001,1.0000000000e+02,6.1876462440e+00,8.3054312000e-02,8.9603284488e-02,3.6021450025e-02,,,
two_term,ar_mcig_sweep_rerun_0001,1.0000000000e+02,6.2709792618e+00,8.3611723490e-02,8.9075152283e-02,3.5570411649e-02,,,
two_term,ar_mcig_sweep_rerun_0001,1.0000000000e+02,6.3548696910e+00,8.4169134980e-02,8.8530111523e-02,3.5118639788e-02,,,
two_term,ar_mcig_sweep_rerun_0001,1.0000000000e+02,6.4393175317e+00,8.4726546470e-02,8.7972689250e-02,3.4667932918e-02,,,
two_term,ar_mcig_sweep_rerun_0001,1.0000000000e+02,6.5243227839e+00,8.5283957960e-02,8.7397581752e-02,3.4216193754e-02,,,
two_term,ar_mcig_sweep_rerun_0001,1.0000000000e+02,6.6098854476e+00,8.5841369450e-02,8.6809396291e-02,3.3765234438e-02,,,
two_term,ar_mcig_sweep_rerun_0001,1.0000000000e+02,6.6960055228e+00,8.6398780940e-02,8.6206920604e-02,3.3314571401e-02,,,
two_term,ar_mcig_sweep_rerun_0001,1.0000000000e+02,6.7826830095e+00,8.6956192430e-02,8.5588733585e-02,3.2863653282e-02,,,
two_term,ar_mcig_sweep_rerun_0001,1.0000000000e+02,6.8699179077e+00,8.7513603920e-02,8.4958348320e-02,3.2413825289e-02,,,
two_term,ar_mcig_sweep_rerun_0001,1.0000000000e+02,6.9577102174e+00,8.8071015410e-02,8.4311930901e-02,3.1963613249e-02,,,
two_term,ar_mcig_sweep_rerun_0001,1.0000000000e+02,7.0460599385e+00,8.8628426900e-02,8.3652549664e-02,3.1514180332e-02,,,
two_term,ar_mcig_sweep_rerun_0001,1.0000000000e+02,7.1349670712e+00,8.9185838390e-02,8.2980202449e-02,3.1065511124e-02,,,
two_term,ar_mcig_sweep_rerun_0001,1.0000000000e+02,7.2244316153e+00,8.9743249879e-02,8.2292579999e-02,3.0616732241e-02,,,
two_term,ar_mcig_sweep_rerun_0001,1.0000000000e+02,7.3144535709e+00,9.0300661369e-02,8.1593099894e-02,3.0169109369e-02,,,
two_term,ar_mcig_sweep_rerun_0001,1.0000000000e+02,7.4050329380e+00,9.0858072859e-02,8.0879632744e-02,2.9721838721e-02,,,
two_term,ar_mcig_sweep_rerun_0001,1.0000000000e+02,7.4961697166e+00,9.1415484349e-02,8.0152930601e-02,2.9275188533e-02,,,
two_term,ar_mcig_sweep_rerun_0001,1.0000000000e+02,7.5878639067e+00,9.1972895839e-02,7.9414528273e-02,2.8829704704e-02,,,
two_term,ar_mcig_sweep_rerun_0001,1.0000000000e+02,7.6801155083e+00,9.2530307329e-02,7.8661711460e-02,2.8384386727e-02,,,
two_term,ar_mcig_sweep_rerun_0001,1.0000000000e+02,7.7729245214e+00,9.3087718819e-02,7.7897115645e-02,2.7940176918e-02,,,
two_term,ar_mcig_sweep_rerun_0001,1.0000000000e+02,7.8662909460e+00,9.3645130309e-02,7.7120605820e-02,2.7497007354e-02,,,
two_term,ar_mcig_sweep_rerun_0001,1.0000000000e+02,7.9602147820e+00,9.4202541799e-02,7.6330536547e-02,2.7054276368e-02,,,
two_term,ar_mcig_sweep_rerun_0001,1.0000000000e+02,8.0546960296e+00,9.4759953289e-02,7.5529281480e-02,2.6612812579e-02,,,
two_term,ar_mcig_sweep_rerun_0001,1.0000000000e+02,8.1497346886e+00,9.5317364779e-02,7.4715932757e-02,2.6172275742e-02,,,
two_term,ar_mcig_sweep_rerun_0001,1.0000000000e+02,8.2453307591e+00,9.5874776269e-02,7.3890209344e-02,2.5732551820e-02,,,
two_term,ar_mcig_sweep_rerun_0001,1.0000000000e+02,8.3414842411e+00,9.6432187759e-02,7.3053568405e-02,2.5294131246e-02,,,
two_term,ar_mcig_sweep_rerun_0001,1.0000000000e+02,8.4381951346e+00,9.6989599249e-02,7.2204943196e-02,2.4856624321e-02,,,
two_term,ar_mcig_sweep_rerun_0001,1.0000000000e+02,8.5354634396e+00,9.7547010739e-02,7.1344829976e-02,2.4420185246e-02,,,
two_term,ar_mcig_sweep_rerun_0001,1.0000000000e+02,8.6332891561e+00,9.8104422228e-02,7.0474099268e-02,2.3985092093e-02,,,
two_term,ar_mcig_sweep_rerun_0001,1.0000000000e+02,8.7316722841e+00,9.8661833718e-02,6.9591700343e-02,2.3550966466e-02,,,
two_term,ar_mcig_sweep_rerun_0001,1.0000000000e+02,8.8306128235e+00,9.9219245208e-02,6.8698485886e-02,2.3118079001e-02,,,
two_term,ar_mcig_sweep_rerun_0001,1.0000000000e+02,8.9301107745e+00,9.9776656698e-02,6.7794986229e-02,2.2686586415e-02,,,
two_term,ar_mcig_sweep_rerun_0001,1.0000000000e+02,9.0301661369e+00,1.0033406819e-01,6.6880264170e-02,2.2256153582e-02,,,
two_term,ar_mcig_sweep_rerun_0001,1.0000000000e+02,9.1307789109e+00,1.0089147968e-01,6.5955256749e-02,2.1827073041e-02,,,
two_term,ar_mcig_sweep_rerun_0001,1.0000000000e+02,9.2319490963e+00,1.0144889117e-01,6.5020318108e-02,2.1399439057e-02,,,
two_term,ar_mcig_sweep_rerun_0001,1.0000000000e+02,9.3336766932e+00,1.0200630266e-01,6.4074683235e-02,2.0972977510e-02,,,
two_term,ar_mcig_sweep_rerun_0001,1.0000000000e+02,9.4359617016e+00,1.0256371415e-01,6.3119202991e-02,2.0547946279e-02,,,
two_term,ar_mcig_sweep_rerun_0001,1.0000000000e+02,9.5388041215e+00,1.0312112564e-01,6.2154165063e-02,2.0124415316e-02,,,
two_term,ar_mcig_sweep_rerun_0001,1.0000000000e+02,9.6422039529e+00,1.0367853713e-01,6.1179002342e-02,1.9702177793e-02,,,
two_term,ar_mcig_sweep_rerun_0001,1.0000000000e+02,9.7461611958e+00,1.0423594862e-01,6.0194383962e-02,1.9281427296e-02,,,
two_term,ar_mcig_sweep_rerun_0001,1.0000000000e+02,9.8506758501e+00,1.0479336011e-01,5.9200603346e-02,1.8862233586e-02,,,
two_term,ar_mcig_sweep_rerun_0001,1.0000000000e+02,9.9557479160e+00,1.0535077160e-01,5.8197285210e-02,1.8444453013e-02,,,
two_term,ar_mcig_sweep_rerun_0001,1.0000000000e+02,1.0061377393e+01,1.0590818309e-01,5.7184885152e-02,1.8028206899e-02,,,
two_term,ar_mcig_sweep_rerun_0001,1.0000000000e+02,1.0167564282e+01,1.0646559458e-01,5.6163727802e-02,1.7613572951e-02,,,
two_term,ar_mcig_sweep_rerun_0001,1.0000000000e+02,1.0274308582e+01,1.0702300607e-01,5.5133627992e-02,1.7200468210e-02,,,
two_term,ar_mcig_sweep_rerun_0001,1.0000000000e+02,1.0381610294e+01,1.0758041756e-01,5.4094810027e-02,1.6788938523e-02,,,
two_term,ar_mcig_sweep_rerun_0001,1.0000000000e+02,1.0489469418e+01,1.0813782905e-01,5.3047663019e-02,1.6379079676e-02,,,
two_term,ar_mcig_sweep_rerun_0001,1.0000000000e+02,1.0597885952e+01,1.0869524054e-01,5.1992148999e-02,1.5970854302e-02,,,
two_term,ar_mcig_sweep_rerun_0001,1.0000000000e+02,1.0706859899e+01,1.0925265203e-01,5.0928304346e-02,1.5564248518e-02,,,
two_term,ar_mcig_sweep_rerun_0001,1.0000000000e+02,1.0816391256e+01,1.0981006352e-01,4.9856573220e-02,1.5159372711e-02,,,
two_term,ar_mcig_sweep_rerun_0001,1.0000000000e+02,1.0926480026e+01,1.1036747501e-01,4.8777051936e-02,1.4756229807e-02,,,
two_term,ar_mcig_sweep_rerun_0001,1.0000000000e+02,1.1037126206e+01,1.1092488650e-01,4.7689609435e-02,1.4354754234e-02,,,
two_term,ar_mcig_sweep_rerun_0001,1.0000000000e+02,1.1148329799e+01,1.1148229799e-01,4.6594723024e-02,1.3955063935e-02,,,
two_term,ar_mcig_sweep_rerun_0001,1.0000000000e+02,1.1260090802e+01,1.1203970948e-01,4.5492533990e-02,1.3557174369e-02,,,
two_term,ar_mcig_sweep_rerun_0001,1.0000000000e+02,1.1372409218e+01,6.9954598789e-02,4.4382987845e-02,1.3161042636e-02,,,
two_term,ar_mcig_sweep_rerun_0001,1.0000000000e+02,1.1400000000e+01,3.5223962606e-02,4.4110244834e-02,1.3064327012e-02,,,
two_term,ar_mcig_sweep_rerun_0001,1.0000000000e+02,1.1442857143e+01,4.2642522178e-02,4.3686038546e-02,1.2914435471e-02,,,
two_term,ar_mcig_sweep_rerun_0001,1.0000000000e+02,1.1485285044e+01,2.1428571429e-02,4.3265483639e-02,1.2766465436e-02,,,
two_term,ar_mcig_sweep_rerun_0001,1.0000000000e+02,1.1485714286e+01,2.1643192108e-02,4.3261226252e-02,1.2764970666e-02,,,
two_term,ar_mcig_sweep_rerun_0001,1.0000000000e+02,1.1528571429e+01,4.2857142857e-02,4.2835885764e-02,1.2615951314e-02,,,
two_term,ar_mcig_sweep_rerun_0001,1.0000000000e+02,1.1571428571e+01,3.5073426993e-02,4.2410044525e-02,1.2467381212e-02,,,
two_term,ar_mcig_sweep_rerun_0001,1.0000000000e+02,1.1598718283e+01,2.1428571429e-02,4.2138545162e-02,1.2372986452e-02,,,
two_term,ar_mcig_sweep_rerun_0001,1.0000000000e+02,1.1614285714e+01,2.9212287293e-02,4.1983513681e-02,1.2319200679e-02,,,
two_term,ar_mcig_sweep_rerun_0001,1.0000000000e+02,1.1657142857e+01,4.2857142857e-02,4.1555586435e-02,1.2171198801e-02,,,
two_term,ar_mcig_sweep_rerun_0001,1.0000000000e+02,1.1700000000e+01,2.7783037553e-02,4.1126153320e-02,1.2023340857e-02,,,
two_term,ar_mcig_sweep_rerun_0001,1.0000000000e+02,1.1712708932e+01,6.3628496715e-02,4.0998552131e-02,1.1979531790e-02,,,
two_term,ar_mcig_sweep_rerun_0001,1.0000000000e+02,1.1827256993e+01,1.1482676693e-01,3.9843104907e-02,1.1585403339e-02,,,
two_term,ar_mcig_sweep_rerun_0001,1.0000000000e+02,1.1942362466e+01,1.1538417842e-01,3.8676354040e-02,1.1191811912e-02,,,
two_term,ar_mcig_sweep_rerun_0001,1.0000000000e+02,1.2058025350e+01,1.1594158991e-01,3.7501828215e-02,1.0799765954e-02,,,
two_term,ar_mcig_sweep_rerun_0001,1.0000000000e+02,1.2174245646e+01,1.1649900140e-01,3.6322703026e-02,1.0410153413e-02,,,
two_term,ar_mcig_sweep_rerun_0001,1.0000000000e+02,1.2291023353e+01,1.1705641289e-01,3.5142385019e-02,1.0023911199e-02,,,
two_term,ar_mcig_sweep_rerun_0001,1.0000000000e+02,1.2408358472e+01,1.1761382438e-01,3.3963910236e-02,9.6418532820e-03,,,
two_term,ar_mcig_sweep_rerun_0001,1.0000000000e+02,1.2526251002e+01,1.1817123587e-01,3.2790186801e-02,9.2647421291e-03,,,
two_term,ar_mcig_sweep_rerun_0001,1.0000000000e+02,1.2644700943e+01,1.1872864736e-01,3.1623947037e-02,8.8932764519e-03,,,
two_term,ar_mcig_sweep_rerun_0001,1.0000000000e+02,1.2763708297e+01,1.1928605885e-01,3.0467775215e-02,8.5281004609e-03,,,
two_term,ar_mcig_sweep_rerun_0001,1.0000000000e+02,1.2883273061e+01,1.1984347034e-01,2.9324096190e-02,8.1698019675e-03,,,
two_term,ar_mcig_sweep_rerun_0001,1.0000000000e+02,1.3003395237e+01,1.2040088183e-01,2.8194990212e-02,7.8188623340e-03,,,
two_term,ar_mcig_sweep_rerun_0001,1.0000000000e+02,1.3124074825e+01,1.2095829332e-01,2.7082570739e-02,7.4757632165e-03,,,
two_term,ar_mcig_sweep_rerun_0001,1.0000000000e+02,1.3245311824e+01,1.2151570481e-01,2.5988721748e-02,7.1409143787e-03,,,
two_term,ar_mcig_sweep_rerun_0001,1.0000000000e+02,1.3367106234e+01,1.2207311630e-01,2.4915038927e-02,6.8146392491e-03,,,
two_term,ar_mcig_sweep_rerun_0001,1.0000000000e+02,1.3489458056e+01,1.2263052779e-01,2.3862983164e-02,6.4972186728e-03,,,
two_term,ar_mcig_sweep_rerun_0001,1.0000000000e+02,1.3612367290e+01,1.2318793928e-01,2.2833886330e-02,6.1888934440e-03,,,
two_term,ar_mcig_sweep_rerun_0001,1.0000000000e+02,1.3735833935e+01,1.2374535077e-01,2.1828903890e-02,5.8898524197e-03,,,
two_term,ar_mcig_sweep_rerun_0001,1.0000000000e+02,1.3859857991e+01,1.2430276226e-01,2.0849019546e-02,5.6002349325e-03,,,
two_term,ar_mcig_sweep_rerun_0001,1.0000000000e+02,1.3984439459e+01,1.2486017375e-01,1.9894972849e-02,5.3201125385e-03,,,
two_term,ar_mcig_sweep_rerun_0001,1.0000000000e+02,1.4109578339e+01,1.2541758524e-01,1.8967500940e-02,5.0495548808e-03,,,
two_term,ar_mcig_sweep_rerun_0001,1.0000000000e+02,1.4235274630e+01,1.2597499673e-01,1.8067115918e-02,4.7885707231e-03,,,
two_term,ar_mcig_sweep_rerun_0001,1.0000000000e+02,1.4361528332e+01,1.2653240822e-01,1.7194167145e-02,4.5371257321e-03,,,
two_term,ar_mcig_sweep_rerun_0001,1.0000000000e+02,1.4488339446e+01,1.2708981971e-01,1.6348927236e-02,4.2951660151e-03,,,
two_term,ar_mcig_sweep_rerun_0001,1.0000000000e+02,1.4615707972e+01,1.2764723120e-01,1.5531519866e-02,4.0625996613e-03,,,
two_term,ar_mcig_sweep_rerun_0001,1.0000000000e+02,1.4743633909e+01,1.2820464268e-01,1.4741973038e-02,3.8393114428e-03,,,
two_term,ar_mcig_sweep_rerun_0001,1.0000000000e+02,1.4872117257e+01,1.2876205417e-01,1.3980207051e-02,3.6251601978e-03,,,
two_term,ar_mcig_sweep_rerun_0001,1.0000000000e+02,1.5001158017e+01,1.2931946566e-01,1.3245997951e-02,3.4199699544e-03,,,
two_term,ar_mcig_sweep_rerun_0001,1.0000000000e+02,1.5130756189e+01,1.2987687715e-01,1.2539109547e-02,3.2235646156e-03,,,
two_term,ar_mcig_sweep_rerun_0001,1.0000000000e+02,1.5260911771e+01,1.3043428864e-01,1.1859195595e-02,3.0357429228e-03,,,
two_term,ar_mcig_sweep_rerun_0001,1.0000000000e+02,1.5391624766e+01,1.3099170013e-01,1.1205787427e-02,2.8562758382e-03,,,
two_term,ar_mcig_sweep_rerun_0001,1.0000000000e+02,1.5522895172e+01,1.0918761709e-01,1.0578404990e-02,2.6849353166e-03,,,
two_term,ar_mcig_sweep_rerun_0001,1.0000000000e+02,1.5610000000e+01,6.4980985580e-02,1.0177506760e-02,2.5759649411e-03,,,
two_term,ar_mcig_sweep_rerun_0001,1.0000000000e+02,1.5652857143e+01,2.2361494533e-02,9.9846209080e-03,2.5236828103e-03,,,
two_term,ar_mcig_sweep_rerun_0001,1.0000000000e+02,1.5654722989e+01,2.1428571429e-02,9.9762872887e-03,2.5214261551e-03,,,
two_term,ar_mcig_sweep_rerun_0001,1.0000000000e+02,1.5695714286e+01,4.1924219753e-02,9.7945501383e-03,2.4722589141e-03,,,
two_term,ar_mcig_sweep_rerun_0001,1.0000000000e+02,1.5738571429e+01,4.2857142857e-02,9.6072663342e-03,2.4216823457e-03,,,
two_term,ar_mcig_sweep_rerun_0001,1.0000000000e+02,1.5781428571e+01,2.4268394677e-02,9.4227325579e-03,2.3719400483e-03,,,
two_term,ar_mcig_sweep_rerun_0001,1.0000000000e+02,1.5787108218e+01,2.1428571429e-02,9.3984812498e-03,2.3654097703e-03,,,
two_term,ar_mcig_sweep_rerun_0001,1.0000000000e+02,1.5824285714e+01,4.0017319609e-02,9.2408514408e-03,2.3230038554e-03,,,
two_term,ar_mcig_sweep_rerun_0001,1.0000000000e+02,1.5867142857e+01,4.2857142857e-02,9.0614562705e-03,2.2748283553e-03,,,
two_term,ar_mcig_sweep_rerun_0001,1.0000000000e+02,1.5910000000e+01,2.6454000566e-02,8.8844951268e-03,2.2273971706e-03,,,
two_term,ar_mcig_sweep_rerun_0001,1.0000000000e+02,1.5920050858e+01,7.1775455057e-02,8.8433459037e-03,2.2163808402e-03,,,
two_term,ar_mcig_sweep_rerun_0001,1.0000000000e+02,1.6053550910e+01,1.3377875758e-01,8.3095305115e-03,2.0739149010e-03,,,
two_term,ar_mcig_sweep_rerun_0001,1.0000000000e+02,1.6187608373e+01,1.3433616907e-01,7.7972038646e-03,1.9379722091e-03,,,
two_term,ar_mcig_sweep_rerun_0001,1.0000000000e+02,1.6322223248e+01,1.3489358056e-01,7.3065398802e-03,1.8085149461e-03,,,
two_term,ar_mcig_sweep_rerun_0001,1.0000000000e+02,1.6457395535e+01,1.3545099205e-01,6.8375753079e-03,1.6854721045e-03,,,
two_term,ar_mcig_sweep_rerun_0001,1.0000000000e+02,1.6593125232e+01,1.3600840354e-01,6.3902111615e-03,1.5687405186e-03,,,
two_term,ar_mcig_sweep_rerun_0001,1.0000000000e+02,1.6729412342e+01,1.3656581503e-01,5.9642952136e-03,1.4582056904e-03,,,
two_term,ar_mcig_sweep_rerun_0001,1.0000000000e+02,1.6866256862e+01,1.3712322652e-01,5.5595653551e-03,1.3537282278e-03,,,
two_term,ar_mcig_sweep_rerun_0001,1.0000000000e+02,1.7003658795e+01,1.3768063801e-01,5.1756580400e-03,1.2551463967e-03,,,
two_term,ar_mcig_sweep_rerun_0001,1.0000000000e+02,1.7141618138e+01,1.3823804950e-01,4.8121641908e-03,1.1622900741e-03,,,
two_term,ar_mcig_sweep_rerun_0001,1.0000000000e+02,1.7280134894e+01,1.3879546099e-01,4.4686097327e-03,1.0749762342e-03,,,
two_term,ar_mcig_sweep_rerun_0001,1.0000000000e+02,1.7419209060e+01,1.3935287248e-01,4.1444494004e-03,9.9300772251e-04,,,
two_term,ar_mcig_sweep_rerun_0001,1.0000000000e+02,1.7558840639e+01,1.3991028397e-01,3.8391063287e-03,9.1618298501e-04,,,
two_term,ar_mcig_sweep_rerun_0001,1.0000000000e+02,1.7699029628e+01,1.4046769546e-01,3.5519667880e-03,8.4429490446e-04,,,
two_term,ar_mcig_sweep_rerun_0001,1.0000000000e+02,1.7839776030e+01,1.4102510695e-01,3.2823761111e-03,7.7712994586e-04,,,
two_term,ar_mcig_sweep_rerun_0001,1.0000000000e+02,1.7981079842e+01,1.4158251844e-01,3.0296624663e-03,7.1447388912e-04,,,
two_term,ar_mcig_sweep_rerun_0001,1.0000000000e+02,1.8122941066e+01,1.4213992993e-01,2.7931420043e-03,6.5611305144e-04,,,
two_term,ar_mcig_sweep_rerun_0001,1.0000000000e+02,1.8265359702e+01,1.4269734142e-01,2.5721140934e-03,6.0183316200e-04,,,
two_term,ar_mcig_sweep_rerun_0001,1.0000000000e+02,1.8408335749e+01,1.4325475291e-01,2.3658678770e-03,5.5142090182e-04,,,
two_term,ar_mcig_sweep_rerun_0001,1.0000000000e+02,1.8551869208e+01,1.4381216440e-01,2.1737011523e-03,5.0466826822e-04,,,
two_term,ar_mcig_sweep_rerun_0001,1.0000000000e+02,1.8695960078e+01,1.4436957589e-01,1.9949132724e-03,4.6137083085e-04,,,
two_term,ar_mcig_sweep_rerun_0001,1.0000000000e+02,1.8840608360e+01,1.4492698738e-01,1.8288061176e-03,4.2132788653e-04,,,
two_term,ar_mcig_sweep_rerun_0001,1.0000000000e+02,1.8985814053e+01,1.4548439887e-01,1.6746946595e-03,3.8434481256e-04,,,
two_term,ar_mcig_sweep_rerun_0001,1.0000000000e+02,1.9131577158e+01,1.4604181036e-01,1.5319099945e-03,3.5023364403e-04,,,
two_term,ar_mcig_sweep_rerun_0001,1.0000000000e+02,1.9277897674e+01,1.4659922185e-01,1.3997988552e-03,3.1881283603e-04,,,
two_term,ar_mcig_sweep_rerun_0001,1.0000000000e+02,1.9424775601e+01,1.4715663334e-01,1.2777240741e-03,2.8990724735e-04,,,
two_term,ar_mcig_sweep_rerun_0001,1.0000000000e+02,1.9572210940e+01,1.4771404483e-01,1.1650710765e-03,2.6334948714e-04,,,
two_term,ar_mcig_sweep_rerun_0001,1.0000000000e+02,1.9720203691e+01,1.4827145632e-01,1.0612473683e-03,2.3897965401e-04,,,
two_term,ar_mcig_sweep_rerun_0001,1.0000000000e+02,1.9868753853e+01,1.4882886781e-01,9.6568171253e-04,2.1664501100e-04,,,
two_term,ar_mcig_sweep_rerun_0001,1.0000000000e+02,2.0017861427e+01,1.4938627930e-01,8.7782774220e-04,1.9620065937e-04,,,
two_term,ar_mcig_sweep_rerun_0001,1.0000000000e+02,2.0167526412e+01,1.4994369079e-01,7.9716856596e-04,1.7751041856e-04,,,
two_term,ar_mcig_sweep_rerun_0001,1.0000000000e+02,2.0317748808e+01,1.5050110228e-01,7.2320284181e-04,1.6044357510e-04,,,
two_term,ar_mcig_sweep_rerun_0001,1.0000000000e+02,2.0468528616e+01,1.5105851377e-01,6.5544921709e-04,1.4487576320e-04,,,
two_term,ar_mcig_sweep_rerun_0001,1.0000000000e+02,2.0619865836e+01,1.5161592526e-01,5.9345442171e-04,1.3069063028e-04,,,
two_term,ar_mcig_sweep_rerun_0001,1.0000000000e+02,2.0771760467e+01,1.5217333675e-01,5.3679248599e-04,1.1777951864e-04,,,
two_term,ar_mcig_sweep_rerun_0001,1.0000000000e+02,2.0924212509e+01,1.5273074824e-01,4.8506322924e-04,1.0604099463e-04,,,
two_term,ar_mcig_sweep_rerun_0001,1.0000000000e+02,2.1077221963e+01,1.5328815973e-01,4.3789477540e-04,9.5381265230e-05,,,
two_term,ar_mcig_sweep_rerun_0001,1.0000000000e+02,2.1230788829e+01,1.5384557122e-01,3.9493770198e-04,8.5712769796e-05,,,
two_term,ar_mcig_sweep_rerun_0001,1.0000000000e+02,2.1384913106e+01,1.5440298271e-01,3.5585856910e-04,7.6952668261e-05,,,
two_term,ar_mcig_sweep_rerun_0001,1.0000000000e+02,2.1539594794e+01,1.5496039420e-01,3.2034399875e-04,6.9023635169e-05,,,
two_term,ar_mcig_sweep_rerun_0001,1.0000000000e+02,2.1694833894e+01,1.5551780569e-01,2.8810243755e-04,6.1854139301e-05,,,
two_term,ar_mcig_sweep_rerun_0001,1.0000000000e+02,2.1850630405e+01,1.5607521718e-01,2.5886307425e-04,5.5378108639e-05,,,
two_term,ar_mcig_sweep_rerun_0001,1.0000000000e+02,2.2006984328e+01,1.5663262867e-01,2.3237477832e-04,4.9534606962e-05,,,
two_term,ar_mcig_sweep_rerun_0001,1.0000000000e+02,2.2163895663e+01,1.5719004016e-01,2.0840668807e-04,4.4267867714e-05,,,
two_term,ar_mcig_sweep_rerun_0001,1.0000000000e+02,2.2321364409e+01,1.5774745165e-01,1.8674181190e-04,3.9525848301e-05,,,
two_term,ar_mcig_sweep_rerun_0001,1.0000000000e+02,2.2479390566e+01,1.5830486314e-01,1.6717785010e-04,3.5260337867e-05,,,
two_term,ar_mcig_sweep_rerun_0001,1.0000000000e+02,2.2637974135e+01,1.5886227463e-01,1.4952840989e-04,3.1427145433e-05,,,
two_term,ar_mcig_sweep_rerun_0001,1.0000000000e+02,2.2797115115e+01,1.5941968612e-01,1.3362194471e-04,2.7985807466e-05,,,
two_term,ar_mcig_sweep_rerun_0001,1.0000000000e+02,2.2956813507e+01,1.5997709761e-01,1.1930072514e-04,2.4899308169e-05,,,
two_term,ar_mcig_sweep_rerun_0001,1.0000000000e+02,2.3117069311e+01,1.6053450910e-01,1.0642053000e-04,2.2133955370e-05,,,
two_term,ar_mcig_sweep_rerun_0001,1.0000000000e+02,2.3277882525e+01,1.6109192059e-01,9.4848059778e-05,1.9658786913e-05,,,
two_term,ar_mcig_sweep_rerun_0001,1.0000000000e+02,2.3439253152e+01,1.6164933208e-01,8.4460333045e-05,1.7445398920e-05,,,
two_term,ar_mcig_sweep_rerun_0001,1.0000000000e+02,2.3601181190e+01,1.6220674357e-01,7.5144770703e-05,1.5467919175e-05,,,
two_term,ar_mcig_sweep_rerun_0001,1.0000000000e+02,2.3763666639e+01,1.6276415506e-01,6.6798594240e-05,1.3702840331e-05,,,
two_term,ar_mcig_sweep_rerun_0001,1.0000000000e+02,2.3926709500e+01,1.6332156655e-01,5.9328071056e-05,1.2128825279e-05,,,
two_term,ar_mcig_sweep_rerun_0001,1.0000000000e+02,2.4090309772e+01,1.6387897804e-01,5.2648011656e-05,1.0726567788e-05,,,
two_term,ar_mcig_sweep_rerun_0001,1.0000000000e+02,2.4254467456e+01,1.6443638953e-01,4.6680597706e-05,9.4785201235e-06,,,
two_term,ar_mcig_sweep_rerun_0001,1.0000000000e+02,2.4419182551e+01,1.6499380102e-01,4.1354648732e-05,8.3687149510e-06,,,
two_term,ar_mcig_sweep_rerun_0001,1.0000000000e+02,2.4584455058e+01,1.6555121251e-01,3.6605464344e-05,7.3827069060e-06,,,
two_term,ar_mcig_sweep_rerun_0001,1.0000000000e+02,2.4750284976e+01,1.6610862400e-01,3.2374408430e-05,6.5074634798e-06,,,
two_term,ar_mcig_sweep_rerun_0001,1.0000000000e+02,2.4916672306e+01,1.6666603549e-01,2.8608403332e-05,5.7312400590e-06,,,
two_term,ar_mcig_sweep_rerun_0001,1.0000000000e+02,2.5083617047e+01,1.6722344698e-01,2.5259525525e-05,5.0434777315e-06,,,
two_term,ar_mcig_sweep_rerun_0001,1.0000000000e+02,2.5251119200e+01,1.6778085847e-01,2.2284375287e-05,4.4346581528e-06,,,
two_term,ar_mcig_sweep_rerun_0001,1.0000000000e+02,2.5419178764e+01,1.6833826996e-01,1.9643566245e-05,3.8961850725e-06,,,
two_term,ar_mcig_sweep_rerun_0001,1.0000000000e+02,2.5587795740e+01,1.6889568145e-01,1.7301543861e-05,3.4203332354e-06,,,
two_term,ar_mcig_sweep_rerun_0001,1.0000000000e+02,2.5756970127e+01,1.6945309294e-01,1.5226305404e-05,3.0001788791e-06,,,
two_term,ar_mcig_sweep_rerun_0001,1.0000000000e+02,2.5926701926e+01,1.7001050443e-01,1.3389078740e-05,2.6295235110e-06,,,
two_term,ar_mcig_sweep_rerun_0001,1.0000000000e+02,2.6096991136e+01,1.7056791592e-01,1.1764063314e-05,2.3028313554e-06,,,
two_term,ar_mcig_sweep_rerun_0001,1.0000000000e+02,2.6267837757e+01,1.7112532741e-01,1.0328049472e-05,2.0151442839e-06,,,
two_term,ar_mcig_sweep_rerun_0001,1.0000000000e+02,2.6439241791e+01,1.7168273890e-01,9.0601295383e-06,1.7620162480e-06,,,
two_term,ar_mcig_sweep_rerun_0001,1.0000000000e+02,2.6611203235e+01,1.7224015039e-01,7.9415567916e-06,1.5394776565e-06,,,
two_term,ar_mcig_sweep_rerun_0001,1.0000000000e+02,2.6783722091e+01,1.7279756188e-01,6.9555654414e-06,1.3439929048e-06,,,
two_term,ar_mcig_sweep_rerun_0001,1.0000000000e+02,2.6956798359e+01,1.7335497337e-01,6.0871775748e-06,1.1724162146e-06,,,
two_term,ar_mcig_sweep_rerun_0001,1.0000000000e+02,2.7130432038e+01,1.7391238486e-01,5.3230556632e-06,1.0219570706e-06,,,
two_term,ar_mcig_sweep_rerun_0001,1.0000000000e+02,2.7304623129e+01,1.7446979635e-01,4.6512644484e-06,8.9012897627e-07,,,
two_term,ar_mcig_sweep_rerun_0001,1.0000000000e+02,2.7479371631e+01,1.7502720784e-01,4.0611264207e-06,7.7471704332e-07,,,
two_term,ar_mcig_sweep_rerun_0001,1.0000000000e+02,2.7654677544e+01,1.7558461933e-01,3.5431328676e-06,6.7375676560e-07,,,
two_term,ar_mcig_sweep_rerun_0001,1.0000000000e+02,2.7830540869e+01,1.7614203082e-01,3.0888315509e-06,5.8550876584e-07,,,
two_term,ar_mcig_sweep_rerun_0001,1.0000000000e+02,2.8006961606e+01,1.7669944231e-01,2.6907176111e-06,5.0843463014e-07,,,
two_term,ar_mcig_sweep_rerun_0001,1.0000000000e+02,2.8183939754e+01,1.7725685380e-01,2.3421519047e-06,4.4117836588e-07,,,
two_term,ar_mcig_sweep_rerun_0001,1.0000000000e+02,2.8361475314e+01,1.7781426529e-01,2.0372202670e-06,3.8253711560e-07,,,
two_term,ar_mcig_sweep_rerun_0001,1.0000000000e+02,2.8539568285e+01,1.7837167678e-01,1.7706659827e-06,3.3144612368e-07,,,
two_term,ar_mcig_sweep_rerun_0001,1.0000000000e+02,2.8718218667e+01,1.7892908827e-01,1.5378397761e-06,2.8696725316e-07,,,
two_term,ar_mcig_sweep_rerun_0001,1.0000000000e+02,2.8897426461e+01,1.7948649976e-01,1.3346328578e-06,2.4827456469e-07,,,
two_term,ar_mcig_sweep_rerun_0001,1.0000000000e+02,2.9077191667e+01,1.8004391125e-01,1.1574222822e-06,2.1464244629e-07,,,
two_term,ar_mcig_sweep_rerun_0001,1.0000000000e+02,2.9257514284e+01,1.8060132274e-01,1.0030120261e-06,1.8543317200e-07,,,
two_term,ar_mcig_sweep_rerun_0001,1.0000000000e+02,2.9438394312e+01,1.8115873423e-01,8.6857341904e-07,1.6008457061e-07,,,
two_term,ar_mcig_sweep_rerun_0001,1.0000000000e+02,2.9619831752e+01,1.8171614572e-01,7.5161052552e-07,1.3810250611e-07,,,
two_term,ar_mcig_sweep_rerun_0001,1.0000000000e+02,2.9801826604e+01,1.8227355721e-01,6.4992801495e-07,1.1905395182e-07,,,
two_term,ar_mcig_sweep_rerun_0001,1.0000000000e+02,2.9984378867e+01,1.8283096870e-01,5.6159645424e-07,1.0255972053e-07,,,
two_term,ar_mcig_sweep_rerun_0001,1.0000000000e+02,3.0167488541e+01,1.8338838019e-01,4.8492621451e-07,8.8288895531e-08,,,
two_term,ar_mcig_sweep_rerun_0001,1.0000000000e+02,3.0351155627e+01,1.8394579168e-01,4.1843020231e-07,7.5951334425e-08,,,
two_term,ar_mcig_sweep_rerun_0001,1.0000000000e+02,3.0535380124e+01,1.8450320317e-01,3.6080000270e-07,6.5292735889e-08,,,
two_term,ar_mcig_sweep_rerun_0001,1.0000000000e+02,3.0720162033e+01,1.8506061466e-01,3.1088957660e-07,5.6091158553e-08,,,
two_term,ar_mcig_sweep_rerun_0001,1.0000000000e+02,3.0905501354e+01,1.8561802615e-01,2.6769621843e-07,4.8153109789e-08,,,
two_term,ar_mcig_sweep_rerun_0001,1.0000000000e+02,3.1091398086e+01,1.8617543764e-01,2.3034453462e-07,4.1310246509e-08,,,
two_term,ar_mcig_sweep_rerun_0001,1.0000000000e+02,3.1277852229e+01,1.8673284913e-01,1.9806968084e-07,3.5416002533e-08,,,
two_term,ar_mcig_sweep_rerun_0001,1.0000000000e+02,3.1464863784e+01,1.8729026062e-01,1.7020182276e-07,3.0342494286e-08,,,
two_term,ar_mcig_sweep_rerun_0001,1.0000000000e+02,3.1652432750e+01,1.8784767211e-01,1.4615593923e-07,2.5978431181e-08,,,
two_term,ar_mcig_sweep_rerun_0001,1.0000000000e+02,3.1840559128e+01,1.8840508360e-01,1.2542235148e-07,2.2227191752e-08,,,
two_term,ar_mcig_sweep_rerun_0001,1.0000000000e+02,3.2029242917e+01,1.8896249509e-01,1.0755754510e-07,1.9004985590e-08,,,
two_term,ar_mcig_sweep_rerun_0001,1.0000000000e+02,3.2218484118e+01,1.8951990658e-01,9.2176385710e-08,1.6239293224e-08,,,
two_term,ar_mcig_sweep_rerun_0001,1.0000000000e+02,3.2408282731e+01,1.9007731807e-01,7.8943140276e-08,1.3867123670e-08,,,
two_term,ar_mcig_sweep_rerun_0001,1.0000000000e+02,3.2598638754e+01,1.9063472956e-01,6.7565483841e-08,1.1833825433e-08,,,
two_term,ar_mcig_sweep_rerun_0001,1.0000000000e+02,3.2789552190e+01,1.9119214105e-01,5.7789795962e-08,1.0092143529e-08,,,
two_term,ar_mcig_sweep_rerun_0001,1.0000000000e+02,3.2981023036e+01,1.9174955254e-01,4.9396212687e-08,8.6012503886e-09,,,
two_term,ar_mcig_sweep_rerun_0001,1.0000000000e+02,3.3173051295e+01,1.9230696403e-01,4.2194641575e-08,7.3259608249e-09,,,
two_term,ar_mcig_sweep_rerun_0001,1.0000000000e+02,3.3365636965e+01,1.9286437552e-01,3.6020180195e-08,6.2358573388e-09,,,
two_term,ar_mcig_sweep_rerun_0001,1.0000000000e+02,3.3558780046e+01,1.9342178701e-01,3.0729791816e-08,5.3046475724e-09,,,
two_term,ar_mcig_sweep_rerun_0001,1.0000000000e+02,3.3752480539e+01,1.9397919850e-01,2.6199834736e-08,4.5096797716e-09,,,
two_term,ar_mcig_sweep_rerun_0001,1.0000000000e+02,3.3946738443e+01,1.9453660999e-01,2.2323536287e-08,3.8314570849e-09,,,
two_term,ar_mcig_sweep_rerun_0001,1.0000000000e+02,3.4141553758e+01,1.9509402148e-01,1.9008889154e-08,3.2532324632e-09,,,
two_term,ar_mcig_sweep_rerun_0001,1.0000000000e+02,3.4336926486e+01,1.9565143297e-01,1.6176469107e-08,2.7605970741e-09,,,
two_term,ar_mcig_sweep_rerun_0001,1.0000000000e+02,3.4532856624e+01,1.9620884446e-01,1.3757669333e-08,2.3411466247e-09,,,
two_term,ar_mcig_sweep_rerun_0001,1.0000000000e+02,3.4729344175e+01,1.9676625595e-01,1.1693383198e-08,1.9842294487e-09,,,
two_term,ar_mcig_sweep_rerun_0001,1.0000000000e+02,3.4926389136e+01,1.9732366744e-01,9.9327603953e-09,1.6807112808e-09,,,
two_term,ar_mcig_sweep_rerun_0001,1.0000000000e+02,3.5123991509e+01,1.9788107893e-01,8.4321316059e-09,1.4227724415e-09,,,
two_term,ar_mcig_sweep_rerun_0001,1.0000000000e+02,3.5322151294e+01,1.9843849042e-01,7.1539564447e-09,1.2037123559e-09,,,
two_term,ar_mcig_sweep_rerun_0001,1.0000000000e+02,3.5520868490e+01,1.9899590191e-01,6.0659368195e-09,1.0177851140e-09,,,
two_term,ar_mcig_sweep_rerun_0001,1.0000000000e+02,3.5720143098e+01,1.9955331340e-01,5.1403440739e-09,8.6007355581e-10,,,
two_term,ar_mcig_sweep_rerun_0001,1.0000000000e+02,3.5919975117e+01,2.0011072489e-01,4.3534096933e-09,7.2637606693e-10,,,
two_term,ar_mcig_sweep_rerun_0001,1.0000000000e+02,3.6120364548e+01,2.0066813638e-01,3.6847905637e-09,6.1310766554e-10,,,
two_term,ar_mcig_sweep_rerun_0001,1.0000000000e+02,3.6321311390e+01,2.0122554787e-01,3.1170635872e-09,5.1720760443e-10,,,
two_term,ar_mcig_sweep_rerun_0001,1.0000000000e+02,3.6522815643e+01,2.0178295936e-01,2.6352955860e-09,4.3606096250e-10,,,
two_term,ar_mcig_sweep_rerun_0001,1.0000000000e+02,3.6724877309e+01,2.0234037085e-01,2.2267113747e-09,3.6743773125e-10,,,
two_term,ar_mcig_sweep_rerun_0001,1.0000000000e+02,3.6927496385e+01,2.0289778234e-01,1.8803978589e-09,3.0943883395e-10,,,
two_term,ar_mcig_sweep_rerun_0001,1.0000000000e+02,3.7130672873e+01,2.0345519383e-01,1.5870464246e-09,2.6044931604e-10,,,
two_term,ar_mcig_sweep_rerun_0001,1.0000000000e+02,3.7334406773e+01,2.0401260532e-01,1.3387113930e-09,2.1909493209e-10,,,
two_term,ar_mcig_sweep_rerun_0001,1.0000000000e+02,3.7538698084e+01,2.0457001681e-01,1.1286072174e-09,1.8420576588e-10,,,
two_term,ar_mcig_sweep_rerun_0001,1.0000000000e+02,3.7743546806e+01,2.0512742830e-01,9.5094931083e-10,1.5478754549e-10,,,
two_term,ar_mcig_sweep_rerun_0001,1.0000000000e+02,3.7948952940e+01,2.0568483979e-01,8.0081267382e-10,1.2999631421e-10,,,
two_term,ar_mcig_sweep_rerun_0001,1.0000000000e+02,3.8154916486e+01,2.0624225128e-01,6.7401041738e-10,1.0911673319e-10,,,
two_term,ar_mcig_sweep_rerun_0001,1.0000000000e+02,3.8361437443e+01,2.0679966277e-01,5.6697955548e-10,9.1541908594e-11,,,
two_term,ar_mcig_sweep_rerun_0001,1.0000000000e+02,3.8568515812e+01,2.0735707426e-01,4.7668781032e-10,7.6756927684e-11,,,
two_term,ar_mcig_sweep_rerun_0001,1.0000000000e+02,3.8776151592e+01,2.0791448575e-01,4.0055920845e-10,6.4325677330e-11,,,
two_term,ar_mcig_sweep_rerun_0001,1.0000000000e+02,3.8984344783e+01,2.0847189724e-01,3.3640761496e-10,5.3879145366e-11,,,
two_term,ar_mcig_sweep_rerun_0001,1.0000000000e+02,3.9193095386e+01,2.0902930873e-01,2.8238057511e-10,4.5105555540e-11,,,
two_term,ar_mcig_sweep_rerun_0001,1.0000000000e+02,3.9402403400e+01,2.0958672022e-01,2.3690615201e-10,3.7741137217e-11,,,
two_term,ar_mcig_sweep_rerun_0001,1.0000000000e+02,3.9612268826e+01,2.1014413171e-01,1.9865096949e-10,3.1562822287e-11,,,
two_term,ar_mcig_sweep_rerun_0001,1.0000000000e+02,3.9822691664e+01,2.1070154320e-01,1.6648615727e-10,2.6382310279e-11,,,
two_term,ar_mcig_sweep_rerun_0001,1.0000000000e+02,4.0033671913e+01,2.1125895469e-01,1.3945675603e-10,2.2040774221e-11,,,
two_term,ar_mcig_sweep_rerun_0001,1.0000000000e+02,4.0245209573e+01,2.1181636618e-01,1.1675574382e-10,1.8404378587e-11,,,
two_term,ar_mcig_sweep_rerun_0001,1.0000000000e+02,4.0457304645e+01,2.1237377767e-01,9.7700372855e-11,1.5360231043e-11,,,
two_term,ar_mcig_sweep_rerun_0001,1.0000000000e+02,4.0669957129e+01,2.1293118915e-01,8.1713462210e-11,1.2813174912e-11,,,
two_term,ar_mcig_sweep_rerun_0001,1.0000000000e+02,4.0883167024e+01,2.1348860064e-01,6.8307879180e-11,1.0683130560e-11,,,
two_term,ar_mcig_sweep_rerun_0001,1.0000000000e+02,4.1096934330e+01,2.1404601213e-01,5.7072838854e-11,8.9027619724e-12,,,
two_term,ar_mcig_sweep_rerun_0001,1.0000000000e+02,4.1311259048e+01,2.1460342362e-01,4.7662014314e-11,7.4154613753e-12,,,
two_term,ar_mcig_sweep_rerun_0001,1.0000000000e+02,4.1526141177e+01,2.1516083511e-01,3.9783304110e-11,6.1736223792e-12,,,
two_term,ar_mcig_sweep_rerun_0001,1.0000000000e+02,4.1741580718e+01,2.1571824660e-01,3.3190599350e-11,5.1372493893e-12,,,
two_term,ar_mcig_sweep_rerun_0001,1.0000000000e+02,4.1957577670e+01,2.1627565809e-01,2.7676777958e-11,4.2727779716e-12,,,
two_term,ar_mcig_sweep_rerun_0001,1.0000000000e+02,4.2174132034e+01,2.1683306958e-01,2.3067718794e-11,3.5520704588e-12,,,
two_term,ar_mcig_sweep_rerun_0001,1.0000000000e+02,4.2391243810e+01,2.1739048107e-01,1.9216959291e-11,2.9515258445e-12,,,
two_term,ar_mcig_sweep_rerun_0001,1.0000000000e+02,4.2608912996e+01,2.1794789256e-01,1.6001334032e-11,2.4513536138e-12,,,
two_term,ar_mcig_sweep_rerun_0001,1.0000000000e+02,4.2827139595e+01,2.1850530405e-01,1.3317403405e-11,2.0349794170e-12,,,
two_term,ar_mcig_sweep_rerun_0001,1.0000000000e+02,4.3045923604e+01,2.1906271554e-01,1.1078365624e-11,1.6885334908e-12,,,
two_term,ar_mcig_sweep_rerun_0001,1.0000000000e+02,4.3265265026e+01,2.1962012703e-01,9.2114335975e-12,1.4004175399e-12,,,
two_term,ar_mcig_sweep_rerun_0001,1.0000000000e+02,4.3485163859e+01,2.2017753852e-01,7.6555382584e-12,1.1609277056e-12,,,
two_term,ar_mcig_sweep_rerun_0001,1.0000000000e+02,4.3705620103e+01,2.2073495001e-01,6.3594782164e-12,9.6195075716e-13,,,
two_term,ar_mcig_sweep_rerun_0001,1.0000000000e+02,4.3926633759e+01,2.2129236150e-01,5.2803764206e-12,7.9671119828e-13,,,
two_term,ar_mcig_sweep_rerun_0001,1.0000000000e+02,4.4148204826e+01,2.2184977299e-01,4.3823576784e-12,6.5955542434e-13,,,
two_term,ar_mcig_sweep_rerun_0001,1.0000000000e+02,4.4370333305e+01,2.2240718448e-01,3.6354011604e-12,5.4576539598e-13,,,
two_term,ar_mcig_sweep_rerun_0001,1.0000000000e+02,4.4593019195e+01,2.2296459597e-01,3.0143886494e-12,4.5140441980e-13,,,
two_term,ar_mcig_sweep_rerun_0001,1.0000000000e+02,4.4816262496e+01,2.2352200746e-01,2.4983248090e-12,3.7319093248e-13,,,
two_term,ar_mcig_sweep_rerun_0001,1.0000000000e+02,4.5040063210e+01,2.2407941895e-01,2.0696748139e-12,3.0839165600e-13,,,
two_term,ar_mcig_sweep_rerun_0001,1.0000000000e+02,4.5264421334e+01,2.2463683044e-01,1.7138041950e-12,2.5473153651e-13,,,
two_term,ar_mcig_sweep_rerun_0001,1.0000000000e+02,4.5489336871e+01,2.2519424193e-01,1.4184943806e-12,2.1031624379e-13,,,
two_term,ar_mcig_sweep_rerun_0001,1.0000000000e+02,4.5714809818e+01,2.2575165342e-01,1.1735502665e-12,1.7356943019e-13,,,
two_term,ar_mcig_sweep_rerun_0001,1.0000000000e+02,4.5940840177e+01,2.2630906491e-01,9.7047393918e-13,1.4318067674e-13,,,
two_term,ar_mcig_sweep_rerun_0001,1.0000000000e+02,4.6167427948e+01,2.2686647640e-01,8.0218769734e-13,1.1806146206e-13,,,
two_term,ar_mcig_sweep_rerun_0001,1.0000000000e+02,4.6394573130e+01,2.2742388789e-01,6.6279597583e-13,9.7307490235e-14,,,
two_term,ar_mcig_sweep_rerun_0001,1.0000000000e+02,4.6622275724e+01,2.2798129938e-01,5.4738914288e-13,8.0167703884e-14,,,
two_term,ar_mcig_sweep_rerun_0001,1.0000000000e+02,4.6850535729e+01,2.2853871087e-01,4.5188245507e-13,6.6018887085e-14,,,
two_term,ar_mcig_sweep_rerun_0001,1.0000000000e+02,4.7079353146e+01,2.2909612236e-01,3.7287664276e-13,5.4343791601e-14,,,
two_term,ar_mcig_sweep_rerun_0001,1.0000000000e+02,4.7308727974e+01,2.2965353385e-01,3.0755489722e-13,4.4714873991e-14,,,
two_term,ar_mcig_sweep_rerun_0001,1.0000000000e+02,4.7538660213e+01,2.3021094534e-01,2.5356936648e-13,3.6776747389e-14,,,
two_term,ar_mcig_sweep_rerun_0001,1.0000000000e+02,4.7769149864e+01,2.3076835683e-01,2.0897193023e-13,3.0235294148e-14,,,
two_term,ar_mcig_sweep_rerun_0001,1.0000000000e+02,4.8000196927e+01,2.3132576832e-01,1.7214587334e-13,2.4847065609e-14,,,
two_term,ar_mcig_sweep_rerun_0001,1.0000000000e+02,4.8231801401e+01,2.3188317981e-01,1.4175055397e-13,2.0410705832e-14,,,
two_term,ar_mcig_sweep_rerun_0001,1.0000000000e+02,4.8463963287e+01,2.3244059130e-01,1.1667392649e-13,1.6759627052e-14,,,
two_term,ar_mcig_sweep_rerun_0001,1.0000000000e+02,4.8696682584e+01,2.3299800279e-01,9.5993997991e-14,1.3756070456e-14,,,
two_term,ar_mcig_sweep_rerun_0001,1.0000000000e+02,4.8929959292e+01,2.3355541428e-01,7.8947070659e-14,1.1286222111e-14,,,
two_term,ar_mcig_sweep_rerun_0001,1.0000000000e+02,4.9163793412e+01,2.3411282577e-01,6.4900957764e-14,9.2561080003e-15,,,
two_term,ar_mcig_sweep_rerun_0001,1.0000000000e+02,4.9398184944e+01,2.3467023726e-01,5.3332364394e-14,7.5881401211e-15,,,
two_term,ar_mcig_sweep_rerun_0001,1.0000000000e+02,4.9633133887e+01,2.3522764875e-01,4.3808247819e-14,6.2182765708e-15,,,
two_term,ar_mcig_sweep_rerun_0001,1.0000000000e+02,4.9868640241e+01,2.3578506024e-01,3.5970517166e-14,5.0936947878e-15,,,
two_term,ar_mcig_sweep_rerun_0001,1.0000000000e+02,5.0104704007e+01,2.3634247173e-01,2.9523259115e-14,4.1708545766e-15,,,
two_term,ar_mcig_sweep_rerun_0001,1.0000000000e+02,5.0341325185e+01,2.3689988322e-01,2.4222017049e-14,3.4138778956e-15,,,
two_term,ar_mcig_sweep_rerun_0001,1.0000000000e+02,5.0578503774e+01,2.3745729471e-01,1.9864865625e-14,2.7932039192e-15,,,
two_term,ar_mcig_sweep_rerun_0001,1.0000000000e+02,5.0816239774e+01,2.3801470620e-01,1.6285112809e-14,2.2844913002e-15,,,
two_term,ar_mcig_sweep_rerun_0001,1.0000000000e+02,5.1054533186e+01,2.3857211769e-01,1.3345244700e-14,1.8677097532e-15,,,
two_term,ar_mcig_sweep_rerun_0001,1.0000000000e+02,5.1293384010e+01,2.3912952918e-01,1.0931874461e-14,1.5263845438e-15,,,
two_term,ar_mcig_sweep_rerun_0001,1.0000000000e+02,5.1532792244e+01,2.3968694067e-01,8.9515099429e-15,1.2469655661e-15,,,
two_term,ar_mcig_sweep_rerun_0001,1.0000000000e+02,5.1772757891e+01,2.4024435216e-01,7.3271015346e-15,1.0183136369e-15,,,
two_term,ar_mcig_sweep_rerun_0001,1.0000000000e+02,5.2013280949e+01,2.4080176365e-01,5.9951943485e-15,8.3127772181e-16,,,
two_term,ar_mcig_sweep_rerun_0001,1.0000000000e+02,5.2254361418e+01,2.4135917514e-01,4.9035595233e-15,6.7834429851e-16,,,
two_term,ar_mcig_sweep_rerun_0001,1.0000000000e+02,5.2495999299e+01,2.4191658663e-01,4.0092066387e-15,5.5334416821e-16,,,
two_term,ar_mcig_sweep_rerun_0001,1.0000000000e+02,5.2738194591e+01,2.4247399812e-01,3.2767654912e-15,4.5121417236e-16,,,
two_term,ar_mcig_sweep_rerun_0001,1.0000000000e+02,5.2980947295e+01,2.4303140961e-01,2.6771551102e-15,3.6780165124e-16,,,
two_term,ar_mcig_sweep_rerun_0001,1.0000000000e+02,5.3224257411e+01,2.4358882110e-01,2.1864787577e-15,2.9970256301e-16,,,
two_term,ar_mcig_sweep_rerun_0001,1.0000000000e+02,5.3468124938e+01,2.4414623259e-01,1.7850998803e-15,2.4412656690e-16,,,
two_term,ar_mcig_sweep_rerun_0001,1.0000000000e+02,5.3712549876e+01,2.4470364408e-01,1.4568851535e-15,1.9878674965e-16,,,
two_term,ar_mcig_sweep_rerun_0001,1.0000000000e+02,5.3957532226e+01,2.4526105557e-01,1.1885682831e-15,1.6180729497e-16,,,
two_term,ar_mcig_sweep_rerun_0001,1.0000000000e+02,5.4203071987e+01,2.4581846706e-01,9.6934042943e-16,1.3166319092e-16,,,
two_term,ar_mcig_sweep_rerun_0001,1.0000000000e+02,5.4449169160e+01,2.4637587855e-01,7.9027313075e-16,1.0709805595e-16,,,
two_term,ar_mcig_sweep_rerun_0001,1.0000000000e+02,5.4695823744e+01,2.4693329004e-01,6.4406015372e-16,8.7086201422e-17,,,
two_term,ar_mcig_sweep_rerun_0001,1.0000000000e+02,5.4943035740e+01,2.4749070153e-01,5.2471319390e-16,7.0788980692e-17,,,
two_term,ar_mcig_sweep_rerun_0001,1.0000000000e+02,5.5190805147e+01,2.4804811302e-01,4.2736539134e-16,5.7526239437e-17,,,
two_term,ar_mcig_sweep_rerun_0001,1.0000000000e+02,5.5439131966e+01,2.4860552451e-01,3.4795206826e-16,4.6731660342e-17,,,
two_term,ar_mcig_sweep_rerun_0001,1.0000000000e+02,5.5688016196e+01,2.4916293600e-01,2.8319424273e-16,3.7949280515e-17,,,
two_term,ar_mcig_sweep_rerun_0001,1.0000000000e+02,5.5937457838e+01,2.4972034749e-01,2.3039846737e-16,3.0805497232e-17,,,
two_term,ar_mcig_sweep_rerun_0001,1.0000000000e+02,5.6187456891e+01,2.5027775898e-01,1.8736879312e-16,2.4996406084e-17,,,
two_term,ar_mcig_sweep_rerun_0001,1.0000000000e+02,5.6438013356e+01,2.5083517047e-01,1.5230866379e-16,2.0273967645e-17,,,
two_term,ar_mcig_sweep_rerun_0001,1.0000000000e+02,5.6689127232e+01,2.5139258196e-01,1.2375251479e-16,1.6436303335e-17,,,
two_term,ar_mcig_sweep_rerun_0001,1.0000000000e+02,5.6940798520e+01,2.5194999345e-01,1.0050094046e-16,1.3318593047e-17,,,
two_term,ar_mcig_sweep_rerun_0001,1.0000000000e+02,5.7193027219e+01,2.5250740494e-01,8.1574643514e-17,1.0786576861e-17,,,
two_term,ar_mcig_sweep_rerun_0001,1.0000000000e+02,5.7445813330e+01,2.5306481643e-01,6.6174245029e-17,8.7309158790e-18,,,
two_term,ar_mcig_sweep_rerun_0001,1.0000000000e+02,5.7699156852e+01,2.5362222792e-01,5.3647487295e-17,7.0626006836e-18,,,
two_term,ar_mcig_sweep_rerun_0001,1.0000000000e+02,5.7953057786e+01,2.5417963941e-01,4.3462417390e-17,5.7092058273e-18,,,
two_term,ar_mcig_sweep_rerun_0001,1.0000000000e+02,5.8207516131e+01,2.5473705090e-01,3.5185378052e-17,4.6118236076e-18,,,
two_term,ar_mcig_sweep_rerun_0001,1.0000000000e+02,5.8462531887e+01,2.5529446239e-01,2.8460307028e-17,3.7222091383e-18,,,
two_term,ar_mcig_sweep_rerun_0001,1.0000000000e+02,5.8718105055e+01,2.5585187388e-01,2.3014779496e-17,3.0034527390e-18,,,
two_term,ar_mcig_sweep_rerun_0001,1.0000000000e+02,5.8974235635e+01,2.5640928537e-01,1.8601009489e-17,2.4221740888e-18,,,
two_term,ar_mcig_sweep_rerun_0001,1.0000000000e+02,5.9230923626e+01,2.5696669686e-01,1.5027264926e-17,1.9525658553e-18,,,
two_term,ar_mcig_sweep_rerun_0001,1.0000000000e+02,5.9488169029e+01,2.5752410835e-01,1.2135940080e-17,1.5734687517e-18,,,
two_term,ar_mcig_sweep_rerun_0001,1.0000000000e+02,5.9745971843e+01,2.5808151984e-01,9.7985443671e-18,1.2676730235e-18,,,
two_term,ar_mcig_sweep_rerun_0001,1.0000000000e+02,6.0004332068e+01,2.5863893133e-01,7.9110745752e-18,1.0212784679e-18,,,
two_term,ar_mcig_sweep_rerun_0001,1.0000000000e+02,6.0263249706e+01,2.5919634282e-01,6.3890191939e-18,8.2301531944e-19,,,
two_term,ar_mcig_sweep_rerun_0001,1.0000000000e+02,6.0522724754e+01,2.5975375431e-01,5.1637696037e-18,6.6375471757e-19,,,
two_term,ar_mcig_sweep_rerun_0001,1.0000000000e+02,6.0782757214e+01,2.6031116580e-01,4.1797058371e-18,5.3611198902e-19,,,
two_term,ar_mcig_sweep_rerun_0001,1.0000000000e+02,6.1043347086e+01,2.6086857729e-01,3.3918238241e-18,4.3412432101e-19,,,
two_term,ar_mcig_sweep_rerun_0001,1.0000000000e+02,6.1304494369e+01,2.6142598878e-01,2.7637977000e-18,3.5298812363e-19,,,
two_term,ar_mcig_sweep_rerun_0001,1.0000000000e+02,6.1566199063e+01,2.6198340027e-01,2.2663996213e-18,2.8884530838e-19,,,
two_term,ar_mcig_sweep_rerun_0001,1.0000000000e+02,6.1828461169e+01,2.6254081176e-01,1.8762224579e-18,2.3861080793e-19,,,
two_term,ar_mcig_sweep_rerun_0001,1.0000000000e+02,6.2091280687e+01,2.6309822325e-01,1.5746477921e-18,1.9983341939e-19,,,
two_term,ar_mcig_sweep_rerun_0001,1.0000000000e+02,6.2354657616e+01,2.6365563474e-01,1.3470396831e-18,1.7058700352e-19,,,
two_term,ar_mcig_sweep_rerun_0001,1.0000000000e+02,6.2618591956e+01,2.6421304623e-01,1.1818348916e-18,1.4934997653e-19,,,
two_term,ar_mcig_sweep_rerun_0001,1.0000000000e+02,6.2883083708e+01,2.6477045772e-01,1.0703769596e-18,1.3498012833e-19,,,
two_term,ar_mcig_sweep_rerun_0001,1.0000000000e+02,6.3148132872e+01,2.6532786921e-01,1.0064035691e-18,1.2664612647e-19,,,
two_term,ar_mcig_sweep_rerun_0001,1.0000000000e+02,6.3413739447e+01,2.6588528070e-01,9.8568295034e-19,1.2377859894e-19,,,
two_term,ar_mcig_sweep_rerun_0001,1.0000000000e+02,6.3679903433e+01,2.6644269219e-01,1.0057842838e-18,1.2603862221e-19,,,
two_term,ar_mcig_sweep_rerun_0001,1.0000000000e+02,6.3946624831e+01,2.6700010368e-01,1.0659203658e-18,1.3329564074e-19,,,
two_term,ar_mcig_sweep_rerun_0001,1.0000000000e+02,6.4213903640e+01,2.6755751517e-01,1.1668529863e-18,1.4561348834e-19,,,
two_term,ar_mcig_sweep_rerun_0001,1.0000000000e+02,6.4481739861e+01,2.6811492666e-01,1.3108549477e-18,1.6324363771e-19,,,
two_term,ar_mcig_sweep_rerun_0001,1.0000000000e+02,6.4750133494e+01,2.6867233815e-01,1.5017259425e-18,1.8662522712e-19,,,
two_term,ar_mcig_sweep_rerun_0001,1.0000000000e+02,6.5019084538e+01,2.6922974964e-01,1.7448580928e-18,2.1639124564e-19,,,
two_term,ar_mcig_sweep_rerun_0001,1.0000000000e+02,6.5288592993e+01,2.6978716113e-01,1.7270621291e-18,2.1374172321e-19,,,
two_term,ar_mcig_sweep_rerun_0001,1.0000000000e+02,6.5558658860e+01,2.7034457262e-01,1.7018880245e-18,2.1019188843e-19,,,
two_term,ar_mcig_sweep_rerun_0001,1.0000000000e+02,6.5829282138e+01,2.7090198411e-01,1.7198650208e-18,2.1197507821e-19,,,
two_term,ar_mcig_sweep_rerun_0001,1.0000000000e+02,6.6100462828e+01,2.7145939560e-01,1.7630121783e-18,2.1684682217e-19,,,
two_term,ar_mcig_sweep_rerun_0001,1.0000000000e+02,6.6372200929e+01,2.7201680709e-01,1.8105968743e-18,2.2224328954e-19,,,
two_term,ar_mcig_sweep_rerun_0001,1.0000000000e+02,6.6644496442e+01,2.7257421858e-01,1.8383752951e-18,2.2519151864e-19,,,
two_term,ar_mcig_sweep_rerun_0001,1.0000000000e+02,6.6917349367e+01,2.7313163007e-01,1.8162321992e-18,2.2202506498e-19,,,
two_term,ar_mcig_sweep_rerun_0001,1.0000000000e+02,6.7190759702e+01,2.7368904156e-01,1.6953615776e-18,2.0682715622e-19,,,
two_term,ar_mcig_sweep_rerun_0001,1.0000000000e+02,6.7464727450e+01,2.7424645305e-01,1.4784960094e-18,1.8000384067e-19,,,
two_term,ar_mcig_sweep_rerun_0001,1.0000000000e+02,6.7739252609e+01,2.7480386454e-01,1.1909283238e-18,1.4469896473e-19,,,
two_term,ar_mcig_sweep_rerun_0001,1.0000000000e+02,6.8014335179e+01,2.7536127603e-01,8.5850197843e-19,1.0409768505e-19,,,
two_term,ar_mcig_sweep_rerun_0001,1.0000000000e+02,6.8289975161e+01,2.7591868752e-01,5.4474427375e-19,6.5919544286e-20,,,
two_term,ar_mcig_sweep_rerun_0001,1.0000000000e+02,6.8566172554e+01,2.7647609901e-01,2.4907858537e-19,3.0080249685e-20,,,
two_term,ar_mcig_sweep_rerun_0001,1.0000000000e+02,6.8842927359e+01,2.7703351050e-01,0.0000000000e+00,0.0000000000e+00,,,
two_term,ar_mcig_sweep_rerun_0001,1.0000000000e+02,6.9120239575e+01,2.7759092199e-01,0.0000000000e+00,0.0000000000e+00,,,
two_term,ar_mcig_sweep_rerun_0001,1.0000000000e+02,6.9398109203e+01,2.7814833348e-01,0.0000000000e+00,0.0000000000e+00,,,
two_term,ar_mcig_sweep_rerun_0001,1.0000000000e+02,6.9676536242e+01,2.7870574497e-01,0.0000000000e+00,0.0000000000e+00,,,
two_term,ar_mcig_sweep_rerun_0001,1.0000000000e+02,6.9955520693e+01,2.7926315646e-01,0.0000000000e+00,0.0000000000e+00,,,
two_term,ar_mcig_sweep_rerun_0001,1.0000000000e+02,7.0235062555e+01,2.7982056795e-01,0.0000000000e+00,0.0000000000e+00,,,
two_term,ar_mcig_sweep_rerun_0001,1.0000000000e+02,7.0515161828e+01,2.8037797944e-01,0.0000000000e+00,0.0000000000e+00,,,
two_term,ar_mcig_sweep_rerun_0001,1.0000000000e+02,7.0795818514e+01,2.8093539093e-01,0.0000000000e+00,0.0000000000e+00,,,
two_term,ar_mcig_sweep_rerun_0001,1.0000000000e+02,7.1077032610e+01,2.8149280242e-01,0.0000000000e+00,0.0000000000e+00,,,
two_term,ar_mcig_sweep_rerun_0001,1.0000000000e+02,7.1358804118e+01,2.8205021391e-01,0.0000000000e+00,0.0000000000e+00,,,
two_term,ar_mcig_sweep_rerun_0001,1.0000000000e+02,7.1641133038e+01,2.8260762540e-01,0.0000000000e+00,0.0000000000e+00,,,
two_term,ar_mcig_sweep_rerun_0001,1.0000000000e+02,7.1924019369e+01,2.8316503689e-01,0.0000000000e+00,0.0000000000e+00,,,
two_term,ar_mcig_sweep_rerun_0001,1.0000000000e+02,7.2207463112e+01,2.8372244838e-01,0.0000000000e+00,0.0000000000e+00,,,
two_term,ar_mcig_sweep_rerun_0001,1.0000000000e+02,7.2491464266e+01,2.8427985987e-01,0.0000000000e+00,0.0000000000e+00,,,
two_term,ar_mcig_sweep_rerun_0001,1.0000000000e+02,7.2776022832e+01,2.8483727136e-01,0.0000000000e+00,0.0000000000e+00,,,
two_term,ar_mcig_sweep_rerun_0001,1.0000000000e+02,7.3061138809e+01,2.8539468285e-01,0.0000000000e+00,0.0000000000e+00,,,
two_term,ar_mcig_sweep_rerun_0001,1.0000000000e+02,7.3346812197e+01,2.8595209434e-01,0.0000000000e+00,0.0000000000e+00,,,
two_term,ar_mcig_sweep_rerun_0001,1.0000000000e+02,7.3633042997e+01,2.8650950583e-01,0.0000000000e+00,0.0000000000e+00,,,
two_term,ar_mcig_sweep_rerun_0001,1.0000000000e+02,7.3919831209e+01,2.8706691732e-01,0.0000000000e+00,0.0000000000e+00,,,
two_term,ar_mcig_sweep_rerun_0001,1.0000000000e+02,7.4207176832e+01,2.8762432881e-01,6.0133761401e-20,6.9806427944e-21,,,
two_term,ar_mcig_sweep_rerun_0001,1.0000000000e+02,7.4495079867e+01,2.8818174030e-01,1.4006882347e-19,1.6228474061e-20,,,
two_term,ar_mcig_sweep_rerun_0001,1.0000000000e+02,7.4783540313e+01,2.8873915179e-01,2.3020216625e-19,2.6619898521e-20,,,
two_term,ar_mcig_sweep_rerun_0001,1.0000000000e+02,7.5072558170e+01,2.8929656328e-01,3.3462323806e-19,3.8620286382e-20,,,
two_term,ar_mcig_sweep_rerun_0001,1.0000000000e+02,7.5362133439e+01,2.8985397477e-01,4.5830035891e-19,5.2792667329e-20,,,
two_term,ar_mcig_sweep_rerun_0001,1.0000000000e+02,7.5652266120e+01,2.9041138626e-01,6.0732158292e-19,6.9824485534e-20,,,
two_term,ar_mcig_sweep_rerun_0001,1.0000000000e+02,7.5942956212e+01,2.9096879775e-01,7.8920043774e-19,9.0561491826e-20,,,
two_term,ar_mcig_sweep_rerun_0001,1.0000000000e+02,7.6234203715e+01,2.9152620924e-01,1.0132624481e-18,1.1605049939e-19,,,
two_term,ar_mcig_sweep_rerun_0001,1.0000000000e+02,7.6526008630e+01,2.9208362073e-01,1.2911330320e-18,1.4759323809e-19,,,
two_term,ar_mcig_sweep_rerun_0001,1.0000000000e+02,7.6818370957e+01,2.9264103222e-01,1.6373527374e-18,1.8681412223e-19,,,
two_term,ar_mcig_sweep_rerun_0001,1.0000000000e+02,7.7111290695e+01,2.9319844371e-01,1.9309307173e-18,2.1989112699e-19,,,
two_term,ar_mcig_sweep_rerun_0001,1.0000000000e+02,7.7404767844e+01,2.9375585520e-01,3.1335276419e-18,3.5616371604e-19,,,
two_term,ar_mcig_sweep_rerun_0001,1.0000000000e+02,7.7698802405e+01,2.9431326669e-01,4.5026115604e-18,5.1080756395e-19,,,
two_term,ar_mcig_sweep_rerun_0001,1.0000000000e+02,7.7993394377e+01,2.9487067818e-01,6.1111419519e-18,6.9197987008e-19,,,
two_term,ar_mcig_sweep_rerun_0001,1.0000000000e+02,7.8288543761e+01,2.9542808967e-01,8.0451353970e-18,9.0925196879e-19,,,
two_term,ar_mcig_sweep_rerun_0001,1.0000000000e+02,7.8584250557e+01,2.9598550116e-01,1.0408340856e-17,1.1741234130e-18,,,
two_term,ar_mcig_sweep_rerun_0001,1.0000000000e+02,7.8880514764e+01,2.9654291265e-01,3.4694469520e-18,3.9063880564e-19,,,
two_term,ar_mcig_sweep_rerun_0001,1.0000000000e+02,7.9177336382e+01,2.9710032414e-01,2.4049868821e-18,2.7027897803e-19,,,
two_term,ar_mcig_sweep_rerun_0001,1.0000000000e+02,7.9474715412e+01,2.9765773563e-01,1.4641792061e-18,1.6424030547e-19,,,
two_term,ar_mcig_sweep_rerun_0001,1.0000000000e+02,7.9772651853e+01,2.9821514711e-01,5.9553030219e-19,6.6677122577e-20,,,
two_term,ar_mcig_sweep_rerun_0001,1.0000000000e+02,8.0071145706e+01,2.9877255860e-01,0.0000000000e+00,0.0000000000e+00,,,
two_term,ar_mcig_sweep_rerun_0001,1.0000000000e+02,8.0370196970e+01,2.9932997009e-01,0.0000000000e+00,0.0000000000e+00,,,
two_term,ar_mcig_sweep_rerun_0001,1.0000000000e+02,8.0669805646e+01,2.9988738158e-01,0.0000000000e+00,0.0000000000e+00,,,
two_term,ar_mcig_sweep_rerun_0001,1.0000000000e+02,8.0969971734e+01,3.0044479307e-01,0.0000000000e+00,0.0000000000e+00,,,
two_term,ar_mcig_sweep_rerun_0001,1.0000000000e+02,8.1270695232e+01,3.0100220456e-01,0.0000000000e+00,0.0000000000e+00,,,
two_term,ar_mcig_sweep_rerun_0001,1.0000000000e+02,8.1571976143e+01,3.0155961605e-01,0.0000000000e+00,0.0000000000e+00,,,
two_term,ar_mcig_sweep_rerun_0001,1.0000000000e+02,8.1873814465e+01,3.0211702754e-01,0.0000000000e+00,0.0000000000e+00,,,
two_term,ar_mcig_sweep_rerun_0001,1.0000000000e+02,8.2176210198e+01,3.0267443903e-01,0.0000000000e+00,0.0000000000e+00,,,
two_term,ar_mcig_sweep_rerun_0001,1.0000000000e+02,8.2479163343e+01,3.0323185052e-01,0.0000000000e+00,0.0000000000e+00,,,
two_term,ar_mcig_sweep_rerun_0001,1.0000000000e+02,8.2782673899e+01,3.0378926201e-01,0.0000000000e+00,0.0000000000e+00,,,
two_term,ar_mcig_sweep_rerun_0001,1.0000000000e+02,8.3086741867e+01,3.0434667350e-01,0.0000000000e+00,0.0000000000e+00,,,
two_term,ar_mcig_sweep_rerun_0001,1.0000000000e+02,8.3391367246e+01,3.0490408499e-01,0.0000000000e+00,0.0000000000e+00,,,
two_term,ar_mcig_sweep_rerun_0001,1.0000000000e+02,8.3696550037e+01,3.0546149648e-01,0.0000000000e+00,0.0000000000e+00,,,
two_term,ar_mcig_sweep_rerun_0001,1.0000000000e+02,8.4002290239e+01,3.0601890797e-01,0.0000000000e+00,0.0000000000e+00,,,
two_term,ar_mcig_sweep_rerun_0001,1.0000000000e+02,8.4308587853e+01,3.0657631946e-01,0.0000000000e+00,0.0000000000e+00,,,
two_term,ar_mcig_sweep_rerun_0001,1.0000000000e+02,8.4615442878e+01,3.0713373095e-01,0.0000000000e+00,0.0000000000e+00,,,
two_term,ar_mcig_sweep_rerun_0001,1.0000000000e+02,8.4922855315e+01,3.0769114244e-01,0.0000000000e+00,0.0000000000e+00,,,
two_term,ar_mcig_sweep_rerun_0001,1.0000000000e+02,8.5230825163e+01,3.0824855393e-01,0.0000000000e+00,0.0000000000e+00,,,
two_term,ar_mcig_sweep_rerun_0001,1.0000000000e+02,8.5539352422e+01,3.0880596542e-01,0.0000000000e+00,0.0000000000e+00,,,
two_term,ar_mcig_sweep_rerun_0001,1.0000000000e+02,8.5848437094e+01,3.0936337691e-01,0.0000000000e+00,0.0000000000e+00,,,
two_term,ar_mcig_sweep_rerun_0001,1.0000000000e+02,8.6158079176e+01,3.0992078840e-01,0.0000000000e+00,0.0000000000e+00,,,
two_term,ar_mcig_sweep_rerun_0001,1.0000000000e+02,8.6468278670e+01,3.1047819989e-01,0.0000000000e+00,0.0000000000e+00,,,
two_term,ar_mcig_sweep_rerun_0001,1.0000000000e+02,8.6779035576e+01,3.1103561138e-01,0.0000000000e+00,0.0000000000e+00,,,
two_term,ar_mcig_sweep_rerun_0001,1.0000000000e+02,8.7090349893e+01,3.1159302287e-01,0.0000000000e+00,0.0000000000e+00,,,
two_term,ar_mcig_sweep_rerun_0001,1.0000000000e+02,8.7402221622e+01,3.1215043436e-01,0.0000000000e+00,0.0000000000e+00,,,
two_term,ar_mcig_sweep_rerun_0001,1.0000000000e+02,8.7714650762e+01,3.1270784585e-01,0.0000000000e+00,0.0000000000e+00,,,
two_term,ar_mcig_sweep_rerun_0001,1.0000000000e+02,8.8027637313e+01,3.1326525734e-01,0.0000000000e+00,0.0000000000e+00,,,
two_term,ar_mcig_sweep_rerun_0001,1.0000000000e+02,8.8341181277e+01,3.1382266883e-01,1.3276057662e-20,1.4124969831e-21,,,
two_term,ar_mcig_sweep_rerun_0001,1.0000000000e+02,8.8655282651e+01,3.1438008032e-01,2.8905536199e-20,3.0699317509e-21,,,
two_term,ar_mcig_sweep_rerun_0001,1.0000000000e+02,8.8969941437e+01,3.1493749181e-01,4.6136844819e-20,4.8913218289e-21,,,
two_term,ar_mcig_sweep_rerun_0001,1.0000000000e+02,8.9285157635e+01,3.1549490330e-01,6.6015296369e-20,6.9864240552e-21,,,
two_term,ar_mcig_sweep_rerun_0001,1.0000000000e+02,8.9600931244e+01,3.1605231479e-01,8.9684612746e-20,9.4746172694e-21,,,
two_term,ar_mcig_sweep_rerun_0001,1.0000000000e+02,8.9917262264e+01,3.1660972628e-01,1.1851043748e-19,1.2497842970e-20,,,
two_term,ar_mcig_sweep_rerun_0001,1.0000000000e+02,9.0234150696e+01,3.1716713777e-01,1.5415999640e-19,1.6228793119e-20,,,
two_term,ar_mcig_sweep_rerun_0001,1.0000000000e+02,9.0551596540e+01,3.1772454926e-01,1.9989977555e-19,2.1007010405e-20,,,
two_term,ar_mcig_sweep_rerun_0001,1.0000000000e+02,9.0869599795e+01,3.1828196075e-01,2.5689885962e-19,2.6949633832e-20,,,
two_term,ar_mcig_sweep_rerun_0001,1.0000000000e+02,9.1188160461e+01,3.1883937224e-01,3.2876067094e-19,3.4427907759e-20,,,
two_term,ar_mcig_sweep_rerun_0001,1.0000000000e+02,9.1507278539e+01,3.1939678373e-01,4.1967354212e-19,4.3871630029e-20,,,
two_term,ar_mcig_sweep_rerun_0001,1.0000000000e+02,9.1826954029e+01,3.1995419522e-01,5.3494520290e-19,5.5824418515e-20,,,
two_term,ar_mcig_sweep_rerun_0001,1.0000000000e+02,9.2147186930e+01,3.2051160671e-01,6.8131667517e-19,7.0975421050e-20,,,
two_term,ar_mcig_sweep_rerun_0001,1.0000000000e+02,9.2467977242e+01,3.2106901820e-01,8.6736173799e-19,9.0199593732e-20,,,
two_term,ar_mcig_sweep_rerun_0001,1.0000000000e+02,9.2789324966e+01,3.2162642969e-01,8.6736173799e-19,9.0043268781e-20,,,
two_term,ar_mcig_sweep_rerun_0001,1.0000000000e+02,9.3111230102e+01,3.2218384118e-01,6.8160200247e-19,7.0636606294e-20,,,
two_term,ar_mcig_sweep_rerun_0001,1.0000000000e+02,9.3433692649e+01,3.2274125267e-01,5.3552462861e-19,5.5402286919e-20,,,
two_term,ar_mcig_sweep_rerun_0001,1.0000000000e+02,9.3756712607e+01,3.2329866416e-01,4.2067657654e-19,4.3445734647e-20,,,
two_term,ar_mcig_sweep_rerun_0001,1.0000000000e+02,9.4080289977e+01,3.2385607565e-01,3.3040072046e-19,3.4063687664e-20,,,
two_term,ar_mcig_sweep_rerun_0001,1.0000000000e+02,9.4404424758e+01,3.2441348714e-01,2.5945539366e-19,2.6703397972e-20,,,
two_term,ar_mcig_sweep_rerun_0001,1.0000000000e+02,9.4729116951e+01,3.2497089863e-01,2.0371449440e-19,2.0930528088e-20,,,
two_term,ar_mcig_sweep_rerun_0001,1.0000000000e+02,9.5054366556e+01,3.2552831012e-01,1.5993082105e-19,1.6403862897e-20,,,
two_term,ar_mcig_sweep_rerun_0001,1.0000000000e+02,9.5380173571e+01,3.2608572161e-01,1.2554949290e-19,1.2855409304e-20,,,
two_term,ar_mcig_sweep_rerun_0001,1.0000000000e+02,9.5706537999e+01,3.2664313310e-01,9.8561021345e-20,1.0074752638e-20,,,
two_term,ar_mcig_sweep_rerun_0001,1.0000000000e+02,9.6033459838e+01,3.2720054459e-01,7.7385451038e-20,7.8967434778e-21,,,
two_term,ar_mcig_sweep_rerun_0001,1.0000000000e+02,9.6360939088e+01,3.2775795608e-01,6.0781100574e-20,6.1918160810e-21,,,
two_term,ar_mcig_sweep_rerun_0001,1.0000000000e+02,9.6688975750e+01,3.2831536757e-01,4.7772794281e-20,4.8583876544e-21,,,
two_term,ar_mcig_sweep_rerun_0001,1.0000000000e+02,9.7017569823e+01,3.2887277906e-01,3.7595354440e-20,3.8168842311e-21,,,
two_term,ar_mcig_sweep_rerun_0001,1.0000000000e+02,9.7346721308e+01,3.2943019055e-01,2.9649181692e-20,3.0050523843e-21,,,
two_term,ar_mcig_sweep_rerun_0001,1.0000000000e+02,9.7676430204e+01,3.2998760204e-01,2.3465433366e-20,2.3742895978e-21,,,
two_term,ar_mcig_sweep_rerun_0001,1.0000000000e+02,9.8006696512e+01,3.3054501353e-01,1.8678729748e-20,1.8867721763e-21,,,
two_term,ar_mcig_sweep_rerun_0001,1.0000000000e+02,9.8337520231e+01,3.3110242502e-01,1.5005850031e-20,1.5132161772e-21,,,
two_term,ar_mcig_sweep_rerun_0001,1.0000000000e+02,9.8668901362e+01,3.3165983651e-01,1.2229221664e-20,1.2311434835e-21,,,
two_term,ar_mcig_sweep_rerun_0001,1.0000000000e+02,9.9000839904e+01,3.3221724800e-01,1.0184214616e-20,1.0235477390e-21,,,
two_term,ar_mcig_sweep_rerun_0001,1.0000000000e+02,9.9333335858e+01,3.3277465949e-01,8.7495250642e-21,8.7788366765e-22,,,
two_term,ar_mcig_sweep_rerun_0001,1.0000000000e+02,9.9666389223e+01,3.3333207098e-01,7.8401095409e-21,7.8532200789e-22,,,
two_term,ar_mcig_sweep_rerun_0001,1.0000000000e+02,1.0000000000e+02,3.3361077673e-01,7.4022443045e-21,7.4022443045e-22,,,
two_term,ar_mcig_sweep_rerun_0002,2.0000000000e+02,1.0000000000e-04,2.7419112544e-04,5.7389323978e-04,5.7389323978e-02,,,
two_term,ar_mcig_sweep_rerun_0002,2.0000000000e+02,4.4838225089e-04,6.9676450177e-04,1.0295401930e-03,4.8620464054e-02,,,
two_term,ar_mcig_sweep_rerun_0002,2.0000000000e+02,1.4935290035e-03,1.3935290035e-03,1.9489580243e-03,5.0430776501e-02,,,
two_term,ar_mcig_sweep_rerun_0002,2.0000000000e+02,3.2354402580e-03,2.0902935053e-03,2.8957394822e-03,5.0908792371e-02,,,
two_term,ar_mcig_sweep_rerun_0002,2.0000000000e+02,5.6741160142e-03,2.7870580071e-03,3.8483023611e-03,5.1088138858e-02,,,
two_term,ar_mcig_sweep_rerun_0002,2.0000000000e+02,8.8095562721e-03,3.4838225089e-03,4.8029079702e-03,5.1171393999e-02,,,
two_term,ar_mcig_sweep_rerun_0002,2.0000000000e+02,1.2641761032e-02,4.1805870106e-03,5.7584198173e-03,5.1215278141e-02,,,
two_term,ar_mcig_sweep_rerun_0002,2.0000000000e+02,1.7170730293e-02,4.8773515124e-03,6.7143908365e-03,5.1240367286e-02,,,
two_term,ar_mcig_sweep_rerun_0002,2.0000000000e+02,2.2396464057e-02,5.5741160142e-03,7.6706136509e-03,5.1255488882e-02,,,
two_term,ar_mcig_sweep_rerun_0002,2.0000000000e+02,2.8318962322e-02,6.2708805159e-03,8.6269108017e-03,5.1264489838e-02,,,
two_term,ar_mcig_sweep_rerun_0002,2.0000000000e+02,3.4938225089e-02,6.9676450177e-03,9.5832685070e-03,5.1269990540e-02,,,
two_term,ar_mcig_sweep_rerun_0002,2.0000000000e+02,4.2254252357e-02,7.6644095195e-03,1.0539643857e-02,5.1273235674e-02,,,
two_term,ar_mcig_sweep_rerun_0002,2.0000000000e+02,5.0267044128e-02,8.3611740213e-03,1.1496042282e-02,5.1275119176e-02,,,
two_term,ar_mcig_sweep_rerun_0002,2.0000000000e+02,5.8976600400e-02,9.0579385230e-03,1.2452381084e-02,5.1275810713e-02,,,
two_term,ar_mcig_sweep_rerun_0002,2.0000000000e+02,6.8382921174e-02,9.7547030248e-03,1.3408628835e-02,5.1275575649e-02,,,
two_term,ar_mcig_sweep_rerun_0002,2.0000000000e+02,7.8486006449e-02,1.0451467527e-02,1.4364752578e-02,5.1274570844e-02,,,
two_term,ar_mcig_sweep_rerun_0002,2.0000000000e+02,8.9285856227e-02,1.1148232028e-02,1.5320759516e-02,5.1273027496e-02,,,
two_term,ar_mcig_sweep_rerun_0002,2.0000000000e+02,1.0078247051e-01,1.1844996530e-02,1.6276617089e-02,5.1270983303e-02,,,
two_term,ar_mcig_sweep_rerun_0002,2.0000000000e+02,1.1297584929e-01,1.2541761032e-02,1.7232225794e-02,5.1268258942e-02,,,
two_term,ar_mcig_sweep_rerun_0002,2.0000000000e+02,1.2586599257e-01,1.3238525534e-02,1.8187760685e-02,5.1265480068e-02,,,
two_term,ar_mcig_sweep_rerun_0002,2.0000000000e+02,1.3945290035e-01,1.3935290035e-02,1.9143243885e-02,5.1262733051e-02,,,
two_term,ar_mcig_sweep_rerun_0002,2.0000000000e+02,1.5373657264e-01,1.4632054537e-02,2.0098622040e-02,5.1259891883e-02,,,
two_term,ar_mcig_sweep_rerun_0002,2.0000000000e+02,1.6871700943e-01,1.5328819039e-02,2.1053746545e-02,5.1256619027e-02,,,
two_term,ar_mcig_sweep_rerun_0002,2.0000000000e+02,1.8439421072e-01,1.6025583541e-02,2.2008066568e-02,5.1251697023e-02,,,
two_term,ar_mcig_sweep_rerun_0002,2.0000000000e+02,2.0076817651e-01,1.6722348043e-02,2.2962148600e-02,5.1246603407e-02,,,
two_term,ar_mcig_sweep_rerun_0002,2.0000000000e+02,2.1783890680e-01,1.7419112544e-02,2.3916327012e-02,5.1242080987e-02,,,
two_term,ar_mcig_sweep_rerun_0002,2.0000000000e+02,2.3560640160e-01,1.8115877046e-02,2.4870648573e-02,5.1238164976e-02,,,
two_term,ar_mcig_sweep_rerun_0002,2.0000000000e+02,2.5407066090e-01,1.8812641548e-02,2.5824038534e-02,5.1232659695e-02,,,
two_term,ar_mcig_sweep_rerun_0002,2.0000000000e+02,2.7323168469e-01,1.9509406050e-02,2.6776154427e-02,5.1225083397e-02,,,
two_term,ar_mcig_sweep_rerun_0002,2.0000000000e+02,2.9308947299e-01,2.0206170551e-02,2.7728200080e-02,5.1217876565e-02,,,
two_term,ar_mcig_sweep_rerun_0002,2.0000000000e+02,3.1364402580e-01,2.0902935053e-02,2.8680185958e-02,5.1211023192e-02,,,
two_term,ar_mcig_sweep_rerun_0002,2.0000000000e+02,3.3489534310e-01,2.1599699555e-02,2.9631451411e-02,5.1203349366e-02,,,
two_term,ar_mcig_sweep_rerun_0002,2.0000000000e+02,3.5684342491e-01,2.2296464057e-02,3.0581911368e-02,5.1194791172e-02,,,
two_term,ar_mcig_sweep_rerun_0002,2.0000000000e+02,3.7948827121e-01,2.2993228558e-02,3.1531806512e-02,5.1185821056e-02,,,
two_term,ar_mcig_sweep_rerun_0002,2.0000000000e+02,4.0282988202e-01,2.3689993060e-02,3.2480046987e-02,5.1174759373e-02,,,
two_term,ar_mcig_sweep_rerun_0002,2.0000000000e+02,4.2686825733e-01,2.4386757562e-02,3.3426439952e-02,5.1161491210e-02,,,
two_term,ar_mcig_sweep_rerun_0002,2.0000000000e+02,4.5160339715e-01,2.5083522064e-02,3.4372604579e-02,5.1148610699e-02,,,
two_term,ar_mcig_sweep_rerun_0002,2.0000000000e+02,4.7703530146e-01,2.5780286566e-02,3.5318022346e-02,5.1135336430e-02,,,
two_term,ar_mcig_sweep_rerun_0002,2.0000000000e+02,5.0316397028e-01,2.6477051067e-02,3.6260593704e-02,5.1118740282e-02,,,
two_term,ar_mcig_sweep_rerun_0002,2.0000000000e+02,5.2998940360e-01,2.7173815569e-02,3.7200344188e-02,5.1099113388e-02,,,
two_term,ar_mcig_sweep_rerun_0002,2.0000000000e+02,5.5751160142e-01,2.7870580071e-02,3.8138599163e-02,5.1078458561e-02,,,
two_term,ar_mcig_sweep_rerun_0002,2.0000000000e+02,5.8573056374e-01,2.8567344573e-02,3.9073407616e-02,5.1054302209e-02,,,
two_term,ar_mcig_sweep_rerun_0002,2.0000000000e+02,6.1464629056e-01,2.9264109074e-02,4.0007046133e-02,5.1029798626e-02,,,
two_term,ar_mcig_sweep_rerun_0002,2.0000000000e+02,6.4425878189e-01,2.9960873576e-02,4.0936103660e-02,5.1000722685e-02,,,
two_term,ar_mcig_sweep_rerun_0002,2.0000000000e+02,6.7456803771e-01,3.0657638078e-02,4.1859920157e-02,5.0966582771e-02,,,
two_term,ar_mcig_sweep_rerun_0002,2.0000000000e+02,7.0557405804e-01,3.1354402580e-02,4.2781927343e-02,5.0931802168e-02,,,
two_term,ar_mcig_sweep_rerun_0002,2.0000000000e+02,7.3727684287e-01,3.2051167081e-02,4.3697622578e-02,5.0891179033e-02,,,
two_term,ar_mcig_sweep_rerun_0002,2.0000000000e+02,7.6967639221e-01,3.2747931583e-02,4.4610450829e-02,5.0849013202e-02,,,
two_term,ar_mcig_sweep_rerun_0002,2.0000000000e+02,8.0277270604e-01,3.3444696085e-02,4.5514338974e-02,5.0798623062e-02,,,
two_term,ar_mcig_sweep_rerun_0002,2.0000000000e+02,8.3656578438e-01,3.4141460587e-02,4.6413763095e-02,5.0745406083e-02,,,
two_term,ar_mcig_sweep_rerun_0002,2.0000000000e+02,8.7105562721e-01,3.4838225089e-02,4.7308934501e-02,5.0689758431e-02,,,
two_term,ar_mcig_sweep_rerun_0002,2.0000000000e+02,9.0624223455e-01,3.5534989590e-02,4.8195723458e-02,5.0627485118e-02,,,
two_term,ar_mcig_sweep_rerun_0002,2.0000000000e+02,9.4212560639e-01,3.6231754092e-02,4.9075391172e-02,5.0560267856e-02,,,
two_term,ar_mcig_sweep_rerun_0002,2.0000000000e+02,9.7870574274e-01,3.6928518594e-02,4.9946432570e-02,5.0486865228e-02,,,
two_term,ar_mcig_sweep_rerun_0002,2.0000000000e+02,1.0159826436e+00,3.7625283096e-02,5.0815053651e-02,5.0413777935e-02,,,
two_term,ar_mcig_sweep_rerun_0002,2.0000000000e+02,1.0539563089e+00,3.8322047597e-02,5.1669154758e-02,5.0329203011e-02,,,
two_term,ar_mcig_sweep_rerun_0002,2.0000000000e+02,1.0926267388e+00,3.9018812099e-02,5.2518490450e-02,5.0243087837e-02,,,
two_term,ar_mcig_sweep_rerun_0002,2.0000000000e+02,1.1319939331e+00,3.9715576601e-02,5.3358492914e-02,5.0151220309e-02,,,
two_term,ar_mcig_sweep_rerun_0002,2.0000000000e+02,1.1720578920e+00,4.0412341103e-02,5.4192948428e-02,5.0057395359e-02,,,
two_term,ar_mcig_sweep_rerun_0002,2.0000000000e+02,1.2128186153e+00,4.1109105604e-02,5.5012238101e-02,4.9952978302e-02,,,
two_term,ar_mcig_sweep_rerun_0002,2.0000000000e+02,1.2542761032e+00,4.1805870106e-02,5.5828618137e-02,4.9849442349e-02,,,
two_term,ar_mcig_sweep_rerun_0002,2.0000000000e+02,1.2964303555e+00,4.2502634608e-02,5.6633891008e-02,4.9739544635e-02,,,
two_term,ar_mcig_sweep_rerun_0002,2.0000000000e+02,1.3392813724e+00,4.3199399110e-02,5.7427939596e-02,4.9623491820e-02,,,
two_term,ar_mcig_sweep_rerun_0002,2.0000000000e+02,1.3828291538e+00,4.3896163612e-02,5.8212227689e-02,4.9502821820e-02,,,
two_term,ar_mcig_sweep_rerun_0002,2.0000000000e+02,1.4270736996e+00,4.4592928113e-02,5.8992023684e-02,4.9382161271e-02,,,
two_term,ar_mcig_sweep_rerun_0002,2.0000000000e+02,1.4720150100e+00,4.5289692615e-02,5.9753912708e-02,4.9250452958e-02,,,
two_term,ar_mcig_sweep_rerun_0002,2.0000000000e+02,1.5176530849e+00,4.5986457117e-02,6.0509412424e-02,4.9117548339e-02,,,
two_term,ar_mcig_sweep_rerun_0002,2.0000000000e+02,1.5639879242e+00,4.6683221619e-02,6.1257761124e-02,4.8982891943e-02,,,
two_term,ar_mcig_sweep_rerun_0002,2.0000000000e+02,1.6110195281e+00,4.7379986120e-02,6.1987828817e-02,4.8837792199e-02,,,
two_term,ar_mcig_sweep_rerun_0002,2.0000000000e+02,1.6587478965e+00,4.8076750622e-02,6.2713085005e-02,4.8693161480e-02,,,
two_term,ar_mcig_sweep_rerun_0002,2.0000000000e+02,1.7071730293e+00,4.8773515124e-02,6.3425226873e-02,4.8542625142e-02,,,
two_term,ar_mcig_sweep_rerun_0002,2.0000000000e+02,1.7562949267e+00,4.9470279626e-02,6.4123442144e-02,4.8385819813e-02,,,
two_term,ar_mcig_sweep_rerun_0002,2.0000000000e+02,1.8061135886e+00,5.0167044128e-02,6.4813372540e-02,4.8227204684e-02,,,
two_term,ar_mcig_sweep_rerun_0002,2.0000000000e+02,1.8566290150e+00,5.0863808629e-02,6.5489621281e-02,4.8062893449e-02,,,
two_term,ar_mcig_sweep_rerun_0002,2.0000000000e+02,1.9078412058e+00,5.1560573131e-02,6.6153791581e-02,4.7894277747e-02,,,
two_term,ar_mcig_sweep_rerun_0002,2.0000000000e+02,1.9597501612e+00,5.2257337633e-02,6.6807247815e-02,4.7722504386e-02,,,
two_term,ar_mcig_sweep_rerun_0002,2.0000000000e+02,2.0123558811e+00,5.2954102135e-02,6.7444431888e-02,4.7543779946e-02,,,
two_term,ar_mcig_sweep_rerun_0002,2.0000000000e+02,2.0656583655e+00,5.3650866636e-02,6.8071918560e-02,4.7362949827e-02,,,
two_term,ar_mcig_sweep_rerun_0002,2.0000000000e+02,2.1196576144e+00,5.4347631138e-02,6.8686092264e-02,4.7177611652e-02,,,
two_term,ar_mcig_sweep_rerun_0002,2.0000000000e+02,2.1743536278e+00,5.5044395640e-02,6.9283788242e-02,4.6985790399e-02,,,
two_term,ar_mcig_sweep_rerun_0002,2.0000000000e+02,2.2297464057e+00,5.5741160142e-02,6.9873220590e-02,4.6793230066e-02,,,
two_term,ar_mcig_sweep_rerun_0002,2.0000000000e+02,2.2858359481e+00,5.6437924643e-02,7.0443518329e-02,4.6592767757e-02,,,
two_term,ar_mcig_sweep_rerun_0002,2.0000000000e+02,2.3426222550e+00,5.7134689145e-02,7.1002678358e-02,4.6389917382e-02,,,
two_term,ar_mcig_sweep_rerun_0002,2.0000000000e+02,2.4001053264e+00,5.7831453647e-02,7.1550150790e-02,4.6184410325e-02,,,
two_term,ar_mcig_sweep_rerun_0002,2.0000000000e+02,2.4582851622e+00,5.8528218149e-02,7.2077439884e-02,4.5970922902e-02,,,
two_term,ar_mcig_sweep_rerun_0002,2.0000000000e+02,2.5171617626e+00,5.9224982651e-02,7.2596943153e-02,4.5757550875e-02,,,
two_term,ar_mcig_sweep_rerun_0002,2.0000000000e+02,2.5767351275e+00,5.9921747152e-02,7.3096992102e-02,4.5537021144e-02,,,
two_term,ar_mcig_sweep_rerun_0002,2.0000000000e+02,2.6370052570e+00,6.0618511654e-02,7.3584123194e-02,4.5313605726e-02,,,
two_term,ar_mcig_sweep_rerun_0002,2.0000000000e+02,2.6979721509e+00,6.1315276156e-02,7.4055838973e-02,4.5085882530e-02,,,
two_term,ar_mcig_sweep_rerun_0002,2.0000000000e+02,2.7596358093e+00,6.2012040658e-02,7.4512971569e-02,4.4854497686e-02,,,
two_term,ar_mcig_sweep_rerun_0002,2.0000000000e+02,2.8219962322e+00,6.2708805159e-02,7.4957030658e-02,4.4620471933e-02,,,
two_term,ar_mcig_sweep_rerun_0002,2.0000000000e+02,2.8850534196e+00,6.3405569661e-02,7.5380962941e-02,4.4379739787e-02,,,
two_term,ar_mcig_sweep_rerun_0002,2.0000000000e+02,2.9488073715e+00,6.4102334163e-02,7.5796376270e-02,4.4139279656e-02,,,
two_term,ar_mcig_sweep_rerun_0002,2.0000000000e+02,3.0132580879e+00,6.4799098665e-02,7.6189332915e-02,4.3891053544e-02,,,
two_term,ar_mcig_sweep_rerun_0002,2.0000000000e+02,3.0784055688e+00,6.5495863166e-02,7.6572072529e-02,4.3642285298e-02,,,
two_term,ar_mcig_sweep_rerun_0002,2.0000000000e+02,3.1442498142e+00,6.6192627668e-02,7.6934110251e-02,4.3387079094e-02,,,
two_term,ar_mcig_sweep_rerun_0002,2.0000000000e+02,3.2107908242e+00,6.6889392170e-02,7.7284815362e-02,4.3130864901e-02,,,
two_term,ar_mcig_sweep_rerun_0002,2.0000000000e+02,3.2780285986e+00,6.7586156672e-02,7.7617426948e-02,4.2869939686e-02,,,
two_term,ar_mcig_sweep_rerun_0002,2.0000000000e+02,3.3459631375e+00,6.8282921174e-02,7.7935241591e-02,4.2606249868e-02,,,
two_term,ar_mcig_sweep_rerun_0002,2.0000000000e+02,3.4145944409e+00,6.8979685675e-02,7.8235941376e-02,4.2338624850e-02,,,
two_term,ar_mcig_sweep_rerun_0002,2.0000000000e+02,3.4839225089e+00,6.9676450177e-02,7.8521165168e-02,4.2068060721e-02,,,
two_term,ar_mcig_sweep_rerun_0002,2.0000000000e+02,3.5539473413e+00,7.0373214679e-02,7.8791084904e-02,4.1794735988e-02,,,
two_term,ar_mcig_sweep_rerun_0002,2.0000000000e+02,3.6246689382e+00,7.1069979181e-02,7.9044127680e-02,4.1517905681e-02,,,
two_term,ar_mcig_sweep_rerun_0002,2.0000000000e+02,3.6960872996e+00,7.1766743682e-02,7.9281293013e-02,4.1238191807e-02,,,
two_term,ar_mcig_sweep_rerun_0002,2.0000000000e+02,3.7682024256e+00,7.2463508184e-02,7.9500889212e-02,4.0954806075e-02,,,
two_term,ar_mcig_sweep_rerun_0002,2.0000000000e+02,3.8410143160e+00,7.3160272686e-02,7.9706251722e-02,4.0669555285e-02,,,
two_term,ar_mcig_sweep_rerun_0002,2.0000000000e+02,3.9145229710e+00,7.3857037188e-02,7.9893667857e-02,4.0380615724e-02,,,
two_term,ar_mcig_sweep_rerun_0002,2.0000000000e+02,3.9887283904e+00,7.4553801690e-02,8.0067633657e-02,4.0090342013e-02,,,
two_term,ar_mcig_sweep_rerun_0002,2.0000000000e+02,4.0636305743e+00,7.5250566191e-02,8.0224118670e-02,3.9796771827e-02,,,
two_term,ar_mcig_sweep_rerun_0002,2.0000000000e+02,4.1392295228e+00,7.5947330693e-02,8.0363014797e-02,3.9499942766e-02,,,
two_term,ar_mcig_sweep_rerun_0002,2.0000000000e+02,4.2155252357e+00,7.6644095195e-02,8.0485605377e-02,3.9200568759e-02,,,
two_term,ar_mcig_sweep_rerun_0002,2.0000000000e+02,4.2925177132e+00,7.7340859697e-02,8.0592091271e-02,3.8898815541e-02,,,
two_term,ar_mcig_sweep_rerun_0002,2.0000000000e+02,4.3702069551e+00,7.8037624198e-02,8.0682385296e-02,3.8594705139e-02,,,
two_term,ar_mcig_sweep_rerun_0002,2.0000000000e+02,4.4485929616e+00,7.8734388700e-02,8.0753655428e-02,3.8286957412e-02,,,
two_term,ar_mcig_sweep_rerun_0002,2.0000000000e+02,4.5276757325e+00,7.9431153202e-02,8.0811672086e-02,3.7978379959e-02,,,
two_term,ar_mcig_sweep_rerun_0002,2.0000000000e+02,4.6074552680e+00,8.0127917704e-02,8.0851317636e-02,3.7666610248e-02,,,
two_term,ar_mcig_sweep_rerun_0002,2.0000000000e+02,4.6879315679e+00,8.0824682205e-02,8.0877637242e-02,3.7354060992e-02,,,
two_term,ar_mcig_sweep_rerun_0002,2.0000000000e+02,4.7691046324e+00,8.1521446707e-02,8.0883978483e-02,3.7037705965e-02,,,
two_term,ar_mcig_sweep_rerun_0002,2.0000000000e+02,4.8509744613e+00,8.2218211209e-02,8.0878937264e-02,3.6721544729e-02,,,
two_term,ar_mcig_sweep_rerun_0002,2.0000000000e+02,4.9335410548e+00,8.2914975711e-02,8.0851920355e-02,3.6400803164e-02,,,
two_term,ar_mcig_sweep_rerun_0002,2.0000000000e+02,5.0168044128e+00,8.3611740213e-02,8.0814017278e-02,3.6080546852e-02,,,
two_term,ar_mcig_sweep_rerun_0002,2.0000000000e+02,5.1007645352e+00,8.4308504714e-02,8.0755305008e-02,3.5756370103e-02,,,
two_term,ar_mcig_sweep_rerun_0002,2.0000000000e+02,5.1854214222e+00,8.5005269216e-02,8.0683577080e-02,3.5431791814e-02,,,
two_term,ar_mcig_sweep_rerun_0002,2.0000000000e+02,5.2707750736e+00,8.5702033718e-02,8.0593982489e-02,3.5104708807e-02,,,
two_term,ar_mcig_sweep_rerun_0002,2.0000000000e+02,5.3568254896e+00,8.6398798220e-02,8.0488909217e-02,3.4776213436e-02,,,
two_term,ar_mcig_sweep_rerun_0002,2.0000000000e+02,5.4435726701e+00,8.7095562721e-02,8.0369009012e-02,3.4446618943e-02,,,
two_term,ar_mcig_sweep_rerun_0002,2.0000000000e+02,5.5310166151e+00,8.7792327223e-02,8.0230735843e-02,3.4114443712e-02,,,
two_term,ar_mcig_sweep_rerun_0002,2.0000000000e+02,5.6191573245e+00,8.8489091725e-02,8.0080832733e-02,3.3782593293e-02,,,
two_term,ar_mcig_sweep_rerun_0002,2.0000000000e+02,5.7079947985e+00,8.9185856227e-02,7.9909553722e-02,3.3446980801e-02,,,
two_term,ar_mcig_sweep_rerun_0002,2.0000000000e+02,5.7975290370e+00,8.9882620728e-02,7.9726662312e-02,3.3111748663e-02,,,
two_term,ar_mcig_sweep_rerun_0002,2.0000000000e+02,5.8877600400e+00,9.0579385230e-02,7.9525881251e-02,3.2774301117e-02,,,
two_term,ar_mcig_sweep_rerun_0002,2.0000000000e+02,5.9786878074e+00,9.1276149732e-02,7.9310181241e-02,3.2435903840e-02,,,
two_term,ar_mcig_sweep_rerun_0002,2.0000000000e+02,6.0703123394e+00,9.1972914234e-02,7.9080326748e-02,3.2096888699e-02,,,
two_term,ar_mcig_sweep_rerun_0002,2.0000000000e+02,6.1626336359e+00,9.2669678736e-02,7.8832036334e-02,3.1755544959e-02,,,
two_term,ar_mcig_sweep_rerun_0002,2.0000000000e+02,6.2556516969e+00,9.3366443237e-02,7.8571882288e-02,3.1414552482e-02,,,
two_term,ar_mcig_sweep_rerun_0002,2.0000000000e+02,6.3493665224e+00,9.4063207739e-02,7.8292975094e-02,3.1071169307e-02,,,
two_term,ar_mcig_sweep_rerun_0002,2.0000000000e+02,6.4437781124e+00,9.4759972241e-02,7.8000725596e-02,3.0727579716e-02,,,
two_term,ar_mcig_sweep_rerun_0002,2.0000000000e+02,6.5388864669e+00,9.5456736743e-02,7.7693809574e-02,3.0383270376e-02,,,
two_term,ar_mcig_sweep_rerun_0002,2.0000000000e+02,6.6346915859e+00,9.6153501244e-02,7.7369867816e-02,3.0037341016e-02,,,
two_term,ar_mcig_sweep_rerun_0002,2.0000000000e+02,6.7311934694e+00,9.6850265746e-02,7.7033957384e-02,2.9691775783e-02,,,
two_term,ar_mcig_sweep_rerun_0002,2.0000000000e+02,6.8283921174e+00,9.7547030248e-02,7.6680103171e-02,2.9344280296e-02,,,
two_term,ar_mcig_sweep_rerun_0002,2.0000000000e+02,6.9262875299e+00,9.8243794750e-02,7.6313025302e-02,2.8996689131e-02,,,
two_term,ar_mcig_sweep_rerun_0002,2.0000000000e+02,7.0248797069e+00,9.8940559252e-02,7.5932251367e-02,2.8648826074e-02,,,
two_term,ar_mcig_sweep_rerun_0002,2.0000000000e+02,7.1241686484e+00,9.9637323753e-02,7.5534493390e-02,2.8299464970e-02,,,
two_term,ar_mcig_sweep_rerun_0002,2.0000000000e+02,7.2241543544e+00,1.0033408826e-01,7.5124828489e-02,2.7950525992e-02,,,
two_term,ar_mcig_sweep_rerun_0002,2.0000000000e+02,7.3248368249e+00,1.0103085276e-01,7.4699250241e-02,2.7600520081e-02,,,
two_term,ar_mcig_sweep_rerun_0002,2.0000000000e+02,7.4262160599e+00,1.0172761726e-01,7.4259573233e-02,2.7250135038e-02,,,
two_term,ar_mcig_sweep_rerun_0002,2.0000000000e+02,7.5282920594e+00,1.0242438176e-01,7.3808023396e-02,2.6900189867e-02,,,
two_term,ar_mcig_sweep_rerun_0002,2.0000000000e+02,7.6310648234e+00,1.0312114626e-01,7.3339103907e-02,2.6548685808e-02,,,
two_term,ar_mcig_sweep_rerun_0002,2.0000000000e+02,7.7345343519e+00,1.0381791076e-01,7.2858293479e-02,2.6197624228e-02,,,
two_term,ar_mcig_sweep_rerun_0002,2.0000000000e+02,7.8387006449e+00,1.0451467527e-01,7.2364394160e-02,2.5846568403e-02,,,
two_term,ar_mcig_sweep_rerun_0002,2.0000000000e+02,7.9435637024e+00,1.0521143977e-01,7.1854930594e-02,2.5494639945e-02,,,
two_term,ar_mcig_sweep_rerun_0002,2.0000000000e+02,8.0491235245e+00,1.0590820427e-01,7.1333913879e-02,2.5143269880e-02,,,
two_term,ar_mcig_sweep_rerun_0002,2.0000000000e+02,8.1553801110e+00,1.0660496877e-01,7.0798983941e-02,2.4791620837e-02,,,
two_term,ar_mcig_sweep_rerun_0002,2.0000000000e+02,8.2623334620e+00,1.0730173327e-01,7.0250188306e-02,2.4439714784e-02,,,
two_term,ar_mcig_sweep_rerun_0002,2.0000000000e+02,8.3699835775e+00,1.0799849777e-01,6.9690027548e-02,2.4088421022e-02,,,
two_term,ar_mcig_sweep_rerun_0002,2.0000000000e+02,8.4783304576e+00,1.0869526228e-01,6.9115637726e-02,2.3736744199e-02,,,
two_term,ar_mcig_sweep_rerun_0002,2.0000000000e+02,8.5873741021e+00,1.0939202678e-01,6.8528645341e-02,2.3385246676e-02,,,
two_term,ar_mcig_sweep_rerun_0002,2.0000000000e+02,8.6971145111e+00,1.1008879128e-01,6.7930539855e-02,2.3034430107e-02,,,
two_term,ar_mcig_sweep_rerun_0002,2.0000000000e+02,8.8075516846e+00,1.1078555578e-01,6.7318304697e-02,2.2683265195e-02,,,
two_term,ar_mcig_sweep_rerun_0002,2.0000000000e+02,8.9186856227e+00,1.1148232028e-01,6.6694393487e-02,2.2332580065e-02,,,
two_term,ar_mcig_sweep_rerun_0002,2.0000000000e+02,9.0305163252e+00,1.1217908479e-01,6.6059679515e-02,2.1982656382e-02,,,
two_term,ar_mcig_sweep_rerun_0002,2.0000000000e+02,9.1430437922e+00,1.1287584929e-01,6.5411267084e-02,2.1632522395e-02,,,
two_term,ar_mcig_sweep_rerun_0002,2.0000000000e+02,9.2562680238e+00,1.1357261379e-01,6.4751836010e-02,2.1283062795e-02,,,
two_term,ar_mcig_sweep_rerun_0002,2.0000000000e+02,9.3701890198e+00,1.1426937829e-01,6.4081951823e-02,2.0934449993e-02,,,
two_term,ar_mcig_sweep_rerun_0002,2.0000000000e+02,9.4848067804e+00,1.1496614279e-01,6.3399058597e-02,2.0585838679e-02,,,
two_term,ar_mcig_sweep_rerun_0002,2.0000000000e+02,9.6001213054e+00,1.1566290729e-01,6.2705592346e-02,2.0238015043e-02,,,
two_term,ar_mcig_sweep_rerun_0002,2.0000000000e+02,9.7161325949e+00,1.1635967180e-01,6.2002084925e-02,1.9891135560e-02,,,
two_term,ar_mcig_sweep_rerun_0002,2.0000000000e+02,9.8328406490e+00,1.1705643630e-01,6.1286459318e-02,1.9544521003e-02,,,
two_term,ar_mcig_sweep_rerun_0002,2.0000000000e+02,9.9502454675e+00,1.1775320080e-01,6.0560588822e-02,1.9198760536e-02,,,
two_term,ar_mcig_sweep_rerun_0002,2.0000000000e+02,1.0068347051e+01,1.1844996530e-01,5.9825139984e-02,1.8854049153e-02,,,
two_term,ar_mcig_sweep_rerun_0002,2.0000000000e+02,1.0187145398e+01,1.1914672980e-01,5.9078574709e-02,1.8509886549e-02,,,
two_term,ar_mcig_sweep_rerun_0002,2.0000000000e+02,1.0306640510e+01,1.1984349430e-01,5.8322006963e-02,1.8166610140e-02,,,
two_term,ar_mcig_sweep_rerun_0002,2.0000000000e+02,1.0426832387e+01,1.2054025881e-01,5.7556357331e-02,1.7824489653e-02,,,
two_term,ar_mcig_sweep_rerun_0002,2.0000000000e+02,1.0547721028e+01,1.2123702331e-01,5.6780709587e-02,1.7483223045e-02,,,
two_term,ar_mcig_sweep_rerun_0002,2.0000000000e+02,1.0669306433e+01,1.2193378781e-01,5.5995260999e-02,1.7142856073e-02,,,
two_term,ar_mcig_sweep_rerun_0002,2.0000000000e+02,1.0791588603e+01,1.2263055231e-01,5.5201252879e-02,1.6803751268e-02,,,
two_term,ar_mcig_sweep_rerun_0002,2.0000000000e+02,1.0914567538e+01,1.2332731681e-01,5.4398412825e-02,1.6465804787e-02,,,
two_term,ar_mcig_sweep_rerun_0002,2.0000000000e+02,1.1038243237e+01,1.2402408132e-01,5.3585961764e-02,1.6128762613e-02,,,
two_term,ar_mcig_sweep_rerun_0002,2.0000000000e+02,1.1162615701e+01,1.2472084582e-01,5.2765525242e-02,1.5793096131e-02,,,
two_term,ar_mcig_sweep_rerun_0002,2.0000000000e+02,1.1287684929e+01,1.1869214969e-01,5.1937253414e-02,1.5458827104e-02,,,
two_term,ar_mcig_sweep_rerun_0002,2.0000000000e+02,1.1400000000e+01,6.2882996285e-02,5.1189505166e-02,1.5161022969e-02,,,
two_term,ar_mcig_sweep_rerun_0002,2.0000000000e+02,1.1413450921e+01,2.1428571429e-02,5.1099898713e-02,1.5125563092e-02,,,
two_term,ar_mcig_sweep_rerun_0002,2.0000000000e+02,1.1442857143e+01,3.6131682226e-02,5.0903859871e-02,1.5048162649e-02,,,
two_term,ar_mcig_sweep_rerun_0002,2.0000000000e+02,1.1485714286e+01,4.2857142857e-02,5.0617071742e-02,1.4935439698e-02,,,
two_term,ar_mcig_sweep_rerun_0002,2.0000000000e+02,1.1528571429e+01,2.7099696310e-02,5.0329388092e-02,1.4822924717e-02,,,
two_term,ar_mcig_sweep_rerun_0002,2.0000000000e+02,1.1539913678e+01,2.1428571429e-02,5.0253188486e-02,1.4793207267e-02,,,
two_term,ar_mcig_sweep_rerun_0002,2.0000000000e+02,1.1571428571e+01,3.7186017976e-02,5.0041322796e-02,1.4710766155e-02,,,
two_term,ar_mcig_sweep_rerun_0002,2.0000000000e+02,1.1614285714e+01,4.2857142857e-02,4.9752719098e-02,1.4598914602e-02,,,
two_term,ar_mcig_sweep_rerun_0002,2.0000000000e+02,1.1657142857e+01,2.6393742811e-02,4.9462638585e-02,1.4487092087e-02,,,
two_term,ar_mcig_sweep_rerun_0002,2.0000000000e+02,1.1667073200e+01,2.1428571429e-02,4.9395079776e-02,1.4461146635e-02,,,
two_term,ar_mcig_sweep_rerun_0002,2.0000000000e+02,1.1700000000e+01,6.3928143038e-02,4.9170571940e-02,1.4375148145e-02,,,
two_term,ar_mcig_sweep_rerun_0002,2.0000000000e+02,1.1794929486e+01,1.1174126828e-01,4.8519230599e-02,1.4127529763e-02,,,
two_term,ar_mcig_sweep_rerun_0002,2.0000000000e+02,1.1923482537e+01,1.2890143283e-01,4.7626186221e-02,1.3792539798e-02,,,
two_term,ar_mcig_sweep_rerun_0002,2.0000000000e+02,1.2052732352e+01,1.2959819733e-01,4.6718632354e-02,1.3456972486e-02,,,
two_term,ar_mcig_sweep_rerun_0002,2.0000000000e+02,1.2182678931e+01,1.3029496183e-01,4.5798242235e-02,1.3121316476e-02,,,
two_term,ar_mcig_sweep_rerun_0002,2.0000000000e+02,1.2313322275e+01,1.3099172633e-01,4.4865702647e-02,1.2785768903e-02,,,
two_term,ar_mcig_sweep_rerun_0002,2.0000000000e+02,1.2444662384e+01,1.3168849083e-01,4.3923978982e-02,1.2451168648e-02,,,
two_term,ar_mcig_sweep_rerun_0002,2.0000000000e+02,1.2576699257e+01,1.3238525534e-01,4.2974695065e-02,1.2117958639e-02,,,
two_term,ar_mcig_sweep_rerun_0002,2.0000000000e+02,1.2709432895e+01,1.3308201984e-01,4.2019123494e-02,1.1786474005e-02,,,
two_term,ar_mcig_sweep_rerun_0002,2.0000000000e+02,1.2842863297e+01,1.3377878434e-01,4.1058771593e-02,1.1457108396e-02,,,
two_term,ar_mcig_sweep_rerun_0002,2.0000000000e+02,1.2976990463e+01,1.3447554884e-01,4.0095738261e-02,1.1130411519e-02,,,
two_term,ar_mcig_sweep_rerun_0002,2.0000000000e+02,1.3111814394e+01,1.3517231334e-01,3.9131562611e-02,1.0806767155e-02,,,
two_term,ar_mcig_sweep_rerun_0002,2.0000000000e+02,1.3247335090e+01,1.3586907785e-01,3.8167022192e-02,1.0486341972e-02,,,
two_term,ar_mcig_sweep_rerun_0002,2.0000000000e+02,1.3383552550e+01,1.3656584235e-01,3.7203963269e-02,1.0169591371e-02,,,
two_term,ar_mcig_sweep_rerun_0002,2.0000000000e+02,1.3520466775e+01,1.3726260685e-01,3.6243940637e-02,9.8568822334e-03,,,
two_term,ar_mcig_sweep_rerun_0002,2.0000000000e+02,1.3658077764e+01,1.3795937135e-01,3.5288177029e-02,9.5484841810e-03,,,
two_term,ar_mcig_sweep_rerun_0002,2.0000000000e+02,1.3796385517e+01,1.3865613585e-01,3.4337127329e-02,9.2444546899e-03,,,
two_term,ar_mcig_sweep_rerun_0002,2.0000000000e+02,1.3935390035e+01,1.3935290035e-01,3.3392689141e-02,8.9452365624e-03,,,
two_term,ar_mcig_sweep_rerun_0002,2.0000000000e+02,1.4075091318e+01,1.4004966486e-01,3.2455920939e-02,8.6510401215e-03,,,
two_term,ar_mcig_sweep_rerun_0002,2.0000000000e+02,1.4215489365e+01,1.4074642936e-01,3.1527605235e-02,8.3619983323e-03,,,
two_term,ar_mcig_sweep_rerun_0002,2.0000000000e+02,1.4356584177e+01,1.4144319386e-01,3.0608332332e-02,8.0781908117e-03,,,
two_term,ar_mcig_sweep_rerun_0002,2.0000000000e+02,1.4498375753e+01,1.4213995836e-01,2.9699465460e-02,7.7998986077e-03,,,
two_term,ar_mcig_sweep_rerun_0002,2.0000000000e+02,1.4640864093e+01,1.4283672286e-01,2.8801726409e-02,7.5272296467e-03,,,
two_term,ar_mcig_sweep_rerun_0002,2.0000000000e+02,1.4784049199e+01,1.4353348736e-01,2.7915658179e-02,7.2602432596e-03,,,
two_term,ar_mcig_sweep_rerun_0002,2.0000000000e+02,1.4927931068e+01,1.4423025187e-01,2.7041726258e-02,6.9989775690e-03,,,
two_term,ar_mcig_sweep_rerun_0002,2.0000000000e+02,1.5072509702e+01,1.4492701637e-01,2.6180866171e-02,6.7435910355e-03,,,
two_term,ar_mcig_sweep_rerun_0002,2.0000000000e+02,1.5217785101e+01,1.4562378087e-01,2.5333532284e-02,6.4941157441e-03,,,
two_term,ar_mcig_sweep_rerun_0002,2.0000000000e+02,1.5363757264e+01,1.4632054537e-01,2.4500080385e-02,6.2505580195e-03,,,
two_term,ar_mcig_sweep_rerun_0002,2.0000000000e+02,1.5510426192e+01,1.2312136797e-01,2.3680728977e-02,6.0128892074e-03,,,
two_term,ar_mcig_sweep_rerun_0002,2.0000000000e+02,1.5610000000e+01,7.1215475590e-02,2.3135001563e-02,5.8555552301e-03,,,
two_term,ar_mcig_sweep_rerun_0002,2.0000000000e+02,1.5652857143e+01,2.3895941901e-02,2.2902588375e-02,5.7887894919e-03,,,
two_term,ar_mcig_sweep_rerun_0002,2.0000000000e+02,1.5657791884e+01,2.1428571429e-02,2.2875926656e-02,5.7811393427e-03,,,
two_term,ar_mcig_sweep_rerun_0002,2.0000000000e+02,1.5695714286e+01,4.0389772385e-02,2.2671721665e-02,5.7226074902e-03,,,
two_term,ar_mcig_sweep_rerun_0002,2.0000000000e+02,1.5738571429e+01,4.2857142857e-02,2.2442399959e-02,5.6570060501e-03,,,
two_term,ar_mcig_sweep_rerun_0002,2.0000000000e+02,1.5781428571e+01,3.3641455928e-02,2.2214495461e-02,5.5919502239e-03,,,
two_term,ar_mcig_sweep_rerun_0002,2.0000000000e+02,1.5805854340e+01,2.1428571429e-02,2.2085182292e-02,5.5551015264e-03,,,
two_term,ar_mcig_sweep_rerun_0002,2.0000000000e+02,1.5824285714e+01,3.0644258357e-02,2.1987891050e-02,5.5274079459e-03,,,
two_term,ar_mcig_sweep_rerun_0002,2.0000000000e+02,1.5867142857e+01,4.2857142857e-02,2.1762512206e-02,5.4633580267e-03,,,
two_term,ar_mcig_sweep_rerun_0002,2.0000000000e+02,1.5910000000e+01,4.3735352207e-02,2.1538330309e-02,5.3997909059e-03,,,
two_term,ar_mcig_sweep_rerun_0002,2.0000000000e+02,1.5954613562e+01,9.7034773593e-02,2.1306248719e-02,5.3341330934e-03,,,
two_term,ar_mcig_sweep_rerun_0002,2.0000000000e+02,1.6104069547e+01,1.4980436788e-01,2.0537683026e-02,5.1178037485e-03,,,
two_term,ar_mcig_sweep_rerun_0002,2.0000000000e+02,1.6254222297e+01,1.5050113238e-01,1.9780840282e-02,4.9063851681e-03,,,
two_term,ar_mcig_sweep_rerun_0002,2.0000000000e+02,1.6405071812e+01,1.5119789688e-01,1.9036645583e-02,4.7000378625e-03,,,
two_term,ar_mcig_sweep_rerun_0002,2.0000000000e+02,1.6556618091e+01,1.5189466139e-01,1.8305984551e-02,4.4989096965e-03,,,
two_term,ar_mcig_sweep_rerun_0002,2.0000000000e+02,1.6708861135e+01,1.5259142589e-01,1.7589462690e-02,4.3030773054e-03,,,
two_term,ar_mcig_sweep_rerun_0002,2.0000000000e+02,1.6861800943e+01,1.5328819039e-01,1.6887936237e-02,4.1126769920e-03,,,
two_term,ar_mcig_sweep_rerun_0002,2.0000000000e+02,1.7015437516e+01,1.5398495489e-01,1.6202036485e-02,3.9277880596e-03,,,
two_term,ar_mcig_sweep_rerun_0002,2.0000000000e+02,1.7169770853e+01,1.5468171939e-01,1.5532302308e-02,3.7484660791e-03,,,
two_term,ar_mcig_sweep_rerun_0002,2.0000000000e+02,1.7324800954e+01,1.5537848389e-01,1.4879115332e-02,3.5747278454e-03,,,
two_term,ar_mcig_sweep_rerun_0002,2.0000000000e+02,1.7480527820e+01,1.5607524840e-01,1.4242856406e-02,3.4065896678e-03,,,
two_term,ar_mcig_sweep_rerun_0002,2.0000000000e+02,1.7636951451e+01,1.5677201290e-01,1.3623919917e-02,3.2440707891e-03,,,
two_term,ar_mcig_sweep_rerun_0002,2.0000000000e+02,1.7794071846e+01,1.5746877740e-01,1.3022538245e-02,3.0871517057e-03,,,
two_term,ar_mcig_sweep_rerun_0002,2.0000000000e+02,1.7951889006e+01,1.5816554190e-01,1.2438897185e-02,2.9358022630e-03,,,
two_term,ar_mcig_sweep_rerun_0002,2.0000000000e+02,1.8110402930e+01,1.5886230640e-01,1.1872982559e-02,2.7899458455e-03,,,
two_term,ar_mcig_sweep_rerun_0002,2.0000000000e+02,1.8269613619e+01,1.5955907091e-01,1.1324987906e-02,2.6495557716e-03,,,
two_term,ar_mcig_sweep_rerun_0002,2.0000000000e+02,1.8429521072e+01,1.6025583541e-01,1.0794907274e-02,2.5145593557e-03,,,
two_term,ar_mcig_sweep_rerun_0002,2.0000000000e+02,1.8590125290e+01,1.6095259991e-01,1.0282688899e-02,2.3848745449e-03,,,
two_term,ar_mcig_sweep_rerun_0002,2.0000000000e+02,1.8751426272e+01,1.6164936441e-01,9.7882033115e-03,2.2604027564e-03,,,
two_term,ar_mcig_sweep_rerun_0002,2.0000000000e+02,1.8913424018e+01,1.6234612891e-01,9.3112968627e-03,2.1410415402e-03,,,
two_term,ar_mcig_sweep_rerun_0002,2.0000000000e+02,1.9076118529e+01,1.6304289341e-01,8.8518518668e-03,2.0266984315e-03,,,
two_term,ar_mcig_sweep_rerun_0002,2.0000000000e+02,1.9239509805e+01,1.6373965792e-01,8.4096476028e-03,1.9172590490e-03,,,
two_term,ar_mcig_sweep_rerun_0002,2.0000000000e+02,1.9403597845e+01,1.6443642242e-01,7.9844324472e-03,1.8126039347e-03,,,
two_term,ar_mcig_sweep_rerun_0002,2.0000000000e+02,1.9568382650e+01,1.6513318692e-01,7.5758842288e-03,1.7125996986e-03,,,
two_term,ar_mcig_sweep_rerun_0002,2.0000000000e+02,1.9733864219e+01,1.6582995142e-01,7.1837292004e-03,1.6171260936e-03,,,
two_term,ar_mcig_sweep_rerun_0002,2.0000000000e+02,1.9900042553e+01,1.6652671592e-01,6.8076644221e-03,1.5260583408e-03,,,
two_term,ar_mcig_sweep_rerun_0002,2.0000000000e+02,2.0066917651e+01,1.6722348043e-01,6.4473504889e-03,1.4392656007e-03,,,
two_term,ar_mcig_sweep_rerun_0002,2.0000000000e+02,2.0234489514e+01,1.6792024493e-01,6.1024384164e-03,1.3566170758e-03,,,
two_term,ar_mcig_sweep_rerun_0002,2.0000000000e+02,2.0402758141e+01,1.6861700943e-01,5.7724920183e-03,1.2779648251e-03,,,
two_term,ar_mcig_sweep_rerun_0002,2.0000000000e+02,2.0571723533e+01,1.6931377393e-01,5.4571192902e-03,1.2031730840e-03,,,
two_term,ar_mcig_sweep_rerun_0002,2.0000000000e+02,2.0741385689e+01,1.7001053843e-01,5.1559084660e-03,1.1321039742e-03,,,
two_term,ar_mcig_sweep_rerun_0002,2.0000000000e+02,2.0911744609e+01,1.7070730293e-01,4.8684352092e-03,1.0646191197e-03,,,
two_term,ar_mcig_sweep_rerun_0002,2.0000000000e+02,2.1082800295e+01,1.7140406744e-01,4.5942990827e-03,1.0005875995e-03,,,
two_term,ar_mcig_sweep_rerun_0002,2.0000000000e+02,2.1254552744e+01,1.7210083194e-01,4.3330821195e-03,9.3987681054e-04,,,
two_term,ar_mcig_sweep_rerun_0002,2.0000000000e+02,2.1427001958e+01,1.7279759644e-01,4.0843813918e-03,8.8235953724e-04,,,
two_term,ar_mcig_sweep_rerun_0002,2.0000000000e+02,2.1600147937e+01,1.7349436094e-01,3.8477667282e-03,8.2790474589e-04,,,
two_term,ar_mcig_sweep_rerun_0002,2.0000000000e+02,2.1773990680e+01,1.7419112544e-01,3.6228041796e-03,7.7638268972e-04,,,
two_term,ar_mcig_sweep_rerun_0002,2.0000000000e+02,2.1948530188e+01,1.7488788994e-01,3.4090675636e-03,7.2766734741e-04,,,
two_term,ar_mcig_sweep_rerun_0002,2.0000000000e+02,2.2123766460e+01,1.7558465445e-01,3.2061395036e-03,6.8163657013e-04,,,
two_term,ar_mcig_sweep_rerun_0002,2.0000000000e+02,2.2299699497e+01,1.7628141895e-01,3.0136222137e-03,6.3817428884e-04,,,
two_term,ar_mcig_sweep_rerun_0002,2.0000000000e+02,2.2476329298e+01,1.7697818345e-01,2.8311140264e-03,5.9716544359e-04,,,
two_term,ar_mcig_sweep_rerun_0002,2.0000000000e+02,2.2653655864e+01,1.7767494795e-01,2.6582049930e-03,5.5849503940e-04,,,
two_term,ar_mcig_sweep_rerun_0002,2.0000000000e+02,2.2831679194e+01,1.7837171245e-01,2.4944960818e-03,5.2205216278e-04,,,
two_term,ar_mcig_sweep_rerun_0002,2.0000000000e+02,2.3010399289e+01,1.7906847696e-01,2.3395963372e-03,4.8772931014e-04,,,
two_term,ar_mcig_sweep_rerun_0002,2.0000000000e+02,2.3189816148e+01,1.7976524146e-01,2.1931291523e-03,4.5542362423e-04,,,
two_term,ar_mcig_sweep_rerun_0002,2.0000000000e+02,2.3369929772e+01,1.8046200596e-01,2.0547413590e-03,4.2503868482e-04,,,
two_term,ar_mcig_sweep_rerun_0002,2.0000000000e+02,2.3550740160e+01,1.8115877046e-01,1.9240661556e-03,3.9647674569e-04,,,
two_term,ar_mcig_sweep_rerun_0002,2.0000000000e+02,2.3732247313e+01,1.8185553496e-01,1.8007489939e-03,3.6964407395e-04,,,
two_term,ar_mcig_sweep_rerun_0002,2.0000000000e+02,2.3914451230e+01,1.8255229946e-01,1.6844474453e-03,3.4445084606e-04,,,
two_term,ar_mcig_sweep_rerun_0002,2.0000000000e+02,2.4097351912e+01,1.8324906397e-01,1.5748266124e-03,3.2081013879e-04,,,
two_term,ar_mcig_sweep_rerun_0002,2.0000000000e+02,2.4280949358e+01,1.8394582847e-01,1.4715753498e-03,2.9864116618e-04,,,
two_term,ar_mcig_sweep_rerun_0002,2.0000000000e+02,2.4465243568e+01,1.8464259297e-01,1.3743854462e-03,2.7786495485e-04,,,
two_term,ar_mcig_sweep_rerun_0002,2.0000000000e+02,2.4650234544e+01,1.8533935747e-01,1.2829541313e-03,2.5840481487e-04,,,
two_term,ar_mcig_sweep_rerun_0002,2.0000000000e+02,2.4835922283e+01,1.8603612197e-01,1.1969906629e-03,2.4018761880e-04,,,
two_term,ar_mcig_sweep_rerun_0002,2.0000000000e+02,2.5022306788e+01,1.8673288647e-01,1.1162165919e-03,2.2314378815e-04,,,
two_term,ar_mcig_sweep_rerun_0002,2.0000000000e+02,2.5209388056e+01,1.8742965098e-01,1.0403610016e-03,2.0720627928e-04,,,
two_term,ar_mcig_sweep_rerun_0002,2.0000000000e+02,2.5397166090e+01,1.8812641548e-01,9.6917430594e-04,1.9231327438e-04,,,
two_term,ar_mcig_sweep_rerun_0002,2.0000000000e+02,2.5585640887e+01,1.8882317998e-01,9.0240622574e-04,1.7840373110e-04,,,
two_term,ar_mcig_sweep_rerun_0002,2.0000000000e+02,2.5774812450e+01,1.8951994448e-01,8.3981755496e-04,1.6541968583e-04,,,
two_term,ar_mcig_sweep_rerun_0002,2.0000000000e+02,2.5964680776e+01,1.9021670898e-01,7.8117989955e-04,1.5330614610e-04,,,
two_term,ar_mcig_sweep_rerun_0002,2.0000000000e+02,2.6155245867e+01,1.9091347349e-01,7.2627754949e-04,1.4201140237e-04,,,
two_term,ar_mcig_sweep_rerun_0002,2.0000000000e+02,2.6346507723e+01,1.9161023799e-01,6.7489989321e-04,1.3148549055e-04,,,
two_term,ar_mcig_sweep_rerun_0002,2.0000000000e+02,2.6538466343e+01,1.9230700249e-01,6.2685083578e-04,1.2168198858e-04,,,
two_term,ar_mcig_sweep_rerun_0002,2.0000000000e+02,2.6731121728e+01,1.9300376699e-01,5.8193882039e-04,1.1255602249e-04,,,
two_term,ar_mcig_sweep_rerun_0002,2.0000000000e+02,2.6924473877e+01,1.9370053149e-01,5.3998177440e-04,1.0406519176e-04,,,
two_term,ar_mcig_sweep_rerun_0002,2.0000000000e+02,2.7118522791e+01,1.9439729599e-01,5.0080837175e-04,9.6169767419e-05,,,
two_term,ar_mcig_sweep_rerun_0002,2.0000000000e+02,2.7313268469e+01,1.9509406050e-01,4.6425552748e-04,8.8832164930e-05,,,
two_term,ar_mcig_sweep_rerun_0002,2.0000000000e+02,2.7508710912e+01,1.9579082500e-01,4.3016372733e-04,8.2016015566e-05,,,
two_term,ar_mcig_sweep_rerun_0002,2.0000000000e+02,2.7704850119e+01,1.9648758950e-01,3.9838637295e-04,7.5687920305e-05,,,
two_term,ar_mcig_sweep_rerun_0002,2.0000000000e+02,2.7901686091e+01,1.9718435400e-01,3.6878172683e-04,6.9815872430e-05,,,
two_term,ar_mcig_sweep_rerun_0002,2.0000000000e+02,2.8099218827e+01,1.9788111850e-01,3.4121673147e-04,6.4369953484e-05,,,
two_term,ar_mcig_sweep_rerun_0002,2.0000000000e+02,2.8297448328e+01,1.9857788300e-01,3.1556581081e-04,5.9322071331e-05,,,
two_term,ar_mcig_sweep_rerun_0002,2.0000000000e+02,2.8496374593e+01,1.9927464751e-01,2.9170866701e-04,5.4645515491e-05,,,
two_term,ar_mcig_sweep_rerun_0002,2.0000000000e+02,2.8695997623e+01,1.9997141201e-01,2.6952966543e-04,5.0314818264e-05,,,
two_term,ar_mcig_sweep_rerun_0002,2.0000000000e+02,2.8896317417e+01,2.0066817651e-01,2.4892190900e-04,4.6306491099e-05,,,
two_term,ar_mcig_sweep_rerun_0002,2.0000000000e+02,2.9097333976e+01,2.0136494101e-01,2.2978485901e-04,4.2598549293e-05,,,
two_term,ar_mcig_sweep_rerun_0002,2.0000000000e+02,2.9299047299e+01,2.0206170551e-01,2.1202363661e-04,3.9170357004e-05,,,
two_term,ar_mcig_sweep_rerun_0002,2.0000000000e+02,2.9501457387e+01,2.0275847002e-01,1.9554779518e-04,3.6002378065e-05,,,
two_term,ar_mcig_sweep_rerun_0002,2.0000000000e+02,2.9704564240e+01,2.0345523452e-01,1.8027160421e-04,3.3076209240e-05,,,
two_term,ar_mcig_sweep_rerun_0002,2.0000000000e+02,2.9908367856e+01,2.0415199902e-01,1.6611431160e-04,3.0374608847e-05,,,
two_term,ar_mcig_sweep_rerun_0002,2.0000000000e+02,3.0112868238e+01,2.0484876352e-01,1.5300042666e-04,2.7881528585e-05,,,
two_term,ar_mcig_sweep_rerun_0002,2.0000000000e+02,3.0318065383e+01,2.0554552802e-01,1.4086041934e-04,2.5582220289e-05,,,
two_term,ar_mcig_sweep_rerun_0002,2.0000000000e+02,3.0523959294e+01,2.0624229252e-01,1.2962749476e-04,2.3462630158e-05,,,
two_term,ar_mcig_sweep_rerun_0002,2.0000000000e+02,3.0730549968e+01,2.0693905703e-01,1.1923865620e-04,2.1509578825e-05,,,
two_term,ar_mcig_sweep_rerun_0002,2.0000000000e+02,3.0937837408e+01,2.0763582153e-01,1.0963492567e-04,1.9710786332e-05,,,
two_term,ar_mcig_sweep_rerun_0002,2.0000000000e+02,3.1145821611e+01,2.0833258603e-01,1.0076159747e-04,1.8054902531e-05,,,
two_term,ar_mcig_sweep_rerun_0002,2.0000000000e+02,3.1354502580e+01,2.0902935053e-01,9.2567183433e-05,1.6531303220e-05,,,
two_term,ar_mcig_sweep_rerun_0002,2.0000000000e+02,3.1563880312e+01,2.0972611503e-01,8.5003254286e-05,1.5130049843e-05,,,
two_term,ar_mcig_sweep_rerun_0002,2.0000000000e+02,3.1773954810e+01,2.1042287953e-01,7.8024658082e-05,1.3841916894e-05,,,
two_term,ar_mcig_sweep_rerun_0002,2.0000000000e+02,3.1984726072e+01,2.1111964404e-01,7.1588973834e-05,1.2658283539e-05,,,
two_term,ar_mcig_sweep_rerun_0002,2.0000000000e+02,3.2196194098e+01,2.1181640854e-01,6.5657044459e-05,1.1571217600e-05,,,
two_term,ar_mcig_sweep_rerun_0002,2.0000000000e+02,3.2408358889e+01,2.1251317304e-01,6.0192173458e-05,1.0573323149e-05,,,
two_term,ar_mcig_sweep_rerun_0002,2.0000000000e+02,3.2621220444e+01,2.1320993754e-01,5.5159760222e-05,9.6576678988e-06,,,
two_term,ar_mcig_sweep_rerun_0002,2.0000000000e+02,3.2834778764e+01,2.1390670204e-01,5.0527439926e-05,8.8178000607e-06,,,
two_term,ar_mcig_sweep_rerun_0002,2.0000000000e+02,3.3049033848e+01,2.1460346655e-01,4.6265312271e-05,8.0477803371e-06,,,
two_term,ar_mcig_sweep_rerun_0002,2.0000000000e+02,3.3263985697e+01,2.1530023105e-01,4.2345884230e-05,7.3421636997e-06,,,
two_term,ar_mcig_sweep_rerun_0002,2.0000000000e+02,3.3479634310e+01,2.1599699555e-01,3.8743272900e-05,6.6958536505e-06,,,
two_term,ar_mcig_sweep_rerun_0002,2.0000000000e+02,3.3695979688e+01,2.1669376005e-01,3.5433234141e-05,6.1041015514e-06,,,
two_term,ar_mcig_sweep_rerun_0002,2.0000000000e+02,3.3913021830e+01,2.1739052455e-01,3.2393268204e-05,5.5625191880e-06,,,
two_term,ar_mcig_sweep_rerun_0002,2.0000000000e+02,3.4130760737e+01,2.1808728905e-01,2.9602612691e-05,5.0670718074e-06,,,
two_term,ar_mcig_sweep_rerun_0002,2.0000000000e+02,3.4349196408e+01,2.1878405356e-01,2.7041996185e-05,4.6140304527e-06,,,
two_term,ar_mcig_sweep_rerun_0002,2.0000000000e+02,3.4568328844e+01,2.1948081806e-01,2.4693376092e-05,4.1999225199e-06,,,
two_term,ar_mcig_sweep_rerun_0002,2.0000000000e+02,3.4788158044e+01,2.2017758256e-01,2.2540168315e-05,3.8215666432e-06,,,
two_term,ar_mcig_sweep_rerun_0002,2.0000000000e+02,3.5008684009e+01,2.2087434706e-01,2.0566909912e-05,3.4760110860e-06,,,
two_term,ar_mcig_sweep_rerun_0002,2.0000000000e+02,3.5229906739e+01,2.2157111156e-01,1.8759398034e-05,3.1605535387e-06,,,
two_term,ar_mcig_sweep_rerun_0002,2.0000000000e+02,3.5451826232e+01,2.2226787607e-01,1.7104440151e-05,2.8726952601e-06,,,
two_term,ar_mcig_sweep_rerun_0002,2.0000000000e+02,3.5674442491e+01,2.2296464057e-01,1.5589744084e-05,2.6101194840e-06,,,
two_term,ar_mcig_sweep_rerun_0002,2.0000000000e+02,3.5897755514e+01,2.2366140507e-01,1.4203958467e-05,2.3706953401e-06,,,
two_term,ar_mcig_sweep_rerun_0002,2.0000000000e+02,3.6121765301e+01,2.2435816957e-01,1.2936598279e-05,2.1524625743e-06,,,
two_term,ar_mcig_sweep_rerun_0002,2.0000000000e+02,3.6346471853e+01,2.2505493407e-01,1.1778070918e-05,1.9536332348e-06,,,
two_term,ar_mcig_sweep_rerun_0002,2.0000000000e+02,3.6571875169e+01,2.2575169857e-01,1.0719472252e-05,1.7725552874e-06,,,
two_term,ar_mcig_sweep_rerun_0002,2.0000000000e+02,3.6797975250e+01,2.2644846308e-01,9.7525438605e-06,1.6077034757e-06,,,
two_term,ar_mcig_sweep_rerun_0002,2.0000000000e+02,3.7024772095e+01,2.2714522758e-01,8.8696832824e-06,1.4576790612e-06,,,
two_term,ar_mcig_sweep_rerun_0002,2.0000000000e+02,3.7252265705e+01,2.2784199208e-01,8.0639235606e-06,1.3212045370e-06,,,
two_term,ar_mcig_sweep_rerun_0002,2.0000000000e+02,3.7480456079e+01,2.2853875658e-01,7.3288285539e-06,1.1971046802e-06,,,
two_term,ar_mcig_sweep_rerun_0002,2.0000000000e+02,3.7709343218e+01,2.2923552108e-01,6.6584432153e-06,1.0842969000e-06,,,
two_term,ar_mcig_sweep_rerun_0002,2.0000000000e+02,3.7938927121e+01,2.2993228558e-01,6.0472676946e-06,9.8178563024e-07,,,
two_term,ar_mcig_sweep_rerun_0002,2.0000000000e+02,3.8169207789e+01,2.3062905009e-01,5.4903140252e-06,8.8867018972e-07,,,
two_term,ar_mcig_sweep_rerun_0002,2.0000000000e+02,3.8400185222e+01,2.3132581459e-01,4.9829792448e-06,8.0412287857e-07,,,
two_term,ar_mcig_sweep_rerun_0002,2.0000000000e+02,3.8631859418e+01,2.3202257909e-01,4.5210098144e-06,7.2738215767e-07,,,
two_term,ar_mcig_sweep_rerun_0002,2.0000000000e+02,3.8864230380e+01,2.3271934359e-01,4.1004966906e-06,6.5775086787e-07,,,
two_term,ar_mcig_sweep_rerun_0002,2.0000000000e+02,3.9097298106e+01,2.3341610809e-01,3.7178609163e-06,5.9459296449e-07,,,
two_term,ar_mcig_sweep_rerun_0002,2.0000000000e+02,3.9331062596e+01,2.3411287260e-01,3.3698257510e-06,5.3732816417e-07,,,
two_term,ar_mcig_sweep_rerun_0002,2.0000000000e+02,3.9565523851e+01,2.3480963710e-01,3.0533772282e-06,4.8542484682e-07,,,
two_term,ar_mcig_sweep_rerun_0002,2.0000000000e+02,3.9800681870e+01,2.3550640160e-01,2.7657374567e-06,4.3839510387e-07,,,
two_term,ar_mcig_sweep_rerun_0002,2.0000000000e+02,4.0036536654e+01,2.3620316610e-01,2.5043790438e-06,3.9579637296e-07,,,
two_term,ar_mcig_sweep_rerun_0002,2.0000000000e+02,4.0273088202e+01,2.3689993060e-01,2.2669948486e-06,3.5722600493e-07,,,
two_term,ar_mcig_sweep_rerun_0002,2.0000000000e+02,4.0510336515e+01,2.3759669510e-01,2.0514633501e-06,3.2231523738e-07,,,
two_term,ar_mcig_sweep_rerun_0002,2.0000000000e+02,4.0748281593e+01,2.3829345961e-01,1.8558373760e-06,2.9072693362e-07,,,
two_term,ar_mcig_sweep_rerun_0002,2.0000000000e+02,4.0986923434e+01,2.3899022411e-01,1.6783372373e-06,2.6215404919e-07,,,
two_term,ar_mcig_sweep_rerun_0002,2.0000000000e+02,4.1226262041e+01,2.3968698861e-01,1.5173420146e-06,2.3631783744e-07,,,
two_term,ar_mcig_sweep_rerun_0002,2.0000000000e+02,4.1466297412e+01,2.4038375311e-01,1.3713686662e-06,2.1296419504e-07,,,
two_term,ar_mcig_sweep_rerun_0002,2.0000000000e+02,4.1707029547e+01,2.4108051761e-01,1.2390573896e-06,1.9186103913e-07,,,
two_term,ar_mcig_sweep_rerun_0002,2.0000000000e+02,4.1948458447e+01,2.4177728211e-01,1.1191639716e-06,1.7279680890e-07,,,
two_term,ar_mcig_sweep_rerun_0002,2.0000000000e+02,4.2190584111e+01,2.4247404662e-01,1.0105655088e-06,1.5558105152e-07,,,
two_term,ar_mcig_sweep_rerun_0002,2.0000000000e+02,4.2433406540e+01,2.4317081112e-01,9.1223170277e-07,1.4003971302e-07,,,
two_term,ar_mcig_sweep_rerun_0002,2.0000000000e+02,4.2676925733e+01,2.4386757562e-01,8.2322063038e-07,1.2601425668e-07,,,
two_term,ar_mcig_sweep_rerun_0002,2.0000000000e+02,4.2921141691e+01,2.4456434012e-01,7.4267356019e-07,1.1336065070e-07,,,
two_term,ar_mcig_sweep_rerun_0002,2.0000000000e+02,4.3166054414e+01,2.4526110462e-01,6.6980980711e-07,1.0194837907e-07,,,
two_term,ar_mcig_sweep_rerun_0002,2.0000000000e+02,4.3411663901e+01,2.4595786913e-01,6.0391844886e-07,9.1658992851e-08,,,
two_term,ar_mcig_sweep_rerun_0002,2.0000000000e+02,4.3657970152e+01,2.4665463363e-01,5.4435087981e-07,8.2384812833e-08,,,
two_term,ar_mcig_sweep_rerun_0002,2.0000000000e+02,4.3904973168e+01,2.4735139813e-01,4.9051589933e-07,7.4028036582e-08,,,
two_term,ar_mcig_sweep_rerun_0002,2.0000000000e+02,4.4152672948e+01,2.4804816263e-01,4.4187638455e-07,6.6500098986e-08,,,
two_term,ar_mcig_sweep_rerun_0002,2.0000000000e+02,4.4401069493e+01,2.4874492713e-01,3.9794680805e-07,5.9721170353e-08,,,
two_term,ar_mcig_sweep_rerun_0002,2.0000000000e+02,4.4650162803e+01,2.4944169163e-01,3.5828316681e-07,5.3618527236e-08,,,
two_term,ar_mcig_sweep_rerun_0002,2.0000000000e+02,4.4899952876e+01,2.5013845614e-01,3.2248177773e-07,4.8126273706e-08,,,
two_term,ar_mcig_sweep_rerun_0002,2.0000000000e+02,4.5150439715e+01,2.5083522064e-01,2.9017655172e-07,4.3184840848e-08,,,
two_term,ar_mcig_sweep_rerun_0002,2.0000000000e+02,4.5401623318e+01,2.5153198514e-01,2.6103520895e-07,3.8740337438e-08,,,
two_term,ar_mcig_sweep_rerun_0002,2.0000000000e+02,4.5653503685e+01,2.5222874964e-01,2.3475568475e-07,3.4743939587e-08,,,
two_term,ar_mcig_sweep_rerun_0002,2.0000000000e+02,4.5906080817e+01,2.5292551414e-01,2.1106376008e-07,3.1151471220e-08,,,
two_term,ar_mcig_sweep_rerun_0002,2.0000000000e+02,4.6159354713e+01,2.5362227864e-01,1.8971108390e-07,2.7923049158e-08,,,
two_term,ar_mcig_sweep_rerun_0002,2.0000000000e+02,4.6413325374e+01,2.5431904315e-01,1.7047168657e-07,2.5022512517e-08,,,
two_term,ar_mcig_sweep_rerun_0002,2.0000000000e+02,4.6667992800e+01,2.5501580765e-01,1.5314227054e-07,2.2417414432e-08,,,
two_term,ar_mcig_sweep_rerun_0002,2.0000000000e+02,4.6923356990e+01,2.5571257215e-01,1.3753760325e-07,2.0078298873e-08,,,
two_term,ar_mcig_sweep_rerun_0002,2.0000000000e+02,4.7179417944e+01,2.5640933665e-01,1.2349015290e-07,1.7978606996e-08,,,
two_term,ar_mcig_sweep_rerun_0002,2.0000000000e+02,4.7436175663e+01,2.5710610115e-01,1.1084824226e-07,1.6094369823e-08,,,
two_term,ar_mcig_sweep_rerun_0002,2.0000000000e+02,4.7693630146e+01,2.5780286566e-01,9.9474414132e-08,1.4403936570e-08,,,
two_term,ar_mcig_sweep_rerun_0002,2.0000000000e+02,4.7951781394e+01,2.5849963016e-01,8.9244272409e-08,1.2887776037e-08,,,
two_term,ar_mcig_sweep_rerun_0002,2.0000000000e+02,4.8210629407e+01,2.5919639466e-01,8.0045462322e-08,1.1528301250e-08,,,
two_term,ar_mcig_sweep_rerun_0002,2.0000000000e+02,4.8470174183e+01,2.5989315916e-01,7.1776372431e-08,1.0309656965e-08,,,
two_term,ar_mcig_sweep_rerun_0002,2.0000000000e+02,4.8730415725e+01,2.6058992366e-01,6.4344944531e-08,9.2175260280e-09,,,
two_term,ar_mcig_sweep_rerun_0002,2.0000000000e+02,4.8991354031e+01,2.6128668816e-01,5.7668018132e-08,8.2390152169e-09,,,
two_term,ar_mcig_sweep_rerun_0002,2.0000000000e+02,4.9252989101e+01,2.6198345267e-01,5.1670880660e-08,7.3625722118e-09,,,
two_term,ar_mcig_sweep_rerun_0002,2.0000000000e+02,4.9515320936e+01,2.6268021717e-01,4.6285809523e-08,6.5777606230e-09,,,
two_term,ar_mcig_sweep_rerun_0002,2.0000000000e+02,4.9778349536e+01,2.6337698167e-01,4.1451601848e-08,5.8751785762e-09,,,
two_term,ar_mcig_sweep_rerun_0002,2.0000000000e+02,5.0042074899e+01,2.6407374617e-01,3.7113049625e-08,5.2463708711e-09,,,
two_term,ar_mcig_sweep_rerun_0002,2.0000000000e+02,5.0306497028e+01,2.6477051067e-01,3.3220399305e-08,4.6837403320e-09,,,
two_term,ar_mcig_sweep_rerun_0002,2.0000000000e+02,5.0571615921e+01,2.6546727517e-01,2.9728754401e-08,4.1804525437e-09,,,
two_term,ar_mcig_sweep_rerun_0002,2.0000000000e+02,5.0837431578e+01,2.6616403968e-01,2.6597604723e-08,3.7303598408e-09,,,
two_term,ar_mcig_sweep_rerun_0002,2.0000000000e+02,5.1103944000e+01,2.6686080418e-01,2.3790461483e-08,3.3279412987e-09,,,
two_term,ar_mcig_sweep_rerun_0002,2.0000000000e+02,5.1371153187e+01,2.6755756868e-01,2.1274444866e-08,2.9682370313e-09,,,
two_term,ar_mcig_sweep_rerun_0002,2.0000000000e+02,5.1639059138e+01,2.6825433318e-01,1.9019886751e-08,2.6467856190e-09,,,
two_term,ar_mcig_sweep_rerun_0002,2.0000000000e+02,5.1907661853e+01,2.6895109768e-01,1.7000199325e-08,2.3595994162e-09,,,
two_term,ar_mcig_sweep_rerun_0002,2.0000000000e+02,5.2176961333e+01,2.6964786219e-01,1.5191379031e-08,2.1030897566e-09,,,
two_term,ar_mcig_sweep_rerun_0002,2.0000000000e+02,5.2446957577e+01,2.7034462669e-01,1.3571826720e-08,1.8740369783e-09,,,
two_term,ar_mcig_sweep_rerun_0002,2.0000000000e+02,5.2717650586e+01,2.7104139119e-01,1.2122097899e-08,1.6695512822e-09,,,
two_term,ar_mcig_sweep_rerun_0002,2.0000000000e+02,5.2989040360e+01,2.7173815569e-01,1.0824702039e-08,1.4870409340e-09,,,
two_term,ar_mcig_sweep_rerun_0002,2.0000000000e+02,5.3261126898e+01,2.7243492019e-01,9.6639270427e-09,1.3241843997e-09,,,
two_term,ar_mcig_sweep_rerun_0002,2.0000000000e+02,5.3533910200e+01,2.7313168469e-01,8.6256455378e-09,1.1789004249e-09,,,
two_term,ar_mcig_sweep_rerun_0002,2.0000000000e+02,5.3807390267e+01,2.7382844920e-01,7.6971538263e-09,1.0493230227e-09,,,
two_term,ar_mcig_sweep_rerun_0002,2.0000000000e+02,5.4081567098e+01,2.7452521370e-01,6.8670434070e-09,9.3378127077e-10,,,
two_term,ar_mcig_sweep_rerun_0002,2.0000000000e+02,5.4356440694e+01,2.7522197820e-01,6.1250550097e-09,8.3077704469e-10,,,
two_term,ar_mcig_sweep_rerun_0002,2.0000000000e+02,5.4632011055e+01,2.7591874270e-01,5.4620006417e-09,7.3897228918e-10,,,
two_term,ar_mcig_sweep_rerun_0002,2.0000000000e+02,5.4908278180e+01,2.7661550720e-01,4.8696334751e-09,6.5716944319e-10,,,
two_term,ar_mcig_sweep_rerun_0002,2.0000000000e+02,5.5185242069e+01,2.7731227170e-01,4.3405442682e-09,5.8429573184e-10,,,
two_term,ar_mcig_sweep_rerun_0002,2.0000000000e+02,5.5462902723e+01,2.7800903621e-01,3.8680865956e-09,5.1939156286e-10,,,
two_term,ar_mcig_sweep_rerun_0002,2.0000000000e+02,5.5741260142e+01,2.7870580071e-01,3.4462968930e-09,4.6159840257e-10,,,
two_term,ar_mcig_sweep_rerun_0002,2.0000000000e+02,5.6020314325e+01,2.7940256521e-01,3.0698279517e-09,4.1014863027e-10,,,
two_term,ar_mcig_sweep_rerun_0002,2.0000000000e+02,5.6300065272e+01,2.8009932971e-01,2.7338894884e-09,3.6435648690e-10,,,
two_term,ar_mcig_sweep_rerun_0002,2.0000000000e+02,5.6580512984e+01,2.8079609421e-01,2.4341876606e-09,3.2360901850e-10,,,
two_term,ar_mcig_sweep_rerun_0002,2.0000000000e+02,5.6861657461e+01,2.8149285872e-01,2.1668739869e-09,2.8735840113e-10,,,
two_term,ar_mcig_sweep_rerun_0002,2.0000000000e+02,5.7143498702e+01,2.8218962322e-01,1.9285027945e-09,2.5511550772e-10,,,
two_term,ar_mcig_sweep_rerun_0002,2.0000000000e+02,5.7426036707e+01,2.8288638772e-01,1.7159852233e-09,2.2644311559e-10,,,
two_term,ar_mcig_sweep_rerun_0002,2.0000000000e+02,5.7709271477e+01,2.8358315222e-01,1.5265595944e-09,2.0095136808e-10,,,
two_term,ar_mcig_sweep_rerun_0002,2.0000000000e+02,5.7993203011e+01,2.8427991672e-01,1.3577582675e-09,1.7829284212e-10,,,
two_term,ar_mcig_sweep_rerun_0002,2.0000000000e+02,5.8277831310e+01,2.8497668122e-01,1.2073696744e-09,1.5815705607e-10,,,
two_term,ar_mcig_sweep_rerun_0002,2.0000000000e+02,5.8563156374e+01,2.8567344573e-01,1.0734152381e-09,1.4026700316e-10,,,
two_term,ar_mcig_sweep_rerun_0002,2.0000000000e+02,5.8849178202e+01,2.8637021023e-01,9.5412494106e-10,1.2437555947e-10,,,
two_term,ar_mcig_sweep_rerun_0002,2.0000000000e+02,5.9135896794e+01,2.8706697473e-01,8.4791672398e-10,1.1026244224e-10,,,
two_term,ar_mcig_sweep_rerun_0002,2.0000000000e+02,5.9423312151e+01,2.8776373923e-01,7.5337672856e-10,9.7731321998e-11,,,
two_term,ar_mcig_sweep_rerun_0002,2.0000000000e+02,5.9711424273e+01,2.8846050373e-01,6.6924122757e-10,8.6607194782e-11,,,
two_term,ar_mcig_sweep_rerun_0002,2.0000000000e+02,6.0000233159e+01,2.8915726824e-01,5.9438109385e-10,7.6734120166e-11,,,
two_term,ar_mcig_sweep_rerun_0002,2.0000000000e+02,6.0289738809e+01,2.8985403274e-01,5.2778823013e-10,6.7973244453e-11,,,
two_term,ar_mcig_sweep_rerun_0002,2.0000000000e+02,6.0579941224e+01,2.9055079724e-01,4.6856232836e-10,6.0200894636e-11,,,
two_term,ar_mcig_sweep_rerun_0002,2.0000000000e+02,6.0870840404e+01,2.9124756174e-01,4.1589775977e-10,5.3306716469e-11,,,
two_term,ar_mcig_sweep_rerun_0002,2.0000000000e+02,6.1162436348e+01,2.9194432624e-01,3.6907875348e-10,4.7192899048e-11,,,
two_term,ar_mcig_sweep_rerun_0002,2.0000000000e+02,6.1454729056e+01,2.9264109074e-01,3.2746568546e-10,4.1772276462e-11,,,
two_term,ar_mcig_sweep_rerun_0002,2.0000000000e+02,6.1747718529e+01,2.9333785525e-01,2.9048735535e-10,3.6967218527e-11,,,
two_term,ar_mcig_sweep_rerun_0002,2.0000000000e+02,6.2041404767e+01,2.9403461975e-01,2.5763430921e-10,3.2708670079e-11,,,
two_term,ar_mcig_sweep_rerun_0002,2.0000000000e+02,6.2335787769e+01,2.9473138425e-01,2.2845239652e-10,2.8935233553e-11,,,
two_term,ar_mcig_sweep_rerun_0002,2.0000000000e+02,6.2630867535e+01,2.9542814875e-01,2.0253671090e-10,2.5592313038e-11,,,
two_term,ar_mcig_sweep_rerun_0002,2.0000000000e+02,6.2926644066e+01,2.9612491325e-01,1.7952631724e-10,2.2631369556e-11,,,
two_term,ar_mcig_sweep_rerun_0002,2.0000000000e+02,6.3223117362e+01,2.9682167775e-01,1.5909967522e-10,2.0009274405e-11,,,
two_term,ar_mcig_sweep_rerun_0002,2.0000000000e+02,6.3520287422e+01,2.9751844226e-01,1.4097034051e-10,1.7687706430e-11,,,
two_term,ar_mcig_sweep_rerun_0002,2.0000000000e+02,6.3818154246e+01,2.9821520676e-01,1.2488315274e-10,1.5632618682e-11,,,
two_term,ar_mcig_sweep_rerun_0002,2.0000000000e+02,6.4116717835e+01,2.9891197126e-01,1.1061092190e-10,1.3813774773e-11,,,
two_term,ar_mcig_sweep_rerun_0002,2.0000000000e+02,6.4415978189e+01,2.9960873576e-01,9.7951165086e-11,1.2204297986e-11,,,
two_term,ar_mcig_sweep_rerun_0002,2.0000000000e+02,6.4715935307e+01,3.0030550026e-01,8.6723936675e-11,1.0780362572e-11,,,
two_term,ar_mcig_sweep_rerun_0002,2.0000000000e+02,6.5016589189e+01,3.0100226477e-01,7.6769313838e-11,9.5208465968e-12,,,
two_term,ar_mcig_sweep_rerun_0002,2.0000000000e+02,6.5317939836e+01,3.0169902927e-01,6.7944779478e-11,8.4069769026e-12,,,
two_term,ar_mcig_sweep_rerun_0002,2.0000000000e+02,6.5619987248e+01,3.0239579377e-01,6.0123562897e-11,7.4220972064e-12,,,
two_term,ar_mcig_sweep_rerun_0002,2.0000000000e+02,6.5922731424e+01,3.0309255827e-01,5.3192918974e-11,6.5514318277e-12,,,
two_term,ar_mcig_sweep_rerun_0002,2.0000000000e+02,6.6226172364e+01,3.0378932277e-01,4.7052624389e-11,5.7818793351e-12,,,
two_term,ar_mcig_sweep_rerun_0002,2.0000000000e+02,6.6530310069e+01,3.0448608727e-01,4.1613593440e-11,5.1018236902e-12,,,
two_term,ar_mcig_sweep_rerun_0002,2.0000000000e+02,6.6835144539e+01,3.0518285178e-01,3.6796649493e-11,4.5009670137e-12,,,
two_term,ar_mcig_sweep_rerun_0002,2.0000000000e+02,6.7140675773e+01,3.0587961628e-01,3.2531448218e-11,3.9701831639e-12,,,
two_term,ar_mcig_sweep_rerun_0002,2.0000000000e+02,6.7446903771e+01,3.0657638078e-01,2.8755505811e-11,3.5013860928e-12,,,
two_term,ar_mcig_sweep_rerun_0002,2.0000000000e+02,6.7753828534e+01,3.0727314528e-01,2.5413325315e-11,3.0874119126e-12,,,
two_term,ar_mcig_sweep_rerun_0002,2.0000000000e+02,6.8061450062e+01,3.0796990978e-01,2.2455628268e-11,2.7219153298e-12,,,
two_term,ar_mcig_sweep_rerun_0002,2.0000000000e+02,6.8369768354e+01,3.0866667428e-01,1.9838614166e-11,2.3992708460e-12,,,
two_term,ar_mcig_sweep_rerun_0002,2.0000000000e+02,6.8678783411e+01,3.0936343879e-01,1.7523483381e-11,2.1145070835e-12,,,
two_term,ar_mcig_sweep_rerun_0002,2.0000000000e+02,6.8988495232e+01,3.1006020329e-01,1.5475829591e-11,1.8632262872e-12,,,
two_term,ar_mcig_sweep_rerun_0002,2.0000000000e+02,6.9298903817e+01,3.1075696779e-01,1.3665081244e-11,1.6415307993e-12,,,
two_term,ar_mcig_sweep_rerun_0002,2.0000000000e+02,6.9610009167e+01,3.1145373229e-01,1.2064120224e-11,1.4459717592e-12,,,
two_term,ar_mcig_sweep_rerun_0002,2.0000000000e+02,6.9921811282e+01,3.1215049679e-01,1.0648895770e-11,1.2734979239e-12,,,
two_term,ar_mcig_sweep_rerun_0002,2.0000000000e+02,7.0234310161e+01,3.1284726130e-01,9.3980845265e-12,1.1214106756e-12,,,
two_term,ar_mcig_sweep_rerun_0002,2.0000000000e+02,7.0547505804e+01,3.1354402580e-01,8.2927837892e-12,9.8732358290e-13,,,
two_term,ar_mcig_sweep_rerun_0002,2.0000000000e+02,7.0861398212e+01,3.1424079030e-01,7.3162392701e-12,8.6912659916e-13,,,
two_term,ar_mcig_sweep_rerun_0002,2.0000000000e+02,7.1175987385e+01,3.1493755480e-01,6.4536049272e-12,7.6495453773e-13,,,
two_term,ar_mcig_sweep_rerun_0002,2.0000000000e+02,7.1491273322e+01,3.1563431930e-01,5.6917280620e-12,6.7315895280e-13,,,
two_term,ar_mcig_sweep_rerun_0002,2.0000000000e+02,7.1807256024e+01,3.1633108380e-01,5.0189578823e-12,5.9228316103e-13,,,
two_term,ar_mcig_sweep_rerun_0002,2.0000000000e+02,7.2123935490e+01,3.1702784831e-01,4.4249763763e-12,5.2104021976e-13,,,
two_term,ar_mcig_sweep_rerun_0002,2.0000000000e+02,7.2441311720e+01,3.1772461281e-01,3.9006477957e-12,4.5829338128e-13,,,
two_term,ar_mcig_sweep_rerun_0002,2.0000000000e+02,7.2759384715e+01,3.1842137731e-01,3.4378677525e-12,4.0303675859e-13,,,
two_term,ar_mcig_sweep_rerun_0002,2.0000000000e+02,7.3078154475e+01,3.1911814181e-01,3.0294961608e-12,3.5438605234e-13,,,
two_term,ar_mcig_sweep_rerun_0002,2.0000000000e+02,7.3397620999e+01,3.1981490631e-01,2.6691998050e-12,3.1155885038e-13,,,
two_term,ar_mcig_sweep_rerun_0002,2.0000000000e+02,7.3717784287e+01,3.2051167081e-01,2.3513730487e-12,2.7386428522e-13,,,
two_term,ar_mcig_sweep_rerun_0002,2.0000000000e+02,7.4038644340e+01,3.2120843532e-01,2.0710571547e-12,2.4069266478e-13,,,
two_term,ar_mcig_sweep_rerun_0002,2.0000000000e+02,7.4360201158e+01,3.2190519982e-01,1.8238665905e-12,2.1150604778e-13,,,
two_term,ar_mcig_sweep_rerun_0002,2.0000000000e+02,7.4682454740e+01,3.2260196432e-01,1.6059233841e-12,1.8582987288e-13,,,
two_term,ar_mcig_sweep_rerun_0002,2.0000000000e+02,7.5005405087e+01,3.2329872882e-01,1.4137990012e-12,1.6324556452e-13,,,
two_term,ar_mcig_sweep_rerun_0002,2.0000000000e+02,7.5329052198e+01,3.2399549332e-01,1.2444628833e-12,1.4338400157e-13,,,
two_term,ar_mcig_sweep_rerun_0002,2.0000000000e+02,7.5653396073e+01,3.2469225783e-01,1.0952367027e-12,1.2591972744e-13,,,
two_term,ar_mcig_sweep_rerun_0002,2.0000000000e+02,7.5978436713e+01,3.2538902233e-01,9.6375384654e-13,1.1056583438e-13,,,
two_term,ar_mcig_sweep_rerun_0002,2.0000000000e+02,7.6304174118e+01,3.2608578683e-01,8.4792353250e-13,9.7069443629e-14,,,
two_term,ar_mcig_sweep_rerun_0002,2.0000000000e+02,7.6630608287e+01,3.2678255133e-01,7.4589899181e-13,8.5207708053e-14,,,
two_term,ar_mcig_sweep_rerun_0002,2.0000000000e+02,7.6957739221e+01,3.2747931583e-01,6.5604928180e-13,7.4784279507e-14,,,
two_term,ar_mcig_sweep_rerun_0002,2.0000000000e+02,7.7285566919e+01,3.2817608033e-01,5.7693284373e-13,6.5626019731e-14,,,
two_term,ar_mcig_sweep_rerun_0002,2.0000000000e+02,7.7614091381e+01,3.2887284484e-01,5.0727858912e-13,5.7580607622e-14,,,
two_term,ar_mcig_sweep_rerun_0002,2.0000000000e+02,7.7943312608e+01,3.2956960934e-01,4.4596618261e-13,5.0514085839e-14,,,
two_term,ar_mcig_sweep_rerun_0002,2.0000000000e+02,7.8273230600e+01,3.3026637384e-01,3.9200513638e-13,4.4308304132e-14,,,
two_term,ar_mcig_sweep_rerun_0002,2.0000000000e+02,7.8603845356e+01,3.3096313834e-01,3.4452150184e-13,3.8859251895e-14,,,
two_term,ar_mcig_sweep_rerun_0002,2.0000000000e+02,7.8935156877e+01,3.3165990284e-01,3.0274429671e-13,3.4075381921e-14,,,
two_term,ar_mcig_sweep_rerun_0002,2.0000000000e+02,7.9267165162e+01,3.3235666734e-01,2.6599347231e-13,2.9876128276e-14,,,
two_term,ar_mcig_sweep_rerun_0002,2.0000000000e+02,7.9599870211e+01,3.3305343185e-01,2.3366930350e-13,2.6190602199e-14,,,
two_term,ar_mcig_sweep_rerun_0002,2.0000000000e+02,7.9933272025e+01,3.3375019635e-01,2.0524299724e-13,2.2956440664e-14,,,
two_term,ar_mcig_sweep_rerun_0002,2.0000000000e+02,8.0267370604e+01,3.3444696085e-01,1.8024836572e-13,2.0118788144e-14,,,
two_term,ar_mcig_sweep_rerun_0002,2.0000000000e+02,8.0602165947e+01,3.3514372535e-01,1.5827449401e-13,1.7629401861e-14,,,
two_term,ar_mcig_sweep_rerun_0002,2.0000000000e+02,8.0937658055e+01,3.3584048985e-01,1.3895925271e-13,1.5445862094e-14,,,
two_term,ar_mcig_sweep_rerun_0002,2.0000000000e+02,8.1273846927e+01,3.3653725436e-01,1.2198354539e-13,1.3530873799e-14,,,
two_term,ar_mcig_sweep_rerun_0002,2.0000000000e+02,8.1610732563e+01,3.3723401886e-01,1.0706625021e-13,1.1851653738e-14,,,
two_term,ar_mcig_sweep_rerun_0002,2.0000000000e+02,8.1948314965e+01,3.3793078336e-01,9.3959745771e-14,1.0379389723e-14,,,
two_term,ar_mcig_sweep_rerun_0002,2.0000000000e+02,8.2286594130e+01,3.3862754786e-01,8.2445858887e-14,9.0887530442e-15,,,
two_term,ar_mcig_sweep_rerun_0002,2.0000000000e+02,8.2625570060e+01,3.3932431236e-01,7.2332313948e-14,7.9574720927e-15,,,
two_term,ar_mcig_sweep_rerun_0002,2.0000000000e+02,8.2965242755e+01,3.4002107686e-01,6.3450455305e-14,6.9660509840e-15,,,
two_term,ar_mcig_sweep_rerun_0002,2.0000000000e+02,8.3305612214e+01,3.4071784137e-01,5.5651424032e-14,6.0973222918e-15,,,
two_term,ar_mcig_sweep_rerun_0002,2.0000000000e+02,8.3646678438e+01,3.4141460587e-01,4.8804207459e-14,5.3362100268e-15,,,
two_term,ar_mcig_sweep_rerun_0002,2.0000000000e+02,8.3988441426e+01,3.4211137037e-01,4.2793519981e-14,4.6694770989e-15,,,
two_term,ar_mcig_sweep_rerun_0002,2.0000000000e+02,8.4330901178e+01,3.4280813487e-01,3.7517923859e-14,4.0855019961e-15,,,
two_term,ar_mcig_sweep_rerun_0002,2.0000000000e+02,8.4674057695e+01,3.4350489937e-01,3.2888185584e-14,3.5740837779e-15,,,
two_term,ar_mcig_sweep_rerun_0002,2.0000000000e+02,8.5017910977e+01,3.4420166387e-01,2.8825820860e-14,3.1262698957e-15,,,
two_term,ar_mcig_sweep_rerun_0002,2.0000000000e+02,8.5362461023e+01,3.4489842838e-01,2.5261805131e-14,2.7342040167e-15,,,
two_term,ar_mcig_sweep_rerun_0002,2.0000000000e+02,8.5707707834e+01,3.4559519288e-01,2.2135447212e-14,2.3909933069e-15,,,
two_term,ar_mcig_sweep_rerun_0002,2.0000000000e+02,8.6053651409e+01,3.4629195738e-01,1.9393391640e-14,2.0905911926e-15,,,
two_term,ar_mcig_sweep_rerun_0002,2.0000000000e+02,8.6400291749e+01,3.4698872188e-01,1.6988735932e-14,1.8276938958e-15,,,
two_term,ar_mcig_sweep_rerun_0002,2.0000000000e+02,8.6747628853e+01,3.4768548638e-01,1.4880259413e-14,1.5976501928e-15,,,
two_term,ar_mcig_sweep_rerun_0002,2.0000000000e+02,8.7095662721e+01,3.4838225089e-01,1.3031740125e-14,1.3963816940e-15,,,
two_term,ar_mcig_sweep_rerun_0002,2.0000000000e+02,8.7444393355e+01,3.4907901539e-01,1.1411351791e-14,1.2203126393e-15,,,
two_term,ar_mcig_sweep_rerun_0002,2.0000000000e+02,8.7793820752e+01,3.4977577989e-01,9.9911364749e-15,1.0663086111e-15,,,
two_term,ar_mcig_sweep_rerun_0002,2.0000000000e+02,8.8143944914e+01,3.5047254439e-01,8.7464869965e-15,9.3161701744e-16,,,
two_term,ar_mcig_sweep_rerun_0002,2.0000000000e+02,8.8494765841e+01,3.5116930889e-01,7.6558982931e-15,8.1383687351e-16,,,
two_term,ar_mcig_sweep_rerun_0002,2.0000000000e+02,8.8846283532e+01,3.5186607339e-01,6.7004313851e-15,7.1085845169e-16,,,
two_term,ar_mcig_sweep_rerun_0002,2.0000000000e+02,8.9198497988e+01,3.5256283790e-01,5.8634571192e-15,6.2083327047e-16,,,
two_term,ar_mcig_sweep_rerun_0002,2.0000000000e+02,8.9551409208e+01,3.5325960240e-01,5.1303780872e-15,5.4214213252e-16,,,
two_term,ar_mcig_sweep_rerun_0002,2.0000000000e+02,8.9905017193e+01,3.5395636690e-01,4.4883829398e-15,4.7336695664e-16,,,
two_term,ar_mcig_sweep_rerun_0002,2.0000000000e+02,9.0259321942e+01,3.5465313140e-01,3.9262287593e-15,4.1326589521e-16,,,
two_term,ar_mcig_sweep_rerun_0002,2.0000000000e+02,9.0614323455e+01,3.5534989590e-01,3.4340507660e-15,3.6075161580e-16,,,
two_term,ar_mcig_sweep_rerun_0002,2.0000000000e+02,9.0970021733e+01,3.5604666041e-01,3.0031949503e-15,3.1487224150e-16,,,
two_term,ar_mcig_sweep_rerun_0002,2.0000000000e+02,9.1326416776e+01,3.5674342491e-01,2.6260698762e-15,2.7479452067e-16,,,
two_term,ar_mcig_sweep_rerun_0002,2.0000000000e+02,9.1683508583e+01,3.5744018941e-01,2.2960176228e-15,2.3978919227e-16,,,
two_term,ar_mcig_sweep_rerun_0002,2.0000000000e+02,9.2041297155e+01,3.5813695391e-01,2.0071999123e-15,2.0921810494e-16,,,
two_term,ar_mcig_sweep_rerun_0002,2.0000000000e+02,9.2399782491e+01,3.5883371841e-01,1.7544974500e-15,1.8252286070e-16,,,
two_term,ar_mcig_sweep_rerun_0002,2.0000000000e+02,9.2758964592e+01,3.5953048291e-01,1.5334223984e-15,1.5921495429e-16,,,
two_term,ar_mcig_sweep_rerun_0002,2.0000000000e+02,9.3118843457e+01,3.6022724742e-01,1.3400409905e-15,1.3886707774e-16,,,
two_term,ar_mcig_sweep_rerun_0002,2.0000000000e+02,9.3479419087e+01,3.6092401192e-01,1.1709053931e-15,1.2110548239e-16,,,
two_term,ar_mcig_sweep_rerun_0002,2.0000000000e+02,9.3840691481e+01,3.6162077642e-01,1.0229943242e-15,1.0560333278e-16,,,
two_term,ar_mcig_sweep_rerun_0002,2.0000000000e+02,9.4202660639e+01,3.6231754092e-01,8.9365632340e-16,9.2074410751e-17,,,
two_term,ar_mcig_sweep_rerun_0002,2.0000000000e+02,9.4565326563e+01,3.6301430542e-01,7.8057628294e-16,8.0269283835e-17,,,
two_term,ar_mcig_sweep_rerun_0002,2.0000000000e+02,9.4928689250e+01,3.6371106992e-01,6.8172381884e-16,6.9969653945e-17,,,
two_term,ar_mcig_sweep_rerun_0002,2.0000000000e+02,9.5292748702e+01,3.6440783443e-01,5.9531933814e-16,6.0984583641e-17,,,
two_term,ar_mcig_sweep_rerun_0002,2.0000000000e+02,9.5657504919e+01,3.6510459893e-01,5.1980444308e-16,5.3147209034e-17,,,
two_term,ar_mcig_sweep_rerun_0002,2.0000000000e+02,9.6022957900e+01,3.6580136343e-01,4.5381465945e-16,4.6311727454e-17,,,
two_term,ar_mcig_sweep_rerun_0002,2.0000000000e+02,9.6389107646e+01,3.6649812793e-01,3.9615534311e-16,4.0350743180e-17,,,
two_term,ar_mcig_sweep_rerun_0002,2.0000000000e+02,9.6755954156e+01,3.6719489243e-01,3.4578077191e-16,3.5152967241e-17,,,
two_term,ar_mcig_sweep_rerun_0002,2.0000000000e+02,9.7123497431e+01,3.6789165694e-01,3.0177569092e-16,3.0621192269e-17,,,
two_term,ar_mcig_sweep_rerun_0002,2.0000000000e+02,9.7491737470e+01,3.6858842144e-01,2.6333908218e-16,2.6670515647e-17,,,
two_term,ar_mcig_sweep_rerun_0002,2.0000000000e+02,9.7860674274e+01,3.6928518594e-01,2.2977004944e-16,2.3226796548e-17,,,
two_term,ar_mcig_sweep_rerun_0002,2.0000000000e+02,9.8230307842e+01,3.6998195044e-01,2.0045534805e-16,2.0225296404e-17,,,
two_term,ar_mcig_sweep_rerun_0002,2.0000000000e+02,9.8600638175e+01,3.7067871494e-01,1.7485848762e-16,1.7609493106e-17,,,
two_term,ar_mcig_sweep_rerun_0002,2.0000000000e+02,9.8971665272e+01,3.7137547944e-01,1.5251020419e-16,1.5330046201e-17,,,
two_term,ar_mcig_sweep_rerun_0002,2.0000000000e+02,9.9343389134e+01,3.7207224395e-01,1.3300004333e-16,1.3343885184e-17,,,
two_term,ar_mcig_sweep_rerun_0002,2.0000000000e+02,9.9715809760e+01,3.7276900845e-01,1.1596905366e-16,1.1613419209e-17,,,
two_term,ar_mcig_sweep_rerun_0002,2.0000000000e+02,1.0008892715e+02,3.7346577295e-01,1.0110217938e-16,1.0105725569e-17,,,
two_term,ar_mcig_sweep_rerun_0002,2.0000000000e+02,1.0046274131e+02,3.7416253745e-01,8.8121574168e-17,8.7918391592e-18,,,
two_term,ar_mcig_sweep_rerun_0002,2.0000000000e+02,1.0083725223e+02,3.7485930195e-01,7.6787768548e-17,7.6468319450e-18,,,
two_term,ar_mcig_sweep_rerun_0002,2.0000000000e+02,1.0121245991e+02,3.7555606645e-01,6.6894384392e-17,6.6492501428e-18,,,
two_term,ar_mcig_sweep_rerun_0002,2.0000000000e+02,1.0158836436e+02,3.7625283096e-01,5.8260814801e-17,5.7803557819e-18,,,
two_term,ar_mcig_sweep_rerun_0002,2.0000000000e+02,1.0196496557e+02,3.7694959546e-01,5.0728581108e-17,5.0237408325e-18,,,
two_term,ar_mcig_sweep_rerun_0002,2.0000000000e+02,1.0234226355e+02,3.7764635996e-01,4.4158889213e-17,4.3650641578e-18,,,
two_term,ar_mcig_sweep_rerun_0002,2.0000000000e+02,1.0272025829e+02,3.7834312446e-01,3.8430216757e-17,3.7917944156e-18,,,
two_term,ar_mcig_sweep_rerun_0002,2.0000000000e+02,1.0309894980e+02,3.7903988896e-01,3.3436191581e-17,3.2929844829e-18,,,
two_term,ar_mcig_sweep_rerun_0002,2.0000000000e+02,1.0347833807e+02,3.7973665347e-01,2.9083727579e-17,2.8590736668e-18,,,
two_term,ar_mcig_sweep_rerun_0002,2.0000000000e+02,1.0385842311e+02,3.8043341797e-01,2.5291386870e-17,2.4817142969e-18,,,
two_term,ar_mcig_sweep_rerun_0002,2.0000000000e+02,1.0423920491e+02,3.8113018247e-01,2.1987941119e-17,2.1536197250e-18,,,
two_term,ar_mcig_sweep_rerun_0002,2.0000000000e+02,1.0462068347e+02,3.8182694697e-01,1.9111108144e-17,1.8684311262e-18,,,
two_term,ar_mcig_sweep_rerun_0002,2.0000000000e+02,1.0500285880e+02,3.8252371147e-01,1.6606442738e-17,1.6206008063e-18,,,
two_term,ar_mcig_sweep_rerun_0002,2.0000000000e+02,1.0538573089e+02,3.8322047597e-01,1.4426363176e-17,1.4052899979e-18,,,
two_term,ar_mcig_sweep_rerun_0002,2.0000000000e+02,1.0576929975e+02,3.8391724048e-01,1.2529297014e-17,1.2182793698e-18,,,
two_term,ar_mcig_sweep_rerun_0002,2.0000000000e+02,1.0615356537e+02,3.8461400498e-01,1.0878931779e-17,1.0558906901e-18,,,
two_term,ar_mcig_sweep_rerun_0002,2.0000000000e+02,1.0653852776e+02,3.8531076948e-01,9.4435578582e-18,9.1491826967e-19,,,
two_term,ar_mcig_sweep_rerun_0002,2.0000000000e+02,1.0692418691e+02,3.8600753398e-01,8.1954923735e-18,7.9256898292e-19,,,
two_term,ar_mcig_sweep_rerun_0002,2.0000000000e+02,1.0731054283e+02,3.8670429848e-01,7.1105742264e-18,6.8640980485e-19,,,
two_term,ar_mcig_sweep_rerun_0002,2.0000000000e+02,1.0769759551e+02,3.8740106298e-01,6.1677216188e-18,5.9432193582e-19,,,
two_term,ar_mcig_sweep_rerun_0002,2.0000000000e+02,1.0808534496e+02,3.8809782749e-01,5.3485444346e-18,5.1446069691e-19,,,
two_term,ar_mcig_sweep_rerun_0002,2.0000000000e+02,1.0847379116e+02,3.8879459199e-01,4.6369792067e-18,4.4521802513e-19,,,
two_term,ar_mcig_sweep_rerun_0002,2.0000000000e+02,1.0886293414e+02,3.8949135649e-01,4.0190720297e-18,3.8519955073e-19,,,
two_term,ar_mcig_sweep_rerun_0002,2.0000000000e+02,1.0925277388e+02,3.9018812099e-01,3.4826362415e-18,3.3318993899e-19,,,
two_term,ar_mcig_sweep_rerun_0002,2.0000000000e+02,1.0964331038e+02,3.9088488549e-01,3.0170491384e-18,2.8813188061e-19,,,
two_term,ar_mcig_sweep_rerun_0002,2.0000000000e+02,1.1003454365e+02,3.9158165000e-01,2.6130562390e-18,2.4910602604e-19,,,
two_term,ar_mcig_sweep_rerun_0002,2.0000000000e+02,1.1042647368e+02,3.9227841450e-01,2.2625969788e-18,2.1531317297e-19,,,
two_term,ar_mcig_sweep_rerun_0002,2.0000000000e+02,1.1081910048e+02,3.9297517900e-01,1.9586522822e-18,1.8605872159e-19,,,
two_term,ar_mcig_sweep_rerun_0002,2.0000000000e+02,1.1121242404e+02,3.9367194350e-01,1.6951112926e-18,1.6073911158e-19,,,
two_term,ar_mcig_sweep_rerun_0002,2.0000000000e+02,1.1160644436e+02,3.9436870800e-01,1.4666548711e-18,1.3882999015e-19,,,
two_term,ar_mcig_sweep_rerun_0002,2.0000000000e+02,1.1200116145e+02,3.9506547250e-01,1.2686537682e-18,1.1987589166e-19,,,
two_term,ar_mcig_sweep_rerun_0002,2.0000000000e+02,1.1239657531e+02,3.9576223701e-01,1.0970796243e-18,1.0348123658e-19,,,
two_term,ar_mcig_sweep_rerun_0002,2.0000000000e+02,1.1279268593e+02,3.9645900151e-01,9.4842718570e-19,8.9302481034e-20,,,
two_term,ar_mcig_sweep_rerun_0002,2.0000000000e+02,1.1318949331e+02,3.9715576601e-01,8.1964631245e-19,7.7041269656e-20,,,
two_term,ar_mcig_sweep_rerun_0002,2.0000000000e+02,1.1358699746e+02,3.9785253051e-01,7.0808258053e-19,6.6438466644e-20,,,
two_term,ar_mcig_sweep_rerun_0002,2.0000000000e+02,1.1398519837e+02,3.9854929501e-01,6.1147537221e-19,5.7273634065e-20,,,
two_term,ar_mcig_sweep_rerun_0002,2.0000000000e+02,1.1438409605e+02,3.9924605951e-01,5.2792570473e-19,4.9361686122e-20,,,
two_term,ar_mcig_sweep_rerun_0002,2.0000000000e+02,1.1478369049e+02,3.9994282402e-01,4.5568933834e-19,4.2533270259e-20,,,
two_term,ar_mcig_sweep_rerun_0002,2.0000000000e+02,1.1518398170e+02,4.0063958852e-01,3.9325276868e-19,3.6641711026e-20,,,
two_term,ar_mcig_sweep_rerun_0002,2.0000000000e+02,1.1558496967e+02,4.0133635302e-01,3.3930310335e-19,3.1560011307e-20,,,
two_term,ar_mcig_sweep_rerun_0002,2.0000000000e+02,1.1598665441e+02,4.0203311752e-01,2.9270183233e-19,2.7178246319e-20,,,
two_term,ar_mcig_sweep_rerun_0002,2.0000000000e+02,1.1638903590e+02,4.0272988202e-01,2.5246199688e-19,2.3401299645e-20,,,
two_term,ar_mcig_sweep_rerun_0002,2.0000000000e+02,1.1679211417e+02,4.0342664653e-01,2.1772832334e-19,2.0146897094e-20,,,
two_term,ar_mcig_sweep_rerun_0002,2.0000000000e+02,1.1719588920e+02,4.0412341103e-01,1.8775994355e-19,1.7343899837e-20,,,
two_term,ar_mcig_sweep_rerun_0002,2.0000000000e+02,1.1760036099e+02,4.0482017553e-01,1.6191537153e-19,1.4930823213e-20,,,
two_term,ar_mcig_sweep_rerun_0002,2.0000000000e+02,1.1800552955e+02,4.0551694003e-01,1.3963944781e-19,1.2854551949e-20,,,
two_term,ar_mcig_sweep_rerun_0002,2.0000000000e+02,1.1841139487e+02,4.0621370453e-01,1.2045199996e-19,1.1069226313e-20,,,
two_term,ar_mcig_sweep_rerun_0002,2.0000000000e+02,1.1881795696e+02,4.0691046903e-01,1.0393800007e-19,9.5352770430e-21,,,
two_term,ar_mcig_sweep_rerun_0002,2.0000000000e+02,1.1922521581e+02,4.0760723354e-01,8.9739027986e-20,8.2185897567e-21,,,
two_term,ar_mcig_sweep_rerun_0002,2.0000000000e+02,1.1963317143e+02,4.0830399804e-01,7.7545874225e-20,7.0897821144e-21,,,
two_term,ar_mcig_sweep_rerun_0002,2.0000000000e+02,1.2004182381e+02,4.0900076254e-01,6.7092137895e-20,6.1235791883e-21,,,
two_term,ar_mcig_sweep_rerun_0002,2.0000000000e+02,1.2045117295e+02,4.0969752704e-01,5.8148694281e-20,5.2982744435e-21,,,
two_term,ar_mcig_sweep_rerun_0002,2.0000000000e+02,1.2086121886e+02,4.1039429154e-01,5.0518923349e-20,4.5952654249e-21,,,
two_term,ar_mcig_sweep_rerun_0002,2.0000000000e+02,1.2127196153e+02,4.1109105604e-01,4.4034605261e-20,3.9986547349e-21,,,
two_term,ar_mcig_sweep_rerun_0002,2.0000000000e+02,1.2168340097e+02,4.1178782055e-01,3.8552401973e-20,3.4949081929e-21,,,
two_term,ar_mcig_sweep_rerun_0002,2.0000000000e+02,1.2209553717e+02,4.1248458505e-01,3.3950855541e-20,3.0725632214e-21,,,
two_term,ar_mcig_sweep_rerun_0002,2.0000000000e+02,1.2250837014e+02,4.1318134955e-01,3.0127843986e-20,2.7219815221e-21,,,
two_term,ar_mcig_sweep_rerun_0002,2.0000000000e+02,1.2292189987e+02,4.1387811405e-01,2.6998444758e-20,2.4351410139e-21,,,
two_term,ar_mcig_sweep_rerun_0002,2.0000000000e+02,1.2333612637e+02,4.1457487855e-01,2.4493164056e-20,2.2054628121e-21,,,
two_term,ar_mcig_sweep_rerun_0002,2.0000000000e+02,1.2375104963e+02,4.1527164306e-01,2.2556497835e-20,2.0276697659e-21,,,
two_term,ar_mcig_sweep_rerun_0002,2.0000000000e+02,1.2416666966e+02,4.1596840756e-01,2.1145797188e-20,1.8976737323e-21,,,
two_term,ar_mcig_sweep_rerun_0002,2.0000000000e+02,1.2458298645e+02,4.1666517206e-01,2.0230417291e-20,1.8124893874e-21,,,
two_term,ar_mcig_sweep_rerun_0002,2.0000000000e+02,1.2500000000e+02,4.1701355431e-01,1.9791135245e-20,1.7701729504e-21,,,
two_term,ar_mcig_sweep_rerun_0003,4.0000000000e+02,1.0000000000e-04,3.2093106789e-04,4.1959402493e-04,4.1959402493e-02,,,
two_term,ar_mcig_sweep_rerun_0003,4.0000000000e+02,5.4186213578e-04,8.8372427157e-04,7.5358715995e-04,3.2373457733e-02,,,
two_term,ar_mcig_sweep_rerun_0003,4.0000000000e+02,1.8674485431e-03,1.7674485431e-03,1.4558020705e-03,3.3688215828e-02,,,
two_term,ar_mcig_sweep_rerun_0003,4.0000000000e+02,4.0767592221e-03,2.6511728147e-03,2.1719877617e-03,3.4017300204e-02,,,
two_term,ar_mcig_sweep_rerun_0003,4.0000000000e+02,7.1697941726e-03,3.5348970863e-03,2.8906999011e-03,3.4138911004e-02,,,
two_term,ar_mcig_sweep_rerun_0003,4.0000000000e+02,1.1146553395e-02,4.4186213578e-03,3.6102110049e-03,3.4194974591e-02,,,
two_term,ar_mcig_sweep_rerun_0003,4.0000000000e+02,1.6007036888e-02,5.3023456294e-03,4.3300308383e-03,3.4224374263e-02,,,
two_term,ar_mcig_sweep_rerun_0003,4.0000000000e+02,2.1751244653e-02,6.1860699010e-03,5.0499939435e-03,3.4241186146e-02,,,
two_term,ar_mcig_sweep_rerun_0003,4.0000000000e+02,2.8379176690e-02,7.0697941726e-03,5.7700073143e-03,3.4251253312e-02,,,
two_term,ar_mcig_sweep_rerun_0003,4.0000000000e+02,3.5890832999e-02,7.9535184441e-03,6.4900327297e-03,3.4257456737e-02,,,
two_term,ar_mcig_sweep_rerun_0003,4.0000000000e+02,4.4286213578e-02,8.8372427157e-03,7.2100490586e-03,3.4261308440e-02,,,
two_term,ar_mcig_sweep_rerun_0003,4.0000000000e+02,5.3565318430e-02,9.7209669873e-03,7.9300496125e-03,3.4263684221e-02,,,
two_term,ar_mcig_sweep_rerun_0003,4.0000000000e+02,6.3728147553e-02,1.0604691259e-02,8.6499875981e-03,3.4264929097e-02,,,
two_term,ar_mcig_sweep_rerun_0003,4.0000000000e+02,7.4774700948e-02,1.1488415530e-02,9.3698870289e-03,3.4265495180e-02,,,
two_term,ar_mcig_sweep_rerun_0003,4.0000000000e+02,8.6704978614e-02,1.2372139802e-02,1.0089704504e-02,3.4265449202e-02,,,
two_term,ar_mcig_sweep_rerun_0003,4.0000000000e+02,9.9518980552e-02,1.3255864074e-02,1.0809440643e-02,3.4264962573e-02,,,
two_term,ar_mcig_sweep_rerun_0003,4.0000000000e+02,1.1321670676e-01,1.4139588345e-02,1.1529100960e-02,3.4264167409e-02,,,
two_term,ar_mcig_sweep_rerun_0003,4.0000000000e+02,1.2779815724e-01,1.5023312617e-02,1.2248791449e-02,3.4263438509e-02,,,
two_term,ar_mcig_sweep_rerun_0003,4.0000000000e+02,1.4326333199e-01,1.5907036888e-02,1.2968472776e-02,3.4262678477e-02,,,
two_term,ar_mcig_sweep_rerun_0003,4.0000000000e+02,1.5961223102e-01,1.6790761160e-02,1.3688113065e-02,3.4261825577e-02,,,
two_term,ar_mcig_sweep_rerun_0003,4.0000000000e+02,1.7684485431e-01,1.7674485431e-02,1.4407725926e-02,3.4260936080e-02,,,
two_term,ar_mcig_sweep_rerun_0003,4.0000000000e+02,1.9496120188e-01,1.8558209703e-02,1.5126868473e-02,3.4259019878e-02,,,
two_term,ar_mcig_sweep_rerun_0003,4.0000000000e+02,2.1396127372e-01,1.9441933975e-02,1.5845856683e-02,3.4256906029e-02,,,
two_term,ar_mcig_sweep_rerun_0003,4.0000000000e+02,2.3384506983e-01,2.0325658246e-02,1.6565074241e-02,3.4255418493e-02,,,
two_term,ar_mcig_sweep_rerun_0003,4.0000000000e+02,2.5461259021e-01,2.1209382518e-02,1.7284297031e-02,3.4254038659e-02,,,
two_term,ar_mcig_sweep_rerun_0003,4.0000000000e+02,2.7626383487e-01,2.2093106789e-02,1.8003150551e-02,3.4252044159e-02,,,
two_term,ar_mcig_sweep_rerun_0003,4.0000000000e+02,2.9879880379e-01,2.2976831061e-02,1.8721694560e-02,3.4249617710e-02,,,
two_term,ar_mcig_sweep_rerun_0003,4.0000000000e+02,3.2221749699e-01,2.3860555332e-02,1.9440326295e-02,3.4247509135e-02,,,
two_term,ar_mcig_sweep_rerun_0003,4.0000000000e+02,3.4651991446e-01,2.4744279604e-02,2.0158978765e-02,3.4245572279e-02,,,
two_term,ar_mcig_sweep_rerun_0003,4.0000000000e+02,3.7170605620e-01,2.5628003876e-02,2.0876597618e-02,3.4242061427e-02,,,
two_term,ar_mcig_sweep_rerun_0003,4.0000000000e+02,3.9777592221e-01,2.6511728147e-02,2.1594045284e-02,3.4238502547e-02,,,
two_term,ar_mcig_sweep_rerun_0003,4.0000000000e+02,4.2472951249e-01,2.7395452419e-02,2.2311465290e-02,3.4235121509e-02,,,
two_term,ar_mcig_sweep_rerun_0003,4.0000000000e+02,4.5256682704e-01,2.8279176690e-02,2.3028270289e-02,3.4231029412e-02,,,
two_term,ar_mcig_sweep_rerun_0003,4.0000000000e+02,4.8128786587e-01,2.9162900962e-02,2.3744431789e-02,3.4226250532e-02,,,
two_term,ar_mcig_sweep_rerun_0003,4.0000000000e+02,5.1089262897e-01,3.0046625233e-02,2.4459760543e-02,3.4220581305e-02,,,
two_term,ar_mcig_sweep_rerun_0003,4.0000000000e+02,5.4138111634e-01,3.0930349505e-02,2.5173879085e-02,3.4213585551e-02,,,
two_term,ar_mcig_sweep_rerun_0003,4.0000000000e+02,5.7275332798e-01,3.1814073777e-02,2.5887191028e-02,3.4205907567e-02,,,
two_term,ar_mcig_sweep_rerun_0003,4.0000000000e+02,6.0500926389e-01,3.2697798048e-02,2.6600120136e-02,3.4198147865e-02,,,
two_term,ar_mcig_sweep_rerun_0003,4.0000000000e+02,6.3814892407e-01,3.3581522320e-02,2.7310387868e-02,3.4187460937e-02,,,
two_term,ar_mcig_sweep_rerun_0003,4.0000000000e+02,6.7217230853e-01,3.4465246591e-02,2.8019272962e-02,3.4175631928e-02,,,
two_term,ar_mcig_sweep_rerun_0003,4.0000000000e+02,7.0707941726e-01,3.5348970863e-02,2.8726624546e-02,3.4162567326e-02,,,
two_term,ar_mcig_sweep_rerun_0003,4.0000000000e+02,7.4287025025e-01,3.6232695134e-02,2.9431654944e-02,3.4147443879e-02,,,
two_term,ar_mcig_sweep_rerun_0003,4.0000000000e+02,7.7954480752e-01,3.7116419406e-02,3.0135657128e-02,3.4131873270e-02,,,
two_term,ar_mcig_sweep_rerun_0003,4.0000000000e+02,8.1710308907e-01,3.8000143677e-02,3.0834651099e-02,3.4111483916e-02,,,
two_term,ar_mcig_sweep_rerun_0003,4.0000000000e+02,8.5554509488e-01,3.8883867949e-02,3.1532530181e-02,3.4090813691e-02,,,
two_term,ar_mcig_sweep_rerun_0003,4.0000000000e+02,8.9487082496e-01,3.9767592221e-02,3.2227131480e-02,3.4067595050e-02,,,
two_term,ar_mcig_sweep_rerun_0003,4.0000000000e+02,9.3508027932e-01,4.0651316492e-02,3.2918824312e-02,3.4042376230e-02,,,
two_term,ar_mcig_sweep_rerun_0003,4.0000000000e+02,9.7617345795e-01,4.1535040764e-02,3.3606263562e-02,3.4013923574e-02,,,
two_term,ar_mcig_sweep_rerun_0003,4.0000000000e+02,1.0181503608e+00,4.2418765035e-02,3.4290476224e-02,3.3983457082e-02,,,
two_term,ar_mcig_sweep_rerun_0003,4.0000000000e+02,1.0610109880e+00,4.3302489307e-02,3.4972126851e-02,3.3951745298e-02,,,
two_term,ar_mcig_sweep_rerun_0003,4.0000000000e+02,1.1047553395e+00,4.4186213578e-02,3.5647826536e-02,3.3915638788e-02,,,
two_term,ar_mcig_sweep_rerun_0003,4.0000000000e+02,1.1493834152e+00,4.5069937850e-02,3.6320477421e-02,3.3878103104e-02,,,
two_term,ar_mcig_sweep_rerun_0003,4.0000000000e+02,1.1948952152e+00,4.5953662122e-02,3.6988833112e-02,3.3838080543e-02,,,
two_term,ar_mcig_sweep_rerun_0003,4.0000000000e+02,1.2412907394e+00,4.6837386393e-02,3.7653075247e-02,3.3795874952e-02,,,
two_term,ar_mcig_sweep_rerun_0003,4.0000000000e+02,1.2885699879e+00,4.7721110665e-02,3.8311481864e-02,3.3750090720e-02,,,
two_term,ar_mcig_sweep_rerun_0003,4.0000000000e+02,1.3367329607e+00,4.8604834936e-02,3.8966454500e-02,3.3703000230e-02,,,
two_term,ar_mcig_sweep_rerun_0003,4.0000000000e+02,1.3857796578e+00,4.9488559208e-02,3.9616608406e-02,3.3653497187e-02,,,
two_term,ar_mcig_sweep_rerun_0003,4.0000000000e+02,1.4357100792e+00,5.0372283479e-02,4.0260032134e-02,3.3600113355e-02,,,
two_term,ar_mcig_sweep_rerun_0003,4.0000000000e+02,1.4865242248e+00,5.1256007751e-02,4.0900428026e-02,3.3546086112e-02,,,
two_term,ar_mcig_sweep_rerun_0003,4.0000000000e+02,1.5382220947e+00,5.2139732023e-02,4.1533837047e-02,3.3488256087e-02,,,
two_term,ar_mcig_sweep_rerun_0003,4.0000000000e+02,1.5908036888e+00,5.3023456294e-02,4.2162394704e-02,3.3428506580e-02,,,
two_term,ar_mcig_sweep_rerun_0003,4.0000000000e+02,1.6442690073e+00,5.3907180566e-02,4.2784246554e-02,3.3365485826e-02,,,
two_term,ar_mcig_sweep_rerun_0003,4.0000000000e+02,1.6986180500e+00,5.4790904837e-02,4.3401078002e-02,3.3300645301e-02,,,
two_term,ar_mcig_sweep_rerun_0003,4.0000000000e+02,1.7538508169e+00,5.5674629109e-02,4.4010720465e-02,3.3232434192e-02,,,
two_term,ar_mcig_sweep_rerun_0003,4.0000000000e+02,1.8099673082e+00,5.6558353380e-02,4.4614695721e-02,3.3162141651e-02,,,
two_term,ar_mcig_sweep_rerun_0003,4.0000000000e+02,1.8669675237e+00,5.7442077652e-02,4.5212376504e-02,3.3089404688e-02,,,
two_term,ar_mcig_sweep_rerun_0003,4.0000000000e+02,1.9248514635e+00,5.8325801924e-02,4.5801299710e-02,3.3012559079e-02,,,
two_term,ar_mcig_sweep_rerun_0003,4.0000000000e+02,1.9836191275e+00,5.9209526195e-02,4.6385749365e-02,3.2934830550e-02,,,
two_term,ar_mcig_sweep_rerun_0003,4.0000000000e+02,2.0432705159e+00,6.0093250467e-02,4.6961035443e-02,3.2852977026e-02,,,
two_term,ar_mcig_sweep_rerun_0003,4.0000000000e+02,2.1038056285e+00,6.0976974738e-02,4.7528737214e-02,3.2768266678e-02,,,
two_term,ar_mcig_sweep_rerun_0003,4.0000000000e+02,2.1652244653e+00,6.1860699010e-02,4.8089771052e-02,3.2681444712e-02,,,
two_term,ar_mcig_sweep_rerun_0003,4.0000000000e+02,2.2275270265e+00,6.2744423281e-02,4.8642302489e-02,3.2591371232e-02,,,
two_term,ar_mcig_sweep_rerun_0003,4.0000000000e+02,2.2907133119e+00,6.3628147553e-02,4.9187360560e-02,3.2498861626e-02,,,
two_term,ar_mcig_sweep_rerun_0003,4.0000000000e+02,2.3547833216e+00,6.4511871825e-02,4.9722547348e-02,3.2402453378e-02,,,
two_term,ar_mcig_sweep_rerun_0003,4.0000000000e+02,2.4197370556e+00,6.5395596096e-02,5.0251255299e-02,3.2304485415e-02,,,
two_term,ar_mcig_sweep_rerun_0003,4.0000000000e+02,2.4855745138e+00,6.6279320368e-02,5.0769125360e-02,3.2202255239e-02,,,
two_term,ar_mcig_sweep_rerun_0003,4.0000000000e+02,2.5522956963e+00,6.7163044639e-02,5.1278887819e-02,3.2097640102e-02,,,
two_term,ar_mcig_sweep_rerun_0003,4.0000000000e+02,2.6199006031e+00,6.8046768911e-02,5.1781773682e-02,3.1991493466e-02,,,
two_term,ar_mcig_sweep_rerun_0003,4.0000000000e+02,2.6883892341e+00,6.8930493182e-02,5.2271018172e-02,3.1879748450e-02,,,
two_term,ar_mcig_sweep_rerun_0003,4.0000000000e+02,2.7577615894e+00,6.9814217454e-02,5.2753952577e-02,3.1767032359e-02,,,
two_term,ar_mcig_sweep_rerun_0003,4.0000000000e+02,2.8280176690e+00,7.0697941726e-02,5.3225560342e-02,3.1650398539e-02,,,
two_term,ar_mcig_sweep_rerun_0003,4.0000000000e+02,2.8991574729e+00,7.1581665997e-02,5.3688607593e-02,3.1531616655e-02,,,
two_term,ar_mcig_sweep_rerun_0003,4.0000000000e+02,2.9711810010e+00,7.2465390269e-02,5.4139682017e-02,3.1408785671e-02,,,
two_term,ar_mcig_sweep_rerun_0003,4.0000000000e+02,3.0440882534e+00,7.3349114540e-02,5.4581682428e-02,3.1283713408e-02,,,
two_term,ar_mcig_sweep_rerun_0003,4.0000000000e+02,3.1178792301e+00,7.4232838812e-02,5.5014051538e-02,3.1156164307e-02,,,
two_term,ar_mcig_sweep_rerun_0003,4.0000000000e+02,3.1925539310e+00,7.5116563083e-02,5.5434417248e-02,3.1024898201e-02,,,
two_term,ar_mcig_sweep_rerun_0003,4.0000000000e+02,3.2681123563e+00,7.6000287355e-02,5.5844634802e-02,3.0891071005e-02,,,
two_term,ar_mcig_sweep_rerun_0003,4.0000000000e+02,3.3445545058e+00,7.6884011627e-02,5.6242894999e-02,3.0753781758e-02,,,
two_term,ar_mcig_sweep_rerun_0003,4.0000000000e+02,3.4218803795e+00,7.7767735898e-02,5.6632539125e-02,3.0614954751e-02,,,
two_term,ar_mcig_sweep_rerun_0003,4.0000000000e+02,3.5000899776e+00,7.8651460170e-02,5.7008687415e-02,3.0472033514e-02,,,
two_term,ar_mcig_sweep_rerun_0003,4.0000000000e+02,3.5791832999e+00,7.9535184441e-02,5.7374776784e-02,3.0326971193e-02,,,
two_term,ar_mcig_sweep_rerun_0003,4.0000000000e+02,3.6591603464e+00,8.0418908713e-02,5.7726982731e-02,3.0177839051e-02,,,
two_term,ar_mcig_sweep_rerun_0003,4.0000000000e+02,3.7400211173e+00,8.1302632984e-02,5.8070836772e-02,3.0027630070e-02,,,
two_term,ar_mcig_sweep_rerun_0003,4.0000000000e+02,3.8217656124e+00,8.2186357256e-02,5.8400183984e-02,2.9873230585e-02,,,
two_term,ar_mcig_sweep_rerun_0003,4.0000000000e+02,3.9043938318e+00,8.3070081528e-02,5.8720576364e-02,2.9717584118e-02,,,
two_term,ar_mcig_sweep_rerun_0003,4.0000000000e+02,3.9879057755e+00,8.3953805799e-02,5.9025009440e-02,2.9557222508e-02,,,
two_term,ar_mcig_sweep_rerun_0003,4.0000000000e+02,4.0723014434e+00,8.4837530071e-02,5.9320467124e-02,2.9395753921e-02,,,
two_term,ar_mcig_sweep_rerun_0003,4.0000000000e+02,4.1575808356e+00,8.5721254342e-02,5.9602393591e-02,2.9230978270e-02,,,
two_term,ar_mcig_sweep_rerun_0003,4.0000000000e+02,4.2437439521e+00,8.6604978614e-02,5.9872239865e-02,2.9063701162e-02,,,
two_term,ar_mcig_sweep_rerun_0003,4.0000000000e+02,4.3307907928e+00,8.7488702885e-02,6.0129767150e-02,2.8893883651e-02,,,
two_term,ar_mcig_sweep_rerun_0003,4.0000000000e+02,4.4187213578e+00,8.8372427157e-02,6.0373881527e-02,2.8721081554e-02,,,
two_term,ar_mcig_sweep_rerun_0003,4.0000000000e+02,4.5075356471e+00,8.9256151429e-02,6.0604349840e-02,2.8545273702e-02,,,
two_term,ar_mcig_sweep_rerun_0003,4.0000000000e+02,4.5972336607e+00,9.0139875700e-02,6.0823827502e-02,2.8367786967e-02,,,
two_term,ar_mcig_sweep_rerun_0003,4.0000000000e+02,4.6878153985e+00,9.1023599972e-02,6.1029504609e-02,2.8187372454e-02,,,
two_term,ar_mcig_sweep_rerun_0003,4.0000000000e+02,4.7792808606e+00,9.1907324243e-02,6.1223095379e-02,2.8004898744e-02,,,
two_term,ar_mcig_sweep_rerun_0003,4.0000000000e+02,4.8716300470e+00,9.2791048515e-02,6.1403710855e-02,2.7820021914e-02,,,
two_term,ar_mcig_sweep_rerun_0003,4.0000000000e+02,4.9648629577e+00,9.3674772786e-02,6.1570986315e-02,2.7632646295e-02,,,
two_term,ar_mcig_sweep_rerun_0003,4.0000000000e+02,5.0589795926e+00,9.4558497058e-02,6.1726329693e-02,2.7443467912e-02,,,
two_term,ar_mcig_sweep_rerun_0003,4.0000000000e+02,5.1539799518e+00,9.5442221330e-02,6.1866146375e-02,2.7250953480e-02,,,
two_term,ar_mcig_sweep_rerun_0003,4.0000000000e+02,5.2498640353e+00,9.6325945601e-02,6.1995321101e-02,2.7057326719e-02,,,
two_term,ar_mcig_sweep_rerun_0003,4.0000000000e+02,5.3466318430e+00,9.7209669873e-02,6.2108243842e-02,2.6860191776e-02,,,
two_term,ar_mcig_sweep_rerun_0003,4.0000000000e+02,5.4442833750e+00,9.8093394144e-02,6.2210498480e-02,2.6662036596e-02,,,
two_term,ar_mcig_sweep_rerun_0003,4.0000000000e+02,5.5428186313e+00,9.8977118416e-02,6.2297780526e-02,2.6461060170e-02,,,
two_term,ar_mcig_sweep_rerun_0003,4.0000000000e+02,5.6422376118e+00,9.9860842687e-02,6.2372738712e-02,2.6258452495e-02,,,
two_term,ar_mcig_sweep_rerun_0003,4.0000000000e+02,5.7425403167e+00,1.0074456696e-01,6.2434501428e-02,2.6053892779e-02,,,
two_term,ar_mcig_sweep_rerun_0003,4.0000000000e+02,5.8437267458e+00,1.0162829123e-01,6.2482005577e-02,2.5846992171e-02,,,
two_term,ar_mcig_sweep_rerun_0003,4.0000000000e+02,5.9457968991e+00,1.0251201550e-01,6.2518268719e-02,2.5639048729e-02,,,
two_term,ar_mcig_sweep_rerun_0003,4.0000000000e+02,6.0487507768e+00,1.0339573977e-01,6.2538224140e-02,2.5428029069e-02,,,
two_term,ar_mcig_sweep_rerun_0003,4.0000000000e+02,6.1525883787e+00,1.0427946405e-01,6.2547015210e-02,2.5216084971e-02,,,
two_term,ar_mcig_sweep_rerun_0003,4.0000000000e+02,6.2573097048e+00,1.0516318832e-01,6.2541179266e-02,2.5001855484e-02,,,
two_term,ar_mcig_sweep_rerun_0003,4.0000000000e+02,6.3629147553e+00,1.0604691259e-01,6.2522012021e-02,2.4785911411e-02,,,
two_term,ar_mcig_sweep_rerun_0003,4.0000000000e+02,6.4694035300e+00,1.0693063686e-01,6.2490854927e-02,2.4568822665e-02,,,
two_term,ar_mcig_sweep_rerun_0003,4.0000000000e+02,6.5767760290e+00,1.0781436113e-01,6.2444133834e-02,2.4349223705e-02,,,
two_term,ar_mcig_sweep_rerun_0003,4.0000000000e+02,6.6850322523e+00,1.0869808540e-01,6.2386119752e-02,2.4128827638e-02,,,
two_term,ar_mcig_sweep_rerun_0003,4.0000000000e+02,6.7941721998e+00,1.0958180967e-01,6.2313726813e-02,2.3906469865e-02,,,
two_term,ar_mcig_sweep_rerun_0003,4.0000000000e+02,6.9041958716e+00,1.1046553395e-01,6.2228234901e-02,2.3682684564e-02,,,
two_term,ar_mcig_sweep_rerun_0003,4.0000000000e+02,7.0151032677e+00,1.1134925822e-01,6.2131126118e-02,2.3458065302e-02,,,
two_term,ar_mcig_sweep_rerun_0003,4.0000000000e+02,7.1268943881e+00,1.1223298249e-01,6.2018324403e-02,2.3231104951e-02,,,
two_term,ar_mcig_sweep_rerun_0003,4.0000000000e+02,7.2395692327e+00,1.1311670676e-01,6.1894220572e-02,2.3003490263e-02,,,
two_term,ar_mcig_sweep_rerun_0003,4.0000000000e+02,7.3531278016e+00,1.1400043103e-01,6.1756833079e-02,2.2774505706e-02,,,
two_term,ar_mcig_sweep_rerun_0003,4.0000000000e+02,7.4675700948e+00,1.1488415530e-01,6.1605693025e-02,2.2544011306e-02,,,
two_term,ar_mcig_sweep_rerun_0003,4.0000000000e+02,7.5828961122e+00,1.1576787958e-01,6.1443302137e-02,2.2312950133e-02,,,
two_term,ar_mcig_sweep_rerun_0003,4.0000000000e+02,7.6991058539e+00,1.1665160385e-01,6.1266421219e-02,2.2080167676e-02,,,
two_term,ar_mcig_sweep_rerun_0003,4.0000000000e+02,7.8161993199e+00,1.1753532812e-01,6.1077380231e-02,2.1846536157e-02,,,
two_term,ar_mcig_sweep_rerun_0003,4.0000000000e+02,7.9341765102e+00,1.1841905239e-01,6.0877070704e-02,2.1612391093e-02,,,
two_term,ar_mcig_sweep_rerun_0003,4.0000000000e+02,8.0530374247e+00,1.1930277666e-01,6.0661745557e-02,2.1376423474e-02,,,
two_term,ar_mcig_sweep_rerun_0003,4.0000000000e+02,8.1727820635e+00,1.2018650093e-01,6.0435409347e-02,2.1140074282e-02,,,
two_term,ar_mcig_sweep_rerun_0003,4.0000000000e+02,8.2934104265e+00,1.2107022521e-01,6.0197172707e-02,2.0903043048e-02,,,
two_term,ar_mcig_sweep_rerun_0003,4.0000000000e+02,8.4149225139e+00,1.2195394948e-01,5.9945119696e-02,2.0664684122e-02,,,
two_term,ar_mcig_sweep_rerun_0003,4.0000000000e+02,8.5373183255e+00,1.2283767375e-01,5.9682256555e-02,2.0426055036e-02,,,
two_term,ar_mcig_sweep_rerun_0003,4.0000000000e+02,8.6605978614e+00,1.2372139802e-01,5.9407236596e-02,2.0186703973e-02,,,
two_term,ar_mcig_sweep_rerun_0003,4.0000000000e+02,8.7847611215e+00,1.2460512229e-01,5.9119338272e-02,1.9946402850e-02,,,
two_term,ar_mcig_sweep_rerun_0003,4.0000000000e+02,8.9098081060e+00,1.2548884656e-01,5.8820887419e-02,1.9705950932e-02,,,
two_term,ar_mcig_sweep_rerun_0003,4.0000000000e+02,9.0357388147e+00,1.2637257083e-01,5.8510362373e-02,1.9464845166e-02,,,
two_term,ar_mcig_sweep_rerun_0003,4.0000000000e+02,9.1625532476e+00,1.2725629511e-01,5.8187665148e-02,1.9223066803e-02,,,
two_term,ar_mcig_sweep_rerun_0003,4.0000000000e+02,9.2902514049e+00,1.2814001938e-01,5.7854725848e-02,1.8981262997e-02,,,
two_term,ar_mcig_sweep_rerun_0003,4.0000000000e+02,9.4188332864e+00,1.2902374365e-01,5.7510089867e-02,1.8738960307e-02,,,
two_term,ar_mcig_sweep_rerun_0003,4.0000000000e+02,9.5482988922e+00,1.2990746792e-01,5.7153782949e-02,1.8496177245e-02,,,
two_term,ar_mcig_sweep_rerun_0003,4.0000000000e+02,9.6786482222e+00,1.3079119219e-01,5.6787598208e-02,1.8253499918e-02,,,
two_term,ar_mcig_sweep_rerun_0003,4.0000000000e+02,9.8098812766e+00,1.3167491646e-01,5.6410364095e-02,1.8010552148e-02,,,
two_term,ar_mcig_sweep_rerun_0003,4.0000000000e+02,9.9419980552e+00,1.3255864074e-01,5.6021766944e-02,1.7767239866e-02,,,
two_term,ar_mcig_sweep_rerun_0003,4.0000000000e+02,1.0074998558e+01,1.3344236501e-01,5.5623653880e-02,1.7524152249e-02,,,
two_term,ar_mcig_sweep_rerun_0003,4.0000000000e+02,1.0208882785e+01,1.3432608928e-01,5.5215375249e-02,1.7281081536e-02,,,
two_term,ar_mcig_sweep_rerun_0003,4.0000000000e+02,1.0343650737e+01,1.3520981355e-01,5.4795974290e-02,1.7037729911e-02,,,
two_term,ar_mcig_sweep_rerun_0003,4.0000000000e+02,1.0479302412e+01,1.3609353782e-01,5.4367587537e-02,1.6794762846e-02,,,
two_term,ar_mcig_sweep_rerun_0003,4.0000000000e+02,1.0615837812e+01,1.3697726209e-01,5.3930110273e-02,1.6552140759e-02,,,
two_term,ar_mcig_sweep_rerun_0003,4.0000000000e+02,1.0753256936e+01,1.3786098636e-01,5.3481612277e-02,1.6309268393e-02,,,
two_term,ar_mcig_sweep_rerun_0003,4.0000000000e+02,1.0891559785e+01,1.3874471064e-01,5.3024647480e-02,1.6066924395e-02,,,
two_term,ar_mcig_sweep_rerun_0003,4.0000000000e+02,1.1030746358e+01,1.3962843491e-01,5.2559349447e-02,1.5825138947e-02,,,
two_term,ar_mcig_sweep_rerun_0003,4.0000000000e+02,1.1170816655e+01,1.4051215918e-01,5.2084014946e-02,1.5583391909e-02,,,
two_term,ar_mcig_sweep_rerun_0003,4.0000000000e+02,1.1311770676e+01,1.1459167261e-01,5.1600298892e-02,1.5342174612e-02,,,
two_term,ar_mcig_sweep_rerun_0003,4.0000000000e+02,1.1400000000e+01,6.5543233383e-02,5.1295495476e-02,1.5192414590e-02,,,
two_term,ar_mcig_sweep_rerun_0003,4.0000000000e+02,1.1442857143e+01,2.6804210839e-02,5.1146291637e-02,1.5119830154e-02,,,
two_term,ar_mcig_sweep_rerun_0003,4.0000000000e+02,1.1453608422e+01,2.1428571429e-02,5.1108639035e-02,1.5101606533e-02,,,
two_term,ar_mcig_sweep_rerun_0003,4.0000000000e+02,1.1485714286e+01,3.7481503447e-02,5.0996042002e-02,1.5047261407e-02,,,
two_term,ar_mcig_sweep_rerun_0003,4.0000000000e+02,1.1528571429e+01,4.2857142857e-02,5.0845289226e-02,1.4974867030e-02,,,
two_term,ar_mcig_sweep_rerun_0003,4.0000000000e+02,1.1571428571e+01,3.3879231482e-02,5.0694296914e-02,1.4902722503e-02,,,
two_term,ar_mcig_sweep_rerun_0003,4.0000000000e+02,1.1596329892e+01,2.1428571429e-02,5.0606457930e-02,1.4860918766e-02,,,
two_term,ar_mcig_sweep_rerun_0003,4.0000000000e+02,1.1614285714e+01,3.0406482803e-02,5.0542981201e-02,1.4830800801e-02,,,
two_term,ar_mcig_sweep_rerun_0003,4.0000000000e+02,1.1657142857e+01,4.2857142857e-02,5.0389404283e-02,1.4758532115e-02,,,
two_term,ar_mcig_sweep_rerun_0003,4.0000000000e+02,1.1700000000e+01,4.1396114262e-02,5.0234692200e-02,1.4686246547e-02,,,
two_term,ar_mcig_sweep_rerun_0003,4.0000000000e+02,1.1739935086e+01,9.2212002034e-02,5.0089763070e-02,1.4618948281e-02,,,
two_term,ar_mcig_sweep_rerun_0003,4.0000000000e+02,1.1884424004e+01,1.4493078054e-01,4.9556400301e-02,1.4375093675e-02,,,
two_term,ar_mcig_sweep_rerun_0003,4.0000000000e+02,1.2029796647e+01,1.4581450481e-01,4.9007312199e-02,1.4129660967e-02,,,
two_term,ar_mcig_sweep_rerun_0003,4.0000000000e+02,1.2176053014e+01,1.4669822908e-01,4.8441462227e-02,1.3882381623e-02,,,
two_term,ar_mcig_sweep_rerun_0003,4.0000000000e+02,1.2323193105e+01,1.4758195335e-01,4.7861777567e-02,1.3634122669e-02,,,
two_term,ar_mcig_sweep_rerun_0003,4.0000000000e+02,1.2471216920e+01,1.4846567762e-01,4.7269217415e-02,1.3385173212e-02,,,
two_term,ar_mcig_sweep_rerun_0003,4.0000000000e+02,1.2620124460e+01,1.4934940190e-01,4.6663830976e-02,1.3135559360e-02,,,
two_term,ar_mcig_sweep_rerun_0003,4.0000000000e+02,1.2769915724e+01,1.5023312617e-01,4.6046326682e-02,1.2885491084e-02,,,
two_term,ar_mcig_sweep_rerun_0003,4.0000000000e+02,1.2920590712e+01,1.5111685044e-01,4.5418737104e-02,1.2635541820e-02,,,
two_term,ar_mcig_sweep_rerun_0003,4.0000000000e+02,1.3072149425e+01,1.5200057471e-01,4.4781931999e-02,1.2385950053e-02,,,
two_term,ar_mcig_sweep_rerun_0003,4.0000000000e+02,1.3224591862e+01,1.5288429898e-01,4.4135361398e-02,1.2136558351e-02,,,
two_term,ar_mcig_sweep_rerun_0003,4.0000000000e+02,1.3377918023e+01,1.5376802325e-01,4.3480952066e-02,1.1887890051e-02,,,
two_term,ar_mcig_sweep_rerun_0003,4.0000000000e+02,1.3532127908e+01,1.5465174752e-01,4.2819983264e-02,1.1640280509e-02,,,
two_term,ar_mcig_sweep_rerun_0003,4.0000000000e+02,1.3687221518e+01,1.5553547180e-01,4.2153205242e-02,1.1393914470e-02,,,
two_term,ar_mcig_sweep_rerun_0003,4.0000000000e+02,1.3843198852e+01,1.5641919607e-01,4.1479998905e-02,1.1148604463e-02,,,
two_term,ar_mcig_sweep_rerun_0003,4.0000000000e+02,1.4000059910e+01,1.5730292034e-01,4.0802657232e-02,1.0904945512e-02,,,
two_term,ar_mcig_sweep_rerun_0003,4.0000000000e+02,1.4157804693e+01,1.5818664461e-01,4.0121970790e-02,1.0663120056e-02,,,
two_term,ar_mcig_sweep_rerun_0003,4.0000000000e+02,1.4316433199e+01,1.5907036888e-01,3.9438420966e-02,1.0423224761e-02,,,
two_term,ar_mcig_sweep_rerun_0003,4.0000000000e+02,1.4475945430e+01,1.5995409315e-01,3.8751852050e-02,1.0185186711e-02,,,
two_term,ar_mcig_sweep_rerun_0003,4.0000000000e+02,1.4636341386e+01,1.6083781743e-01,3.8064105603e-02,9.9494566529e-03,,,
two_term,ar_mcig_sweep_rerun_0003,4.0000000000e+02,1.4797621065e+01,1.6172154170e-01,3.7375830673e-02,9.7161654763e-03,,,
two_term,ar_mcig_sweep_rerun_0003,4.0000000000e+02,1.4959784469e+01,1.6260526597e-01,3.6687375218e-02,9.4853633805e-03,,,
two_term,ar_mcig_sweep_rerun_0003,4.0000000000e+02,1.5122831597e+01,1.6348899024e-01,3.5998766225e-02,9.2570169419e-03,,,
two_term,ar_mcig_sweep_rerun_0003,4.0000000000e+02,1.5286762450e+01,1.6437271451e-01,3.5311517286e-02,9.0314736785e-03,,,
two_term,ar_mcig_sweep_rerun_0003,4.0000000000e+02,1.5451577026e+01,1.6161877519e-01,3.4626148718e-02,8.8088209878e-03,,,
two_term,ar_mcig_sweep_rerun_0003,4.0000000000e+02,1.5610000000e+01,8.2849150460e-02,3.3972724208e-02,8.5986232757e-03,,,
two_term,ar_mcig_sweep_rerun_0003,4.0000000000e+02,1.5617275327e+01,2.1428571429e-02,3.3942899412e-02,8.5890731941e-03,,,
two_term,ar_mcig_sweep_rerun_0003,4.0000000000e+02,1.5652857143e+01,3.9219479268e-02,3.3796712650e-02,8.5423556432e-03,,,
two_term,ar_mcig_sweep_rerun_0003,4.0000000000e+02,1.5695714286e+01,4.2857142857e-02,3.3620900456e-02,8.4863081692e-03,,,
two_term,ar_mcig_sweep_rerun_0003,4.0000000000e+02,1.5738571429e+01,4.2857142857e-02,3.3445626121e-02,8.4305648976e-03,,,
two_term,ar_mcig_sweep_rerun_0003,4.0000000000e+02,1.5781428571e+01,2.2642961898e-02,3.3270832115e-02,8.3751097306e-03,,,
two_term,ar_mcig_sweep_rerun_0003,4.0000000000e+02,1.5783857352e+01,2.1428571429e-02,3.3260942021e-02,8.3719759398e-03,,,
two_term,ar_mcig_sweep_rerun_0003,4.0000000000e+02,1.5824285714e+01,4.1642752387e-02,3.3096488463e-02,8.3199335896e-03,,,
two_term,ar_mcig_sweep_rerun_0003,4.0000000000e+02,1.5867142857e+01,4.2857142857e-02,3.2922024875e-02,8.2648918081e-03,,,
two_term,ar_mcig_sweep_rerun_0003,4.0000000000e+02,1.5910000000e+01,4.2090122344e-02,3.2747343402e-02,8.2099589228e-03,,,
two_term,ar_mcig_sweep_rerun_0003,4.0000000000e+02,1.5951323102e+01,1.0483628778e-01,3.2579122299e-02,8.1571983739e-03,,,
two_term,ar_mcig_sweep_rerun_0003,4.0000000000e+02,1.6119672576e+01,1.6879133587e-01,3.1895336716e-02,7.9441801348e-03,,,
two_term,ar_mcig_sweep_rerun_0003,4.0000000000e+02,1.6288905774e+01,1.6967506014e-01,3.1210484713e-02,7.7331165905e-03,,,
two_term,ar_mcig_sweep_rerun_0003,4.0000000000e+02,1.6459022696e+01,1.7055878441e-01,3.0524539200e-02,7.5239706801e-03,,,
two_term,ar_mcig_sweep_rerun_0003,4.0000000000e+02,1.6630023342e+01,1.7144250868e-01,2.9839304239e-02,7.3171551394e-03,,,
two_term,ar_mcig_sweep_rerun_0003,4.0000000000e+02,1.6801907713e+01,1.7232623296e-01,2.9155622980e-02,7.1128398128e-03,,,
two_term,ar_mcig_sweep_rerun_0003,4.0000000000e+02,1.6974675808e+01,1.7320995723e-01,2.8474320830e-02,6.9111867720e-03,,,
two_term,ar_mcig_sweep_rerun_0003,4.0000000000e+02,1.7148327628e+01,1.7409368150e-01,2.7795619043e-02,6.7122089043e-03,,,
two_term,ar_mcig_sweep_rerun_0003,4.0000000000e+02,1.7322863171e+01,1.7497740577e-01,2.7120540980e-02,6.5161115546e-03,,,
two_term,ar_mcig_sweep_rerun_0003,4.0000000000e+02,1.7498282439e+01,1.7586113004e-01,2.6450047636e-02,6.3230810317e-03,,,
two_term,ar_mcig_sweep_rerun_0003,4.0000000000e+02,1.7674585431e+01,1.7674485431e-01,2.5784760964e-02,6.1332192726e-03,,,
two_term,ar_mcig_sweep_rerun_0003,4.0000000000e+02,1.7851772148e+01,1.7762857859e-01,2.5125131179e-02,5.9465855385e-03,,,
two_term,ar_mcig_sweep_rerun_0003,4.0000000000e+02,1.8029842589e+01,1.7851230286e-01,2.4471333357e-02,5.7631731212e-03,,,
two_term,ar_mcig_sweep_rerun_0003,4.0000000000e+02,1.8208796754e+01,1.7939602713e-01,2.3824487042e-02,5.5831967766e-03,,,
two_term,ar_mcig_sweep_rerun_0003,4.0000000000e+02,1.8388634643e+01,1.8027975140e-01,2.3185082404e-02,5.4067202813e-03,,,
two_term,ar_mcig_sweep_rerun_0003,4.0000000000e+02,1.8569356256e+01,1.8116347567e-01,2.2553575185e-02,5.2337981787e-03,,,
two_term,ar_mcig_sweep_rerun_0003,4.0000000000e+02,1.8750961594e+01,1.8204719994e-01,2.1929989331e-02,5.0643842356e-03,,,
two_term,ar_mcig_sweep_rerun_0003,4.0000000000e+02,1.8933450656e+01,1.8293092421e-01,2.1314892547e-02,4.8985580788e-03,,,
two_term,ar_mcig_sweep_rerun_0003,4.0000000000e+02,1.9116823443e+01,1.8381464849e-01,2.0708871163e-02,4.7364020635e-03,,,
two_term,ar_mcig_sweep_rerun_0003,4.0000000000e+02,1.9301079953e+01,1.8469837276e-01,2.0112233945e-02,4.5779337894e-03,,,
two_term,ar_mcig_sweep_rerun_0003,4.0000000000e+02,1.9486220188e+01,1.8558209703e-01,1.9525258594e-02,4.4231634843e-03,,,
two_term,ar_mcig_sweep_rerun_0003,4.0000000000e+02,1.9672244147e+01,1.8646582130e-01,1.8947741841e-02,4.2719927412e-03,,,
two_term,ar_mcig_sweep_rerun_0003,4.0000000000e+02,1.9859151831e+01,1.8734954557e-01,1.8380321280e-02,4.1245136982e-03,,,
two_term,ar_mcig_sweep_rerun_0003,4.0000000000e+02,2.0046943238e+01,1.8823326984e-01,1.7823271860e-02,3.9807357684e-03,,,
two_term,ar_mcig_sweep_rerun_0003,4.0000000000e+02,2.0235618370e+01,1.8911699412e-01,1.7276801532e-02,3.8406532952e-03,,,
two_term,ar_mcig_sweep_rerun_0003,4.0000000000e+02,2.0425177227e+01,1.9000071839e-01,1.6741039027e-02,3.7042431980e-03,,,
two_term,ar_mcig_sweep_rerun_0003,4.0000000000e+02,2.0615619807e+01,1.9088444266e-01,1.6215623312e-02,3.5713749571e-03,,,
two_term,ar_mcig_sweep_rerun_0003,4.0000000000e+02,2.0806946112e+01,1.9176816693e-01,1.5701026896e-02,3.4421031944e-03,,,
two_term,ar_mcig_sweep_rerun_0003,4.0000000000e+02,2.0999156141e+01,1.9265189120e-01,1.5197297643e-02,3.3163888620e-03,,,
two_term,ar_mcig_sweep_rerun_0003,4.0000000000e+02,2.1192249894e+01,1.9353561547e-01,1.4704554246e-02,3.1942090117e-03,,,
two_term,ar_mcig_sweep_rerun_0003,4.0000000000e+02,2.1386227372e+01,1.9441933975e-01,1.4222871087e-02,3.0755315306e-03,,,
two_term,ar_mcig_sweep_rerun_0003,4.0000000000e+02,2.1581088574e+01,1.9530306402e-01,1.3751902070e-02,2.9602343747e-03,,,
two_term,ar_mcig_sweep_rerun_0003,4.0000000000e+02,2.1776833500e+01,1.9618678829e-01,1.3291916948e-02,2.8483296694e-03,,,
two_term,ar_mcig_sweep_rerun_0003,4.0000000000e+02,2.1973462150e+01,1.9707051256e-01,1.2842905027e-02,2.7397694957e-03,,,
two_term,ar_mcig_sweep_rerun_0003,4.0000000000e+02,2.2170974525e+01,1.9795423683e-01,1.2404859606e-02,2.6345076377e-03,,,
two_term,ar_mcig_sweep_rerun_0003,4.0000000000e+02,2.2369370624e+01,1.9883796110e-01,1.1977750611e-02,2.5324937594e-03,,,
two_term,ar_mcig_sweep_rerun_0003,4.0000000000e+02,2.2568650447e+01,1.9972168537e-01,1.1561303563e-02,2.4336269689e-03,,,
two_term,ar_mcig_sweep_rerun_0003,4.0000000000e+02,2.2768813995e+01,2.0060540965e-01,1.1155533918e-02,2.3378689145e-03,,,
two_term,ar_mcig_sweep_rerun_0003,4.0000000000e+02,2.2969861267e+01,2.0148913392e-01,1.0760436259e-02,2.2451775614e-03,,,
two_term,ar_mcig_sweep_rerun_0003,4.0000000000e+02,2.3171792263e+01,2.0237285819e-01,1.0375928927e-02,2.1554957709e-03,,,
two_term,ar_mcig_sweep_rerun_0003,4.0000000000e+02,2.3374606983e+01,2.0325658246e-01,1.0001911437e-02,2.0687635039e-03,,,
two_term,ar_mcig_sweep_rerun_0003,4.0000000000e+02,2.3578305428e+01,2.0414030673e-01,9.6381986758e-03,1.9849043329e-03,,,
two_term,ar_mcig_sweep_rerun_0003,4.0000000000e+02,2.3782887596e+01,2.0502403100e-01,9.2845421011e-03,1.9038301412e-03,,,
two_term,ar_mcig_sweep_rerun_0003,4.0000000000e+02,2.3988353490e+01,2.0590775528e-01,8.9409787632e-03,1.8255126357e-03,,,
two_term,ar_mcig_sweep_rerun_0003,4.0000000000e+02,2.4194703107e+01,2.0679147955e-01,8.6073823981e-03,1.7498908048e-03,,,
two_term,ar_mcig_sweep_rerun_0003,4.0000000000e+02,2.4401936449e+01,2.0767520382e-01,8.2836093000e-03,1.6769011446e-03,,,
two_term,ar_mcig_sweep_rerun_0003,4.0000000000e+02,2.4610053515e+01,2.0855892809e-01,7.9694957147e-03,1.6064771860e-03,,,
two_term,ar_mcig_sweep_rerun_0003,4.0000000000e+02,2.4819054305e+01,2.0944265236e-01,7.6647673723e-03,1.5385313985e-03,,,
two_term,ar_mcig_sweep_rerun_0003,4.0000000000e+02,2.5028938819e+01,2.1032637663e-01,7.3693073540e-03,1.4730091745e-03,,,
two_term,ar_mcig_sweep_rerun_0003,4.0000000000e+02,2.5239707058e+01,2.1121010091e-01,7.0830320531e-03,1.4098634510e-03,,,
two_term,ar_mcig_sweep_rerun_0003,4.0000000000e+02,2.5451359021e+01,2.1209382518e-01,6.8057746965e-03,1.3490314645e-03,,,
two_term,ar_mcig_sweep_rerun_0003,4.0000000000e+02,2.5663894709e+01,2.1297754945e-01,6.5373512625e-03,1.2904480881e-03,,,
two_term,ar_mcig_sweep_rerun_0003,4.0000000000e+02,2.5877314120e+01,2.1386127372e-01,6.2775777703e-03,1.2340492797e-03,,,
two_term,ar_mcig_sweep_rerun_0003,4.0000000000e+02,2.6091617256e+01,2.1474499799e-01,6.0261751299e-03,1.1797534315e-03,,,
two_term,ar_mcig_sweep_rerun_0003,4.0000000000e+02,2.6306804116e+01,2.1562872226e-01,5.7830575276e-03,1.1275179564e-03,,,
two_term,ar_mcig_sweep_rerun_0003,4.0000000000e+02,2.6522874700e+01,2.1651244653e-01,5.5480746422e-03,1.0772884373e-03,,,
two_term,ar_mcig_sweep_rerun_0003,4.0000000000e+02,2.6739829009e+01,2.1739617081e-01,5.3210350294e-03,1.0290033890e-03,,,
two_term,ar_mcig_sweep_rerun_0003,4.0000000000e+02,2.6957667042e+01,2.1827989508e-01,5.1017485810e-03,9.8260257943e-04,,,
two_term,ar_mcig_sweep_rerun_0003,4.0000000000e+02,2.7176388799e+01,2.1916361935e-01,4.8900409139e-03,9.3802976466e-04,,,
two_term,ar_mcig_sweep_rerun_0003,4.0000000000e+02,2.7395994281e+01,2.2004734362e-01,4.6856648310e-03,8.9521569265e-04,,,
two_term,ar_mcig_sweep_rerun_0003,4.0000000000e+02,2.7616483487e+01,2.2093106789e-01,4.4884829075e-03,8.5411310803e-04,,,
two_term,ar_mcig_sweep_rerun_0003,4.0000000000e+02,2.7837856417e+01,2.2181479216e-01,4.2983345787e-03,8.1467112272e-04,,,
two_term,ar_mcig_sweep_rerun_0003,4.0000000000e+02,2.8060113071e+01,2.2269851644e-01,4.1150362144e-03,7.7683530212e-04,,,
two_term,ar_mcig_sweep_rerun_0003,4.0000000000e+02,2.8283253449e+01,2.2358224071e-01,3.9384170071e-03,7.4055448334e-04,,,
two_term,ar_mcig_sweep_rerun_0003,4.0000000000e+02,2.8507277552e+01,2.2446596498e-01,3.7682994330e-03,7.0577705125e-04,,,
two_term,ar_mcig_sweep_rerun_0003,4.0000000000e+02,2.8732185379e+01,2.2534968925e-01,3.6044655141e-03,6.7244465335e-04,,,
two_term,ar_mcig_sweep_rerun_0003,4.0000000000e+02,2.8957976931e+01,2.2623341352e-01,3.4467259958e-03,6.4050518650e-04,,,
two_term,ar_mcig_sweep_rerun_0003,4.0000000000e+02,2.9184652206e+01,2.2711713779e-01,3.2949586172e-03,6.0991975951e-04,,,
two_term,ar_mcig_sweep_rerun_0003,4.0000000000e+02,2.9412211206e+01,2.2800086206e-01,3.1489963561e-03,5.8064183067e-04,,,
two_term,ar_mcig_sweep_rerun_0003,4.0000000000e+02,2.9640653931e+01,2.2888458634e-01,3.0086631557e-03,5.5262391758e-04,,,
two_term,ar_mcig_sweep_rerun_0003,4.0000000000e+02,2.9869980379e+01,2.2976831061e-01,2.8737842862e-03,5.2581951114e-04,,,
two_term,ar_mcig_sweep_rerun_0003,4.0000000000e+02,3.0100190552e+01,2.3065203488e-01,2.7441942533e-03,5.0018449842e-04,,,
two_term,ar_mcig_sweep_rerun_0003,4.0000000000e+02,3.0331284449e+01,2.3153575915e-01,2.6196886712e-03,4.7566837818e-04,,,
two_term,ar_mcig_sweep_rerun_0003,4.0000000000e+02,3.0563262070e+01,2.3241948342e-01,2.5001516202e-03,4.5223741946e-04,,,
two_term,ar_mcig_sweep_rerun_0003,4.0000000000e+02,3.0796123416e+01,2.3330320769e-01,2.3854257728e-03,4.2985094069e-04,,,
two_term,ar_mcig_sweep_rerun_0003,4.0000000000e+02,3.1029868485e+01,2.3418693197e-01,2.2753522221e-03,4.0846859080e-04,,,
two_term,ar_mcig_sweep_rerun_0003,4.0000000000e+02,3.1264497280e+01,2.3507065624e-01,2.1697838447e-03,3.8805273294e-04,,,
two_term,ar_mcig_sweep_rerun_0003,4.0000000000e+02,3.1500009798e+01,2.3595438051e-01,2.0685731799e-03,3.6856623404e-04,,,
two_term,ar_mcig_sweep_rerun_0003,4.0000000000e+02,3.1736406041e+01,2.3683810478e-01,1.9715660339e-03,3.4997132000e-04,,,
two_term,ar_mcig_sweep_rerun_0003,4.0000000000e+02,3.1973686008e+01,2.3772182905e-01,1.8785821948e-03,3.3222617717e-04,,,
two_term,ar_mcig_sweep_rerun_0003,4.0000000000e+02,3.2211849699e+01,2.3860555332e-01,1.7895237095e-03,3.1530410487e-04,,,
two_term,ar_mcig_sweep_rerun_0003,4.0000000000e+02,3.2450897114e+01,2.3948927760e-01,1.7042558219e-03,2.9917233600e-04,,,
two_term,ar_mcig_sweep_rerun_0003,4.0000000000e+02,3.2690828254e+01,2.4037300187e-01,1.6226407759e-03,2.8379806063e-04,,,
two_term,ar_mcig_sweep_rerun_0003,4.0000000000e+02,3.2931643118e+01,2.4125672614e-01,1.5445439178e-03,2.6914949014e-04,,,
two_term,ar_mcig_sweep_rerun_0003,4.0000000000e+02,3.3173341706e+01,2.4214045041e-01,1.4698389681e-03,2.5519675398e-04,,,
two_term,ar_mcig_sweep_rerun_0003,4.0000000000e+02,3.3415924019e+01,2.4302417468e-01,1.3984037767e-03,2.4191113039e-04,,,
two_term,ar_mcig_sweep_rerun_0003,4.0000000000e+02,3.3659390056e+01,2.4390789895e-01,1.3300900468e-03,2.2925980712e-04,,,
two_term,ar_mcig_sweep_rerun_0003,4.0000000000e+02,3.3903739817e+01,2.4479162322e-01,1.2648035776e-03,2.1721973628e-04,,,
two_term,ar_mcig_sweep_rerun_0003,4.0000000000e+02,3.4148973302e+01,2.4567534750e-01,1.2024308641e-03,2.0576489822e-04,,,
two_term,ar_mcig_sweep_rerun_0003,4.0000000000e+02,3.4395090512e+01,2.4655907177e-01,1.1428620378e-03,1.9487026635e-04,,,
two_term,ar_mcig_sweep_rerun_0003,4.0000000000e+02,3.4642091446e+01,2.4744279604e-01,1.0859874562e-03,1.8451121005e-04,,,
two_term,ar_mcig_sweep_rerun_0003,4.0000000000e+02,3.4889976104e+01,2.4832652031e-01,1.0316993520e-03,1.7466376674e-04,,,
two_term,ar_mcig_sweep_rerun_0003,4.0000000000e+02,3.5138744486e+01,2.4921024458e-01,9.7989558788e-04,1.6530526350e-04,,,
two_term,ar_mcig_sweep_rerun_0003,4.0000000000e+02,3.5388396593e+01,2.5009396885e-01,9.3046858179e-04,1.5641243261e-04,,,
two_term,ar_mcig_sweep_rerun_0003,4.0000000000e+02,3.5638932424e+01,2.5097769313e-01,8.8332505173e-04,1.4796472948e-04,,,
two_term,ar_mcig_sweep_rerun_0003,4.0000000000e+02,3.5890351979e+01,2.5186141740e-01,8.3837843036e-04,1.3994301863e-04,,,
two_term,ar_mcig_sweep_rerun_0003,4.0000000000e+02,3.6142655259e+01,2.5274514167e-01,7.9553864110e-04,1.3232784853e-04,,,
two_term,ar_mcig_sweep_rerun_0003,4.0000000000e+02,3.6395842262e+01,2.5362886594e-01,7.5471956938e-04,1.2510069546e-04,,,
two_term,ar_mcig_sweep_rerun_0003,4.0000000000e+02,3.6649912991e+01,2.5451259021e-01,7.1583635130e-04,1.1824349959e-04,,,
two_term,ar_mcig_sweep_rerun_0003,4.0000000000e+02,3.6904867443e+01,2.5539631448e-01,6.7880612836e-04,1.1173878113e-04,,,
two_term,ar_mcig_sweep_rerun_0003,4.0000000000e+02,3.7160705620e+01,2.5628003876e-01,6.4355048398e-04,1.0557003008e-04,,,
two_term,ar_mcig_sweep_rerun_0003,4.0000000000e+02,3.7417427520e+01,2.5716376303e-01,6.0998481128e-04,9.9719951385e-05,,,
two_term,ar_mcig_sweep_rerun_0003,4.0000000000e+02,3.7675033146e+01,2.5804748730e-01,5.7804384210e-04,9.4174637565e-05,,,
two_term,ar_mcig_sweep_rerun_0003,4.0000000000e+02,3.7933522495e+01,2.5893121157e-01,5.4765806160e-04,8.8919681494e-05,,,
two_term,ar_mcig_sweep_rerun_0003,4.0000000000e+02,3.8192895569e+01,2.5981493584e-01,5.1875968123e-04,8.3941151400e-05,,,
two_term,ar_mcig_sweep_rerun_0003,4.0000000000e+02,3.8453152367e+01,2.6069866011e-01,4.9128359772e-04,7.9225737446e-05,,,
two_term,ar_mcig_sweep_rerun_0003,4.0000000000e+02,3.8714292889e+01,2.6158238438e-01,4.6516605855e-04,7.4760526749e-05,,,
two_term,ar_mcig_sweep_rerun_0003,4.0000000000e+02,3.8976317135e+01,2.6246610866e-01,4.4034554176e-04,7.0533137619e-05,,,
two_term,ar_mcig_sweep_rerun_0003,4.0000000000e+02,3.9239225106e+01,2.6334983293e-01,4.1676404115e-04,6.6531915816e-05,,,
two_term,ar_mcig_sweep_rerun_0003,4.0000000000e+02,3.9503016801e+01,2.6423355720e-01,3.9436032351e-04,6.2744849577e-05,,,
two_term,ar_mcig_sweep_rerun_0003,4.0000000000e+02,3.9767692221e+01,2.6511728147e-01,3.7308386457e-04,5.9161785465e-05,,,
two_term,ar_mcig_sweep_rerun_0003,4.0000000000e+02,4.0033251364e+01,2.6600100574e-01,3.5288441923e-04,5.5772749094e-05,,,
two_term,ar_mcig_sweep_rerun_0003,4.0000000000e+02,4.0299694232e+01,2.6688473001e-01,3.3371250060e-04,5.2568017622e-05,,,
two_term,ar_mcig_sweep_rerun_0003,4.0000000000e+02,4.0567020824e+01,2.6776845429e-01,3.1552037695e-04,4.9538272138e-05,,,
two_term,ar_mcig_sweep_rerun_0003,4.0000000000e+02,4.0835231141e+01,2.6865217856e-01,2.9826166055e-04,4.6674526660e-05,,,
two_term,ar_mcig_sweep_rerun_0003,4.0000000000e+02,4.1104325181e+01,2.6953590283e-01,2.8189220677e-04,4.3968262929e-05,,,
two_term,ar_mcig_sweep_rerun_0003,4.0000000000e+02,4.1374302946e+01,2.7041962710e-01,2.6637007724e-04,4.1411417032e-05,,,
two_term,ar_mcig_sweep_rerun_0003,4.0000000000e+02,4.1645164436e+01,2.7130335137e-01,2.5165360829e-04,3.8996072685e-05,,,
two_term,ar_mcig_sweep_rerun_0003,4.0000000000e+02,4.1916909649e+01,2.7218707564e-01,2.3770184365e-04,3.6714525686e-05,,,
two_term,ar_mcig_sweep_rerun_0003,4.0000000000e+02,4.2189538587e+01,2.7307079991e-01,2.2448139515e-04,3.4560336709e-05,,,
two_term,ar_mcig_sweep_rerun_0003,4.0000000000e+02,4.2463051249e+01,2.7395452419e-01,2.1195690138e-04,3.2526846709e-05,,,
two_term,ar_mcig_sweep_rerun_0003,4.0000000000e+02,4.2737447635e+01,2.7483824846e-01,2.0009423677e-04,3.0607671330e-05,,,
two_term,ar_mcig_sweep_rerun_0003,4.0000000000e+02,4.3012727746e+01,2.7572197273e-01,1.8886070497e-04,2.8796725985e-05,,,
two_term,ar_mcig_sweep_rerun_0003,4.0000000000e+02,4.3288891581e+01,2.7660569700e-01,1.7822541880e-04,2.7088278822e-05,,,
two_term,ar_mcig_sweep_rerun_0003,4.0000000000e+02,4.3565939140e+01,2.7748942127e-01,1.6815879245e-04,2.5476868169e-05,,,
two_term,ar_mcig_sweep_rerun_0003,4.0000000000e+02,4.3843870423e+01,2.7837314554e-01,1.5863228681e-04,2.3957259782e-05,,,
two_term,ar_mcig_sweep_rerun_0003,4.0000000000e+02,4.4122685431e+01,2.7925686982e-01,1.4961776616e-04,2.2524346406e-05,,,
two_term,ar_mcig_sweep_rerun_0003,4.0000000000e+02,4.4402384163e+01,2.8014059409e-01,1.4108906945e-04,2.1173381571e-05,,,
two_term,ar_mcig_sweep_rerun_0003,4.0000000000e+02,4.4682966619e+01,2.8102431836e-01,1.3302328159e-04,1.9900164100e-05,,,
two_term,ar_mcig_sweep_rerun_0003,4.0000000000e+02,4.4964432800e+01,2.8190804263e-01,1.2539672615e-04,1.8700431961e-05,,,
two_term,ar_mcig_sweep_rerun_0003,4.0000000000e+02,4.5246782704e+01,2.8279176690e-01,1.1818702049e-04,1.7570168733e-05,,,
two_term,ar_mcig_sweep_rerun_0003,4.0000000000e+02,4.5530016333e+01,2.8367549117e-01,1.1137282453e-04,1.6505562556e-05,,,
two_term,ar_mcig_sweep_rerun_0003,4.0000000000e+02,4.5814133687e+01,2.8455921545e-01,1.0493365592e-04,1.5502975643e-05,,,
two_term,ar_mcig_sweep_rerun_0003,4.0000000000e+02,4.6099134764e+01,2.8544293972e-01,9.8850052657e-05,1.4558965534e-05,,,
two_term,ar_mcig_sweep_rerun_0003,4.0000000000e+02,4.6385019566e+01,2.8632666399e-01,9.3103575546e-05,1.3670282450e-05,,,
two_term,ar_mcig_sweep_rerun_0003,4.0000000000e+02,4.6671788092e+01,2.8721038826e-01,8.7676511642e-05,1.2833822913e-05,,,
two_term,ar_mcig_sweep_rerun_0003,4.0000000000e+02,4.6959440343e+01,2.8809411253e-01,8.2550736387e-05,1.2046461459e-05,,,
two_term,ar_mcig_sweep_rerun_0003,4.0000000000e+02,4.7247976317e+01,2.8897783680e-01,7.7711893311e-05,1.1305659045e-05,,,
two_term,ar_mcig_sweep_rerun_0003,4.0000000000e+02,4.7537396016e+01,2.8986156107e-01,7.3144822914e-05,1.0608791121e-05,,,
two_term,ar_mcig_sweep_rerun_0003,4.0000000000e+02,4.7827699439e+01,2.9074528535e-01,6.8835031422e-05,9.9533613086e-06,,,
two_term,ar_mcig_sweep_rerun_0003,4.0000000000e+02,4.8118886587e+01,2.9162900962e-01,6.4768773001e-05,9.3370113097e-06,,,
two_term,ar_mcig_sweep_rerun_0003,4.0000000000e+02,4.8410957459e+01,2.9251273389e-01,6.0933029462e-05,8.7575159068e-06,,,
two_term,ar_mcig_sweep_rerun_0003,4.0000000000e+02,4.8703912055e+01,2.9339645816e-01,5.7315396059e-05,8.2127645920e-06,,,
two_term,ar_mcig_sweep_rerun_0003,4.0000000000e+02,4.8997750375e+01,2.9428018243e-01,5.3904057411e-05,7.7007564058e-06,,,
two_term,ar_mcig_sweep_rerun_0003,4.0000000000e+02,4.9292472420e+01,2.9516390670e-01,5.0687859692e-05,7.2196085793e-06,,,
two_term,ar_mcig_sweep_rerun_0003,4.0000000000e+02,4.9588078188e+01,2.9604763098e-01,4.7655977341e-05,6.7675074408e-06,,,
two_term,ar_mcig_sweep_rerun_0003,4.0000000000e+02,4.9884567682e+01,2.9693135525e-01,4.4797970157e-05,6.3427154704e-06,,,
two_term,ar_mcig_sweep_rerun_0003,4.0000000000e+02,5.0181940899e+01,2.9781507952e-01,4.2104933891e-05,5.9437325945e-06,,,
two_term,ar_mcig_sweep_rerun_0003,4.0000000000e+02,5.0480197841e+01,2.9869880379e-01,3.9567804684e-05,5.5690540265e-06,,,
two_term,ar_mcig_sweep_rerun_0003,4.0000000000e+02,5.0779338507e+01,2.9958252806e-01,3.7177962201e-05,5.2172549766e-06,,,
two_term,ar_mcig_sweep_rerun_0003,4.0000000000e+02,5.1079362897e+01,3.0046625233e-01,3.4927233220e-05,4.8869899763e-06,,,
two_term,ar_mcig_sweep_rerun_0003,4.0000000000e+02,5.1380271011e+01,3.0134997661e-01,3.2807895179e-05,4.5769922112e-06,,,
two_term,ar_mcig_sweep_rerun_0003,4.0000000000e+02,5.1682062850e+01,3.0223370088e-01,3.0812618573e-05,4.2860643578e-06,,,
two_term,ar_mcig_sweep_rerun_0003,4.0000000000e+02,5.1984738413e+01,3.0311742515e-01,2.8934442542e-05,4.0130741848e-06,,,
two_term,ar_mcig_sweep_rerun_0003,4.0000000000e+02,5.2288297700e+01,3.0400114942e-01,2.7166799750e-05,3.7569570479e-06,,,
two_term,ar_mcig_sweep_rerun_0003,4.0000000000e+02,5.2592740712e+01,3.0488487369e-01,2.5503468375e-05,3.5167082898e-06,,,
two_term,ar_mcig_sweep_rerun_0003,4.0000000000e+02,5.2898067448e+01,3.0576859796e-01,2.3938137590e-05,3.2913226300e-06,,,
two_term,ar_mcig_sweep_rerun_0003,4.0000000000e+02,5.3204277908e+01,3.0665232223e-01,2.2465661802e-05,3.0799661260e-06,,,
two_term,ar_mcig_sweep_rerun_0003,4.0000000000e+02,5.3511372092e+01,3.0753604651e-01,2.1080780865e-05,2.8817987611e-06,,,
two_term,ar_mcig_sweep_rerun_0003,4.0000000000e+02,5.3819350001e+01,3.0841977078e-01,1.9778488335e-05,2.6960247288e-06,,,
two_term,ar_mcig_sweep_rerun_0003,4.0000000000e+02,5.4128211634e+01,3.0930349505e-01,1.8554051704e-05,2.5218945509e-06,,,
two_term,ar_mcig_sweep_rerun_0003,4.0000000000e+02,5.4437956991e+01,3.1018721932e-01,1.7403003196e-05,2.3587031708e-06,,,
two_term,ar_mcig_sweep_rerun_0003,4.0000000000e+02,5.4748586072e+01,3.1107094359e-01,1.6321113355e-05,2.2057857528e-06,,,
two_term,ar_mcig_sweep_rerun_0003,4.0000000000e+02,5.5060098878e+01,3.1195466786e-01,1.5304381512e-05,2.0625158272e-06,,,
two_term,ar_mcig_sweep_rerun_0003,4.0000000000e+02,5.5372495408e+01,3.1283839214e-01,1.4349035319e-05,1.9283046862e-06,,,
two_term,ar_mcig_sweep_rerun_0003,4.0000000000e+02,5.5685775662e+01,3.1372211641e-01,1.3451507855e-05,1.8025977841e-06,,,
two_term,ar_mcig_sweep_rerun_0003,4.0000000000e+02,5.5999939641e+01,3.1460584068e-01,1.2608406553e-05,1.6848701049e-06,,,
two_term,ar_mcig_sweep_rerun_0003,4.0000000000e+02,5.6314987344e+01,3.1548956495e-01,1.1816382231e-05,1.5746082968e-06,,,
two_term,ar_mcig_sweep_rerun_0003,4.0000000000e+02,5.6630918771e+01,3.1637328922e-01,1.1072644946e-05,1.4713790574e-06,,,
two_term,ar_mcig_sweep_rerun_0003,4.0000000000e+02,5.6947733922e+01,3.1725701349e-01,1.0374351216e-05,1.3747468177e-06,,,
two_term,ar_mcig_sweep_rerun_0003,4.0000000000e+02,5.7265432798e+01,3.1814073777e-01,9.7188225657e-06,1.2843026531e-06,,,
two_term,ar_mcig_sweep_rerun_0003,4.0000000000e+02,5.7584015398e+01,3.1902446204e-01,9.1035317720e-06,1.1996621022e-06,,,
two_term,ar_mcig_sweep_rerun_0003,4.0000000000e+02,5.7903481722e+01,3.1990818631e-01,8.5260912617e-06,1.1204633041e-06,,,
two_term,ar_mcig_sweep_rerun_0003,4.0000000000e+02,5.8223831770e+01,3.2079191058e-01,7.9842515986e-06,1.0463664884e-06,,,
two_term,ar_mcig_sweep_rerun_0003,4.0000000000e+02,5.8545065543e+01,3.2167563485e-01,7.4758922643e-06,9.7705246742e-07,,,
two_term,ar_mcig_sweep_rerun_0003,4.0000000000e+02,5.8867183040e+01,3.2255935912e-01,6.9990117517e-06,9.1222106274e-07,,,
two_term,ar_mcig_sweep_rerun_0003,4.0000000000e+02,5.9190184261e+01,3.2344308339e-01,6.5517244412e-06,8.5159043961e-07,,,
two_term,ar_mcig_sweep_rerun_0003,4.0000000000e+02,5.9514069207e+01,3.2432680767e-01,6.1322541165e-06,7.9489601651e-07,,,
two_term,ar_mcig_sweep_rerun_0003,4.0000000000e+02,5.9838837877e+01,3.2521053194e-01,5.7388660627e-06,7.4188145278e-07,,,
two_term,ar_mcig_sweep_rerun_0003,4.0000000000e+02,6.0164490271e+01,3.2609425621e-01,5.3700120574e-06,6.9231722970e-07,,,
two_term,ar_mcig_sweep_rerun_0003,4.0000000000e+02,6.0491026389e+01,3.2697798048e-01,5.0242478676e-06,6.4598968018e-07,,,
two_term,ar_mcig_sweep_rerun_0003,4.0000000000e+02,6.0818446232e+01,3.2786170475e-01,4.7001721547e-06,6.0269294106e-07,,,
two_term,ar_mcig_sweep_rerun_0003,4.0000000000e+02,6.1146749798e+01,3.2874542902e-01,4.3964655150e-06,5.6223384088e-07,,,
two_term,ar_mcig_sweep_rerun_0003,4.0000000000e+02,6.1475937090e+01,3.2962915330e-01,4.1118866320e-06,5.2443123897e-07,,,
two_term,ar_mcig_sweep_rerun_0003,4.0000000000e+02,6.1806008105e+01,3.3051287757e-01,3.8452664986e-06,4.8911512970e-07,,,
two_term,ar_mcig_sweep_rerun_0003,4.0000000000e+02,6.2136962845e+01,3.3139660184e-01,3.5955049323e-06,4.5612605192e-07,,,
two_term,ar_mcig_sweep_rerun_0003,4.0000000000e+02,6.2468801309e+01,3.3228032611e-01,3.3615673708e-06,4.2531454330e-07,,,
two_term,ar_mcig_sweep_rerun_0003,4.0000000000e+02,6.2801523497e+01,3.3316405038e-01,3.1424801116e-06,3.9654040706e-07,,,
two_term,ar_mcig_sweep_rerun_0003,4.0000000000e+02,6.3135129409e+01,3.3404777465e-01,2.9373272173e-06,3.6967219992e-07,,,
two_term,ar_mcig_sweep_rerun_0003,4.0000000000e+02,6.3469619046e+01,3.3493149892e-01,2.7452477665e-06,3.4458677148e-07,,,
two_term,ar_mcig_sweep_rerun_0003,4.0000000000e+02,6.3804992407e+01,3.3581522320e-01,2.5654120991e-06,3.2116618134e-07,,,
two_term,ar_mcig_sweep_rerun_0003,4.0000000000e+02,6.4141249493e+01,3.3669894747e-01,2.3970585332e-06,2.9930221520e-07,,,
two_term,ar_mcig_sweep_rerun_0003,4.0000000000e+02,6.4478390302e+01,3.3758267174e-01,2.2394969679e-06,2.7889670629e-07,,,
two_term,ar_mcig_sweep_rerun_0003,4.0000000000e+02,6.4816414836e+01,3.3846639601e-01,2.0920541848e-06,2.5985461004e-07,,,
two_term,ar_mcig_sweep_rerun_0003,4.0000000000e+02,6.5155323094e+01,3.3935012028e-01,1.9540975994e-06,2.4208690594e-07,,,
two_term,ar_mcig_sweep_rerun_0003,4.0000000000e+02,6.5495115077e+01,3.4023384455e-01,1.8250331287e-06,2.2551025579e-07,,,
two_term,ar_mcig_sweep_rerun_0003,4.0000000000e+02,6.5835790783e+01,3.4111756883e-01,1.7043025728e-06,2.1004660742e-07,,,
two_term,ar_mcig_sweep_rerun_0003,4.0000000000e+02,6.6177350214e+01,3.4200129310e-01,1.5913817061e-06,1.9562289172e-07,,,
two_term,ar_mcig_sweep_rerun_0003,4.0000000000e+02,6.6519793370e+01,3.4288501737e-01,1.4857783955e-06,1.8217072775e-07,,,
two_term,ar_mcig_sweep_rerun_0003,4.0000000000e+02,6.6863120249e+01,3.4376874164e-01,1.3870304632e-06,1.6962610107e-07,,,
two_term,ar_mcig_sweep_rerun_0003,4.0000000000e+02,6.7207330853e+01,3.4465246591e-01,1.2947040930e-06,1.5792911333e-07,,,
two_term,ar_mcig_sweep_rerun_0003,4.0000000000e+02,6.7552425181e+01,3.4553619018e-01,1.2083921808e-06,1.4702372905e-07,,,
two_term,ar_mcig_sweep_rerun_0003,4.0000000000e+02,6.7898403233e+01,3.4641991446e-01,1.1277125855e-06,1.3685751397e-07,,,
two_term,ar_mcig_sweep_rerun_0003,4.0000000000e+02,6.8245265010e+01,3.4730363873e-01,1.0522965050e-06,1.2738018218e-07,,,
two_term,ar_mcig_sweep_rerun_0003,4.0000000000e+02,6.8593010511e+01,3.4818736300e-01,9.8181210780e-07,1.1854642225e-07,,,
two_term,ar_mcig_sweep_rerun_0003,4.0000000000e+02,6.8941639736e+01,3.4907108727e-01,9.1595175343e-07,1.1031429506e-07,,,
two_term,ar_mcig_sweep_rerun_0003,4.0000000000e+02,6.9291152685e+01,3.4995481154e-01,8.5441926774e-07,1.0264366259e-07,,,
two_term,ar_mcig_sweep_rerun_0003,4.0000000000e+02,6.9641549359e+01,3.5083853581e-01,7.9693693162e-07,9.5497002738e-08,,,
two_term,ar_mcig_sweep_rerun_0003,4.0000000000e+02,6.9992829757e+01,3.5172226008e-01,7.4324430623e-07,8.8839235962e-08,,,
two_term,ar_mcig_sweep_rerun_0003,4.0000000000e+02,7.0344993879e+01,3.5260598436e-01,6.9309730621e-07,8.2637584230e-08,,,
two_term,ar_mcig_sweep_rerun_0003,4.0000000000e+02,7.0698041726e+01,3.5348970863e-01,6.4626714194e-07,7.6861416427e-08,,,
two_term,ar_mcig_sweep_rerun_0003,4.0000000000e+02,7.1051973296e+01,3.5437343290e-01,6.0253936167e-07,7.1482107959e-08,,,
two_term,ar_mcig_sweep_rerun_0003,4.0000000000e+02,7.1406788591e+01,3.5525715717e-01,5.6171305506e-07,6.6472921534e-08,,,
two_term,ar_mcig_sweep_rerun_0003,4.0000000000e+02,7.1762487611e+01,3.5614088144e-01,5.2359997890e-07,6.1808880548e-08,,,
two_term,ar_mcig_sweep_rerun_0003,4.0000000000e+02,7.2119070354e+01,3.5702460571e-01,4.8802377796e-07,5.7466655543e-08,,,
two_term,ar_mcig_sweep_rerun_0003,4.0000000000e+02,7.2476536822e+01,3.5790832999e-01,4.5481928727e-07,5.3424461922e-08,,,
two_term,ar_mcig_sweep_rerun_0003,4.0000000000e+02,7.2834887014e+01,3.5879205426e-01,4.2383181867e-07,4.9661957316e-08,,,
two_term,ar_mcig_sweep_rerun_0003,4.0000000000e+02,7.3194120931e+01,3.5967577853e-01,3.9491051824e-07,4.6159447452e-08,,,
two_term,ar_mcig_sweep_rerun_0003,4.0000000000e+02,7.3554238571e+01,3.6055950280e-01,3.6792593321e-07,4.2899926496e-08,,,
two_term,ar_mcig_sweep_rerun_0003,4.0000000000e+02,7.3915239936e+01,3.6144322707e-01,3.4275171741e-07,3.9866916274e-08,,,
two_term,ar_mcig_sweep_rerun_0003,4.0000000000e+02,7.4277125025e+01,3.6232695134e-01,3.1926892653e-07,3.7044958215e-08,,,
two_term,ar_mcig_sweep_rerun_0003,4.0000000000e+02,7.4639893839e+01,3.6321067562e-01,2.9736624786e-07,3.4419627543e-08,,,
two_term,ar_mcig_sweep_rerun_0003,4.0000000000e+02,7.5003546377e+01,3.6409439989e-01,2.7693951816e-07,3.1977465053e-08,,,
two_term,ar_mcig_sweep_rerun_0003,4.0000000000e+02,7.5368082639e+01,3.6497812416e-01,2.5789128389e-07,2.9705914778e-08,,,
two_term,ar_mcig_sweep_rerun_0003,4.0000000000e+02,7.5733502625e+01,3.6586184843e-01,2.4013037826e-07,2.7593264465e-08,,,
two_term,ar_mcig_sweep_rerun_0003,4.0000000000e+02,7.6099806336e+01,3.6674557270e-01,2.2357152460e-07,2.5628589954e-08,,,
two_term,ar_mcig_sweep_rerun_0003,4.0000000000e+02,7.6466993770e+01,3.6762929697e-01,2.0813496829e-07,2.3801703611e-08,,,
two_term,ar_mcig_sweep_rerun_0003,4.0000000000e+02,7.6835064929e+01,3.6851302124e-01,1.9374612861e-07,2.2103105774e-08,,,
two_term,ar_mcig_sweep_rerun_0003,4.0000000000e+02,7.7204019813e+01,3.6939674552e-01,1.8033527045e-07,2.0523939168e-08,,,
two_term,ar_mcig_sweep_rerun_0003,4.0000000000e+02,7.7573858421e+01,3.7028046979e-01,1.6783719823e-07,1.9055946483e-08,,,
two_term,ar_mcig_sweep_rerun_0003,4.0000000000e+02,7.7944580752e+01,3.7116419406e-01,1.5619096950e-07,1.7691430796e-08,,,
two_term,ar_mcig_sweep_rerun_0003,4.0000000000e+02,7.8316186809e+01,3.7204791833e-01,1.4533877984e-07,1.6423122906e-08,,,
two_term,ar_mcig_sweep_rerun_0003,4.0000000000e+02,7.8688676589e+01,3.7293164260e-01,1.3522685910e-07,1.5244277301e-08,,,
two_term,ar_mcig_sweep_rerun_0003,4.0000000000e+02,7.9062050094e+01,3.7381536687e-01,1.2580713786e-07,1.4148853389e-08,,,
two_term,ar_mcig_sweep_rerun_0003,4.0000000000e+02,7.9436307323e+01,3.7469909115e-01,1.1703309373e-07,1.3131041139e-08,,,
two_term,ar_mcig_sweep_rerun_0003,4.0000000000e+02,7.9811448276e+01,3.7558281542e-01,1.0886126805e-07,1.2185428142e-08,,,
two_term,ar_mcig_sweep_rerun_0003,4.0000000000e+02,8.0187472954e+01,3.7646653969e-01,1.0125106773e-07,1.1306972817e-08,,,
two_term,ar_mcig_sweep_rerun_0003,4.0000000000e+02,8.0564381356e+01,3.7735026396e-01,9.4164579019e-08,1.0490979318e-08,,,
two_term,ar_mcig_sweep_rerun_0003,4.0000000000e+02,8.0942173482e+01,3.7823398823e-01,8.7566398105e-08,9.7330746679e-09,,,
two_term,ar_mcig_sweep_rerun_0003,4.0000000000e+02,8.1320849332e+01,3.7911771250e-01,8.1423465036e-08,9.0291865762e-09,,,
two_term,ar_mcig_sweep_rerun_0003,4.0000000000e+02,8.1700408907e+01,3.8000143677e-01,7.5704914159e-08,8.3755233990e-09,,,
two_term,ar_mcig_sweep_rerun_0003,4.0000000000e+02,8.2080852206e+01,3.8088516105e-01,7.0381933404e-08,7.7685553500e-09,,,
two_term,ar_mcig_sweep_rerun_0003,4.0000000000e+02,8.2462179229e+01,3.8176888532e-01,6.5427626610e-08,7.2049963091e-09,,,
two_term,ar_mcig_sweep_rerun_0003,4.0000000000e+02,8.2844389976e+01,3.8265260959e-01,6.0816892563e-08,6.6817877187e-09,,,
two_term,ar_mcig_sweep_rerun_0003,4.0000000000e+02,8.3227484448e+01,3.8353633386e-01,5.6526306650e-08,6.1960829901e-09,,,
two_term,ar_mcig_sweep_rerun_0003,4.0000000000e+02,8.3611462644e+01,3.8442005813e-01,5.2534010369e-08,5.7452329834e-09,,,
two_term,ar_mcig_sweep_rerun_0003,4.0000000000e+02,8.3996324564e+01,3.8530378240e-01,4.8819611647e-08,5.3267728662e-09,,,
two_term,ar_mcig_sweep_rerun_0003,4.0000000000e+02,8.4382070209e+01,3.8618750668e-01,4.5363463461e-08,4.9383414754e-09,,,
two_term,ar_mcig_sweep_rerun_0003,4.0000000000e+02,8.4768699577e+01,3.8707123095e-01,4.2148399982e-08,4.5778687010e-09,,,
two_term,ar_mcig_sweep_rerun_0003,4.0000000000e+02,8.5156212671e+01,3.8795495522e-01,3.9158000464e-08,4.2433840364e-09,,,
two_term,ar_mcig_sweep_rerun_0003,4.0000000000e+02,8.5544609488e+01,3.8883867949e-01,3.6376814768e-08,3.9330398305e-09,,,
two_term,ar_mcig_sweep_rerun_0003,4.0000000000e+02,8.5933890030e+01,3.8972240376e-01,3.3790437650e-08,3.6451179075e-09,,,
two_term,ar_mcig_sweep_rerun_0003,4.0000000000e+02,8.6324054295e+01,3.9060612803e-01,3.1385437463e-08,3.3780204298e-09,,,
two_term,ar_mcig_sweep_rerun_0003,4.0000000000e+02,8.6715102286e+01,3.9148985231e-01,2.9149292662e-08,3.1302617200e-09,,,
two_term,ar_mcig_sweep_rerun_0003,4.0000000000e+02,8.7107034000e+01,3.9237357658e-01,2.7070332349e-08,2.9004606285e-09,,,
two_term,ar_mcig_sweep_rerun_0003,4.0000000000e+02,8.7499849439e+01,3.9325730085e-01,2.5137677463e-08,2.6873330711e-09,,,
two_term,ar_mcig_sweep_rerun_0003,4.0000000000e+02,8.7893548602e+01,3.9414102512e-01,2.3341190052e-08,2.4896855307e-09,,,
two_term,ar_mcig_sweep_rerun_0003,4.0000000000e+02,8.8288131489e+01,3.9502474939e-01,2.1671422759e-08,2.3064086677e-09,,,
two_term,ar_mcig_sweep_rerun_0003,4.0000000000e+02,8.8683598101e+01,3.9590847366e-01,2.0119571842e-08,2.1364713919e-09,,,
two_term,ar_mcig_sweep_rerun_0003,4.0000000000e+02,8.9079948436e+01,3.9679219793e-01,1.8677432569e-08,1.9789152653e-09,,,
two_term,ar_mcig_sweep_rerun_0003,4.0000000000e+02,8.9477182496e+01,3.9767592221e-01,1.7337356300e-08,1.8328491577e-09,,,
two_term,ar_mcig_sweep_rerun_0003,4.0000000000e+02,8.9875300281e+01,3.9855964648e-01,1.6092219852e-08,1.6974452687e-09,,,
two_term,ar_mcig_sweep_rerun_0003,4.0000000000e+02,9.0274301789e+01,3.9944337075e-01,1.4935389472e-08,1.5719346356e-09,,,
two_term,ar_mcig_sweep_rerun_0003,4.0000000000e+02,9.0674187022e+01,4.0032709502e-01,1.3860635456e-08,1.4555975175e-09,,,
two_term,ar_mcig_sweep_rerun_0003,4.0000000000e+02,9.1074955979e+01,4.0121081929e-01,1.2862099652e-08,1.3477594482e-09,,,
two_term,ar_mcig_sweep_rerun_0003,4.0000000000e+02,9.1476608661e+01,4.0209454356e-01,1.1934614174e-08,1.2478240616e-09,,,
two_term,ar_mcig_sweep_rerun_0003,4.0000000000e+02,9.1879145067e+01,4.0297826784e-01,1.1073189609e-08,1.1552188420e-09,,,
two_term,ar_mcig_sweep_rerun_0003,4.0000000000e+02,9.2282565197e+01,4.0386199211e-01,1.0273181654e-08,1.0694122102e-09,,,
two_term,ar_mcig_sweep_rerun_0003,4.0000000000e+02,9.2686869051e+01,4.0474571638e-01,9.5302674924e-09,9.8991062216e-10,,,
two_term,ar_mcig_sweep_rerun_0003,4.0000000000e+02,9.3092056629e+01,4.0562944065e-01,8.8404244536e-09,9.1625594327e-10,,,
two_term,ar_mcig_sweep_rerun_0003,4.0000000000e+02,9.3498127932e+01,4.0651316492e-01,8.1999086734e-09,8.4802285647e-10,,,
two_term,ar_mcig_sweep_rerun_0003,4.0000000000e+02,9.3905082959e+01,4.0739688919e-01,7.6052367980e-09,7.8481661825e-10,,,
two_term,ar_mcig_sweep_rerun_0003,4.0000000000e+02,9.4312921710e+01,4.0828061347e-01,7.0531677500e-09,7.2627085021e-10,,,
two_term,ar_mcig_sweep_rerun_0003,4.0000000000e+02,9.4721644186e+01,4.0916433774e-01,6.5406861727e-09,6.7204553164e-10,,,
two_term,ar_mcig_sweep_rerun_0003,4.0000000000e+02,9.5131250386e+01,4.1004806201e-01,6.0649872643e-09,6.2182516061e-10,,,
two_term,ar_mcig_sweep_rerun_0003,4.0000000000e+02,9.5541740310e+01,4.1093178628e-01,5.6234617577e-09,5.7531695368e-10,,,
two_term,ar_mcig_sweep_rerun_0003,4.0000000000e+02,9.5953113958e+01,4.1181551055e-01,5.2136829969e-09,5.3224928278e-10,,,
two_term,ar_mcig_sweep_rerun_0003,4.0000000000e+02,9.6365371331e+01,4.1269923482e-01,4.8333939167e-09,4.9237012235e-10,,,
two_term,ar_mcig_sweep_rerun_0003,4.0000000000e+02,9.6778512428e+01,4.1358295909e-01,4.4804955710e-09,4.5544567385e-10,,,
two_term,ar_mcig_sweep_rerun_0003,4.0000000000e+02,9.7192537249e+01,4.1446668337e-01,4.1530363181e-09,4.2125907438e-10,,,
two_term,ar_mcig_sweep_rerun_0003,4.0000000000e+02,9.7607445795e+01,4.1535040764e-01,3.8492013021e-09,3.8960915193e-10,,,
two_term,ar_mcig_sweep_rerun_0003,4.0000000000e+02,9.8023238065e+01,4.1623413191e-01,3.5672773117e-09,3.6030670936e-10,,,
two_term,ar_mcig_sweep_rerun_0003,4.0000000000e+02,9.8439914059e+01,4.1711785618e-01,3.3056943591e-09,3.3317858832e-10,,,
two_term,ar_mcig_sweep_rerun_0003,4.0000000000e+02,9.8857473777e+01,4.1800158045e-01,3.0630289107e-09,3.0806782460e-10,,,
two_term,ar_mcig_sweep_rerun_0003,4.0000000000e+02,9.9275917220e+01,4.1888530472e-01,2.8379242919e-09,2.8482548880e-10,,,
two_term,ar_mcig_sweep_rerun_0003,4.0000000000e+02,9.9695244386e+01,4.1976902900e-01,2.6291194196e-09,2.6331347942e-10,,,
two_term,ar_mcig_sweep_rerun_0003,4.0000000000e+02,1.0011545528e+02,4.2065275327e-01,2.4354220998e-09,2.4340174044e-10,,,
two_term,ar_mcig_sweep_rerun_0003,4.0000000000e+02,1.0053654989e+02,4.2153647754e-01,2.2556839875e-09,2.2496567958e-10,,,
two_term,ar_mcig_sweep_rerun_0003,4.0000000000e+02,1.0095852823e+02,4.2242020181e-01,2.0888802531e-09,2.0789404000e-10,,,
two_term,ar_mcig_sweep_rerun_0003,4.0000000000e+02,1.0138139030e+02,4.2330392608e-01,1.9341052196e-09,1.9208832770e-10,,,
two_term,ar_mcig_sweep_rerun_0003,4.0000000000e+02,1.0180513608e+02,4.2418765035e-01,1.7905147645e-09,1.7745697011e-10,,,
two_term,ar_mcig_sweep_rerun_0003,4.0000000000e+02,1.0222976560e+02,4.2507137462e-01,1.6573222716e-09,1.6391484375e-10,,,
two_term,ar_mcig_sweep_rerun_0003,4.0000000000e+02,1.0265527883e+02,4.2595509890e-01,1.5337948393e-09,1.5138283309e-10,,,
two_term,ar_mcig_sweep_rerun_0003,4.0000000000e+02,1.0308167580e+02,4.2683882317e-01,1.4192497300e-09,1.3978741865e-10,,,
two_term,ar_mcig_sweep_rerun_0003,4.0000000000e+02,1.0350895648e+02,4.2772254744e-01,1.3130510460e-09,1.2906029244e-10,,,
two_term,ar_mcig_sweep_rerun_0003,4.0000000000e+02,1.0393712089e+02,4.2860627171e-01,1.2146066184e-09,1.1913799912e-10,,,
two_term,ar_mcig_sweep_rerun_0003,4.0000000000e+02,1.0436616902e+02,4.2948999598e-01,1.1233650975e-09,1.0996160124e-10,,,
two_term,ar_mcig_sweep_rerun_0003,4.0000000000e+02,1.0479610088e+02,4.3037372025e-01,1.0388132249e-09,1.0147636637e-10,,,
two_term,ar_mcig_sweep_rerun_0003,4.0000000000e+02,1.0522691646e+02,4.3125744453e-01,9.6047328315e-10,9.3631475391e-11,,,
two_term,ar_mcig_sweep_rerun_0003,4.0000000000e+02,1.0565861577e+02,4.3214116880e-01,8.8790071107e-10,8.6379750528e-11,,,
two_term,ar_mcig_sweep_rerun_0003,4.0000000000e+02,1.0609119880e+02,4.3302489307e-01,8.2067753291e-10,7.9676980212e-11,,,
two_term,ar_mcig_sweep_rerun_0003,4.0000000000e+02,1.0652466556e+02,4.3390861734e-01,7.5841541109e-10,7.3482184668e-11,,,
two_term,ar_mcig_sweep_rerun_0003,4.0000000000e+02,1.0695901604e+02,4.3479234161e-01,7.0076610193e-10,6.7758594054e-11,,,
two_term,ar_mcig_sweep_rerun_0003,4.0000000000e+02,1.0739425024e+02,4.3567606588e-01,6.4739649002e-10,6.2471196684e-11,,,
two_term,ar_mcig_sweep_rerun_0003,4.0000000000e+02,1.0783036817e+02,4.3655979016e-01,5.9799685765e-10,5.7587517581e-11,,,
two_term,ar_mcig_sweep_rerun_0003,4.0000000000e+02,1.0826736982e+02,4.3744351443e-01,5.5227929053e-10,5.3077439633e-11,,,
two_term,ar_mcig_sweep_rerun_0003,4.0000000000e+02,1.0870525520e+02,4.3832723870e-01,5.0997618857e-10,4.8913036993e-11,,,
two_term,ar_mcig_sweep_rerun_0003,4.0000000000e+02,1.0914402430e+02,4.3921096297e-01,4.7083887498e-10,4.5068419896e-11,,,
two_term,ar_mcig_sweep_rerun_0003,4.0000000000e+02,1.0958367712e+02,4.4009468724e-01,4.3463629761e-10,4.1519590159e-11,,,
two_term,ar_mcig_sweep_rerun_0003,4.0000000000e+02,1.1002421367e+02,4.4097841151e-01,4.0115381639e-10,3.8244306627e-11,,,
two_term,ar_mcig_sweep_rerun_0003,4.0000000000e+02,1.1046563395e+02,4.4186213578e-01,3.7019207164e-10,3.5221959929e-11,,,
two_term,ar_mcig_sweep_rerun_0003,4.0000000000e+02,1.1090793794e+02,4.4274586006e-01,3.4156592779e-10,3.2433455891e-11,,,
two_term,ar_mcig_sweep_rerun_0003,4.0000000000e+02,1.1135112567e+02,4.4362958433e-01,3.1510348788e-10,2.9861107057e-11,,,
two_term,ar_mcig_sweep_rerun_0003,4.0000000000e+02,1.1179519711e+02,4.4451330860e-01,2.9064517411e-10,2.7488531742e-11,,,
two_term,ar_mcig_sweep_rerun_0003,4.0000000000e+02,1.1224015228e+02,4.4539703287e-01,2.6804287030e-10,2.5300560135e-11,,,
two_term,ar_mcig_sweep_rerun_0003,4.0000000000e+02,1.1268599118e+02,4.4628075714e-01,2.4715912204e-10,2.3283146957e-11,,,
two_term,ar_mcig_sweep_rerun_0003,4.0000000000e+02,1.1313271380e+02,4.4716448141e-01,2.2786639112e-10,2.1423290243e-11,,,
two_term,ar_mcig_sweep_rerun_0003,4.0000000000e+02,1.1358032014e+02,4.4804820569e-01,2.1004636051e-10,1.9708955851e-11,,,
two_term,ar_mcig_sweep_rerun_0003,4.0000000000e+02,1.1402881021e+02,4.4893192996e-01,1.9358928605e-10,1.8129007212e-11,,,
two_term,ar_mcig_sweep_rerun_0003,4.0000000000e+02,1.1447818400e+02,4.4981565423e-01,1.7839339302e-10,1.6673140124e-11,,,
two_term,ar_mcig_sweep_rerun_0003,4.0000000000e+02,1.1492844152e+02,4.5069937850e-01,1.6436431401e-10,1.5331822150e-11,,,
two_term,ar_mcig_sweep_rerun_0003,4.0000000000e+02,1.1537958276e+02,4.5158310277e-01,1.5141278955e-10,1.4096071005e-11,,,
two_term,ar_mcig_sweep_rerun_0003,4.0000000000e+02,1.1583160772e+02,4.5246682704e-01,1.3945911364e-10,1.2957862240e-11,,,
two_term,ar_mcig_sweep_rerun_0003,4.0000000000e+02,1.1628451641e+02,4.5335055132e-01,1.2842884953e-10,1.1909722614e-11,,,
two_term,ar_mcig_sweep_rerun_0003,4.0000000000e+02,1.1673830883e+02,4.5423427559e-01,1.1825230820e-10,1.0944676463e-11,,,
two_term,ar_mcig_sweep_rerun_0003,4.0000000000e+02,1.1719298496e+02,4.5511799986e-01,1.0886492963e-10,1.0056276089e-11,,,
two_term,ar_mcig_sweep_rerun_0003,4.0000000000e+02,1.1764854483e+02,4.5600172413e-01,1.0020691546e-10,9.2385627745e-12,,,
two_term,ar_mcig_sweep_rerun_0003,4.0000000000e+02,1.1810498841e+02,4.5688544840e-01,9.2222887213e-11,8.4860306074e-12,,,
two_term,ar_mcig_sweep_rerun_0003,4.0000000000e+02,1.1856231572e+02,4.5776917267e-01,8.4861568241e-11,7.7935929012e-12,,,
two_term,ar_mcig_sweep_rerun_0003,4.0000000000e+02,1.1902052676e+02,4.5865289694e-01,7.8075488008e-11,7.1565510476e-12,,,
two_term,ar_mcig_sweep_rerun_0003,4.0000000000e+02,1.1947962152e+02,4.5953662122e-01,7.1820707004e-11,6.5705656197e-12,,,
two_term,ar_mcig_sweep_rerun_0003,4.0000000000e+02,1.1993960000e+02,4.6042034549e-01,6.6056560995e-11,6.0316295726e-12,,,
two_term,ar_mcig_sweep_rerun_0003,4.0000000000e+02,1.2040046221e+02,4.6130406976e-01,6.0745423265e-11,5.5360433912e-12,,,
two_term,ar_mcig_sweep_rerun_0003,4.0000000000e+02,1.2086220814e+02,4.6218779403e-01,5.5852483621e-11,5.0803920485e-12,,,
two_term,ar_mcig_sweep_rerun_0003,4.0000000000e+02,1.2132483780e+02,4.6307151830e-01,5.1345543028e-11,4.6615236466e-12,,,
two_term,ar_mcig_sweep_rerun_0003,4.0000000000e+02,1.2178835118e+02,4.6395524257e-01,4.7194822793e-11,4.2765296195e-12,,,
two_term,ar_mcig_sweep_rerun_0003,4.0000000000e+02,1.2225274828e+02,4.6483896685e-01,4.3372787306e-11,3.9227263888e-12,,,
two_term,ar_mcig_sweep_rerun_0003,4.0000000000e+02,1.2271802911e+02,4.6572269112e-01,3.9853979394e-11,3.5976383664e-12,,,
two_term,ar_mcig_sweep_rerun_0003,4.0000000000e+02,1.2318419366e+02,4.6660641539e-01,3.6614867434e-11,3.2989822098e-12,,,
two_term,ar_mcig_sweep_rerun_0003,4.0000000000e+02,1.2365124194e+02,4.6749013966e-01,3.3633703393e-11,3.0246522387e-12,,,
two_term,ar_mcig_sweep_rerun_0003,4.0000000000e+02,1.2411917394e+02,4.6837386393e-01,3.0890391055e-11,2.7727069308e-12,,,
two_term,ar_mcig_sweep_rerun_0003,4.0000000000e+02,1.2458798967e+02,4.6925758820e-01,2.8366363708e-11,2.5413564183e-12,,,
two_term,ar_mcig_sweep_rerun_0003,4.0000000000e+02,1.2505768912e+02,4.7014131248e-01,2.6044470645e-11,2.3289509135e-12,,,
two_term,ar_mcig_sweep_rerun_0003,4.0000000000e+02,1.2552827229e+02,4.7102503675e-01,2.3908703384e-11,2.1339549578e-12,,,
two_term,ar_mcig_sweep_rerun_0003,4.0000000000e+02,1.2599973919e+02,4.7190876102e-01,2.1944424968e-11,1.9549667800e-12,,,
two_term,ar_mcig_sweep_rerun_0003,4.0000000000e+02,1.2647208982e+02,4.7279248529e-01,2.0138363397e-11,1.7907164617e-12,,,
two_term,ar_mcig_sweep_rerun_0003,4.0000000000e+02,1.2694532416e+02,4.7367620956e-01,1.8478043144e-11,1.6400142527e-12,,,
two_term,ar_mcig_sweep_rerun_0003,4.0000000000e+02,1.2741944223e+02,4.7455993383e-01,1.6951950295e-11,1.5017644536e-12,,,
two_term,ar_mcig_sweep_rerun_0003,4.0000000000e+02,1.2789444403e+02,4.7544365810e-01,1.5549460213e-11,1.3749581458e-12,,,
two_term,ar_mcig_sweep_rerun_0003,4.0000000000e+02,1.2837032955e+02,4.7632738238e-01,1.4260770514e-11,1.2586664703e-12,,,
two_term,ar_mcig_sweep_rerun_0003,4.0000000000e+02,1.2884709879e+02,4.7721110665e-01,1.3076838948e-11,1.1520344149e-12,,,
two_term,ar_mcig_sweep_rerun_0003,4.0000000000e+02,1.2932475176e+02,4.7809483092e-01,1.1989325871e-11,1.0542750718e-12,,,
two_term,ar_mcig_sweep_rerun_0003,4.0000000000e+02,1.2980328846e+02,4.7897855519e-01,1.0990540947e-11,9.6466433218e-13,,,
two_term,ar_mcig_sweep_rerun_0003,4.0000000000e+02,1.3028270887e+02,4.7986227946e-01,1.0073393796e-11,8.8253598389e-13,,,
two_term,ar_mcig_sweep_rerun_0003,4.0000000000e+02,1.3076301302e+02,4.8074600373e-01,9.2313483037e-12,8.0727718350e-13,,,
two_term,ar_mcig_sweep_rerun_0003,4.0000000000e+02,1.3124420088e+02,4.8162972801e-01,8.4583803206e-12,7.3832427450e-13,,,
two_term,ar_mcig_sweep_rerun_0003,4.0000000000e+02,1.3172627247e+02,4.8251345228e-01,7.7489385128e-12,6.7515892582e-13,,,
two_term,ar_mcig_sweep_rerun_0003,4.0000000000e+02,1.3220922779e+02,4.8339717655e-01,7.0979081378e-12,6.1730456704e-13,,,
two_term,ar_mcig_sweep_rerun_0003,4.0000000000e+02,1.3269306682e+02,4.8428090082e-01,6.5005775295e-12,5.6432309793e-13,,,
two_term,ar_mcig_sweep_rerun_0003,4.0000000000e+02,1.3317778959e+02,4.8516462509e-01,5.9526070998e-12,5.1581185192e-13,,,
two_term,ar_mcig_sweep_rerun_0003,4.0000000000e+02,1.3366339607e+02,4.8604834936e-01,5.4500006716e-12,4.7140079447e-13,,,
two_term,ar_mcig_sweep_rerun_0003,4.0000000000e+02,1.3414988629e+02,4.8693207363e-01,4.9890789761e-12,4.3074993873e-13,,,
two_term,ar_mcig_sweep_rerun_0003,4.0000000000e+02,1.3463726022e+02,4.8781579791e-01,4.5664551553e-12,3.9354696210e-13,,,
two_term,ar_mcig_sweep_rerun_0003,4.0000000000e+02,1.3512551788e+02,4.8869952218e-01,4.1790121255e-12,3.5950500878e-13,,,
two_term,ar_mcig_sweep_rerun_0003,4.0000000000e+02,1.3561465927e+02,4.8958324645e-01,3.8238816646e-12,3.2836066414e-13,,,
two_term,ar_mcig_sweep_rerun_0003,4.0000000000e+02,1.3610468438e+02,4.9046697072e-01,3.4984250824e-12,2.9987208666e-13,,,
two_term,ar_mcig_sweep_rerun_0003,4.0000000000e+02,1.3659559321e+02,4.9135069499e-01,3.2002151741e-12,2.7381726981e-13,,,
two_term,ar_mcig_sweep_rerun_0003,4.0000000000e+02,1.3708738577e+02,4.9223441926e-01,2.9270067238e-12,2.4999134480e-13,,,
two_term,ar_mcig_sweep_rerun_0003,4.0000000000e+02,1.3758006205e+02,4.9311814354e-01,2.6767268228e-12,2.2820560154e-13,,,
two_term,ar_mcig_sweep_rerun_0003,4.0000000000e+02,1.3807362205e+02,4.9400186781e-01,2.4475244043e-12,2.0829155968e-13,,,
two_term,ar_mcig_sweep_rerun_0003,4.0000000000e+02,1.3856806578e+02,4.9488559208e-01,2.2376610498e-12,1.9009151191e-13,,,
two_term,ar_mcig_sweep_rerun_0003,4.0000000000e+02,1.3906339324e+02,4.9576931635e-01,2.0455384239e-12,1.7346075433e-13,,,
two_term,ar_mcig_sweep_rerun_0003,4.0000000000e+02,1.3955960441e+02,4.9665304062e-01,1.8696871581e-12,1.5826652988e-13,,,
two_term,ar_mcig_sweep_rerun_0003,4.0000000000e+02,1.4005669932e+02,4.9753676489e-01,1.7087565835e-12,1.4438705461e-13,,,
two_term,ar_mcig_sweep_rerun_0003,4.0000000000e+02,1.4055467794e+02,4.9842048917e-01,1.5615052466e-12,1.3171062045e-13,,,
two_term,ar_mcig_sweep_rerun_0003,4.0000000000e+02,1.4105354030e+02,4.9930421344e-01,1.4267921480e-12,1.2013476831e-13,,,
two_term,ar_mcig_sweep_rerun_0003,4.0000000000e+02,1.4155328637e+02,5.0018793771e-01,1.3035686475e-12,1.0956552607e-13,,,
two_term,ar_mcig_sweep_rerun_0003,4.0000000000e+02,1.4205391617e+02,5.0107166198e-01,1.1908709853e-12,9.9916706143e-14,,,
two_term,ar_mcig_sweep_rerun_0003,4.0000000000e+02,1.4255542970e+02,5.0195538625e-01,1.0878133676e-12,9.1109257973e-14,,,
two_term,ar_mcig_sweep_rerun_0003,4.0000000000e+02,1.4305782694e+02,5.0283911052e-01,9.9358157547e-13,8.3070670841e-14,,,
two_term,ar_mcig_sweep_rerun_0003,4.0000000000e+02,1.4356110792e+02,5.0372283479e-01,9.0742705072e-13,7.5734422992e-14,,,
two_term,ar_mcig_sweep_rerun_0003,4.0000000000e+02,1.4406527261e+02,5.0460655907e-01,8.2866142273e-13,6.9039473157e-14,,,
two_term,ar_mcig_sweep_rerun_0003,4.0000000000e+02,1.4457032103e+02,5.0549028334e-01,7.5665143750e-13,6.2929790912e-14,,,
two_term,ar_mcig_sweep_rerun_0003,4.0000000000e+02,1.4507625318e+02,5.0637400761e-01,6.9081425521e-13,5.7353922541e-14,,,
two_term,ar_mcig_sweep_rerun_0003,4.0000000000e+02,1.4558306905e+02,5.0725773188e-01,6.3061308379e-13,5.2264589281e-14,,,
two_term,ar_mcig_sweep_rerun_0003,4.0000000000e+02,1.4609076864e+02,5.0814145615e-01,5.7555311806e-13,4.7618315045e-14,,,
two_term,ar_mcig_sweep_rerun_0003,4.0000000000e+02,1.4659935196e+02,5.0902518042e-01,5.2517775556e-13,4.3375080875e-14,,,
two_term,ar_mcig_sweep_rerun_0003,4.0000000000e+02,1.4710881900e+02,5.0990890470e-01,4.7906513471e-13,3.9498009555e-14,,,
two_term,ar_mcig_sweep_rerun_0003,4.0000000000e+02,1.4761916977e+02,5.1079262897e-01,4.3689787589e-13,3.5959078517e-14,,,
two_term,ar_mcig_sweep_rerun_0003,4.0000000000e+02,1.4813040426e+02,5.1167635324e-01,3.9860513976e-13,3.2750715343e-14,,,
two_term,ar_mcig_sweep_rerun_0003,4.0000000000e+02,1.4864252248e+02,5.1256007751e-01,3.6386007789e-13,2.9844401556e-14,,,
two_term,ar_mcig_sweep_rerun_0003,4.0000000000e+02,1.4915552442e+02,5.1344380178e-01,3.3236517656e-13,2.7214216958e-14,,,
two_term,ar_mcig_sweep_rerun_0003,4.0000000000e+02,1.4966941008e+02,5.1432752605e-01,3.0384991877e-13,2.4836626203e-14,,,
two_term,ar_mcig_sweep_rerun_0003,4.0000000000e+02,1.5018417947e+02,5.1521125033e-01,2.7806865327e-13,2.2690284457e-14,,,
two_term,ar_mcig_sweep_rerun_0003,4.0000000000e+02,1.5069983258e+02,5.1609497460e-01,2.5479865538e-13,2.0755860679e-14,,,
two_term,ar_mcig_sweep_rerun_0003,4.0000000000e+02,1.5121636942e+02,5.1697869887e-01,2.3383836590e-13,1.9015877195e-14,,,
two_term,ar_mcig_sweep_rerun_0003,4.0000000000e+02,1.5173378998e+02,5.1786242314e-01,2.1500579553e-13,1.7454564352e-14,,,
two_term,ar_mcig_sweep_rerun_0003,4.0000000000e+02,1.5225209427e+02,5.1874614741e-01,1.9813708356e-13,1.6057729162e-14,,,
two_term,ar_mcig_sweep_rerun_0003,4.0000000000e+02,1.5277128227e+02,5.1962987168e-01,1.8308520052e-13,1.4812636932e-14,,,
two_term,ar_mcig_sweep_rerun_0003,4.0000000000e+02,1.5329135401e+02,5.2051359595e-01,1.6971878590e-13,1.3707905007e-14,,,
two_term,ar_mcig_sweep_rerun_0003,4.0000000000e+02,1.5381230947e+02,5.2139732023e-01,1.5792111264e-13,1.2733407818e-14,,,
two_term,ar_mcig_sweep_rerun_0003,4.0000000000e+02,1.5433414865e+02,5.2228104450e-01,1.4758917134e-13,1.1880192535e-14,,,
two_term,ar_mcig_sweep_rerun_0003,4.0000000000e+02,1.5485687156e+02,5.2316476877e-01,1.3863286808e-13,1.1140404691e-14,,,
two_term,ar_mcig_sweep_rerun_0003,4.0000000000e+02,1.5538047819e+02,5.2404849304e-01,1.3097433043e-13,1.0507223253e-14,,,
two_term,ar_mcig_sweep_rerun_0003,4.0000000000e+02,1.5590496854e+02,5.2493221731e-01,1.2454731728e-13,9.9748046578e-15,,,
two_term,ar_mcig_sweep_rerun_0003,4.0000000000e+02,1.5643034262e+02,5.2581594158e-01,1.1929672906e-13,9.5382354306e-15,,,
two_term,ar_mcig_sweep_rerun_0003,4.0000000000e+02,1.5695660042e+02,5.2669966586e-01,1.1517821534e-13,9.1934930724e-15,,,
two_term,ar_mcig_sweep_rerun_0003,4.0000000000e+02,1.5748374195e+02,5.2758339013e-01,1.1215787836e-13,8.9374149627e-15,,,
two_term,ar_mcig_sweep_rerun_0003,4.0000000000e+02,1.5801176721e+02,5.2846711440e-01,1.1021207108e-13,8.7676751106e-15,,,
two_term,ar_mcig_sweep_rerun_0003,4.0000000000e+02,1.5854067618e+02,5.2890897653e-01,1.0932728985e-13,8.6827686455e-15,,,
monte_carlo,ar_mcig_sweep_rerun_0000,5.0000000000e+01,2.5000000000e-01,5.0000000000e-01,4.6939094431e-02,9.3878188862e-02,7.2019000000e+04,3.5924558998e+04,5.2759938086e-03
monte_carlo,ar_mcig_sweep_rerun_0000,5.0000000000e+01,7.5000000000e-01,5.0000000000e-01,8.1456174151e-02,9.4057488146e-02,1.2542000000e+05,6.2507039635e+04,3.9997747507e-03
monte_carlo,ar_mcig_sweep_rerun_0000,5.0000000000e+01,1.2500000000e+00,5.0000000000e-01,9.8816385708e-02,8.8384062293e-02,1.5203100000e+05,7.5884653907e+04,3.6301370474e-03
monte_carlo,ar_mcig_sweep_rerun_0000,5.0000000000e+01,1.7500000000e+00,5.0000000000e-01,1.0735016125e-01,8.1149094248e-02,1.6460600000e+05,8.2411311783e+04,3.4834259792e-03
monte_carlo,ar_mcig_sweep_rerun_0000,5.0000000000e+01,2.2500000000e+00,5.0000000000e-01,1.1310099160e-01,7.5400661066e-02,1.7398500000e+05,8.6922858220e+04,3.3918215939e-03
monte_carlo,ar_mcig_sweep_rerun_0000,5.0000000000e+01,2.7500000000e+00,5.0000000000e-01,1.1853820414e-01,7.1481226630e-02,1.8233700000e+05,9.1021551668e+04,3.3145752460e-03
monte_carlo,ar_mcig_sweep_rerun_0000,5.0000000000e+01,3.2500000000e+00,5.0000000000e-01,1.1697365288e-01,6.4885308205e-02,1.7954400000e+05,8.9765813265e+04,3.3376786066e-03
monte_carlo,ar_mcig_sweep_rerun_0000,5.0000000000e+01,3.7500000000e+00,5.0000000000e-01,1.1605869516e-01,5.9932452472e-02,1.7755100000e+05,8.8615697995e+04,3.3592681219e-03
monte_carlo,ar_mcig_sweep_rerun_0000,5.0000000000e+01,4.2500000000e+00,5.0000000000e-01,1.1270404397e-01,5.4669491494e-02,1.7389600000e+05,8.6833086646e+04,3.3935744424e-03
monte_carlo,ar_mcig_sweep_rerun_0000,5.0000000000e+01,4.7500000000e+00,5.0000000000e-01,1.0789428870e-01,4.9505294846e-02,1.6549200000e+05,8.2593763329e+04,3.4795763675e-03
monte_carlo,ar_mcig_sweep_rerun_0000,5.0000000000e+01,5.2500000000e+00,5.0000000000e-01,1.0257702209e-01,4.4768282693e-02,1.5731900000e+05,7.8485356473e+04,3.5694859958e-03
monte_carlo,ar_mcig_sweep_rerun_0000,5.0000000000e+01,5.7500000000e+00,5.0000000000e-01,9.6973246254e-02,4.0440639244e-02,1.4875200000e+05,7.4521261776e+04,3.6631938396e-03
monte_carlo,ar_mcig_sweep_rerun_0000,5.0000000000e+01,6.2500000000e+00,5.0000000000e-01,9.0632623515e-02,3.6253049406e-02,1.4025400000e+05,7.0210367827e+04,3.7739781017e-03
monte_carlo,ar_mcig_sweep_rerun_0000,5.0000000000e+01,6.7500000000e+00,5.0000000000e-01,8.4222358113e-02,3.2417200752e-02,1.2919300000e+05,6.4831649860e+04,3.9274120030e-03
monte_carlo,ar_mcig_sweep_rerun_0000,5.0000000000e+01,7.2500000000e+00,5.0000000000e-01,7.8073907459e-02,2.8995921297e-02,1.2020500000e+05,6.0110632207e+04,4.0787243175e-03
monte_carlo,ar_mcig_sweep_rerun_0000,5.0000000000e+01,7.7500000000e+00,5.0000000000e-01,7.4543675406e-02,2.6776878671e-02,1.1407800000e+05,5.7102834798e+04,4.1847658756e-03
monte_carlo,ar_mcig_sweep_rerun_0000,5.0000000000e+01,8.2500000000e+00,5.0000000000e-01,6.7219951839e-02,2.3402983299e-02,1.0288000000e+05,5.1684287650e+04,4.3986634297e-03
monte_carlo,ar_mcig_sweep_rerun_0000,5.0000000000e+01,8.7500000000e+00,5.0000000000e-01,6.2778426681e-02,2.1222981766e-02,9.6796000000e+04,4.8273201560e+04,4.5514203665e-03
monte_carlo,ar_mcig_sweep_rerun_0000,5.0000000000e+01,9.2500000000e+00,5.0000000000e-01,5.6279930541e-02,1.8504727173e-02,8.6096000000e+04,4.3197909400e+04,4.8113686642e-03
monte_carlo,ar_mcig_sweep_rerun_0000,5.0000000000e+01,9.7500000000e+00,5.0000000000e-01,5.1034534976e-02,1.6344131732e-02,7.8324000000e+04,3.8991065045e+04,5.0642769851e-03
monte_carlo,ar_mcig_sweep_rerun_0000,5.0000000000e+01,1.0250000000e+01,5.0000000000e-01,4.5989095423e-02,1.4364580076e-02,7.0280000000e+04,3.5104812835e+04,5.3372392241e-03
monte_carlo,ar_mcig_sweep_rerun_0000,5.0000000000e+01,1.0750000000e+01,5.0000000000e-01,3.8074613364e-02,1.1612648208e-02,5.8650000000e+04,2.9383214409e+04,5.8337840389e-03
monte_carlo,ar_mcig_sweep_rerun_0000,5.0000000000e+01,1.1250000000e+01,5.0000000000e-01,3.2046146859e-02,9.5543150392e-03,4.9271000000e+04,2.4665505294e+04,6.3672952961e-03
monte_carlo,ar_mcig_sweep_rerun_0000,5.0000000000e+01,1.1750000000e+01,5.0000000000e-01,2.6345331963e-02,7.6857232455e-03,4.0133000000e+04,2.0126389645e+04,7.0488304095e-03
monte_carlo,ar_mcig_sweep_rerun_0000,5.0000000000e+01,1.2250000000e+01,5.0000000000e-01,2.0578640419e-02,5.8796115482e-03,3.1894000000e+04,1.5935879091e+04,7.9215831829e-03
monte_carlo,ar_mcig_sweep_rerun_0000,5.0000000000e+01,1.2750000000e+01,5.0000000000e-01,1.6030843033e-02,4.4895340458e-03,2.4555000000e+04,1.2219460977e+04,9.0463622724e-03
monte_carlo,ar_mcig_sweep_rerun_0000,5.0000000000e+01,1.3250000000e+01,5.0000000000e-01,1.1685884880e-02,3.2103594746e-03,1.7987000000e+04,9.0587982956e+03,1.0506660644e-02
monte_carlo,ar_mcig_sweep_rerun_0000,5.0000000000e+01,1.3750000000e+01,5.0000000000e-01,8.0445226965e-03,2.1694464382e-03,1.2297000000e+04,6.1705705344e+03,1.2730261929e-02
monte_carlo,ar_mcig_sweep_rerun_0000,5.0000000000e+01,1.4250000000e+01,5.0000000000e-01,5.8619178407e-03,1.5528599709e-03,8.9740000000e+03,4.5865669528e+03,1.4765771085e-02
monte_carlo,ar_mcig_sweep_rerun_0000,5.0000000000e+01,1.4750000000e+01,5.0000000000e-01,4.0854408520e-03,1.0637581908e-03,6.3560000000e+03,3.0991947272e+03,1.7962863420e-02
monte_carlo,ar_mcig_sweep_rerun_0000,5.0000000000e+01,1.5250000000e+01,5.0000000000e-01,2.4764553706e-03,6.3415523788e-04,3.7730000000e+03,1.9117343372e+03,2.2871056652e-02
monte_carlo,ar_mcig_sweep_rerun_0000,5.0000000000e+01,1.5750000000e+01,5.0000000000e-01,1.6536737048e-03,4.1668660691e-04,2.4670000000e+03,1.2635992171e+03,2.8131657801e-02
monte_carlo,ar_mcig_sweep_rerun_0000,5.0000000000e+01,1.6250000000e+01,5.0000000000e-01,1.2223015527e-03,3.0321569737e-04,1.9560000000e+03,1.0072809786e+03,3.1508279084e-02
monte_carlo,ar_mcig_sweep_rerun_0000,5.0000000000e+01,1.6750000000e+01,5.0000000000e-01,7.5475070144e-04,1.8441494764e-04,1.1720000000e+03,6.0042866821e+02,4.0810253267e-02
monte_carlo,ar_mcig_sweep_rerun_0000,5.0000000000e+01,1.7250000000e+01,5.0000000000e-01,3.7856985757e-04,9.1148910513e-05,5.7500000000e+02,2.9387075915e+02,5.8334007422e-02
monte_carlo,ar_mcig_sweep_rerun_0000,5.0000000000e+01,1.7750000000e+01,5.0000000000e-01,2.4287260079e-04,5.7647349578e-05,3.5800000000e+02,1.7674391209e+02,7.5219036865e-02
monte_carlo,ar_mcig_sweep_rerun_0000,5.0000000000e+01,1.8250000000e+01,5.0000000000e-01,1.2790901350e-04,2.9941235353e-05,1.8400000000e+02,8.9957546148e+01,1.0543412541e-01
monte_carlo,ar_mcig_sweep_rerun_0000,5.0000000000e+01,1.8750000000e+01,5.0000000000e-01,8.6385494495e-05,1.9949875400e-05,1.2300000000e+02,6.9232490053e+01,1.2018354886e-01
monte_carlo,ar_mcig_sweep_rerun_0000,5.0000000000e+01,1.9250000000e+01,5.0000000000e-01,5.2828634614e-05,1.2040763308e-05,8.3000000000e+01,3.4500084948e+01,1.7025109655e-01
monte_carlo,ar_mcig_sweep_rerun_0000,5.0000000000e+01,1.9750000000e+01,5.0000000000e-01,2.8151535380e-05,6.3345903696e-06,4.6000000000e+01,1.9165593126e+01,2.2842249345e-01
monte_carlo,ar_mcig_sweep_rerun_0000,5.0000000000e+01,2.0250000000e+01,5.0000000000e-01,2.1509075372e-05,4.7797945271e-06,2.9000000000e+01,1.6323804384e+01,2.4750803891e-01
monte_carlo,ar_mcig_sweep_rerun_0000,5.0000000000e+01,2.0750000000e+01,5.0000000000e-01,2.6298316879e-05,5.7732305824e-06,3.8000000000e+01,2.0447189298e+01,2.2114808915e-01
monte_carlo,ar_mcig_sweep_rerun_0000,5.0000000000e+01,2.1250000000e+01,5.0000000000e-01,4.4765275376e-06,9.7109516817e-07,5.0000000000e+00,4.3162179273e+00,4.8133597042e-01
monte_carlo,ar_mcig_sweep_rerun_0000,5.0000000000e+01,2.1750000000e+01,5.0000000000e-01,3.6811904674e-06,7.8933008865e-07,4.0000000000e+00,2.1830229558e+00,6.7681636121e-01
monte_carlo,ar_mcig_sweep_rerun_0000,5.0000000000e+01,2.2250000000e+01,5.0000000000e-01,5.0293799579e-06,1.0662264186e-06,6.0000000000e+00,4.1097106824e+00,4.9328098588e-01
monte_carlo,ar_mcig_sweep_rerun_0000,5.0000000000e+01,2.2750000000e+01,5.0000000000e-01,4.2926759250e-06,8.9998941623e-07,5.0000000000e+00,3.4922624818e+00,5.3511430491e-01
monte_carlo,ar_mcig_sweep_rerun_0000,5.0000000000e+01,2.3250000000e+01,5.0000000000e-01,1.0081767268e-06,2.0908611309e-07,1.0000000000e+00,1.0000000000e+00,1.0000000000e+00
monte_carlo,ar_mcig_sweep_rerun_0000,5.0000000000e+01,2.3750000000e+01,5.0000000000e-01,0.0000000000e+00,0.0000000000e+00,0.0000000000e+00,0.0000000000e+00,
monte_carlo,ar_mcig_sweep_rerun_0000,5.0000000000e+01,2.4250000000e+01,5.0000000000e-01,0.0000000000e+00,0.0000000000e+00,0.0000000000e+00,0.0000000000e+00,
monte_carlo,ar_mcig_sweep_rerun_0000,5.0000000000e+01,2.4750000000e+01,5.0000000000e-01,0.0000000000e+00,0.0000000000e+00,0.0000000000e+00,0.0000000000e+00,
monte_carlo,ar_mcig_sweep_rerun_0000,5.0000000000e+01,2.5250000000e+01,5.0000000000e-01,0.0000000000e+00,0.0000000000e+00,0.0000000000e+00,0.0000000000e+00,
monte_carlo,ar_mcig_sweep_rerun_0000,5.0000000000e+01,2.5750000000e+01,5.0000000000e-01,0.0000000000e+00,0.0000000000e+00,0.0000000000e+00,0.0000000000e+00,
monte_carlo,ar_mcig_sweep_rerun_0000,5.0000000000e+01,2.6250000000e+01,5.0000000000e-01,0.0000000000e+00,0.0000000000e+00,0.0000000000e+00,0.0000000000e+00,
monte_carlo,ar_mcig_sweep_rerun_0000,5.0000000000e+01,2.6750000000e+01,5.0000000000e-01,0.0000000000e+00,0.0000000000e+00,0.0000000000e+00,0.0000000000e+00,
monte_carlo,ar_mcig_sweep_rerun_0000,5.0000000000e+01,2.7250000000e+01,5.0000000000e-01,0.0000000000e+00,0.0000000000e+00,0.0000000000e+00,0.0000000000e+00,
monte_carlo,ar_mcig_sweep_rerun_0000,5.0000000000e+01,2.7750000000e+01,5.0000000000e-01,0.0000000000e+00,0.0000000000e+00,0.0000000000e+00,0.0000000000e+00,
monte_carlo,ar_mcig_sweep_rerun_0000,5.0000000000e+01,2.8250000000e+01,5.0000000000e-01,0.0000000000e+00,0.0000000000e+00,0.0000000000e+00,0.0000000000e+00,
monte_carlo,ar_mcig_sweep_rerun_0000,5.0000000000e+01,2.8750000000e+01,5.0000000000e-01,0.0000000000e+00,0.0000000000e+00,0.0000000000e+00,0.0000000000e+00,
monte_carlo,ar_mcig_sweep_rerun_0000,5.0000000000e+01,2.9250000000e+01,5.0000000000e-01,0.0000000000e+00,0.0000000000e+00,0.0000000000e+00,0.0000000000e+00,
monte_carlo,ar_mcig_sweep_rerun_0000,5.0000000000e+01,2.9750000000e+01,5.0000000000e-01,0.0000000000e+00,0.0000000000e+00,0.0000000000e+00,0.0000000000e+00,
monte_carlo,ar_mcig_sweep_rerun_0000,5.0000000000e+01,3.0250000000e+01,5.0000000000e-01,0.0000000000e+00,0.0000000000e+00,0.0000000000e+00,0.0000000000e+00,
monte_carlo,ar_mcig_sweep_rerun_0000,5.0000000000e+01,3.0750000000e+01,5.0000000000e-01,0.0000000000e+00,0.0000000000e+00,0.0000000000e+00,0.0000000000e+00,
monte_carlo,ar_mcig_sweep_rerun_0000,5.0000000000e+01,3.1250000000e+01,5.0000000000e-01,0.0000000000e+00,0.0000000000e+00,0.0000000000e+00,0.0000000000e+00,
monte_carlo,ar_mcig_sweep_rerun_0000,5.0000000000e+01,3.1750000000e+01,5.0000000000e-01,0.0000000000e+00,0.0000000000e+00,0.0000000000e+00,0.0000000000e+00,
monte_carlo,ar_mcig_sweep_rerun_0000,5.0000000000e+01,3.2250000000e+01,5.0000000000e-01,0.0000000000e+00,0.0000000000e+00,0.0000000000e+00,0.0000000000e+00,
monte_carlo,ar_mcig_sweep_rerun_0000,5.0000000000e+01,3.2750000000e+01,5.0000000000e-01,0.0000000000e+00,0.0000000000e+00,0.0000000000e+00,0.0000000000e+00,
monte_carlo,ar_mcig_sweep_rerun_0000,5.0000000000e+01,3.3250000000e+01,5.0000000000e-01,0.0000000000e+00,0.0000000000e+00,0.0000000000e+00,0.0000000000e+00,
monte_carlo,ar_mcig_sweep_rerun_0000,5.0000000000e+01,3.3750000000e+01,5.0000000000e-01,0.0000000000e+00,0.0000000000e+00,0.0000000000e+00,0.0000000000e+00,
monte_carlo,ar_mcig_sweep_rerun_0000,5.0000000000e+01,3.4250000000e+01,5.0000000000e-01,0.0000000000e+00,0.0000000000e+00,0.0000000000e+00,0.0000000000e+00,
monte_carlo,ar_mcig_sweep_rerun_0000,5.0000000000e+01,3.4750000000e+01,5.0000000000e-01,0.0000000000e+00,0.0000000000e+00,0.0000000000e+00,0.0000000000e+00,
monte_carlo,ar_mcig_sweep_rerun_0000,5.0000000000e+01,3.5250000000e+01,5.0000000000e-01,0.0000000000e+00,0.0000000000e+00,0.0000000000e+00,0.0000000000e+00,
monte_carlo,ar_mcig_sweep_rerun_0000,5.0000000000e+01,3.5750000000e+01,5.0000000000e-01,0.0000000000e+00,0.0000000000e+00,0.0000000000e+00,0.0000000000e+00,
monte_carlo,ar_mcig_sweep_rerun_0000,5.0000000000e+01,3.6250000000e+01,5.0000000000e-01,0.0000000000e+00,0.0000000000e+00,0.0000000000e+00,0.0000000000e+00,
monte_carlo,ar_mcig_sweep_rerun_0000,5.0000000000e+01,3.6750000000e+01,5.0000000000e-01,0.0000000000e+00,0.0000000000e+00,0.0000000000e+00,0.0000000000e+00,
monte_carlo,ar_mcig_sweep_rerun_0000,5.0000000000e+01,3.7250000000e+01,5.0000000000e-01,0.0000000000e+00,0.0000000000e+00,0.0000000000e+00,0.0000000000e+00,
monte_carlo,ar_mcig_sweep_rerun_0000,5.0000000000e+01,3.7750000000e+01,5.0000000000e-01,0.0000000000e+00,0.0000000000e+00,0.0000000000e+00,0.0000000000e+00,
monte_carlo,ar_mcig_sweep_rerun_0000,5.0000000000e+01,3.8250000000e+01,5.0000000000e-01,0.0000000000e+00,0.0000000000e+00,0.0000000000e+00,0.0000000000e+00,
monte_carlo,ar_mcig_sweep_rerun_0000,5.0000000000e+01,3.8750000000e+01,5.0000000000e-01,0.0000000000e+00,0.0000000000e+00,0.0000000000e+00,0.0000000000e+00,
monte_carlo,ar_mcig_sweep_rerun_0000,5.0000000000e+01,3.9250000000e+01,5.0000000000e-01,0.0000000000e+00,0.0000000000e+00,0.0000000000e+00,0.0000000000e+00,
monte_carlo,ar_mcig_sweep_rerun_0000,5.0000000000e+01,3.9750000000e+01,5.0000000000e-01,0.0000000000e+00,0.0000000000e+00,0.0000000000e+00,0.0000000000e+00,
monte_carlo,ar_mcig_sweep_rerun_0000,5.0000000000e+01,4.0250000000e+01,5.0000000000e-01,0.0000000000e+00,0.0000000000e+00,0.0000000000e+00,0.0000000000e+00,
monte_carlo,ar_mcig_sweep_rerun_0000,5.0000000000e+01,4.0750000000e+01,5.0000000000e-01,0.0000000000e+00,0.0000000000e+00,0.0000000000e+00,0.0000000000e+00,
monte_carlo,ar_mcig_sweep_rerun_0000,5.0000000000e+01,4.1250000000e+01,5.0000000000e-01,0.0000000000e+00,0.0000000000e+00,0.0000000000e+00,0.0000000000e+00,
monte_carlo,ar_mcig_sweep_rerun_0000,5.0000000000e+01,4.1750000000e+01,5.0000000000e-01,0.0000000000e+00,0.0000000000e+00,0.0000000000e+00,0.0000000000e+00,
monte_carlo,ar_mcig_sweep_rerun_0000,5.0000000000e+01,4.2250000000e+01,5.0000000000e-01,0.0000000000e+00,0.0000000000e+00,0.0000000000e+00,0.0000000000e+00,
monte_carlo,ar_mcig_sweep_rerun_0000,5.0000000000e+01,4.2750000000e+01,5.0000000000e-01,0.0000000000e+00,0.0000000000e+00,0.0000000000e+00,0.0000000000e+00,
monte_carlo,ar_mcig_sweep_rerun_0000,5.0000000000e+01,4.3250000000e+01,5.0000000000e-01,0.0000000000e+00,0.0000000000e+00,0.0000000000e+00,0.0000000000e+00,
monte_carlo,ar_mcig_sweep_rerun_0000,5.0000000000e+01,4.3750000000e+01,5.0000000000e-01,0.0000000000e+00,0.0000000000e+00,0.0000000000e+00,0.0000000000e+00,
monte_carlo,ar_mcig_sweep_rerun_0000,5.0000000000e+01,4.4250000000e+01,5.0000000000e-01,0.0000000000e+00,0.0000000000e+00,0.0000000000e+00,0.0000000000e+00,
monte_carlo,ar_mcig_sweep_rerun_0000,5.0000000000e+01,4.4750000000e+01,5.0000000000e-01,0.0000000000e+00,0.0000000000e+00,0.0000000000e+00,0.0000000000e+00,
monte_carlo,ar_mcig_sweep_rerun_0000,5.0000000000e+01,4.5250000000e+01,5.0000000000e-01,0.0000000000e+00,0.0000000000e+00,0.0000000000e+00,0.0000000000e+00,
monte_carlo,ar_mcig_sweep_rerun_0000,5.0000000000e+01,4.5750000000e+01,5.0000000000e-01,0.0000000000e+00,0.0000000000e+00,0.0000000000e+00,0.0000000000e+00,
monte_carlo,ar_mcig_sweep_rerun_0000,5.0000000000e+01,4.6250000000e+01,5.0000000000e-01,0.0000000000e+00,0.0000000000e+00,0.0000000000e+00,0.0000000000e+00,
monte_carlo,ar_mcig_sweep_rerun_0000,5.0000000000e+01,4.6750000000e+01,5.0000000000e-01,0.0000000000e+00,0.0000000000e+00,0.0000000000e+00,0.0000000000e+00,
monte_carlo,ar_mcig_sweep_rerun_0000,5.0000000000e+01,4.7250000000e+01,5.0000000000e-01,0.0000000000e+00,0.0000000000e+00,0.0000000000e+00,0.0000000000e+00,
monte_carlo,ar_mcig_sweep_rerun_0000,5.0000000000e+01,4.7750000000e+01,5.0000000000e-01,0.0000000000e+00,0.0000000000e+00,0.0000000000e+00,0.0000000000e+00,
monte_carlo,ar_mcig_sweep_rerun_0000,5.0000000000e+01,4.8250000000e+01,5.0000000000e-01,0.0000000000e+00,0.0000000000e+00,0.0000000000e+00,0.0000000000e+00,
monte_carlo,ar_mcig_sweep_rerun_0000,5.0000000000e+01,4.8750000000e+01,5.0000000000e-01,0.0000000000e+00,0.0000000000e+00,0.0000000000e+00,0.0000000000e+00,
monte_carlo,ar_mcig_sweep_rerun_0000,5.0000000000e+01,4.9250000000e+01,5.0000000000e-01,0.0000000000e+00,0.0000000000e+00,0.0000000000e+00,0.0000000000e+00,
monte_carlo,ar_mcig_sweep_rerun_0000,5.0000000000e+01,4.9750000000e+01,5.0000000000e-01,0.0000000000e+00,0.0000000000e+00,0.0000000000e+00,0.0000000000e+00,
monte_carlo,ar_mcig_sweep_rerun_0000,5.0000000000e+01,5.0250000000e+01,5.0000000000e-01,0.0000000000e+00,0.0000000000e+00,0.0000000000e+00,0.0000000000e+00,
monte_carlo,ar_mcig_sweep_rerun_0000,5.0000000000e+01,5.0750000000e+01,5.0000000000e-01,0.0000000000e+00,0.0000000000e+00,0.0000000000e+00,0.0000000000e+00,
monte_carlo,ar_mcig_sweep_rerun_0000,5.0000000000e+01,5.1250000000e+01,5.0000000000e-01,0.0000000000e+00,0.0000000000e+00,0.0000000000e+00,0.0000000000e+00,
monte_carlo,ar_mcig_sweep_rerun_0000,5.0000000000e+01,5.1750000000e+01,5.0000000000e-01,0.0000000000e+00,0.0000000000e+00,0.0000000000e+00,0.0000000000e+00,
monte_carlo,ar_mcig_sweep_rerun_0000,5.0000000000e+01,5.2250000000e+01,5.0000000000e-01,0.0000000000e+00,0.0000000000e+00,0.0000000000e+00,0.0000000000e+00,
monte_carlo,ar_mcig_sweep_rerun_0000,5.0000000000e+01,5.2750000000e+01,5.0000000000e-01,0.0000000000e+00,0.0000000000e+00,0.0000000000e+00,0.0000000000e+00,
monte_carlo,ar_mcig_sweep_rerun_0000,5.0000000000e+01,5.3250000000e+01,5.0000000000e-01,0.0000000000e+00,0.0000000000e+00,0.0000000000e+00,0.0000000000e+00,
monte_carlo,ar_mcig_sweep_rerun_0000,5.0000000000e+01,5.3750000000e+01,5.0000000000e-01,0.0000000000e+00,0.0000000000e+00,0.0000000000e+00,0.0000000000e+00,
monte_carlo,ar_mcig_sweep_rerun_0000,5.0000000000e+01,5.4250000000e+01,5.0000000000e-01,0.0000000000e+00,0.0000000000e+00,0.0000000000e+00,0.0000000000e+00,
monte_carlo,ar_mcig_sweep_rerun_0000,5.0000000000e+01,5.4750000000e+01,5.0000000000e-01,0.0000000000e+00,0.0000000000e+00,0.0000000000e+00,0.0000000000e+00,
monte_carlo,ar_mcig_sweep_rerun_0000,5.0000000000e+01,5.5250000000e+01,5.0000000000e-01,0.0000000000e+00,0.0000000000e+00,0.0000000000e+00,0.0000000000e+00,
monte_carlo,ar_mcig_sweep_rerun_0000,5.0000000000e+01,5.5750000000e+01,5.0000000000e-01,0.0000000000e+00,0.0000000000e+00,0.0000000000e+00,0.0000000000e+00,
monte_carlo,ar_mcig_sweep_rerun_0000,5.0000000000e+01,5.6250000000e+01,5.0000000000e-01,0.0000000000e+00,0.0000000000e+00,0.0000000000e+00,0.0000000000e+00,
monte_carlo,ar_mcig_sweep_rerun_0000,5.0000000000e+01,5.6750000000e+01,5.0000000000e-01,0.0000000000e+00,0.0000000000e+00,0.0000000000e+00,0.0000000000e+00,
monte_carlo,ar_mcig_sweep_rerun_0000,5.0000000000e+01,5.7250000000e+01,5.0000000000e-01,0.0000000000e+00,0.0000000000e+00,0.0000000000e+00,0.0000000000e+00,
monte_carlo,ar_mcig_sweep_rerun_0000,5.0000000000e+01,5.7750000000e+01,5.0000000000e-01,0.0000000000e+00,0.0000000000e+00,0.0000000000e+00,0.0000000000e+00,
monte_carlo,ar_mcig_sweep_rerun_0000,5.0000000000e+01,5.8250000000e+01,5.0000000000e-01,0.0000000000e+00,0.0000000000e+00,0.0000000000e+00,0.0000000000e+00,
monte_carlo,ar_mcig_sweep_rerun_0000,5.0000000000e+01,5.8750000000e+01,5.0000000000e-01,0.0000000000e+00,0.0000000000e+00,0.0000000000e+00,0.0000000000e+00,
monte_carlo,ar_mcig_sweep_rerun_0000,5.0000000000e+01,5.9250000000e+01,5.0000000000e-01,0.0000000000e+00,0.0000000000e+00,0.0000000000e+00,0.0000000000e+00,
monte_carlo,ar_mcig_sweep_rerun_0000,5.0000000000e+01,5.9750000000e+01,5.0000000000e-01,0.0000000000e+00,0.0000000000e+00,0.0000000000e+00,0.0000000000e+00,
monte_carlo,ar_mcig_sweep_rerun_0000,5.0000000000e+01,6.0250000000e+01,5.0000000000e-01,0.0000000000e+00,0.0000000000e+00,0.0000000000e+00,0.0000000000e+00,
monte_carlo,ar_mcig_sweep_rerun_0000,5.0000000000e+01,6.0750000000e+01,5.0000000000e-01,0.0000000000e+00,0.0000000000e+00,0.0000000000e+00,0.0000000000e+00,
monte_carlo,ar_mcig_sweep_rerun_0000,5.0000000000e+01,6.1250000000e+01,5.0000000000e-01,0.0000000000e+00,0.0000000000e+00,0.0000000000e+00,0.0000000000e+00,
monte_carlo,ar_mcig_sweep_rerun_0000,5.0000000000e+01,6.1750000000e+01,5.0000000000e-01,0.0000000000e+00,0.0000000000e+00,0.0000000000e+00,0.0000000000e+00,
monte_carlo,ar_mcig_sweep_rerun_0000,5.0000000000e+01,6.2250000000e+01,5.0000000000e-01,0.0000000000e+00,0.0000000000e+00,0.0000000000e+00,0.0000000000e+00,
monte_carlo,ar_mcig_sweep_rerun_0000,5.0000000000e+01,6.2750000000e+01,5.0000000000e-01,0.0000000000e+00,0.0000000000e+00,0.0000000000e+00,0.0000000000e+00,
monte_carlo,ar_mcig_sweep_rerun_0000,5.0000000000e+01,6.3250000000e+01,5.0000000000e-01,0.0000000000e+00,0.0000000000e+00,0.0000000000e+00,0.0000000000e+00,
monte_carlo,ar_mcig_sweep_rerun_0000,5.0000000000e+01,6.3750000000e+01,5.0000000000e-01,0.0000000000e+00,0.0000000000e+00,0.0000000000e+00,0.0000000000e+00,
monte_carlo,ar_mcig_sweep_rerun_0000,5.0000000000e+01,6.4250000000e+01,5.0000000000e-01,0.0000000000e+00,0.0000000000e+00,0.0000000000e+00,0.0000000000e+00,
monte_carlo,ar_mcig_sweep_rerun_0000,5.0000000000e+01,6.4750000000e+01,5.0000000000e-01,0.0000000000e+00,0.0000000000e+00,0.0000000000e+00,0.0000000000e+00,
monte_carlo,ar_mcig_sweep_rerun_0000,5.0000000000e+01,6.5250000000e+01,5.0000000000e-01,0.0000000000e+00,0.0000000000e+00,0.0000000000e+00,0.0000000000e+00,
monte_carlo,ar_mcig_sweep_rerun_0000,5.0000000000e+01,6.5750000000e+01,5.0000000000e-01,0.0000000000e+00,0.0000000000e+00,0.0000000000e+00,0.0000000000e+00,
monte_carlo,ar_mcig_sweep_rerun_0000,5.0000000000e+01,6.6250000000e+01,5.0000000000e-01,0.0000000000e+00,0.0000000000e+00,0.0000000000e+00,0.0000000000e+00,
monte_carlo,ar_mcig_sweep_rerun_0000,5.0000000000e+01,6.6750000000e+01,5.0000000000e-01,0.0000000000e+00,0.0000000000e+00,0.0000000000e+00,0.0000000000e+00,
monte_carlo,ar_mcig_sweep_rerun_0000,5.0000000000e+01,6.7250000000e+01,5.0000000000e-01,0.0000000000e+00,0.0000000000e+00,0.0000000000e+00,0.0000000000e+00,
monte_carlo,ar_mcig_sweep_rerun_0000,5.0000000000e+01,6.7750000000e+01,5.0000000000e-01,0.0000000000e+00,0.0000000000e+00,0.0000000000e+00,0.0000000000e+00,
monte_carlo,ar_mcig_sweep_rerun_0000,5.0000000000e+01,6.8250000000e+01,5.0000000000e-01,0.0000000000e+00,0.0000000000e+00,0.0000000000e+00,0.0000000000e+00,
monte_carlo,ar_mcig_sweep_rerun_0000,5.0000000000e+01,6.8750000000e+01,5.0000000000e-01,0.0000000000e+00,0.0000000000e+00,0.0000000000e+00,0.0000000000e+00,
monte_carlo,ar_mcig_sweep_rerun_0000,5.0000000000e+01,6.9250000000e+01,5.0000000000e-01,0.0000000000e+00,0.0000000000e+00,0.0000000000e+00,0.0000000000e+00,
monte_carlo,ar_mcig_sweep_rerun_0000,5.0000000000e+01,6.9750000000e+01,5.0000000000e-01,0.0000000000e+00,0.0000000000e+00,0.0000000000e+00,0.0000000000e+00,
monte_carlo,ar_mcig_sweep_rerun_0000,5.0000000000e+01,7.0250000000e+01,5.0000000000e-01,0.0000000000e+00,0.0000000000e+00,0.0000000000e+00,0.0000000000e+00,
monte_carlo,ar_mcig_sweep_rerun_0000,5.0000000000e+01,7.0750000000e+01,5.0000000000e-01,0.0000000000e+00,0.0000000000e+00,0.0000000000e+00,0.0000000000e+00,
monte_carlo,ar_mcig_sweep_rerun_0000,5.0000000000e+01,7.1250000000e+01,5.0000000000e-01,0.0000000000e+00,0.0000000000e+00,0.0000000000e+00,0.0000000000e+00,
monte_carlo,ar_mcig_sweep_rerun_0000,5.0000000000e+01,7.1750000000e+01,5.0000000000e-01,0.0000000000e+00,0.0000000000e+00,0.0000000000e+00,0.0000000000e+00,
monte_carlo,ar_mcig_sweep_rerun_0000,5.0000000000e+01,7.2250000000e+01,5.0000000000e-01,0.0000000000e+00,0.0000000000e+00,0.0000000000e+00,0.0000000000e+00,
monte_carlo,ar_mcig_sweep_rerun_0000,5.0000000000e+01,7.2750000000e+01,5.0000000000e-01,0.0000000000e+00,0.0000000000e+00,0.0000000000e+00,0.0000000000e+00,
monte_carlo,ar_mcig_sweep_rerun_0000,5.0000000000e+01,7.3250000000e+01,5.0000000000e-01,0.0000000000e+00,0.0000000000e+00,0.0000000000e+00,0.0000000000e+00,
monte_carlo,ar_mcig_sweep_rerun_0000,5.0000000000e+01,7.3750000000e+01,5.0000000000e-01,0.0000000000e+00,0.0000000000e+00,0.0000000000e+00,0.0000000000e+00,
monte_carlo,ar_mcig_sweep_rerun_0000,5.0000000000e+01,7.4250000000e+01,5.0000000000e-01,0.0000000000e+00,0.0000000000e+00,0.0000000000e+00,0.0000000000e+00,
monte_carlo,ar_mcig_sweep_rerun_0000,5.0000000000e+01,7.4750000000e+01,5.0000000000e-01,0.0000000000e+00,0.0000000000e+00,0.0000000000e+00,0.0000000000e+00,
monte_carlo,ar_mcig_sweep_rerun_0000,5.0000000000e+01,7.5250000000e+01,5.0000000000e-01,0.0000000000e+00,0.0000000000e+00,0.0000000000e+00,0.0000000000e+00,
monte_carlo,ar_mcig_sweep_rerun_0000,5.0000000000e+01,7.5750000000e+01,5.0000000000e-01,0.0000000000e+00,0.0000000000e+00,0.0000000000e+00,0.0000000000e+00,
monte_carlo,ar_mcig_sweep_rerun_0000,5.0000000000e+01,7.6250000000e+01,5.0000000000e-01,0.0000000000e+00,0.0000000000e+00,0.0000000000e+00,0.0000000000e+00,
monte_carlo,ar_mcig_sweep_rerun_0000,5.0000000000e+01,7.6750000000e+01,5.0000000000e-01,0.0000000000e+00,0.0000000000e+00,0.0000000000e+00,0.0000000000e+00,
monte_carlo,ar_mcig_sweep_rerun_0000,5.0000000000e+01,7.7250000000e+01,5.0000000000e-01,0.0000000000e+00,0.0000000000e+00,0.0000000000e+00,0.0000000000e+00,
monte_carlo,ar_mcig_sweep_rerun_0000,5.0000000000e+01,7.7750000000e+01,5.0000000000e-01,0.0000000000e+00,0.0000000000e+00,0.0000000000e+00,0.0000000000e+00,
monte_carlo,ar_mcig_sweep_rerun_0000,5.0000000000e+01,7.8250000000e+01,5.0000000000e-01,0.0000000000e+00,0.0000000000e+00,0.0000000000e+00,0.0000000000e+00,
monte_carlo,ar_mcig_sweep_rerun_0000,5.0000000000e+01,7.8750000000e+01,5.0000000000e-01,0.0000000000e+00,0.0000000000e+00,0.0000000000e+00,0.0000000000e+00,
monte_carlo,ar_mcig_sweep_rerun_0000,5.0000000000e+01,7.9250000000e+01,5.0000000000e-01,0.0000000000e+00,0.0000000000e+00,0.0000000000e+00,0.0000000000e+00,
monte_carlo,ar_mcig_sweep_rerun_0000,5.0000000000e+01,7.9750000000e+01,5.0000000000e-01,0.0000000000e+00,0.0000000000e+00,0.0000000000e+00,0.0000000000e+00,
monte_carlo,ar_mcig_sweep_rerun_0000,5.0000000000e+01,8.5000000000e+01,1.0000000000e+01,0.0000000000e+00,0.0000000000e+00,0.0000000000e+00,0.0000000000e+00,
monte_carlo,ar_mcig_sweep_rerun_0000,5.0000000000e+01,9.5000000000e+01,1.0000000000e+01,0.0000000000e+00,0.0000000000e+00,0.0000000000e+00,0.0000000000e+00,
monte_carlo,ar_mcig_sweep_rerun_0000,5.0000000000e+01,1.0500000000e+02,1.0000000000e+01,0.0000000000e+00,0.0000000000e+00,0.0000000000e+00,0.0000000000e+00,
monte_carlo,ar_mcig_sweep_rerun_0000,5.0000000000e+01,1.1500000000e+02,1.0000000000e+01,0.0000000000e+00,0.0000000000e+00,0.0000000000e+00,0.0000000000e+00,
monte_carlo,ar_mcig_sweep_rerun_0000,5.0000000000e+01,1.2500000000e+02,1.0000000000e+01,0.0000000000e+00,0.0000000000e+00,0.0000000000e+00,0.0000000000e+00,
monte_carlo,ar_mcig_sweep_rerun_0000,5.0000000000e+01,1.3500000000e+02,1.0000000000e+01,0.0000000000e+00,0.0000000000e+00,0.0000000000e+00,0.0000000000e+00,
monte_carlo,ar_mcig_sweep_rerun_0000,5.0000000000e+01,1.4500000000e+02,1.0000000000e+01,0.0000000000e+00,0.0000000000e+00,0.0000000000e+00,0.0000000000e+00,
monte_carlo,ar_mcig_sweep_rerun_0000,5.0000000000e+01,1.5500000000e+02,1.0000000000e+01,0.0000000000e+00,0.0000000000e+00,0.0000000000e+00,0.0000000000e+00,
monte_carlo,ar_mcig_sweep_rerun_0000,5.0000000000e+01,1.6500000000e+02,1.0000000000e+01,0.0000000000e+00,0.0000000000e+00,0.0000000000e+00,0.0000000000e+00,
monte_carlo,ar_mcig_sweep_rerun_0000,5.0000000000e+01,1.7500000000e+02,1.0000000000e+01,0.0000000000e+00,0.0000000000e+00,0.0000000000e+00,0.0000000000e+00,
monte_carlo,ar_mcig_sweep_rerun_0000,5.0000000000e+01,1.8500000000e+02,1.0000000000e+01,0.0000000000e+00,0.0000000000e+00,0.0000000000e+00,0.0000000000e+00,
monte_carlo,ar_mcig_sweep_rerun_0000,5.0000000000e+01,1.9500000000e+02,1.0000000000e+01,0.0000000000e+00,0.0000000000e+00,0.0000000000e+00,0.0000000000e+00,
monte_carlo,ar_mcig_sweep_rerun_0000,5.0000000000e+01,2.0500000000e+02,1.0000000000e+01,0.0000000000e+00,0.0000000000e+00,0.0000000000e+00,0.0000000000e+00,
monte_carlo,ar_mcig_sweep_rerun_0000,5.0000000000e+01,2.1500000000e+02,1.0000000000e+01,0.0000000000e+00,0.0000000000e+00,0.0000000000e+00,0.0000000000e+00,
monte_carlo,ar_mcig_sweep_rerun_0000,5.0000000000e+01,2.2500000000e+02,1.0000000000e+01,0.0000000000e+00,0.0000000000e+00,0.0000000000e+00,0.0000000000e+00,
monte_carlo,ar_mcig_sweep_rerun_0000,5.0000000000e+01,2.3500000000e+02,1.0000000000e+01,0.0000000000e+00,0.0000000000e+00,0.0000000000e+00,0.0000000000e+00,
monte_carlo,ar_mcig_sweep_rerun_0000,5.0000000000e+01,2.4500000000e+02,1.0000000000e+01,0.0000000000e+00,0.0000000000e+00,0.0000000000e+00,0.0000000000e+00,
monte_carlo,ar_mcig_sweep_rerun_0000,5.0000000000e+01,2.5500000000e+02,1.0000000000e+01,0.0000000000e+00,0.0000000000e+00,0.0000000000e+00,0.0000000000e+00,
monte_carlo,ar_mcig_sweep_rerun_0000,5.0000000000e+01,2.7000000000e+02,2.0000000000e+01,0.0000000000e+00,0.0000000000e+00,0.0000000000e+00,0.0000000000e+00,
monte_carlo,ar_mcig_sweep_rerun_0000,5.0000000000e+01,2.9000000000e+02,2.0000000000e+01,0.0000000000e+00,0.0000000000e+00,0.0000000000e+00,0.0000000000e+00,
monte_carlo,ar_mcig_sweep_rerun_0000,5.0000000000e+01,3.1000000000e+02,2.0000000000e+01,0.0000000000e+00,0.0000000000e+00,0.0000000000e+00,0.0000000000e+00,
monte_carlo,ar_mcig_sweep_rerun_0000,5.0000000000e+01,3.3000000000e+02,2.0000000000e+01,0.0000000000e+00,0.0000000000e+00,0.0000000000e+00,0.0000000000e+00,
monte_carlo,ar_mcig_sweep_rerun_0000,5.0000000000e+01,3.5000000000e+02,2.0000000000e+01,0.0000000000e+00,0.0000000000e+00,0.0000000000e+00,0.0000000000e+00,
monte_carlo,ar_mcig_sweep_rerun_0000,5.0000000000e+01,3.7000000000e+02,2.0000000000e+01,0.0000000000e+00,0.0000000000e+00,0.0000000000e+00,0.0000000000e+00,
monte_carlo,ar_mcig_sweep_rerun_0000,5.0000000000e+01,3.9000000000e+02,2.0000000000e+01,0.0000000000e+00,0.0000000000e+00,0.0000000000e+00,0.0000000000e+00,
monte_carlo,ar_mcig_sweep_rerun_0000,5.0000000000e+01,4.1000000000e+02,2.0000000000e+01,0.0000000000e+00,0.0000000000e+00,0.0000000000e+00,0.0000000000e+00,
monte_carlo,ar_mcig_sweep_rerun_0000,5.0000000000e+01,4.3000000000e+02,2.0000000000e+01,0.0000000000e+00,0.0000000000e+00,0.0000000000e+00,0.0000000000e+00,
monte_carlo,ar_mcig_sweep_rerun_0000,5.0000000000e+01,4.5000000000e+02,2.0000000000e+01,0.0000000000e+00,0.0000000000e+00,0.0000000000e+00,0.0000000000e+00,
monte_carlo,ar_mcig_sweep_rerun_0000,5.0000000000e+01,4.7000000000e+02,2.0000000000e+01,0.0000000000e+00,0.0000000000e+00,0.0000000000e+00,0.0000000000e+00,
monte_carlo,ar_mcig_sweep_rerun_0000,5.0000000000e+01,4.9000000000e+02,2.0000000000e+01,0.0000000000e+00,0.0000000000e+00,0.0000000000e+00,0.0000000000e+00,
monte_carlo,ar_mcig_sweep_rerun_0000,5.0000000000e+01,5.1000000000e+02,2.0000000000e+01,0.0000000000e+00,0.0000000000e+00,0.0000000000e+00,0.0000000000e+00,
monte_carlo,ar_mcig_sweep_rerun_0000,5.0000000000e+01,5.3000000000e+02,2.0000000000e+01,0.0000000000e+00,0.0000000000e+00,0.0000000000e+00,0.0000000000e+00,
monte_carlo,ar_mcig_sweep_rerun_0000,5.0000000000e+01,5.5000000000e+02,2.0000000000e+01,0.0000000000e+00,0.0000000000e+00,0.0000000000e+00,0.0000000000e+00,
monte_carlo,ar_mcig_sweep_rerun_0000,5.0000000000e+01,5.7000000000e+02,2.0000000000e+01,0.0000000000e+00,0.0000000000e+00,0.0000000000e+00,0.0000000000e+00,
monte_carlo,ar_mcig_sweep_rerun_0000,5.0000000000e+01,5.9000000000e+02,2.0000000000e+01,0.0000000000e+00,0.0000000000e+00,0.0000000000e+00,0.0000000000e+00,
monte_carlo,ar_mcig_sweep_rerun_0000,5.0000000000e+01,6.1000000000e+02,2.0000000000e+01,0.0000000000e+00,0.0000000000e+00,0.0000000000e+00,0.0000000000e+00,
monte_carlo,ar_mcig_sweep_rerun_0000,5.0000000000e+01,6.3000000000e+02,2.0000000000e+01,0.0000000000e+00,0.0000000000e+00,0.0000000000e+00,0.0000000000e+00,
monte_carlo,ar_mcig_sweep_rerun_0000,5.0000000000e+01,6.5000000000e+02,2.0000000000e+01,0.0000000000e+00,0.0000000000e+00,0.0000000000e+00,0.0000000000e+00,
monte_carlo,ar_mcig_sweep_rerun_0000,5.0000000000e+01,6.7000000000e+02,2.0000000000e+01,0.0000000000e+00,0.0000000000e+00,0.0000000000e+00,0.0000000000e+00,
monte_carlo,ar_mcig_sweep_rerun_0000,5.0000000000e+01,6.9000000000e+02,2.0000000000e+01,0.0000000000e+00,0.0000000000e+00,0.0000000000e+00,0.0000000000e+00,
monte_carlo,ar_mcig_sweep_rerun_0000,5.0000000000e+01,7.1000000000e+02,2.0000000000e+01,0.0000000000e+00,0.0000000000e+00,0.0000000000e+00,0.0000000000e+00,
monte_carlo,ar_mcig_sweep_rerun_0000,5.0000000000e+01,7.3000000000e+02,2.0000000000e+01,0.0000000000e+00,0.0000000000e+00,0.0000000000e+00,0.0000000000e+00,
monte_carlo,ar_mcig_sweep_rerun_0000,5.0000000000e+01,7.5000000000e+02,2.0000000000e+01,0.0000000000e+00,0.0000000000e+00,0.0000000000e+00,0.0000000000e+00,
monte_carlo,ar_mcig_sweep_rerun_0000,5.0000000000e+01,7.7000000000e+02,2.0000000000e+01,0.0000000000e+00,0.0000000000e+00,0.0000000000e+00,0.0000000000e+00,
monte_carlo,ar_mcig_sweep_rerun_0000,5.0000000000e+01,7.9000000000e+02,2.0000000000e+01,0.0000000000e+00,0.0000000000e+00,0.0000000000e+00,0.0000000000e+00,
monte_carlo,ar_mcig_sweep_rerun_0000,5.0000000000e+01,8.1000000000e+02,2.0000000000e+01,0.0000000000e+00,0.0000000000e+00,0.0000000000e+00,0.0000000000e+00,
monte_carlo,ar_mcig_sweep_rerun_0000,5.0000000000e+01,8.3000000000e+02,2.0000000000e+01,0.0000000000e+00,0.0000000000e+00,0.0000000000e+00,0.0000000000e+00,
monte_carlo,ar_mcig_sweep_rerun_0000,5.0000000000e+01,8.5000000000e+02,2.0000000000e+01,0.0000000000e+00,0.0000000000e+00,0.0000000000e+00,0.0000000000e+00,
monte_carlo,ar_mcig_sweep_rerun_0000,5.0000000000e+01,8.7000000000e+02,2.0000000000e+01,0.0000000000e+00,0.0000000000e+00,0.0000000000e+00,0.0000000000e+00,
monte_carlo,ar_mcig_sweep_rerun_0000,5.0000000000e+01,8.9000000000e+02,2.0000000000e+01,0.0000000000e+00,0.0000000000e+00,0.0000000000e+00,0.0000000000e+00,
monte_carlo,ar_mcig_sweep_rerun_0000,5.0000000000e+01,9.1000000000e+02,2.0000000000e+01,0.0000000000e+00,0.0000000000e+00,0.0000000000e+00,0.0000000000e+00,
monte_carlo,ar_mcig_sweep_rerun_0000,5.0000000000e+01,9.3000000000e+02,2.0000000000e+01,0.0000000000e+00,0.0000000000e+00,0.0000000000e+00,0.0000000000e+00,
monte_carlo,ar_mcig_sweep_rerun_0000,5.0000000000e+01,9.5000000000e+02,2.0000000000e+01,0.0000000000e+00,0.0000000000e+00,0.0000000000e+00,0.0000000000e+00,
monte_carlo,ar_mcig_sweep_rerun_0000,5.0000000000e+01,9.7000000000e+02,2.0000000000e+01,0.0000000000e+00,0.0000000000e+00,0.0000000000e+00,0.0000000000e+00,
monte_carlo,ar_mcig_sweep_rerun_0000,5.0000000000e+01,9.9000000000e+02,2.0000000000e+01,0.0000000000e+00,0.0000000000e+00,0.0000000000e+00,0.0000000000e+00,
monte_carlo,ar_mcig_sweep_rerun_0001,1.0000000000e+02,2.5000000000e-01,5.0000000000e-01,3.0097831379e-02,6.0195662758e-02,4.6478000000e+04,2.3332761827e+04,6.5466168812e-03
monte_carlo,ar_mcig_sweep_rerun_0001,1.0000000000e+02,7.5000000000e-01,5.0000000000e-01,5.5984263377e-02,6.4645059062e-02,8.6133000000e+04,4.3041544405e+04,4.8201003164e-03
monte_carlo,ar_mcig_sweep_rerun_0001,1.0000000000e+02,1.2500000000e+00,5.0000000000e-01,7.3882573373e-02,6.6082582566e-02,1.1354300000e+05,5.6770105087e+04,4.1970114201e-03
monte_carlo,ar_mcig_sweep_rerun_0001,1.0000000000e+02,1.7500000000e+00,5.0000000000e-01,8.2669359623e-02,6.2492161888e-02,1.2739700000e+05,6.3722908145e+04,3.9614320068e-03
monte_carlo,ar_mcig_sweep_rerun_0001,1.0000000000e+02,2.2500000000e+00,5.0000000000e-01,8.9497420074e-02,5.9664946716e-02,1.3746900000e+05,6.8202144097e+04,3.8291377149e-03
monte_carlo,ar_mcig_sweep_rerun_0001,1.0000000000e+02,2.7500000000e+00,5.0000000000e-01,9.4772730451e-02,5.7150106775e-02,1.4511800000e+05,7.2661581231e+04,3.7097750642e-03
monte_carlo,ar_mcig_sweep_rerun_0001,1.0000000000e+02,3.2500000000e+00,5.0000000000e-01,9.9550868143e-02,5.5220886093e-02,1.5313500000e+05,7.6933342840e+04,3.6053107067e-03
monte_carlo,ar_mcig_sweep_rerun_0001,1.0000000000e+02,3.7500000000e+00,5.0000000000e-01,1.0042692536e-01,5.1860241257e-02,1.5453700000e+05,7.6955121140e+04,3.6048005191e-03
monte_carlo,ar_mcig_sweep_rerun_0001,1.0000000000e+02,4.2500000000e+00,5.0000000000e-01,9.9887373919e-02,4.8452493333e-02,1.5335600000e+05,7.6489684851e+04,3.6157514099e-03
monte_carlo,ar_mcig_sweep_rerun_0001,1.0000000000e+02,4.7500000000e+00,5.0000000000e-01,9.7556669128e-02,4.4762069684e-02,1.5020900000e+05,7.5103593676e+04,3.6489645220e-03
monte_carlo,ar_mcig_sweep_rerun_0001,1.0000000000e+02,5.2500000000e+00,5.0000000000e-01,9.5714561838e-02,4.1773259498e-02,1.4742400000e+05,7.3550155752e+04,3.6872976926e-03
monte_carlo,ar_mcig_sweep_rerun_0001,1.0000000000e+02,5.7500000000e+00,5.0000000000e-01,9.3664217109e-02,3.9060678697e-02,1.4384600000e+05,7.1598100209e+04,3.7372250447e-03
monte_carlo,ar_mcig_sweep_rerun_0001,1.0000000000e+02,6.2500000000e+00,5.0000000000e-01,9.0456199610e-02,3.6182479844e-02,1.3912400000e+05,6.9651660286e+04,3.7890842634e-03
monte_carlo,ar_mcig_sweep_rerun_0001,1.0000000000e+02,6.7500000000e+00,5.0000000000e-01,8.6740844683e-02,3.3386566685e-02,1.3313100000e+05,6.6385881425e+04,3.8811652749e-03
monte_carlo,ar_mcig_sweep_rerun_0001,1.0000000000e+02,7.2500000000e+00,5.0000000000e-01,8.2181700511e-02,3.0521517337e-02,1.2652700000e+05,6.3201145291e+04,3.9777503792e-03
monte_carlo,ar_mcig_sweep_rerun_0001,1.0000000000e+02,7.7500000000e+00,5.0000000000e-01,7.8802048178e-02,2.8306531327e-02,1.2154300000e+05,6.0926330041e+04,4.0513287935e-03
monte_carlo,ar_mcig_sweep_rerun_0001,1.0000000000e+02,8.2500000000e+00,5.0000000000e-01,7.5046282686e-02,2.6127761956e-02,1.1509400000e+05,5.7536726731e+04,4.1689570835e-03
monte_carlo,ar_mcig_sweep_rerun_0001,1.0000000000e+02,8.7500000000e+00,5.0000000000e-01,7.0506788438e-02,2.3835644894e-02,1.0780400000e+05,5.4077987200e+04,4.3002107513e-03
monte_carlo,ar_mcig_sweep_rerun_0001,1.0000000000e+02,9.2500000000e+00,5.0000000000e-01,6.4499249039e-02,2.1207222448e-02,9.9215000000e+04,4.9474463507e+04,4.4958255723e-03
monte_carlo,ar_mcig_sweep_rerun_0001,1.0000000000e+02,9.7500000000e+00,5.0000000000e-01,5.9214699343e-02,1.8963880968e-02,9.0981000000e+04,4.5525338115e+04,4.6867675036e-03
monte_carlo,ar_mcig_sweep_rerun_0001,1.0000000000e+02,1.0250000000e+01,5.0000000000e-01,5.4052728546e-02,1.6883235915e-02,8.2991000000e+04,4.1339396708e+04,4.9183330353e-03
monte_carlo,ar_mcig_sweep_rerun_0001,1.0000000000e+02,1.0750000000e+01,5.0000000000e-01,4.9858052198e-02,1.5206563359e-02,7.6509000000e+04,3.8227401961e+04,5.1146110009e-03
monte_carlo,ar_mcig_sweep_rerun_0001,1.0000000000e+02,1.1250000000e+01,5.0000000000e-01,4.5084610622e-02,1.3441633879e-02,6.9342000000e+04,3.4453540694e+04,5.3874477366e-03
monte_carlo,ar_mcig_sweep_rerun_0001,1.0000000000e+02,1.1750000000e+01,5.0000000000e-01,3.8498969626e-02,1.1231303754e-02,5.9338000000e+04,2.9595458658e+04,5.8128278671e-03
monte_carlo,ar_mcig_sweep_rerun_0001,1.0000000000e+02,1.2250000000e+01,5.0000000000e-01,3.3340192369e-02,9.5257692482e-03,5.0878000000e+04,2.5320668492e+04,6.2843796893e-03
monte_carlo,ar_mcig_sweep_rerun_0001,1.0000000000e+02,1.2750000000e+01,5.0000000000e-01,2.8262098347e-02,7.9149706895e-03,4.2893000000e+04,2.1289914677e+04,6.8535098224e-03
monte_carlo,ar_mcig_sweep_rerun_0001,1.0000000000e+02,1.3250000000e+01,5.0000000000e-01,2.4128295465e-02,6.6285525445e-03,3.7198000000e+04,1.8529659418e+04,7.3462597742e-03
monte_carlo,ar_mcig_sweep_rerun_0001,1.0000000000e+02,1.3750000000e+01,5.0000000000e-01,1.9923024886e-02,5.3728402551e-03,3.0543000000e+04,1.5313425673e+04,8.0809761041e-03
monte_carlo,ar_mcig_sweep_rerun_0001,1.0000000000e+02,1.4250000000e+01,5.0000000000e-01,1.7196692705e-02,4.5555151845e-03,2.6032000000e+04,1.3019108081e+04,8.7641415611e-03
monte_carlo,ar_mcig_sweep_rerun_0001,1.0000000000e+02,1.4750000000e+01,5.0000000000e-01,1.4457206595e-02,3.7643359649e-03,2.2074000000e+04,1.0991211510e+04,9.5384370384e-03
monte_carlo,ar_mcig_sweep_rerun_0001,1.0000000000e+02,1.5250000000e+01,5.0000000000e-01,1.1913255479e-02,3.0506721226e-03,1.8167000000e+04,8.9441763937e+03,1.0573769093e-02
monte_carlo,ar_mcig_sweep_rerun_0001,1.0000000000e+02,1.5750000000e+01,5.0000000000e-01,9.2007290806e-03,2.3183658122e-03,1.3950000000e+04,6.9773277564e+03,1.1971689321e-02
monte_carlo,ar_mcig_sweep_rerun_0001,1.0000000000e+02,1.6250000000e+01,5.0000000000e-01,7.3492863864e-03,1.8231335727e-03,1.1064000000e+04,5.6453812445e+03,1.3309243229e-02
monte_carlo,ar_mcig_sweep_rerun_0001,1.0000000000e+02,1.6750000000e+01,5.0000000000e-01,6.0034530200e-03,1.4668770393e-03,9.2330000000e+03,4.6681107388e+03,1.4636236721e-02
monte_carlo,ar_mcig_sweep_rerun_0001,1.0000000000e+02,1.7250000000e+01,5.0000000000e-01,4.7385559588e-03,1.1409102030e-03,7.1450000000e+03,3.5810753297e+03,1.6710647250e-02
monte_carlo,ar_mcig_sweep_rerun_0001,1.0000000000e+02,1.7750000000e+01,5.0000000000e-01,3.5724101852e-03,8.4793417667e-04,5.5030000000e+03,2.6652498801e+03,1.9370063023e-02
monte_carlo,ar_mcig_sweep_rerun_0001,1.0000000000e+02,1.8250000000e+01,5.0000000000e-01,2.8935099721e-03,6.7731945313e-04,4.3490000000e+03,2.1161930323e+03,2.1738138926e-02
monte_carlo,ar_mcig_sweep_rerun_0001,1.0000000000e+02,1.8750000000e+01,5.0000000000e-01,2.1550225594e-03,4.9768114191e-04,3.3290000000e+03,1.6410138973e+03,2.4685610402e-02
monte_carlo,ar_mcig_sweep_rerun_0001,1.0000000000e+02,1.9250000000e+01,5.0000000000e-01,1.5064894913e-03,3.4336082173e-04,2.2570000000e+03,1.1343329357e+03,2.9691335265e-02
monte_carlo,ar_mcig_sweep_rerun_0001,1.0000000000e+02,1.9750000000e+01,5.0000000000e-01,1.1746252009e-03,2.6431132033e-04,1.8760000000e+03,9.4391771811e+02,3.2548646295e-02
monte_carlo,ar_mcig_sweep_rerun_0001,1.0000000000e+02,2.0250000000e+01,5.0000000000e-01,8.7135701695e-04,1.9363489265e-04,1.3070000000e+03,6.3849653163e+02,3.9574982251e-02
monte_carlo,ar_mcig_sweep_rerun_0001,1.0000000000e+02,2.0750000000e+01,5.0000000000e-01,6.7612409951e-04,1.4842852289e-04,1.0080000000e+03,5.1672894603e+02,4.3991483204e-02
monte_carlo,ar_mcig_sweep_rerun_0001,1.0000000000e+02,2.1250000000e+01,5.0000000000e-01,4.7131200726e-04,1.0224192951e-04,7.2500000000e+02,3.7318935931e+02,5.1764899343e-02
monte_carlo,ar_mcig_sweep_rerun_0001,1.0000000000e+02,2.1750000000e+01,5.0000000000e-01,3.9688147935e-04,8.5100321772e-05,5.9400000000e+02,2.8550801444e+02,5.9182164954e-02
monte_carlo,ar_mcig_sweep_rerun_0001,1.0000000000e+02,2.2250000000e+01,5.0000000000e-01,2.8632416575e-04,6.0700601737e-05,4.1700000000e+02,2.1565586631e+02,6.8095648754e-02
monte_carlo,ar_mcig_sweep_rerun_0001,1.0000000000e+02,2.2750000000e+01,5.0000000000e-01,2.0638565794e-04,4.3270191148e-05,3.0800000000e+02,1.6014730301e+02,7.9020574972e-02
monte_carlo,ar_mcig_sweep_rerun_0001,1.0000000000e+02,2.3250000000e+01,5.0000000000e-01,1.7681098228e-04,3.6668889543e-05,2.7800000000e+02,1.3550120394e+02,8.5906974269e-02
monte_carlo,ar_mcig_sweep_rerun_0001,1.0000000000e+02,2.3750000000e+01,5.0000000000e-01,1.3757053244e-04,2.8228877633e-05,1.9000000000e+02,9.9031464207e+01,1.0048781426e-01
monte_carlo,ar_mcig_sweep_rerun_0001,1.0000000000e+02,2.4250000000e+01,5.0000000000e-01,9.7730727141e-05,1.9846103804e-05,1.2500000000e+02,7.0402122355e+01,1.1918102719e-01
monte_carlo,ar_mcig_sweep_rerun_0001,1.0000000000e+02,2.4750000000e+01,5.0000000000e-01,5.8302854928e-05,1.1719314788e-05,9.1000000000e+01,3.4740987047e+01,1.6965978932e-01
monte_carlo,ar_mcig_sweep_rerun_0001,1.0000000000e+02,2.5250000000e+01,5.0000000000e-01,4.2798755206e-05,8.5172706250e-06,4.5000000000e+01,2.5697763877e+01,1.9726604290e-01
monte_carlo,ar_mcig_sweep_rerun_0001,1.0000000000e+02,2.5750000000e+01,5.0000000000e-01,4.0699650787e-05,8.0205115062e-06,5.1000000000e+01,2.7160453555e+01,1.9188078698e-01
monte_carlo,ar_mcig_sweep_rerun_0001,1.0000000000e+02,2.6250000000e+01,5.0000000000e-01,3.3550762696e-05,6.5484383525e-06,5.2000000000e+01,2.6320023938e+01,1.9492020526e-01
monte_carlo,ar_mcig_sweep_rerun_0001,1.0000000000e+02,2.6750000000e+01,5.0000000000e-01,8.5696972281e-06,1.6569278021e-06,1.7000000000e+01,8.0287705535e+00,3.5291935481e-01
monte_carlo,ar_mcig_sweep_rerun_0001,1.0000000000e+02,2.7250000000e+01,5.0000000000e-01,1.1274945144e-05,2.1598877646e-06,2.3000000000e+01,1.3516402219e+01,2.7200033976e-01
monte_carlo,ar_mcig_sweep_rerun_0001,1.0000000000e+02,2.7750000000e+01,5.0000000000e-01,8.1137930118e-06,1.5402543026e-06,1.4000000000e+01,5.3216266287e+00,4.3348871866e-01
monte_carlo,ar_mcig_sweep_rerun_0001,1.0000000000e+02,2.8250000000e+01,5.0000000000e-01,4.8872755259e-06,9.1951241536e-07,8.0000000000e+00,4.5731240984e+00,4.6762046198e-01
monte_carlo,ar_mcig_sweep_rerun_0001,1.0000000000e+02,2.8750000000e+01,5.0000000000e-01,6.1958745669e-06,1.1555365650e-06,4.0000000000e+00,3.6749632466e+00,5.2164313942e-01
monte_carlo,ar_mcig_sweep_rerun_0001,1.0000000000e+02,2.9250000000e+01,5.0000000000e-01,1.0915160457e-06,2.0182138825e-07,5.0000000000e+00,3.1942700381e+00,5.5951815910e-01
monte_carlo,ar_mcig_sweep_rerun_0001,1.0000000000e+02,2.9750000000e+01,5.0000000000e-01,1.7071500112e-06,3.1298836990e-07,2.0000000000e+00,1.9203007140e+00,7.2163132707e-01
monte_carlo,ar_mcig_sweep_rerun_0001,1.0000000000e+02,3.0250000000e+01,5.0000000000e-01,4.9610262903e-07,9.0200478005e-08,1.0000000000e+00,1.0000000000e+00,1.0000000000e+00
monte_carlo,ar_mcig_sweep_rerun_0001,1.0000000000e+02,3.0750000000e+01,5.0000000000e-01,0.0000000000e+00,0.0000000000e+00,0.0000000000e+00,0.0000000000e+00,
monte_carlo,ar_mcig_sweep_rerun_0001,1.0000000000e+02,3.1250000000e+01,5.0000000000e-01,0.0000000000e+00,0.0000000000e+00,0.0000000000e+00,0.0000000000e+00,
monte_carlo,ar_mcig_sweep_rerun_0001,1.0000000000e+02,3.1750000000e+01,5.0000000000e-01,0.0000000000e+00,0.0000000000e+00,0.0000000000e+00,0.0000000000e+00,
monte_carlo,ar_mcig_sweep_rerun_0001,1.0000000000e+02,3.2250000000e+01,5.0000000000e-01,0.0000000000e+00,0.0000000000e+00,0.0000000000e+00,0.0000000000e+00,
monte_carlo,ar_mcig_sweep_rerun_0001,1.0000000000e+02,3.2750000000e+01,5.0000000000e-01,0.0000000000e+00,0.0000000000e+00,0.0000000000e+00,0.0000000000e+00,
monte_carlo,ar_mcig_sweep_rerun_0001,1.0000000000e+02,3.3250000000e+01,5.0000000000e-01,0.0000000000e+00,0.0000000000e+00,0.0000000000e+00,0.0000000000e+00,
monte_carlo,ar_mcig_sweep_rerun_0001,1.0000000000e+02,3.3750000000e+01,5.0000000000e-01,0.0000000000e+00,0.0000000000e+00,0.0000000000e+00,0.0000000000e+00,
monte_carlo,ar_mcig_sweep_rerun_0001,1.0000000000e+02,3.4250000000e+01,5.0000000000e-01,0.0000000000e+00,0.0000000000e+00,0.0000000000e+00,0.0000000000e+00,
monte_carlo,ar_mcig_sweep_rerun_0001,1.0000000000e+02,3.4750000000e+01,5.0000000000e-01,0.0000000000e+00,0.0000000000e+00,0.0000000000e+00,0.0000000000e+00,
monte_carlo,ar_mcig_sweep_rerun_0001,1.0000000000e+02,3.5250000000e+01,5.0000000000e-01,0.0000000000e+00,0.0000000000e+00,0.0000000000e+00,0.0000000000e+00,
monte_carlo,ar_mcig_sweep_rerun_0001,1.0000000000e+02,3.5750000000e+01,5.0000000000e-01,0.0000000000e+00,0.0000000000e+00,0.0000000000e+00,0.0000000000e+00,
monte_carlo,ar_mcig_sweep_rerun_0001,1.0000000000e+02,3.6250000000e+01,5.0000000000e-01,0.0000000000e+00,0.0000000000e+00,0.0000000000e+00,0.0000000000e+00,
monte_carlo,ar_mcig_sweep_rerun_0001,1.0000000000e+02,3.6750000000e+01,5.0000000000e-01,0.0000000000e+00,0.0000000000e+00,0.0000000000e+00,0.0000000000e+00,
monte_carlo,ar_mcig_sweep_rerun_0001,1.0000000000e+02,3.7250000000e+01,5.0000000000e-01,0.0000000000e+00,0.0000000000e+00,0.0000000000e+00,0.0000000000e+00,
monte_carlo,ar_mcig_sweep_rerun_0001,1.0000000000e+02,3.7750000000e+01,5.0000000000e-01,0.0000000000e+00,0.0000000000e+00,0.0000000000e+00,0.0000000000e+00,
monte_carlo,ar_mcig_sweep_rerun_0001,1.0000000000e+02,3.8250000000e+01,5.0000000000e-01,0.0000000000e+00,0.0000000000e+00,0.0000000000e+00,0.0000000000e+00,
monte_carlo,ar_mcig_sweep_rerun_0001,1.0000000000e+02,3.8750000000e+01,5.0000000000e-01,0.0000000000e+00,0.0000000000e+00,0.0000000000e+00,0.0000000000e+00,
monte_carlo,ar_mcig_sweep_rerun_0001,1.0000000000e+02,3.9250000000e+01,5.0000000000e-01,0.0000000000e+00,0.0000000000e+00,0.0000000000e+00,0.0000000000e+00,
monte_carlo,ar_mcig_sweep_rerun_0001,1.0000000000e+02,3.9750000000e+01,5.0000000000e-01,0.0000000000e+00,0.0000000000e+00,0.0000000000e+00,0.0000000000e+00,
monte_carlo,ar_mcig_sweep_rerun_0001,1.0000000000e+02,4.0250000000e+01,5.0000000000e-01,0.0000000000e+00,0.0000000000e+00,0.0000000000e+00,0.0000000000e+00,
monte_carlo,ar_mcig_sweep_rerun_0001,1.0000000000e+02,4.0750000000e+01,5.0000000000e-01,0.0000000000e+00,0.0000000000e+00,0.0000000000e+00,0.0000000000e+00,
monte_carlo,ar_mcig_sweep_rerun_0001,1.0000000000e+02,4.1250000000e+01,5.0000000000e-01,0.0000000000e+00,0.0000000000e+00,0.0000000000e+00,0.0000000000e+00,
monte_carlo,ar_mcig_sweep_rerun_0001,1.0000000000e+02,4.1750000000e+01,5.0000000000e-01,0.0000000000e+00,0.0000000000e+00,0.0000000000e+00,0.0000000000e+00,
monte_carlo,ar_mcig_sweep_rerun_0001,1.0000000000e+02,4.2250000000e+01,5.0000000000e-01,0.0000000000e+00,0.0000000000e+00,0.0000000000e+00,0.0000000000e+00,
monte_carlo,ar_mcig_sweep_rerun_0001,1.0000000000e+02,4.2750000000e+01,5.0000000000e-01,0.0000000000e+00,0.0000000000e+00,0.0000000000e+00,0.0000000000e+00,
monte_carlo,ar_mcig_sweep_rerun_0001,1.0000000000e+02,4.3250000000e+01,5.0000000000e-01,0.0000000000e+00,0.0000000000e+00,0.0000000000e+00,0.0000000000e+00,
monte_carlo,ar_mcig_sweep_rerun_0001,1.0000000000e+02,4.3750000000e+01,5.0000000000e-01,0.0000000000e+00,0.0000000000e+00,0.0000000000e+00,0.0000000000e+00,
monte_carlo,ar_mcig_sweep_rerun_0001,1.0000000000e+02,4.4250000000e+01,5.0000000000e-01,0.0000000000e+00,0.0000000000e+00,0.0000000000e+00,0.0000000000e+00,
monte_carlo,ar_mcig_sweep_rerun_0001,1.0000000000e+02,4.4750000000e+01,5.0000000000e-01,0.0000000000e+00,0.0000000000e+00,0.0000000000e+00,0.0000000000e+00,
monte_carlo,ar_mcig_sweep_rerun_0001,1.0000000000e+02,4.5250000000e+01,5.0000000000e-01,0.0000000000e+00,0.0000000000e+00,0.0000000000e+00,0.0000000000e+00,
monte_carlo,ar_mcig_sweep_rerun_0001,1.0000000000e+02,4.5750000000e+01,5.0000000000e-01,0.0000000000e+00,0.0000000000e+00,0.0000000000e+00,0.0000000000e+00,
monte_carlo,ar_mcig_sweep_rerun_0001,1.0000000000e+02,4.6250000000e+01,5.0000000000e-01,0.0000000000e+00,0.0000000000e+00,0.0000000000e+00,0.0000000000e+00,
monte_carlo,ar_mcig_sweep_rerun_0001,1.0000000000e+02,4.6750000000e+01,5.0000000000e-01,0.0000000000e+00,0.0000000000e+00,0.0000000000e+00,0.0000000000e+00,
monte_carlo,ar_mcig_sweep_rerun_0001,1.0000000000e+02,4.7250000000e+01,5.0000000000e-01,0.0000000000e+00,0.0000000000e+00,0.0000000000e+00,0.0000000000e+00,
monte_carlo,ar_mcig_sweep_rerun_0001,1.0000000000e+02,4.7750000000e+01,5.0000000000e-01,0.0000000000e+00,0.0000000000e+00,0.0000000000e+00,0.0000000000e+00,
monte_carlo,ar_mcig_sweep_rerun_0001,1.0000000000e+02,4.8250000000e+01,5.0000000000e-01,0.0000000000e+00,0.0000000000e+00,0.0000000000e+00,0.0000000000e+00,
monte_carlo,ar_mcig_sweep_rerun_0001,1.0000000000e+02,4.8750000000e+01,5.0000000000e-01,0.0000000000e+00,0.0000000000e+00,0.0000000000e+00,0.0000000000e+00,
monte_carlo,ar_mcig_sweep_rerun_0001,1.0000000000e+02,4.9250000000e+01,5.0000000000e-01,0.0000000000e+00,0.0000000000e+00,0.0000000000e+00,0.0000000000e+00,
monte_carlo,ar_mcig_sweep_rerun_0001,1.0000000000e+02,4.9750000000e+01,5.0000000000e-01,0.0000000000e+00,0.0000000000e+00,0.0000000000e+00,0.0000000000e+00,
monte_carlo,ar_mcig_sweep_rerun_0001,1.0000000000e+02,5.0250000000e+01,5.0000000000e-01,0.0000000000e+00,0.0000000000e+00,0.0000000000e+00,0.0000000000e+00,
monte_carlo,ar_mcig_sweep_rerun_0001,1.0000000000e+02,5.0750000000e+01,5.0000000000e-01,0.0000000000e+00,0.0000000000e+00,0.0000000000e+00,0.0000000000e+00,
monte_carlo,ar_mcig_sweep_rerun_0001,1.0000000000e+02,5.1250000000e+01,5.0000000000e-01,0.0000000000e+00,0.0000000000e+00,0.0000000000e+00,0.0000000000e+00,
monte_carlo,ar_mcig_sweep_rerun_0001,1.0000000000e+02,5.1750000000e+01,5.0000000000e-01,0.0000000000e+00,0.0000000000e+00,0.0000000000e+00,0.0000000000e+00,
monte_carlo,ar_mcig_sweep_rerun_0001,1.0000000000e+02,5.2250000000e+01,5.0000000000e-01,0.0000000000e+00,0.0000000000e+00,0.0000000000e+00,0.0000000000e+00,
monte_carlo,ar_mcig_sweep_rerun_0001,1.0000000000e+02,5.2750000000e+01,5.0000000000e-01,0.0000000000e+00,0.0000000000e+00,0.0000000000e+00,0.0000000000e+00,
monte_carlo,ar_mcig_sweep_rerun_0001,1.0000000000e+02,5.3250000000e+01,5.0000000000e-01,0.0000000000e+00,0.0000000000e+00,0.0000000000e+00,0.0000000000e+00,
monte_carlo,ar_mcig_sweep_rerun_0001,1.0000000000e+02,5.3750000000e+01,5.0000000000e-01,0.0000000000e+00,0.0000000000e+00,0.0000000000e+00,0.0000000000e+00,
monte_carlo,ar_mcig_sweep_rerun_0001,1.0000000000e+02,5.4250000000e+01,5.0000000000e-01,0.0000000000e+00,0.0000000000e+00,0.0000000000e+00,0.0000000000e+00,
monte_carlo,ar_mcig_sweep_rerun_0001,1.0000000000e+02,5.4750000000e+01,5.0000000000e-01,0.0000000000e+00,0.0000000000e+00,0.0000000000e+00,0.0000000000e+00,
monte_carlo,ar_mcig_sweep_rerun_0001,1.0000000000e+02,5.5250000000e+01,5.0000000000e-01,0.0000000000e+00,0.0000000000e+00,0.0000000000e+00,0.0000000000e+00,
monte_carlo,ar_mcig_sweep_rerun_0001,1.0000000000e+02,5.5750000000e+01,5.0000000000e-01,0.0000000000e+00,0.0000000000e+00,0.0000000000e+00,0.0000000000e+00,
monte_carlo,ar_mcig_sweep_rerun_0001,1.0000000000e+02,5.6250000000e+01,5.0000000000e-01,0.0000000000e+00,0.0000000000e+00,0.0000000000e+00,0.0000000000e+00,
monte_carlo,ar_mcig_sweep_rerun_0001,1.0000000000e+02,5.6750000000e+01,5.0000000000e-01,0.0000000000e+00,0.0000000000e+00,0.0000000000e+00,0.0000000000e+00,
monte_carlo,ar_mcig_sweep_rerun_0001,1.0000000000e+02,5.7250000000e+01,5.0000000000e-01,0.0000000000e+00,0.0000000000e+00,0.0000000000e+00,0.0000000000e+00,
monte_carlo,ar_mcig_sweep_rerun_0001,1.0000000000e+02,5.7750000000e+01,5.0000000000e-01,0.0000000000e+00,0.0000000000e+00,0.0000000000e+00,0.0000000000e+00,
monte_carlo,ar_mcig_sweep_rerun_0001,1.0000000000e+02,5.8250000000e+01,5.0000000000e-01,0.0000000000e+00,0.0000000000e+00,0.0000000000e+00,0.0000000000e+00,
monte_carlo,ar_mcig_sweep_rerun_0001,1.0000000000e+02,5.8750000000e+01,5.0000000000e-01,0.0000000000e+00,0.0000000000e+00,0.0000000000e+00,0.0000000000e+00,
monte_carlo,ar_mcig_sweep_rerun_0001,1.0000000000e+02,5.9250000000e+01,5.0000000000e-01,0.0000000000e+00,0.0000000000e+00,0.0000000000e+00,0.0000000000e+00,
monte_carlo,ar_mcig_sweep_rerun_0001,1.0000000000e+02,5.9750000000e+01,5.0000000000e-01,0.0000000000e+00,0.0000000000e+00,0.0000000000e+00,0.0000000000e+00,
monte_carlo,ar_mcig_sweep_rerun_0001,1.0000000000e+02,6.0250000000e+01,5.0000000000e-01,0.0000000000e+00,0.0000000000e+00,0.0000000000e+00,0.0000000000e+00,
monte_carlo,ar_mcig_sweep_rerun_0001,1.0000000000e+02,6.0750000000e+01,5.0000000000e-01,0.0000000000e+00,0.0000000000e+00,0.0000000000e+00,0.0000000000e+00,
monte_carlo,ar_mcig_sweep_rerun_0001,1.0000000000e+02,6.1250000000e+01,5.0000000000e-01,0.0000000000e+00,0.0000000000e+00,0.0000000000e+00,0.0000000000e+00,
monte_carlo,ar_mcig_sweep_rerun_0001,1.0000000000e+02,6.1750000000e+01,5.0000000000e-01,0.0000000000e+00,0.0000000000e+00,0.0000000000e+00,0.0000000000e+00,
monte_carlo,ar_mcig_sweep_rerun_0001,1.0000000000e+02,6.2250000000e+01,5.0000000000e-01,0.0000000000e+00,0.0000000000e+00,0.0000000000e+00,0.0000000000e+00,
monte_carlo,ar_mcig_sweep_rerun_0001,1.0000000000e+02,6.2750000000e+01,5.0000000000e-01,0.0000000000e+00,0.0000000000e+00,0.0000000000e+00,0.0000000000e+00,
monte_carlo,ar_mcig_sweep_rerun_0001,1.0000000000e+02,6.3250000000e+01,5.0000000000e-01,0.0000000000e+00,0.0000000000e+00,0.0000000000e+00,0.0000000000e+00,
monte_carlo,ar_mcig_sweep_rerun_0001,1.0000000000e+02,6.3750000000e+01,5.0000000000e-01,0.0000000000e+00,0.0000000000e+00,0.0000000000e+00,0.0000000000e+00,
monte_carlo,ar_mcig_sweep_rerun_0001,1.0000000000e+02,6.4250000000e+01,5.0000000000e-01,0.0000000000e+00,0.0000000000e+00,0.0000000000e+00,0.0000000000e+00,
monte_carlo,ar_mcig_sweep_rerun_0001,1.0000000000e+02,6.4750000000e+01,5.0000000000e-01,0.0000000000e+00,0.0000000000e+00,0.0000000000e+00,0.0000000000e+00,
monte_carlo,ar_mcig_sweep_rerun_0001,1.0000000000e+02,6.5250000000e+01,5.0000000000e-01,0.0000000000e+00,0.0000000000e+00,0.0000000000e+00,0.0000000000e+00,
monte_carlo,ar_mcig_sweep_rerun_0001,1.0000000000e+02,6.5750000000e+01,5.0000000000e-01,0.0000000000e+00,0.0000000000e+00,0.0000000000e+00,0.0000000000e+00,
monte_carlo,ar_mcig_sweep_rerun_0001,1.0000000000e+02,6.6250000000e+01,5.0000000000e-01,0.0000000000e+00,0.0000000000e+00,0.0000000000e+00,0.0000000000e+00,
monte_carlo,ar_mcig_sweep_rerun_0001,1.0000000000e+02,6.6750000000e+01,5.0000000000e-01,0.0000000000e+00,0.0000000000e+00,0.0000000000e+00,0.0000000000e+00,
monte_carlo,ar_mcig_sweep_rerun_0001,1.0000000000e+02,6.7250000000e+01,5.0000000000e-01,0.0000000000e+00,0.0000000000e+00,0.0000000000e+00,0.0000000000e+00,
monte_carlo,ar_mcig_sweep_rerun_0001,1.0000000000e+02,6.7750000000e+01,5.0000000000e-01,0.0000000000e+00,0.0000000000e+00,0.0000000000e+00,0.0000000000e+00,
monte_carlo,ar_mcig_sweep_rerun_0001,1.0000000000e+02,6.8250000000e+01,5.0000000000e-01,0.0000000000e+00,0.0000000000e+00,0.0000000000e+00,0.0000000000e+00,
monte_carlo,ar_mcig_sweep_rerun_0001,1.0000000000e+02,6.8750000000e+01,5.0000000000e-01,0.0000000000e+00,0.0000000000e+00,0.0000000000e+00,0.0000000000e+00,
monte_carlo,ar_mcig_sweep_rerun_0001,1.0000000000e+02,6.9250000000e+01,5.0000000000e-01,0.0000000000e+00,0.0000000000e+00,0.0000000000e+00,0.0000000000e+00,
monte_carlo,ar_mcig_sweep_rerun_0001,1.0000000000e+02,6.9750000000e+01,5.0000000000e-01,0.0000000000e+00,0.0000000000e+00,0.0000000000e+00,0.0000000000e+00,
monte_carlo,ar_mcig_sweep_rerun_0001,1.0000000000e+02,7.0250000000e+01,5.0000000000e-01,0.0000000000e+00,0.0000000000e+00,0.0000000000e+00,0.0000000000e+00,
monte_carlo,ar_mcig_sweep_rerun_0001,1.0000000000e+02,7.0750000000e+01,5.0000000000e-01,0.0000000000e+00,0.0000000000e+00,0.0000000000e+00,0.0000000000e+00,
monte_carlo,ar_mcig_sweep_rerun_0001,1.0000000000e+02,7.1250000000e+01,5.0000000000e-01,0.0000000000e+00,0.0000000000e+00,0.0000000000e+00,0.0000000000e+00,
monte_carlo,ar_mcig_sweep_rerun_0001,1.0000000000e+02,7.1750000000e+01,5.0000000000e-01,0.0000000000e+00,0.0000000000e+00,0.0000000000e+00,0.0000000000e+00,
monte_carlo,ar_mcig_sweep_rerun_0001,1.0000000000e+02,7.2250000000e+01,5.0000000000e-01,0.0000000000e+00,0.0000000000e+00,0.0000000000e+00,0.0000000000e+00,
monte_carlo,ar_mcig_sweep_rerun_0001,1.0000000000e+02,7.2750000000e+01,5.0000000000e-01,0.0000000000e+00,0.0000000000e+00,0.0000000000e+00,0.0000000000e+00,
monte_carlo,ar_mcig_sweep_rerun_0001,1.0000000000e+02,7.3250000000e+01,5.0000000000e-01,0.0000000000e+00,0.0000000000e+00,0.0000000000e+00,0.0000000000e+00,
monte_carlo,ar_mcig_sweep_rerun_0001,1.0000000000e+02,7.3750000000e+01,5.0000000000e-01,0.0000000000e+00,0.0000000000e+00,0.0000000000e+00,0.0000000000e+00,
monte_carlo,ar_mcig_sweep_rerun_0001,1.0000000000e+02,7.4250000000e+01,5.0000000000e-01,0.0000000000e+00,0.0000000000e+00,0.0000000000e+00,0.0000000000e+00,
monte_carlo,ar_mcig_sweep_rerun_0001,1.0000000000e+02,7.4750000000e+01,5.0000000000e-01,0.0000000000e+00,0.0000000000e+00,0.0000000000e+00,0.0000000000e+00,
monte_carlo,ar_mcig_sweep_rerun_0001,1.0000000000e+02,7.5250000000e+01,5.0000000000e-01,0.0000000000e+00,0.0000000000e+00,0.0000000000e+00,0.0000000000e+00,
monte_carlo,ar_mcig_sweep_rerun_0001,1.0000000000e+02,7.5750000000e+01,5.0000000000e-01,0.0000000000e+00,0.0000000000e+00,0.0000000000e+00,0.0000000000e+00,
monte_carlo,ar_mcig_sweep_rerun_0001,1.0000000000e+02,7.6250000000e+01,5.0000000000e-01,0.0000000000e+00,0.0000000000e+00,0.0000000000e+00,0.0000000000e+00,
monte_carlo,ar_mcig_sweep_rerun_0001,1.0000000000e+02,7.6750000000e+01,5.0000000000e-01,0.0000000000e+00,0.0000000000e+00,0.0000000000e+00,0.0000000000e+00,
monte_carlo,ar_mcig_sweep_rerun_0001,1.0000000000e+02,7.7250000000e+01,5.0000000000e-01,0.0000000000e+00,0.0000000000e+00,0.0000000000e+00,0.0000000000e+00,
monte_carlo,ar_mcig_sweep_rerun_0001,1.0000000000e+02,7.7750000000e+01,5.0000000000e-01,0.0000000000e+00,0.0000000000e+00,0.0000000000e+00,0.0000000000e+00,
monte_carlo,ar_mcig_sweep_rerun_0001,1.0000000000e+02,7.8250000000e+01,5.0000000000e-01,0.0000000000e+00,0.0000000000e+00,0.0000000000e+00,0.0000000000e+00,
monte_carlo,ar_mcig_sweep_rerun_0001,1.0000000000e+02,7.8750000000e+01,5.0000000000e-01,0.0000000000e+00,0.0000000000e+00,0.0000000000e+00,0.0000000000e+00,
monte_carlo,ar_mcig_sweep_rerun_0001,1.0000000000e+02,7.9250000000e+01,5.0000000000e-01,0.0000000000e+00,0.0000000000e+00,0.0000000000e+00,0.0000000000e+00,
monte_carlo,ar_mcig_sweep_rerun_0001,1.0000000000e+02,7.9750000000e+01,5.0000000000e-01,0.0000000000e+00,0.0000000000e+00,0.0000000000e+00,0.0000000000e+00,
monte_carlo,ar_mcig_sweep_rerun_0001,1.0000000000e+02,8.5000000000e+01,1.0000000000e+01,0.0000000000e+00,0.0000000000e+00,0.0000000000e+00,0.0000000000e+00,
monte_carlo,ar_mcig_sweep_rerun_0001,1.0000000000e+02,9.5000000000e+01,1.0000000000e+01,0.0000000000e+00,0.0000000000e+00,0.0000000000e+00,0.0000000000e+00,
monte_carlo,ar_mcig_sweep_rerun_0001,1.0000000000e+02,1.0500000000e+02,1.0000000000e+01,0.0000000000e+00,0.0000000000e+00,0.0000000000e+00,0.0000000000e+00,
monte_carlo,ar_mcig_sweep_rerun_0001,1.0000000000e+02,1.1500000000e+02,1.0000000000e+01,0.0000000000e+00,0.0000000000e+00,0.0000000000e+00,0.0000000000e+00,
monte_carlo,ar_mcig_sweep_rerun_0001,1.0000000000e+02,1.2500000000e+02,1.0000000000e+01,0.0000000000e+00,0.0000000000e+00,0.0000000000e+00,0.0000000000e+00,
monte_carlo,ar_mcig_sweep_rerun_0001,1.0000000000e+02,1.3500000000e+02,1.0000000000e+01,0.0000000000e+00,0.0000000000e+00,0.0000000000e+00,0.0000000000e+00,
monte_carlo,ar_mcig_sweep_rerun_0001,1.0000000000e+02,1.4500000000e+02,1.0000000000e+01,0.0000000000e+00,0.0000000000e+00,0.0000000000e+00,0.0000000000e+00,
monte_carlo,ar_mcig_sweep_rerun_0001,1.0000000000e+02,1.5500000000e+02,1.0000000000e+01,0.0000000000e+00,0.0000000000e+00,0.0000000000e+00,0.0000000000e+00,
monte_carlo,ar_mcig_sweep_rerun_0001,1.0000000000e+02,1.6500000000e+02,1.0000000000e+01,0.0000000000e+00,0.0000000000e+00,0.0000000000e+00,0.0000000000e+00,
monte_carlo,ar_mcig_sweep_rerun_0001,1.0000000000e+02,1.7500000000e+02,1.0000000000e+01,0.0000000000e+00,0.0000000000e+00,0.0000000000e+00,0.0000000000e+00,
monte_carlo,ar_mcig_sweep_rerun_0001,1.0000000000e+02,1.8500000000e+02,1.0000000000e+01,0.0000000000e+00,0.0000000000e+00,0.0000000000e+00,0.0000000000e+00,
monte_carlo,ar_mcig_sweep_rerun_0001,1.0000000000e+02,1.9500000000e+02,1.0000000000e+01,0.0000000000e+00,0.0000000000e+00,0.0000000000e+00,0.0000000000e+00,
monte_carlo,ar_mcig_sweep_rerun_0001,1.0000000000e+02,2.0500000000e+02,1.0000000000e+01,0.0000000000e+00,0.0000000000e+00,0.0000000000e+00,0.0000000000e+00,
monte_carlo,ar_mcig_sweep_rerun_0001,1.0000000000e+02,2.1500000000e+02,1.0000000000e+01,0.0000000000e+00,0.0000000000e+00,0.0000000000e+00,0.0000000000e+00,
monte_carlo,ar_mcig_sweep_rerun_0001,1.0000000000e+02,2.2500000000e+02,1.0000000000e+01,0.0000000000e+00,0.0000000000e+00,0.0000000000e+00,0.0000000000e+00,
monte_carlo,ar_mcig_sweep_rerun_0001,1.0000000000e+02,2.3500000000e+02,1.0000000000e+01,0.0000000000e+00,0.0000000000e+00,0.0000000000e+00,0.0000000000e+00,
monte_carlo,ar_mcig_sweep_rerun_0001,1.0000000000e+02,2.4500000000e+02,1.0000000000e+01,0.0000000000e+00,0.0000000000e+00,0.0000000000e+00,0.0000000000e+00,
monte_carlo,ar_mcig_sweep_rerun_0001,1.0000000000e+02,2.5500000000e+02,1.0000000000e+01,0.0000000000e+00,0.0000000000e+00,0.0000000000e+00,0.0000000000e+00,
monte_carlo,ar_mcig_sweep_rerun_0001,1.0000000000e+02,2.7000000000e+02,2.0000000000e+01,0.0000000000e+00,0.0000000000e+00,0.0000000000e+00,0.0000000000e+00,
monte_carlo,ar_mcig_sweep_rerun_0001,1.0000000000e+02,2.9000000000e+02,2.0000000000e+01,0.0000000000e+00,0.0000000000e+00,0.0000000000e+00,0.0000000000e+00,
monte_carlo,ar_mcig_sweep_rerun_0001,1.0000000000e+02,3.1000000000e+02,2.0000000000e+01,0.0000000000e+00,0.0000000000e+00,0.0000000000e+00,0.0000000000e+00,
monte_carlo,ar_mcig_sweep_rerun_0001,1.0000000000e+02,3.3000000000e+02,2.0000000000e+01,0.0000000000e+00,0.0000000000e+00,0.0000000000e+00,0.0000000000e+00,
monte_carlo,ar_mcig_sweep_rerun_0001,1.0000000000e+02,3.5000000000e+02,2.0000000000e+01,0.0000000000e+00,0.0000000000e+00,0.0000000000e+00,0.0000000000e+00,
monte_carlo,ar_mcig_sweep_rerun_0001,1.0000000000e+02,3.7000000000e+02,2.0000000000e+01,0.0000000000e+00,0.0000000000e+00,0.0000000000e+00,0.0000000000e+00,
monte_carlo,ar_mcig_sweep_rerun_0001,1.0000000000e+02,3.9000000000e+02,2.0000000000e+01,0.0000000000e+00,0.0000000000e+00,0.0000000000e+00,0.0000000000e+00,
monte_carlo,ar_mcig_sweep_rerun_0001,1.0000000000e+02,4.1000000000e+02,2.0000000000e+01,0.0000000000e+00,0.0000000000e+00,0.0000000000e+00,0.0000000000e+00,
monte_carlo,ar_mcig_sweep_rerun_0001,1.0000000000e+02,4.3000000000e+02,2.0000000000e+01,0.0000000000e+00,0.0000000000e+00,0.0000000000e+00,0.0000000000e+00,
monte_carlo,ar_mcig_sweep_rerun_0001,1.0000000000e+02,4.5000000000e+02,2.0000000000e+01,0.0000000000e+00,0.0000000000e+00,0.0000000000e+00,0.0000000000e+00,
monte_carlo,ar_mcig_sweep_rerun_0001,1.0000000000e+02,4.7000000000e+02,2.0000000000e+01,0.0000000000e+00,0.0000000000e+00,0.0000000000e+00,0.0000000000e+00,
monte_carlo,ar_mcig_sweep_rerun_0001,1.0000000000e+02,4.9000000000e+02,2.0000000000e+01,0.0000000000e+00,0.0000000000e+00,0.0000000000e+00,0.0000000000e+00,
monte_carlo,ar_mcig_sweep_rerun_0001,1.0000000000e+02,5.1000000000e+02,2.0000000000e+01,0.0000000000e+00,0.0000000000e+00,0.0000000000e+00,0.0000000000e+00,
monte_carlo,ar_mcig_sweep_rerun_0001,1.0000000000e+02,5.3000000000e+02,2.0000000000e+01,0.0000000000e+00,0.0000000000e+00,0.0000000000e+00,0.0000000000e+00,
monte_carlo,ar_mcig_sweep_rerun_0001,1.0000000000e+02,5.5000000000e+02,2.0000000000e+01,0.0000000000e+00,0.0000000000e+00,0.0000000000e+00,0.0000000000e+00,
monte_carlo,ar_mcig_sweep_rerun_0001,1.0000000000e+02,5.7000000000e+02,2.0000000000e+01,0.0000000000e+00,0.0000000000e+00,0.0000000000e+00,0.0000000000e+00,
monte_carlo,ar_mcig_sweep_rerun_0001,1.0000000000e+02,5.9000000000e+02,2.0000000000e+01,0.0000000000e+00,0.0000000000e+00,0.0000000000e+00,0.0000000000e+00,
monte_carlo,ar_mcig_sweep_rerun_0001,1.0000000000e+02,6.1000000000e+02,2.0000000000e+01,0.0000000000e+00,0.0000000000e+00,0.0000000000e+00,0.0000000000e+00,
monte_carlo,ar_mcig_sweep_rerun_0001,1.0000000000e+02,6.3000000000e+02,2.0000000000e+01,0.0000000000e+00,0.0000000000e+00,0.0000000000e+00,0.0000000000e+00,
monte_carlo,ar_mcig_sweep_rerun_0001,1.0000000000e+02,6.5000000000e+02,2.0000000000e+01,0.0000000000e+00,0.0000000000e+00,0.0000000000e+00,0.0000000000e+00,
monte_carlo,ar_mcig_sweep_rerun_0001,1.0000000000e+02,6.7000000000e+02,2.0000000000e+01,0.0000000000e+00,0.0000000000e+00,0.0000000000e+00,0.0000000000e+00,
monte_carlo,ar_mcig_sweep_rerun_0001,1.0000000000e+02,6.9000000000e+02,2.0000000000e+01,0.0000000000e+00,0.0000000000e+00,0.0000000000e+00,0.0000000000e+00,
monte_carlo,ar_mcig_sweep_rerun_0001,1.0000000000e+02,7.1000000000e+02,2.0000000000e+01,0.0000000000e+00,0.0000000000e+00,0.0000000000e+00,0.0000000000e+00,
monte_carlo,ar_mcig_sweep_rerun_0001,1.0000000000e+02,7.3000000000e+02,2.0000000000e+01,0.0000000000e+00,0.0000000000e+00,0.0000000000e+00,0.0000000000e+00,
monte_carlo,ar_mcig_sweep_rerun_0001,1.0000000000e+02,7.5000000000e+02,2.0000000000e+01,0.0000000000e+00,0.0000000000e+00,0.0000000000e+00,0.0000000000e+00,
monte_carlo,ar_mcig_sweep_rerun_0001,1.0000000000e+02,7.7000000000e+02,2.0000000000e+01,0.0000000000e+00,0.0000000000e+00,0.0000000000e+00,0.0000000000e+00,
monte_carlo,ar_mcig_sweep_rerun_0001,1.0000000000e+02,7.9000000000e+02,2.0000000000e+01,0.0000000000e+00,0.0000000000e+00,0.0000000000e+00,0.0000000000e+00,
monte_carlo,ar_mcig_sweep_rerun_0001,1.0000000000e+02,8.1000000000e+02,2.0000000000e+01,0.0000000000e+00,0.0000000000e+00,0.0000000000e+00,0.0000000000e+00,
monte_carlo,ar_mcig_sweep_rerun_0001,1.0000000000e+02,8.3000000000e+02,2.0000000000e+01,0.0000000000e+00,0.0000000000e+00,0.0000000000e+00,0.0000000000e+00,
monte_carlo,ar_mcig_sweep_rerun_0001,1.0000000000e+02,8.5000000000e+02,2.0000000000e+01,0.0000000000e+00,0.0000000000e+00,0.0000000000e+00,0.0000000000e+00,
monte_carlo,ar_mcig_sweep_rerun_0001,1.0000000000e+02,8.7000000000e+02,2.0000000000e+01,0.0000000000e+00,0.0000000000e+00,0.0000000000e+00,0.0000000000e+00,
monte_carlo,ar_mcig_sweep_rerun_0001,1.0000000000e+02,8.9000000000e+02,2.0000000000e+01,0.0000000000e+00,0.0000000000e+00,0.0000000000e+00,0.0000000000e+00,
monte_carlo,ar_mcig_sweep_rerun_0001,1.0000000000e+02,9.1000000000e+02,2.0000000000e+01,0.0000000000e+00,0.0000000000e+00,0.0000000000e+00,0.0000000000e+00,
monte_carlo,ar_mcig_sweep_rerun_0001,1.0000000000e+02,9.3000000000e+02,2.0000000000e+01,0.0000000000e+00,0.0000000000e+00,0.0000000000e+00,0.0000000000e+00,
monte_carlo,ar_mcig_sweep_rerun_0001,1.0000000000e+02,9.5000000000e+02,2.0000000000e+01,0.0000000000e+00,0.0000000000e+00,0.0000000000e+00,0.0000000000e+00,
monte_carlo,ar_mcig_sweep_rerun_0001,1.0000000000e+02,9.7000000000e+02,2.0000000000e+01,0.0000000000e+00,0.0000000000e+00,0.0000000000e+00,0.0000000000e+00,
monte_carlo,ar_mcig_sweep_rerun_0001,1.0000000000e+02,9.9000000000e+02,2.0000000000e+01,0.0000000000e+00,0.0000000000e+00,0.0000000000e+00,0.0000000000e+00,
monte_carlo,ar_mcig_sweep_rerun_0002,2.0000000000e+02,2.5000000000e-01,5.0000000000e-01,2.3179280144e-02,4.6358560288e-02,3.5400000000e+04,1.7847606571e+04,7.4853137391e-03
monte_carlo,ar_mcig_sweep_rerun_0002,2.0000000000e+02,7.5000000000e-01,5.0000000000e-01,4.3824657286e-02,5.0604355362e-02,6.7927000000e+04,3.3757925460e+04,5.4426715300e-03
monte_carlo,ar_mcig_sweep_rerun_0002,2.0000000000e+02,1.2500000000e+00,5.0000000000e-01,5.4996562717e-02,4.9190421106e-02,8.4747000000e+04,4.2378916814e+04,4.8576371797e-03
monte_carlo,ar_mcig_sweep_rerun_0002,2.0000000000e+02,1.7500000000e+00,5.0000000000e-01,6.4341176561e-02,4.8637357783e-02,9.8743000000e+04,4.9467535250e+04,4.4961403964e-03
monte_carlo,ar_mcig_sweep_rerun_0002,2.0000000000e+02,2.2500000000e+00,5.0000000000e-01,7.1409693497e-02,4.7606462331e-02,1.0992200000e+05,5.4634756905e+04,4.2782434339e-03
monte_carlo,ar_mcig_sweep_rerun_0002,2.0000000000e+02,2.7500000000e+00,5.0000000000e-01,7.3998963868e-02,4.4623054187e-02,1.1417200000e+05,5.7100177213e+04,4.1848632592e-03
monte_carlo,ar_mcig_sweep_rerun_0002,2.0000000000e+02,3.2500000000e+00,5.0000000000e-01,7.7263005764e-02,4.2857804458e-02,1.1939900000e+05,5.9599440023e+04,4.0961788457e-03
monte_carlo,ar_mcig_sweep_rerun_0002,2.0000000000e+02,3.7500000000e+00,5.0000000000e-01,7.8454635472e-02,4.0513799549e-02,1.2013200000e+05,6.0128184809e+04,4.0781289440e-03
monte_carlo,ar_mcig_sweep_rerun_0002,2.0000000000e+02,4.2500000000e+00,5.0000000000e-01,8.0352887805e-02,3.8976875735e-02,1.2405400000e+05,6.2044585196e+04,4.0146534031e-03
monte_carlo,ar_mcig_sweep_rerun_0002,2.0000000000e+02,4.7500000000e+00,5.0000000000e-01,7.9900490667e-02,3.6660859406e-02,1.2297200000e+05,6.1589699695e+04,4.0294517221e-03
monte_carlo,ar_mcig_sweep_rerun_0002,2.0000000000e+02,5.2500000000e+00,5.0000000000e-01,7.9263837026e-02,3.4593574576e-02,1.2161600000e+05,6.0928087600e+04,4.0512703598e-03
monte_carlo,ar_mcig_sweep_rerun_0002,2.0000000000e+02,5.7500000000e+00,5.0000000000e-01,7.9217235978e-02,3.3035871086e-02,1.2229900000e+05,6.1140635784e+04,4.0442223481e-03
monte_carlo,ar_mcig_sweep_rerun_0002,2.0000000000e+02,6.2500000000e+00,5.0000000000e-01,7.9073969284e-02,3.1629587713e-02,1.2078500000e+05,6.0542088665e+04,4.0641647068e-03
monte_carlo,ar_mcig_sweep_rerun_0002,2.0000000000e+02,6.7500000000e+00,5.0000000000e-01,7.7506094254e-02,2.9832109588e-02,1.1975400000e+05,5.9890134209e+04,4.0862257557e-03
monte_carlo,ar_mcig_sweep_rerun_0002,2.0000000000e+02,7.2500000000e+00,5.0000000000e-01,7.4878676757e-02,2.7809242405e-02,1.1494400000e+05,5.7963632176e+04,4.1535764084e-03
monte_carlo,ar_mcig_sweep_rerun_0002,2.0000000000e+02,7.7500000000e+00,5.0000000000e-01,7.3153251382e-02,2.6277423617e-02,1.1224100000e+05,5.6311803820e+04,4.2140557847e-03
monte_carlo,ar_mcig_sweep_rerun_0002,2.0000000000e+02,8.2500000000e+00,5.0000000000e-01,7.0713491708e-02,2.4619277762e-02,1.0900600000e+05,5.4387833100e+04,4.2879441682e-03
monte_carlo,ar_mcig_sweep_rerun_0002,2.0000000000e+02,8.7500000000e+00,5.0000000000e-01,6.8471544416e-02,2.3147606836e-02,1.0558300000e+05,5.2814970872e+04,4.3513245570e-03
monte_carlo,ar_mcig_sweep_rerun_0002,2.0000000000e+02,9.2500000000e+00,5.0000000000e-01,6.5093636623e-02,2.1402655882e-02,1.0076200000e+05,5.0350026657e+04,4.4565639985e-03
monte_carlo,ar_mcig_sweep_rerun_0002,2.0000000000e+02,9.7500000000e+00,5.0000000000e-01,6.2697910880e-02,2.0079401433e-02,9.6575000000e+04,4.8098774070e+04,4.5596656326e-03
monte_carlo,ar_mcig_sweep_rerun_0002,2.0000000000e+02,1.0250000000e+01,5.0000000000e-01,5.9444508067e-02,1.8567344897e-02,9.1778000000e+04,4.5824292703e+04,4.6714544101e-03
monte_carlo,ar_mcig_sweep_rerun_0002,2.0000000000e+02,1.0750000000e+01,5.0000000000e-01,5.6644692471e-02,1.7276469237e-02,8.7215000000e+04,4.3340976880e+04,4.8034209962e-03
monte_carlo,ar_mcig_sweep_rerun_0002,2.0000000000e+02,1.1250000000e+01,5.0000000000e-01,5.3142601439e-02,1.5844062576e-02,8.1214000000e+04,4.0493488692e+04,4.9694394420e-03
monte_carlo,ar_mcig_sweep_rerun_0002,2.0000000000e+02,1.1750000000e+01,5.0000000000e-01,4.9204499384e-02,1.4354427769e-02,7.5947000000e+04,3.7807764960e+04,5.1429167912e-03
monte_carlo,ar_mcig_sweep_rerun_0002,2.0000000000e+02,1.2250000000e+01,5.0000000000e-01,4.5341686703e-02,1.2954767629e-02,6.9171000000e+04,3.4703074956e+04,5.3680434304e-03
monte_carlo,ar_mcig_sweep_rerun_0002,2.0000000000e+02,1.2750000000e+01,5.0000000000e-01,4.1395853889e-02,1.1593157952e-02,6.3590000000e+04,3.1798096152e+04,5.6078894140e-03
monte_carlo,ar_mcig_sweep_rerun_0002,2.0000000000e+02,1.3250000000e+01,5.0000000000e-01,3.7672633268e-02,1.0349468302e-02,5.7648000000e+04,2.8856293121e+04,5.8868060774e-03
monte_carlo,ar_mcig_sweep_rerun_0002,2.0000000000e+02,1.3750000000e+01,5.0000000000e-01,3.4242597174e-02,9.2345417220e-03,5.2561000000e+04,2.6280568818e+04,6.1685433278e-03
monte_carlo,ar_mcig_sweep_rerun_0002,2.0000000000e+02,1.4250000000e+01,5.0000000000e-01,3.0031327355e-02,7.9554929614e-03,4.6027000000e+04,2.2971258981e+04,6.5979284398e-03
monte_carlo,ar_mcig_sweep_rerun_0002,2.0000000000e+02,1.4750000000e+01,5.0000000000e-01,2.7260379288e-02,7.0979981848e-03,4.1886000000e+04,2.0912683248e+04,6.9150467451e-03
monte_carlo,ar_mcig_sweep_rerun_0002,2.0000000000e+02,1.5250000000e+01,5.0000000000e-01,2.4073051249e-02,6.1644767448e-03,3.6685000000e+04,1.8435742863e+04,7.3649478999e-03
monte_carlo,ar_mcig_sweep_rerun_0002,2.0000000000e+02,1.5750000000e+01,5.0000000000e-01,2.1433341221e-02,5.4006943463e-03,3.2468000000e+04,1.6240206377e+04,7.8470103977e-03
monte_carlo,ar_mcig_sweep_rerun_0002,2.0000000000e+02,1.6250000000e+01,5.0000000000e-01,1.9068348364e-02,4.7302750568e-03,2.8962000000e+04,1.4425136251e+04,8.3260696208e-03
monte_carlo,ar_mcig_sweep_rerun_0002,2.0000000000e+02,1.6750000000e+01,5.0000000000e-01,1.6801401632e-02,4.1052358036e-03,2.5245000000e+04,1.2741188903e+04,8.8592105361e-03
monte_carlo,ar_mcig_sweep_rerun_0002,2.0000000000e+02,1.7250000000e+01,5.0000000000e-01,1.4675913185e-02,3.5335446573e-03,2.2119000000e+04,1.1071842230e+04,9.5036417268e-03
monte_carlo,ar_mcig_sweep_rerun_0002,2.0000000000e+02,1.7750000000e+01,5.0000000000e-01,1.3166017520e-02,3.1250376209e-03,1.9820000000e+04,9.9240442037e+03,1.0038195625e-02
monte_carlo,ar_mcig_sweep_rerun_0002,2.0000000000e+02,1.8250000000e+01,5.0000000000e-01,1.1247646319e-02,2.6328748570e-03,1.7299000000e+04,8.7616760002e+03,1.0683324139e-02
monte_carlo,ar_mcig_sweep_rerun_0002,2.0000000000e+02,1.8750000000e+01,5.0000000000e-01,9.6272449017e-03,2.2233169742e-03,1.4512000000e+04,7.1937771393e+03,1.1790209179e-02
monte_carlo,ar_mcig_sweep_rerun_0002,2.0000000000e+02,1.9250000000e+01,5.0000000000e-01,8.3675775317e-03,1.9071479182e-03,1.2621000000e+04,6.3196675501e+03,1.2579195991e-02
monte_carlo,ar_mcig_sweep_rerun_0002,2.0000000000e+02,1.9750000000e+01,5.0000000000e-01,7.2517912031e-03,1.6317805085e-03,1.0945000000e+04,5.3413713278e+03,1.3682757014e-02
monte_carlo,ar_mcig_sweep_rerun_0002,2.0000000000e+02,2.0250000000e+01,5.0000000000e-01,6.0426038698e-03,1.3428008600e-03,9.0330000000e+03,4.5190316671e+03,1.4875696450e-02
monte_carlo,ar_mcig_sweep_rerun_0002,2.0000000000e+02,2.0750000000e+01,5.0000000000e-01,5.2350200502e-03,1.1492362037e-03,7.9690000000e+03,3.9326351134e+03,1.5946235503e-02
monte_carlo,ar_mcig_sweep_rerun_0002,2.0000000000e+02,2.1250000000e+01,5.0000000000e-01,4.7057250213e-03,1.0208150832e-03,7.1700000000e+03,3.4729580044e+03,1.6968764958e-02
monte_carlo,ar_mcig_sweep_rerun_0002,2.0000000000e+02,2.1750000000e+01,5.0000000000e-01,4.0557584273e-03,8.6964588963e-04,6.1260000000e+03,3.1047248863e+03,1.7946858496e-02
monte_carlo,ar_mcig_sweep_rerun_0002,2.0000000000e+02,2.2250000000e+01,5.0000000000e-01,3.3776558866e-03,7.1606161584e-04,5.1130000000e+03,2.6377278702e+03,1.9470854254e-02
monte_carlo,ar_mcig_sweep_rerun_0002,2.0000000000e+02,2.2750000000e+01,5.0000000000e-01,2.8162907784e-03,5.9045498375e-04,4.2150000000e+03,2.1041993571e+03,2.1800003243e-02
monte_carlo,ar_mcig_sweep_rerun_0002,2.0000000000e+02,2.3250000000e+01,5.0000000000e-01,2.4001618204e-03,4.9777037346e-04,3.5810000000e+03,1.7806078077e+03,2.3698227445e-02
monte_carlo,ar_mcig_sweep_rerun_0002,2.0000000000e+02,2.3750000000e+01,5.0000000000e-01,2.1258211712e-03,4.3620930041e-04,3.1100000000e+03,1.5527965868e+03,2.5377142369e-02
monte_carlo,ar_mcig_sweep_rerun_0002,2.0000000000e+02,2.4250000000e+01,5.0000000000e-01,1.7941269652e-03,3.6433198677e-04,2.7460000000e+03,1.3677645284e+03,2.7039230731e-02
monte_carlo,ar_mcig_sweep_rerun_0002,2.0000000000e+02,2.4750000000e+01,5.0000000000e-01,1.4604291910e-03,2.9355731269e-04,2.1280000000e+03,1.0802998139e+03,3.0424808219e-02
monte_carlo,ar_mcig_sweep_rerun_0002,2.0000000000e+02,2.5250000000e+01,5.0000000000e-01,1.2333150304e-03,2.4543886449e-04,1.8810000000e+03,9.3305036009e+02,3.2737646703e-02
monte_carlo,ar_mcig_sweep_rerun_0002,2.0000000000e+02,2.5750000000e+01,5.0000000000e-01,1.0213617513e-03,2.0127552742e-04,1.5550000000e+03,7.8170245451e+02,3.5766732135e-02
monte_carlo,ar_mcig_sweep_rerun_0002,2.0000000000e+02,2.6250000000e+01,5.0000000000e-01,9.2046616667e-04,1.7965659984e-04,1.3390000000e+03,6.6059749164e+02,3.8907339972e-02
monte_carlo,ar_mcig_sweep_rerun_0002,2.0000000000e+02,2.6750000000e+01,5.0000000000e-01,7.7953916839e-04,1.5072179175e-04,1.1090000000e+03,5.8546720531e+02,4.1328411530e-02
monte_carlo,ar_mcig_sweep_rerun_0002,2.0000000000e+02,2.7250000000e+01,5.0000000000e-01,6.3808674174e-04,1.2223525070e-04,1.0070000000e+03,5.2130678766e+02,4.3797902268e-02
monte_carlo,ar_mcig_sweep_rerun_0002,2.0000000000e+02,2.7750000000e+01,5.0000000000e-01,6.0351581839e-04,1.1456637292e-04,8.4500000000e+02,4.0733172218e+02,4.9547971978e-02
monte_carlo,ar_mcig_sweep_rerun_0002,2.0000000000e+02,2.8250000000e+01,5.0000000000e-01,4.7466577732e-04,8.9305600447e-05,6.7300000000e+02,3.5915566200e+02,5.2766542879e-02
monte_carlo,ar_mcig_sweep_rerun_0002,2.0000000000e+02,2.8750000000e+01,5.0000000000e-01,3.9228048431e-04,7.3160687560e-05,5.6900000000e+02,2.6940419757e+02,6.0925320281e-02
monte_carlo,ar_mcig_sweep_rerun_0002,2.0000000000e+02,2.9250000000e+01,5.0000000000e-01,3.1255054306e-04,5.7790615854e-05,5.0400000000e+02,2.5396348332e+02,6.2750091355e-02
monte_carlo,ar_mcig_sweep_rerun_0002,2.0000000000e+02,2.9750000000e+01,5.0000000000e-01,2.8269252122e-04,5.1828761865e-05,4.0300000000e+02,1.9256927107e+02,7.2062032432e-02
monte_carlo,ar_mcig_sweep_rerun_0002,2.0000000000e+02,3.0250000000e+01,5.0000000000e-01,2.1805672314e-04,3.9646676935e-05,3.4200000000e+02,1.6432733755e+02,7.8009068237e-02
monte_carlo,ar_mcig_sweep_rerun_0002,2.0000000000e+02,3.0750000000e+01,5.0000000000e-01,2.1100675466e-04,3.8051676678e-05,3.1900000000e+02,1.4537520203e+02,8.2938243671e-02
monte_carlo,ar_mcig_sweep_rerun_0002,2.0000000000e+02,3.1250000000e+01,5.0000000000e-01,1.7223631737e-04,3.0810569106e-05,2.6100000000e+02,1.1893947312e+02,9.1693171582e-02
monte_carlo,ar_mcig_sweep_rerun_0002,2.0000000000e+02,3.1750000000e+01,5.0000000000e-01,1.3829819846e-04,2.4543961329e-05,2.0100000000e+02,8.3528518855e+01,1.0941644741e-01
monte_carlo,ar_mcig_sweep_rerun_0002,2.0000000000e+02,3.2250000000e+01,5.0000000000e-01,1.0163004798e-04,1.7896053571e-05,1.4800000000e+02,8.3997258894e+01,1.0911072539e-01
monte_carlo,ar_mcig_sweep_rerun_0002,2.0000000000e+02,3.2750000000e+01,5.0000000000e-01,7.1701021771e-05,1.2529094718e-05,1.2100000000e+02,6.8285253902e+01,1.2101425617e-01
monte_carlo,ar_mcig_sweep_rerun_0002,2.0000000000e+02,3.3250000000e+01,5.0000000000e-01,8.0098156162e-05,1.3890781950e-05,9.2000000000e+01,4.6873549791e+01,1.4606160810e-01
monte_carlo,ar_mcig_sweep_rerun_0002,2.0000000000e+02,3.3750000000e+01,5.0000000000e-01,7.7906647567e-05,1.3410273271e-05,1.0800000000e+02,5.4036338651e+01,1.3603699895e-01
monte_carlo,ar_mcig_sweep_rerun_0002,2.0000000000e+02,3.4250000000e+01,5.0000000000e-01,6.8009309215e-05,1.1620854825e-05,1.0400000000e+02,5.2690046242e+01,1.3776398923e-01
monte_carlo,ar_mcig_sweep_rerun_0002,2.0000000000e+02,3.4750000000e+01,5.0000000000e-01,4.3544102780e-05,7.3867251862e-06,7.0000000000e+01,3.6770157569e+01,1.6491199842e-01
monte_carlo,ar_mcig_sweep_rerun_0002,2.0000000000e+02,3.5250000000e+01,5.0000000000e-01,3.6912546482e-05,6.2171943863e-06,5.4000000000e+01,2.9270931171e+01,1.8483394406e-01
monte_carlo,ar_mcig_sweep_rerun_0002,2.0000000000e+02,3.5750000000e+01,5.0000000000e-01,4.0082531462e-05,6.7037393351e-06,5.6000000000e+01,2.6063480371e+01,1.9587715871e-01
monte_carlo,ar_mcig_sweep_rerun_0002,2.0000000000e+02,3.6250000000e+01,5.0000000000e-01,1.7199628787e-05,2.8567028519e-06,3.4000000000e+01,1.8808163961e+01,2.3058274179e-01
monte_carlo,ar_mcig_sweep_rerun_0002,2.0000000000e+02,3.6750000000e+01,5.0000000000e-01,2.1743890584e-05,3.5868117377e-06,3.5000000000e+01,2.3302631724e+01,2.0715599886e-01
monte_carlo,ar_mcig_sweep_rerun_0002,2.0000000000e+02,3.7250000000e+01,5.0000000000e-01,2.4784492906e-05,4.0608495445e-06,2.8000000000e+01,1.5335377634e+01,2.5535993700e-01
monte_carlo,ar_mcig_sweep_rerun_0002,2.0000000000e+02,3.7750000000e+01,5.0000000000e-01,1.4814603311e-05,2.4111906392e-06,1.8000000000e+01,8.8894832449e+00,3.3539898358e-01
monte_carlo,ar_mcig_sweep_rerun_0002,2.0000000000e+02,3.8250000000e+01,5.0000000000e-01,8.6014494402e-06,1.3907719441e-06,1.9000000000e+01,7.4960193121e+00,3.6524531304e-01
monte_carlo,ar_mcig_sweep_rerun_0002,2.0000000000e+02,3.8750000000e+01,5.0000000000e-01,7.5355482714e-06,1.2105396051e-06,1.3000000000e+01,9.4216715196e+00,3.2578870293e-01
monte_carlo,ar_mcig_sweep_rerun_0002,2.0000000000e+02,3.9250000000e+01,5.0000000000e-01,1.1024454590e-05,1.7596945234e-06,2.8000000000e+01,1.4558505366e+01,2.6208466147e-01
monte_carlo,ar_mcig_sweep_rerun_0002,2.0000000000e+02,3.9750000000e+01,5.0000000000e-01,1.2180959049e-05,1.9320257779e-06,2.3000000000e+01,1.4319488897e+01,2.6426292731e-01
monte_carlo,ar_mcig_sweep_rerun_0002,2.0000000000e+02,4.0250000000e+01,5.0000000000e-01,1.3387371578e-05,2.1101453705e-06,2.5000000000e+01,1.2017816148e+01,2.8846107796e-01
monte_carlo,ar_mcig_sweep_rerun_0002,2.0000000000e+02,4.0750000000e+01,5.0000000000e-01,7.5411575992e-06,1.1813380989e-06,1.7000000000e+01,9.3797726528e+00,3.2651553120e-01
monte_carlo,ar_mcig_sweep_rerun_0002,2.0000000000e+02,4.1250000000e+01,5.0000000000e-01,3.9801170565e-06,6.1970338522e-07,7.0000000000e+00,3.9808809044e+00,5.0119924428e-01
monte_carlo,ar_mcig_sweep_rerun_0002,2.0000000000e+02,4.1750000000e+01,5.0000000000e-01,6.5760090065e-06,1.0177337093e-06,7.0000000000e+00,2.5638585002e+00,6.2452952345e-01
monte_carlo,ar_mcig_sweep_rerun_0002,2.0000000000e+02,4.2250000000e+01,5.0000000000e-01,2.8387895935e-06,4.3673686053e-07,5.0000000000e+00,2.8561841967e+00,5.9170725474e-01
monte_carlo,ar_mcig_sweep_rerun_0002,2.0000000000e+02,4.2750000000e+01,5.0000000000e-01,6.4831702456e-06,9.9156083981e-07,9.0000000000e+00,4.2609773335e+00,4.8444601525e-01
monte_carlo,ar_mcig_sweep_rerun_0002,2.0000000000e+02,4.3250000000e+01,5.0000000000e-01,2.5397864744e-06,3.8619277991e-07,5.0000000000e+00,1.8554959181e+00,7.3412497381e-01
monte_carlo,ar_mcig_sweep_rerun_0002,2.0000000000e+02,4.3750000000e+01,5.0000000000e-01,4.2369764523e-06,6.4057062878e-07,6.0000000000e+00,4.7165265220e+00,4.6045676666e-01
monte_carlo,ar_mcig_sweep_rerun_0002,2.0000000000e+02,4.4250000000e+01,5.0000000000e-01,1.5385888348e-06,2.3129483728e-07,2.0000000000e+00,1.6467615519e+00,7.7926404891e-01
monte_carlo,ar_mcig_sweep_rerun_0002,2.0000000000e+02,4.4750000000e+01,5.0000000000e-01,4.4212449055e-06,6.6091871920e-07,4.0000000000e+00,3.8047533612e+00,5.1266863162e-01
monte_carlo,ar_mcig_sweep_rerun_0002,2.0000000000e+02,4.5250000000e+01,5.0000000000e-01,3.3135728676e-06,4.9259186312e-07,5.0000000000e+00,4.4136019109e+00,4.7599612860e-01
monte_carlo,ar_mcig_sweep_rerun_0002,2.0000000000e+02,4.5750000000e+01,5.0000000000e-01,1.3987155143e-06,2.0679205203e-07,2.0000000000e+00,1.3809924727e+00,8.5095059112e-01
monte_carlo,ar_mcig_sweep_rerun_0002,2.0000000000e+02,4.6250000000e+01,5.0000000000e-01,2.3143583125e-06,3.4031001442e-07,1.0000000000e+00,1.0000000000e+00,1.0000000000e+00
monte_carlo,ar_mcig_sweep_rerun_0002,2.0000000000e+02,4.6750000000e+01,5.0000000000e-01,1.9888364940e-06,2.9087625684e-07,1.0000000000e+00,1.0000000000e+00,1.0000000000e+00
monte_carlo,ar_mcig_sweep_rerun_0002,2.0000000000e+02,4.7250000000e+01,5.0000000000e-01,4.3808367704e-07,6.3731797167e-08,1.0000000000e+00,1.0000000000e+00,1.0000000000e+00
monte_carlo,ar_mcig_sweep_rerun_0002,2.0000000000e+02,4.7750000000e+01,5.0000000000e-01,4.2295397148e-07,6.1207750594e-08,1.0000000000e+00,1.0000000000e+00,1.0000000000e+00
monte_carlo,ar_mcig_sweep_rerun_0002,2.0000000000e+02,4.8250000000e+01,5.0000000000e-01,4.5850501337e-07,6.6007826084e-08,2.0000000000e+00,1.9807252156e+00,7.1053894170e-01
monte_carlo,ar_mcig_sweep_rerun_0002,2.0000000000e+02,4.8750000000e+01,5.0000000000e-01,1.2549230603e-06,1.7973381385e-07,1.0000000000e+00,1.0000000000e+00,1.0000000000e+00
monte_carlo,ar_mcig_sweep_rerun_0002,2.0000000000e+02,4.9250000000e+01,5.0000000000e-01,0.0000000000e+00,0.0000000000e+00,0.0000000000e+00,0.0000000000e+00,
monte_carlo,ar_mcig_sweep_rerun_0002,2.0000000000e+02,4.9750000000e+01,5.0000000000e-01,5.8249234980e-07,8.2583575767e-08,1.0000000000e+00,1.0000000000e+00,1.0000000000e+00
monte_carlo,ar_mcig_sweep_rerun_0002,2.0000000000e+02,5.0250000000e+01,5.0000000000e-01,7.3552568508e-07,1.0375996346e-07,2.0000000000e+00,1.9712299394e+00,7.1224819394e-01
monte_carlo,ar_mcig_sweep_rerun_0002,2.0000000000e+02,5.0750000000e+01,5.0000000000e-01,0.0000000000e+00,0.0000000000e+00,0.0000000000e+00,0.0000000000e+00,
monte_carlo,ar_mcig_sweep_rerun_0002,2.0000000000e+02,5.1250000000e+01,5.0000000000e-01,0.0000000000e+00,0.0000000000e+00,0.0000000000e+00,0.0000000000e+00,
monte_carlo,ar_mcig_sweep_rerun_0002,2.0000000000e+02,5.1750000000e+01,5.0000000000e-01,0.0000000000e+00,0.0000000000e+00,0.0000000000e+00,0.0000000000e+00,
monte_carlo,ar_mcig_sweep_rerun_0002,2.0000000000e+02,5.2250000000e+01,5.0000000000e-01,0.0000000000e+00,0.0000000000e+00,0.0000000000e+00,0.0000000000e+00,
monte_carlo,ar_mcig_sweep_rerun_0002,2.0000000000e+02,5.2750000000e+01,5.0000000000e-01,0.0000000000e+00,0.0000000000e+00,0.0000000000e+00,0.0000000000e+00,
monte_carlo,ar_mcig_sweep_rerun_0002,2.0000000000e+02,5.3250000000e+01,5.0000000000e-01,0.0000000000e+00,0.0000000000e+00,0.0000000000e+00,0.0000000000e+00,
monte_carlo,ar_mcig_sweep_rerun_0002,2.0000000000e+02,5.3750000000e+01,5.0000000000e-01,0.0000000000e+00,0.0000000000e+00,0.0000000000e+00,0.0000000000e+00,
monte_carlo,ar_mcig_sweep_rerun_0002,2.0000000000e+02,5.4250000000e+01,5.0000000000e-01,0.0000000000e+00,0.0000000000e+00,0.0000000000e+00,0.0000000000e+00,
monte_carlo,ar_mcig_sweep_rerun_0002,2.0000000000e+02,5.4750000000e+01,5.0000000000e-01,0.0000000000e+00,0.0000000000e+00,0.0000000000e+00,0.0000000000e+00,
monte_carlo,ar_mcig_sweep_rerun_0002,2.0000000000e+02,5.5250000000e+01,5.0000000000e-01,0.0000000000e+00,0.0000000000e+00,0.0000000000e+00,0.0000000000e+00,
monte_carlo,ar_mcig_sweep_rerun_0002,2.0000000000e+02,5.5750000000e+01,5.0000000000e-01,0.0000000000e+00,0.0000000000e+00,0.0000000000e+00,0.0000000000e+00,
monte_carlo,ar_mcig_sweep_rerun_0002,2.0000000000e+02,5.6250000000e+01,5.0000000000e-01,0.0000000000e+00,0.0000000000e+00,0.0000000000e+00,0.0000000000e+00,
monte_carlo,ar_mcig_sweep_rerun_0002,2.0000000000e+02,5.6750000000e+01,5.0000000000e-01,0.0000000000e+00,0.0000000000e+00,0.0000000000e+00,0.0000000000e+00,
monte_carlo,ar_mcig_sweep_rerun_0002,2.0000000000e+02,5.7250000000e+01,5.0000000000e-01,0.0000000000e+00,0.0000000000e+00,0.0000000000e+00,0.0000000000e+00,
monte_carlo,ar_mcig_sweep_rerun_0002,2.0000000000e+02,5.7750000000e+01,5.0000000000e-01,0.0000000000e+00,0.0000000000e+00,0.0000000000e+00,0.0000000000e+00,
monte_carlo,ar_mcig_sweep_rerun_0002,2.0000000000e+02,5.8250000000e+01,5.0000000000e-01,0.0000000000e+00,0.0000000000e+00,0.0000000000e+00,0.0000000000e+00,
monte_carlo,ar_mcig_sweep_rerun_0002,2.0000000000e+02,5.8750000000e+01,5.0000000000e-01,0.0000000000e+00,0.0000000000e+00,0.0000000000e+00,0.0000000000e+00,
monte_carlo,ar_mcig_sweep_rerun_0002,2.0000000000e+02,5.9250000000e+01,5.0000000000e-01,0.0000000000e+00,0.0000000000e+00,0.0000000000e+00,0.0000000000e+00,
monte_carlo,ar_mcig_sweep_rerun_0002,2.0000000000e+02,5.9750000000e+01,5.0000000000e-01,0.0000000000e+00,0.0000000000e+00,0.0000000000e+00,0.0000000000e+00,
monte_carlo,ar_mcig_sweep_rerun_0002,2.0000000000e+02,6.0250000000e+01,5.0000000000e-01,0.0000000000e+00,0.0000000000e+00,0.0000000000e+00,0.0000000000e+00,
monte_carlo,ar_mcig_sweep_rerun_0002,2.0000000000e+02,6.0750000000e+01,5.0000000000e-01,0.0000000000e+00,0.0000000000e+00,0.0000000000e+00,0.0000000000e+00,
monte_carlo,ar_mcig_sweep_rerun_0002,2.0000000000e+02,6.1250000000e+01,5.0000000000e-01,0.0000000000e+00,0.0000000000e+00,0.0000000000e+00,0.0000000000e+00,
monte_carlo,ar_mcig_sweep_rerun_0002,2.0000000000e+02,6.1750000000e+01,5.0000000000e-01,0.0000000000e+00,0.0000000000e+00,0.0000000000e+00,0.0000000000e+00,
monte_carlo,ar_mcig_sweep_rerun_0002,2.0000000000e+02,6.2250000000e+01,5.0000000000e-01,0.0000000000e+00,0.0000000000e+00,0.0000000000e+00,0.0000000000e+00,
monte_carlo,ar_mcig_sweep_rerun_0002,2.0000000000e+02,6.2750000000e+01,5.0000000000e-01,0.0000000000e+00,0.0000000000e+00,0.0000000000e+00,0.0000000000e+00,
monte_carlo,ar_mcig_sweep_rerun_0002,2.0000000000e+02,6.3250000000e+01,5.0000000000e-01,0.0000000000e+00,0.0000000000e+00,0.0000000000e+00,0.0000000000e+00,
monte_carlo,ar_mcig_sweep_rerun_0002,2.0000000000e+02,6.3750000000e+01,5.0000000000e-01,0.0000000000e+00,0.0000000000e+00,0.0000000000e+00,0.0000000000e+00,
monte_carlo,ar_mcig_sweep_rerun_0002,2.0000000000e+02,6.4250000000e+01,5.0000000000e-01,0.0000000000e+00,0.0000000000e+00,0.0000000000e+00,0.0000000000e+00,
monte_carlo,ar_mcig_sweep_rerun_0002,2.0000000000e+02,6.4750000000e+01,5.0000000000e-01,0.0000000000e+00,0.0000000000e+00,0.0000000000e+00,0.0000000000e+00,
monte_carlo,ar_mcig_sweep_rerun_0002,2.0000000000e+02,6.5250000000e+01,5.0000000000e-01,0.0000000000e+00,0.0000000000e+00,0.0000000000e+00,0.0000000000e+00,
monte_carlo,ar_mcig_sweep_rerun_0002,2.0000000000e+02,6.5750000000e+01,5.0000000000e-01,0.0000000000e+00,0.0000000000e+00,0.0000000000e+00,0.0000000000e+00,
monte_carlo,ar_mcig_sweep_rerun_0002,2.0000000000e+02,6.6250000000e+01,5.0000000000e-01,0.0000000000e+00,0.0000000000e+00,0.0000000000e+00,0.0000000000e+00,
monte_carlo,ar_mcig_sweep_rerun_0002,2.0000000000e+02,6.6750000000e+01,5.0000000000e-01,0.0000000000e+00,0.0000000000e+00,0.0000000000e+00,0.0000000000e+00,
monte_carlo,ar_mcig_sweep_rerun_0002,2.0000000000e+02,6.7250000000e+01,5.0000000000e-01,0.0000000000e+00,0.0000000000e+00,0.0000000000e+00,0.0000000000e+00,
monte_carlo,ar_mcig_sweep_rerun_0002,2.0000000000e+02,6.7750000000e+01,5.0000000000e-01,0.0000000000e+00,0.0000000000e+00,0.0000000000e+00,0.0000000000e+00,
monte_carlo,ar_mcig_sweep_rerun_0002,2.0000000000e+02,6.8250000000e+01,5.0000000000e-01,0.0000000000e+00,0.0000000000e+00,0.0000000000e+00,0.0000000000e+00,
monte_carlo,ar_mcig_sweep_rerun_0002,2.0000000000e+02,6.8750000000e+01,5.0000000000e-01,0.0000000000e+00,0.0000000000e+00,0.0000000000e+00,0.0000000000e+00,
monte_carlo,ar_mcig_sweep_rerun_0002,2.0000000000e+02,6.9250000000e+01,5.0000000000e-01,0.0000000000e+00,0.0000000000e+00,0.0000000000e+00,0.0000000000e+00,
monte_carlo,ar_mcig_sweep_rerun_0002,2.0000000000e+02,6.9750000000e+01,5.0000000000e-01,0.0000000000e+00,0.0000000000e+00,0.0000000000e+00,0.0000000000e+00,
monte_carlo,ar_mcig_sweep_rerun_0002,2.0000000000e+02,7.0250000000e+01,5.0000000000e-01,0.0000000000e+00,0.0000000000e+00,0.0000000000e+00,0.0000000000e+00,
monte_carlo,ar_mcig_sweep_rerun_0002,2.0000000000e+02,7.0750000000e+01,5.0000000000e-01,0.0000000000e+00,0.0000000000e+00,0.0000000000e+00,0.0000000000e+00,
monte_carlo,ar_mcig_sweep_rerun_0002,2.0000000000e+02,7.1250000000e+01,5.0000000000e-01,0.0000000000e+00,0.0000000000e+00,0.0000000000e+00,0.0000000000e+00,
monte_carlo,ar_mcig_sweep_rerun_0002,2.0000000000e+02,7.1750000000e+01,5.0000000000e-01,0.0000000000e+00,0.0000000000e+00,0.0000000000e+00,0.0000000000e+00,
monte_carlo,ar_mcig_sweep_rerun_0002,2.0000000000e+02,7.2250000000e+01,5.0000000000e-01,0.0000000000e+00,0.0000000000e+00,0.0000000000e+00,0.0000000000e+00,
monte_carlo,ar_mcig_sweep_rerun_0002,2.0000000000e+02,7.2750000000e+01,5.0000000000e-01,0.0000000000e+00,0.0000000000e+00,0.0000000000e+00,0.0000000000e+00,
monte_carlo,ar_mcig_sweep_rerun_0002,2.0000000000e+02,7.3250000000e+01,5.0000000000e-01,0.0000000000e+00,0.0000000000e+00,0.0000000000e+00,0.0000000000e+00,
monte_carlo,ar_mcig_sweep_rerun_0002,2.0000000000e+02,7.3750000000e+01,5.0000000000e-01,0.0000000000e+00,0.0000000000e+00,0.0000000000e+00,0.0000000000e+00,
monte_carlo,ar_mcig_sweep_rerun_0002,2.0000000000e+02,7.4250000000e+01,5.0000000000e-01,0.0000000000e+00,0.0000000000e+00,0.0000000000e+00,0.0000000000e+00,
monte_carlo,ar_mcig_sweep_rerun_0002,2.0000000000e+02,7.4750000000e+01,5.0000000000e-01,0.0000000000e+00,0.0000000000e+00,0.0000000000e+00,0.0000000000e+00,
monte_carlo,ar_mcig_sweep_rerun_0002,2.0000000000e+02,7.5250000000e+01,5.0000000000e-01,0.0000000000e+00,0.0000000000e+00,0.0000000000e+00,0.0000000000e+00,
monte_carlo,ar_mcig_sweep_rerun_0002,2.0000000000e+02,7.5750000000e+01,5.0000000000e-01,0.0000000000e+00,0.0000000000e+00,0.0000000000e+00,0.0000000000e+00,
monte_carlo,ar_mcig_sweep_rerun_0002,2.0000000000e+02,7.6250000000e+01,5.0000000000e-01,0.0000000000e+00,0.0000000000e+00,0.0000000000e+00,0.0000000000e+00,
monte_carlo,ar_mcig_sweep_rerun_0002,2.0000000000e+02,7.6750000000e+01,5.0000000000e-01,0.0000000000e+00,0.0000000000e+00,0.0000000000e+00,0.0000000000e+00,
monte_carlo,ar_mcig_sweep_rerun_0002,2.0000000000e+02,7.7250000000e+01,5.0000000000e-01,0.0000000000e+00,0.0000000000e+00,0.0000000000e+00,0.0000000000e+00,
monte_carlo,ar_mcig_sweep_rerun_0002,2.0000000000e+02,7.7750000000e+01,5.0000000000e-01,0.0000000000e+00,0.0000000000e+00,0.0000000000e+00,0.0000000000e+00,
monte_carlo,ar_mcig_sweep_rerun_0002,2.0000000000e+02,7.8250000000e+01,5.0000000000e-01,0.0000000000e+00,0.0000000000e+00,0.0000000000e+00,0.0000000000e+00,
monte_carlo,ar_mcig_sweep_rerun_0002,2.0000000000e+02,7.8750000000e+01,5.0000000000e-01,0.0000000000e+00,0.0000000000e+00,0.0000000000e+00,0.0000000000e+00,
monte_carlo,ar_mcig_sweep_rerun_0002,2.0000000000e+02,7.9250000000e+01,5.0000000000e-01,0.0000000000e+00,0.0000000000e+00,0.0000000000e+00,0.0000000000e+00,
monte_carlo,ar_mcig_sweep_rerun_0002,2.0000000000e+02,7.9750000000e+01,5.0000000000e-01,0.0000000000e+00,0.0000000000e+00,0.0000000000e+00,0.0000000000e+00,
monte_carlo,ar_mcig_sweep_rerun_0002,2.0000000000e+02,8.5000000000e+01,1.0000000000e+01,0.0000000000e+00,0.0000000000e+00,0.0000000000e+00,0.0000000000e+00,
monte_carlo,ar_mcig_sweep_rerun_0002,2.0000000000e+02,9.5000000000e+01,1.0000000000e+01,0.0000000000e+00,0.0000000000e+00,0.0000000000e+00,0.0000000000e+00,
monte_carlo,ar_mcig_sweep_rerun_0002,2.0000000000e+02,1.0500000000e+02,1.0000000000e+01,0.0000000000e+00,0.0000000000e+00,0.0000000000e+00,0.0000000000e+00,
monte_carlo,ar_mcig_sweep_rerun_0002,2.0000000000e+02,1.1500000000e+02,1.0000000000e+01,0.0000000000e+00,0.0000000000e+00,0.0000000000e+00,0.0000000000e+00,
monte_carlo,ar_mcig_sweep_rerun_0002,2.0000000000e+02,1.2500000000e+02,1.0000000000e+01,0.0000000000e+00,0.0000000000e+00,0.0000000000e+00,0.0000000000e+00,
monte_carlo,ar_mcig_sweep_rerun_0002,2.0000000000e+02,1.3500000000e+02,1.0000000000e+01,0.0000000000e+00,0.0000000000e+00,0.0000000000e+00,0.0000000000e+00,
monte_carlo,ar_mcig_sweep_rerun_0002,2.0000000000e+02,1.4500000000e+02,1.0000000000e+01,0.0000000000e+00,0.0000000000e+00,0.0000000000e+00,0.0000000000e+00,
monte_carlo,ar_mcig_sweep_rerun_0002,2.0000000000e+02,1.5500000000e+02,1.0000000000e+01,0.0000000000e+00,0.0000000000e+00,0.0000000000e+00,0.0000000000e+00,
monte_carlo,ar_mcig_sweep_rerun_0002,2.0000000000e+02,1.6500000000e+02,1.0000000000e+01,0.0000000000e+00,0.0000000000e+00,0.0000000000e+00,0.0000000000e+00,
monte_carlo,ar_mcig_sweep_rerun_0002,2.0000000000e+02,1.7500000000e+02,1.0000000000e+01,0.0000000000e+00,0.0000000000e+00,0.0000000000e+00,0.0000000000e+00,
monte_carlo,ar_mcig_sweep_rerun_0002,2.0000000000e+02,1.8500000000e+02,1.0000000000e+01,0.0000000000e+00,0.0000000000e+00,0.0000000000e+00,0.0000000000e+00,
monte_carlo,ar_mcig_sweep_rerun_0002,2.0000000000e+02,1.9500000000e+02,1.0000000000e+01,0.0000000000e+00,0.0000000000e+00,0.0000000000e+00,0.0000000000e+00,
monte_carlo,ar_mcig_sweep_rerun_0002,2.0000000000e+02,2.0500000000e+02,1.0000000000e+01,0.0000000000e+00,0.0000000000e+00,0.0000000000e+00,0.0000000000e+00,
monte_carlo,ar_mcig_sweep_rerun_0002,2.0000000000e+02,2.1500000000e+02,1.0000000000e+01,0.0000000000e+00,0.0000000000e+00,0.0000000000e+00,0.0000000000e+00,
monte_carlo,ar_mcig_sweep_rerun_0002,2.0000000000e+02,2.2500000000e+02,1.0000000000e+01,0.0000000000e+00,0.0000000000e+00,0.0000000000e+00,0.0000000000e+00,
monte_carlo,ar_mcig_sweep_rerun_0002,2.0000000000e+02,2.3500000000e+02,1.0000000000e+01,0.0000000000e+00,0.0000000000e+00,0.0000000000e+00,0.0000000000e+00,
monte_carlo,ar_mcig_sweep_rerun_0002,2.0000000000e+02,2.4500000000e+02,1.0000000000e+01,0.0000000000e+00,0.0000000000e+00,0.0000000000e+00,0.0000000000e+00,
monte_carlo,ar_mcig_sweep_rerun_0002,2.0000000000e+02,2.5500000000e+02,1.0000000000e+01,0.0000000000e+00,0.0000000000e+00,0.0000000000e+00,0.0000000000e+00,
monte_carlo,ar_mcig_sweep_rerun_0002,2.0000000000e+02,2.7000000000e+02,2.0000000000e+01,0.0000000000e+00,0.0000000000e+00,0.0000000000e+00,0.0000000000e+00,
monte_carlo,ar_mcig_sweep_rerun_0002,2.0000000000e+02,2.9000000000e+02,2.0000000000e+01,0.0000000000e+00,0.0000000000e+00,0.0000000000e+00,0.0000000000e+00,
monte_carlo,ar_mcig_sweep_rerun_0002,2.0000000000e+02,3.1000000000e+02,2.0000000000e+01,0.0000000000e+00,0.0000000000e+00,0.0000000000e+00,0.0000000000e+00,
monte_carlo,ar_mcig_sweep_rerun_0002,2.0000000000e+02,3.3000000000e+02,2.0000000000e+01,0.0000000000e+00,0.0000000000e+00,0.0000000000e+00,0.0000000000e+00,
monte_carlo,ar_mcig_sweep_rerun_0002,2.0000000000e+02,3.5000000000e+02,2.0000000000e+01,0.0000000000e+00,0.0000000000e+00,0.0000000000e+00,0.0000000000e+00,
monte_carlo,ar_mcig_sweep_rerun_0002,2.0000000000e+02,3.7000000000e+02,2.0000000000e+01,0.0000000000e+00,0.0000000000e+00,0.0000000000e+00,0.0000000000e+00,
monte_carlo,ar_mcig_sweep_rerun_0002,2.0000000000e+02,3.9000000000e+02,2.0000000000e+01,0.0000000000e+00,0.0000000000e+00,0.0000000000e+00,0.0000000000e+00,
monte_carlo,ar_mcig_sweep_rerun_0002,2.0000000000e+02,4.1000000000e+02,2.0000000000e+01,0.0000000000e+00,0.0000000000e+00,0.0000000000e+00,0.0000000000e+00,
monte_carlo,ar_mcig_sweep_rerun_0002,2.0000000000e+02,4.3000000000e+02,2.0000000000e+01,0.0000000000e+00,0.0000000000e+00,0.0000000000e+00,0.0000000000e+00,
monte_carlo,ar_mcig_sweep_rerun_0002,2.0000000000e+02,4.5000000000e+02,2.0000000000e+01,0.0000000000e+00,0.0000000000e+00,0.0000000000e+00,0.0000000000e+00,
monte_carlo,ar_mcig_sweep_rerun_0002,2.0000000000e+02,4.7000000000e+02,2.0000000000e+01,0.0000000000e+00,0.0000000000e+00,0.0000000000e+00,0.0000000000e+00,
monte_carlo,ar_mcig_sweep_rerun_0002,2.0000000000e+02,4.9000000000e+02,2.0000000000e+01,0.0000000000e+00,0.0000000000e+00,0.0000000000e+00,0.0000000000e+00,
monte_carlo,ar_mcig_sweep_rerun_0002,2.0000000000e+02,5.1000000000e+02,2.0000000000e+01,0.0000000000e+00,0.0000000000e+00,0.0000000000e+00,0.0000000000e+00,
monte_carlo,ar_mcig_sweep_rerun_0002,2.0000000000e+02,5.3000000000e+02,2.0000000000e+01,0.0000000000e+00,0.0000000000e+00,0.0000000000e+00,0.0000000000e+00,
monte_carlo,ar_mcig_sweep_rerun_0002,2.0000000000e+02,5.5000000000e+02,2.0000000000e+01,0.0000000000e+00,0.0000000000e+00,0.0000000000e+00,0.0000000000e+00,
monte_carlo,ar_mcig_sweep_rerun_0002,2.0000000000e+02,5.7000000000e+02,2.0000000000e+01,0.0000000000e+00,0.0000000000e+00,0.0000000000e+00,0.0000000000e+00,
monte_carlo,ar_mcig_sweep_rerun_0002,2.0000000000e+02,5.9000000000e+02,2.0000000000e+01,0.0000000000e+00,0.0000000000e+00,0.0000000000e+00,0.0000000000e+00,
monte_carlo,ar_mcig_sweep_rerun_0002,2.0000000000e+02,6.1000000000e+02,2.0000000000e+01,0.0000000000e+00,0.0000000000e+00,0.0000000000e+00,0.0000000000e+00,
monte_carlo,ar_mcig_sweep_rerun_0002,2.0000000000e+02,6.3000000000e+02,2.0000000000e+01,0.0000000000e+00,0.0000000000e+00,0.0000000000e+00,0.0000000000e+00,
monte_carlo,ar_mcig_sweep_rerun_0002,2.0000000000e+02,6.5000000000e+02,2.0000000000e+01,0.0000000000e+00,0.0000000000e+00,0.0000000000e+00,0.0000000000e+00,
monte_carlo,ar_mcig_sweep_rerun_0002,2.0000000000e+02,6.7000000000e+02,2.0000000000e+01,0.0000000000e+00,0.0000000000e+00,0.0000000000e+00,0.0000000000e+00,
monte_carlo,ar_mcig_sweep_rerun_0002,2.0000000000e+02,6.9000000000e+02,2.0000000000e+01,0.0000000000e+00,0.0000000000e+00,0.0000000000e+00,0.0000000000e+00,
monte_carlo,ar_mcig_sweep_rerun_0002,2.0000000000e+02,7.1000000000e+02,2.0000000000e+01,0.0000000000e+00,0.0000000000e+00,0.0000000000e+00,0.0000000000e+00,
monte_carlo,ar_mcig_sweep_rerun_0002,2.0000000000e+02,7.3000000000e+02,2.0000000000e+01,0.0000000000e+00,0.0000000000e+00,0.0000000000e+00,0.0000000000e+00,
monte_carlo,ar_mcig_sweep_rerun_0002,2.0000000000e+02,7.5000000000e+02,2.0000000000e+01,0.0000000000e+00,0.0000000000e+00,0.0000000000e+00,0.0000000000e+00,
monte_carlo,ar_mcig_sweep_rerun_0002,2.0000000000e+02,7.7000000000e+02,2.0000000000e+01,0.0000000000e+00,0.0000000000e+00,0.0000000000e+00,0.0000000000e+00,
monte_carlo,ar_mcig_sweep_rerun_0002,2.0000000000e+02,7.9000000000e+02,2.0000000000e+01,0.0000000000e+00,0.0000000000e+00,0.0000000000e+00,0.0000000000e+00,
monte_carlo,ar_mcig_sweep_rerun_0002,2.0000000000e+02,8.1000000000e+02,2.0000000000e+01,0.0000000000e+00,0.0000000000e+00,0.0000000000e+00,0.0000000000e+00,
monte_carlo,ar_mcig_sweep_rerun_0002,2.0000000000e+02,8.3000000000e+02,2.0000000000e+01,0.0000000000e+00,0.0000000000e+00,0.0000000000e+00,0.0000000000e+00,
monte_carlo,ar_mcig_sweep_rerun_0002,2.0000000000e+02,8.5000000000e+02,2.0000000000e+01,0.0000000000e+00,0.0000000000e+00,0.0000000000e+00,0.0000000000e+00,
monte_carlo,ar_mcig_sweep_rerun_0002,2.0000000000e+02,8.7000000000e+02,2.0000000000e+01,0.0000000000e+00,0.0000000000e+00,0.0000000000e+00,0.0000000000e+00,
monte_carlo,ar_mcig_sweep_rerun_0002,2.0000000000e+02,8.9000000000e+02,2.0000000000e+01,0.0000000000e+00,0.0000000000e+00,0.0000000000e+00,0.0000000000e+00,
monte_carlo,ar_mcig_sweep_rerun_0002,2.0000000000e+02,9.1000000000e+02,2.0000000000e+01,0.0000000000e+00,0.0000000000e+00,0.0000000000e+00,0.0000000000e+00,
monte_carlo,ar_mcig_sweep_rerun_0002,2.0000000000e+02,9.3000000000e+02,2.0000000000e+01,0.0000000000e+00,0.0000000000e+00,0.0000000000e+00,0.0000000000e+00,
monte_carlo,ar_mcig_sweep_rerun_0002,2.0000000000e+02,9.5000000000e+02,2.0000000000e+01,0.0000000000e+00,0.0000000000e+00,0.0000000000e+00,0.0000000000e+00,
monte_carlo,ar_mcig_sweep_rerun_0002,2.0000000000e+02,9.7000000000e+02,2.0000000000e+01,0.0000000000e+00,0.0000000000e+00,0.0000000000e+00,0.0000000000e+00,
monte_carlo,ar_mcig_sweep_rerun_0002,2.0000000000e+02,9.9000000000e+02,2.0000000000e+01,0.0000000000e+00,0.0000000000e+00,0.0000000000e+00,0.0000000000e+00,
monte_carlo,ar_mcig_sweep_rerun_0003,4.0000000000e+02,2.5000000000e-01,5.0000000000e-01,1.5619501434e-02,3.1239002867e-02,2.5049000000e+04,1.2684277262e+04,8.8790629845e-03
monte_carlo,ar_mcig_sweep_rerun_0003,4.0000000000e+02,7.5000000000e-01,5.0000000000e-01,2.9785015668e-02,3.4392773628e-02,4.6010000000e+04,2.3141904498e+04,6.5735572785e-03
monte_carlo,ar_mcig_sweep_rerun_0003,4.0000000000e+02,1.2500000000e+00,5.0000000000e-01,3.7990852446e-02,3.3980051437e-02,5.8854000000e+04,2.9627381258e+04,5.8096954507e-03
monte_carlo,ar_mcig_sweep_rerun_0003,4.0000000000e+02,1.7500000000e+00,5.0000000000e-01,4.5076999315e-02,3.4075008582e-02,7.0063000000e+04,3.5268309470e+04,5.3248536811e-03
monte_carlo,ar_mcig_sweep_rerun_0003,4.0000000000e+02,2.2500000000e+00,5.0000000000e-01,5.0250095124e-02,3.3500063416e-02,7.8011000000e+04,3.8643376205e+04,5.0870085611e-03
monte_carlo,ar_mcig_sweep_rerun_0003,4.0000000000e+02,2.7500000000e+00,5.0000000000e-01,5.3858955080e-02,3.2478171927e-02,8.4038000000e+04,4.2223004116e+04,4.8665975730e-03
monte_carlo,ar_mcig_sweep_rerun_0003,4.0000000000e+02,3.2500000000e+00,5.0000000000e-01,5.6509996857e-02,3.1346106345e-02,8.7771000000e+04,4.3841891384e+04,4.7759014774e-03
monte_carlo,ar_mcig_sweep_rerun_0003,4.0000000000e+02,3.7500000000e+00,5.0000000000e-01,5.9311733570e-02,3.0628447513e-02,9.1738000000e+04,4.5968915318e+04,4.6641001996e-03
monte_carlo,ar_mcig_sweep_rerun_0003,4.0000000000e+02,4.2500000000e+00,5.0000000000e-01,6.0981313512e-02,2.9580281976e-02,9.4442000000e+04,4.7444128822e+04,4.5910155292e-03
monte_carlo,ar_mcig_sweep_rerun_0003,4.0000000000e+02,4.7500000000e+00,5.0000000000e-01,6.1393690410e-02,2.8169357081e-02,9.5803000000e+04,4.7818464304e+04,4.5730103858e-03
monte_carlo,ar_mcig_sweep_rerun_0003,4.0000000000e+02,5.2500000000e+00,5.0000000000e-01,6.2323760924e-02,2.7200319241e-02,9.6019000000e+04,4.8367869576e+04,4.5469640510e-03
monte_carlo,ar_mcig_sweep_rerun_0003,4.0000000000e+02,5.7500000000e+00,5.0000000000e-01,6.3039509463e-02,2.6289292756e-02,9.7860000000e+04,4.8947720489e+04,4.5199513912e-03
monte_carlo,ar_mcig_sweep_rerun_0003,4.0000000000e+02,6.2500000000e+00,5.0000000000e-01,6.3144414412e-02,2.5257765765e-02,9.7418000000e+04,4.8752063871e+04,4.5290122679e-03
monte_carlo,ar_mcig_sweep_rerun_0003,4.0000000000e+02,6.7500000000e+00,5.0000000000e-01,6.2488156042e-02,2.4051702475e-02,9.6312000000e+04,4.7777102875e+04,4.5749894230e-03
monte_carlo,ar_mcig_sweep_rerun_0003,4.0000000000e+02,7.2500000000e+00,5.0000000000e-01,6.2359521145e-02,2.3159744735e-02,9.6528000000e+04,4.8127912548e+04,4.5582851257e-03
monte_carlo,ar_mcig_sweep_rerun_0003,4.0000000000e+02,7.7500000000e+00,5.0000000000e-01,6.1295847012e-02,2.2018118231e-02,9.4629000000e+04,4.7608225054e+04,4.5830965336e-03
monte_carlo,ar_mcig_sweep_rerun_0003,4.0000000000e+02,8.2500000000e+00,5.0000000000e-01,6.0430151542e-02,2.1039078259e-02,9.3254000000e+04,4.6732082916e+04,4.6258594231e-03
monte_carlo,ar_mcig_sweep_rerun_0003,4.0000000000e+02,8.7500000000e+00,5.0000000000e-01,5.8567924203e-02,1.9799572132e-02,9.0844000000e+04,4.5363721297e+04,4.6951088277e-03
monte_carlo,ar_mcig_sweep_rerun_0003,4.0000000000e+02,9.2500000000e+00,5.0000000000e-01,5.7893939877e-02,1.9035410174e-02,8.9080000000e+04,4.4972393521e+04,4.7154918534e-03
monte_carlo,ar_mcig_sweep_rerun_0003,4.0000000000e+02,9.7500000000e+00,5.0000000000e-01,5.6494512280e-02,1.8092723903e-02,8.7056000000e+04,4.3623275945e+04,4.7878535941e-03
monte_carlo,ar_mcig_sweep_rerun_0003,4.0000000000e+02,1.0250000000e+01,5.0000000000e-01,5.4924604283e-02,1.7155564142e-02,8.4232000000e+04,4.1946740701e+04,4.8825971051e-03
monte_carlo,ar_mcig_sweep_rerun_0003,4.0000000000e+02,1.0750000000e+01,5.0000000000e-01,5.2647497574e-02,1.6057336223e-02,8.1225000000e+04,4.0915845854e+04,4.9437241855e-03
monte_carlo,ar_mcig_sweep_rerun_0003,4.0000000000e+02,1.1250000000e+01,5.0000000000e-01,5.1075400485e-02,1.5227742328e-02,7.8768000000e+04,3.9169471246e+04,5.0527306260e-03
monte_carlo,ar_mcig_sweep_rerun_0003,4.0000000000e+02,1.1750000000e+01,5.0000000000e-01,4.9906327430e-02,1.4559172053e-02,7.6348000000e+04,3.8220372016e+04,5.1150813493e-03
monte_carlo,ar_mcig_sweep_rerun_0003,4.0000000000e+02,1.2250000000e+01,5.0000000000e-01,4.7353386542e-02,1.3529539012e-02,7.2900000000e+04,3.6614789475e+04,5.2260279643e-03
monte_carlo,ar_mcig_sweep_rerun_0003,4.0000000000e+02,1.2750000000e+01,5.0000000000e-01,4.5030424538e-02,1.2611041331e-02,6.9313000000e+04,3.4811376577e+04,5.3596866698e-03
monte_carlo,ar_mcig_sweep_rerun_0003,4.0000000000e+02,1.3250000000e+01,5.0000000000e-01,4.3298394983e-02,1.1894983906e-02,6.6494000000e+04,3.3021914379e+04,5.5029919372e-03
monte_carlo,ar_mcig_sweep_rerun_0003,4.0000000000e+02,1.3750000000e+01,5.0000000000e-01,4.0712098650e-02,1.0979236524e-02,6.2499000000e+04,3.1278549598e+04,5.6542720041e-03
monte_carlo,ar_mcig_sweep_rerun_0003,4.0000000000e+02,1.4250000000e+01,5.0000000000e-01,3.8176811738e-02,1.0113284487e-02,5.8436000000e+04,2.9044460582e+04,5.8677059588e-03
monte_carlo,ar_mcig_sweep_rerun_0003,4.0000000000e+02,1.4750000000e+01,5.0000000000e-01,3.6132490940e-02,9.4080992929e-03,5.5474000000e+04,2.7874902674e+04,5.9895379386e-03
monte_carlo,ar_mcig_sweep_rerun_0003,4.0000000000e+02,1.5250000000e+01,5.0000000000e-01,3.4056962684e-02,8.7210944841e-03,5.1863000000e+04,2.5973707706e+04,6.2048748383e-03
monte_carlo,ar_mcig_sweep_rerun_0003,4.0000000000e+02,1.5750000000e+01,5.0000000000e-01,3.2367076439e-02,8.1557366595e-03,4.9289000000e+04,2.4629330866e+04,6.3719695756e-03
monte_carlo,ar_mcig_sweep_rerun_0003,4.0000000000e+02,1.6250000000e+01,5.0000000000e-01,2.9754595493e-02,7.3812067096e-03,4.5451000000e+04,2.2852541630e+04,6.6150441276e-03
monte_carlo,ar_mcig_sweep_rerun_0003,4.0000000000e+02,1.6750000000e+01,5.0000000000e-01,2.8157561244e-02,6.8799872232e-03,4.2543000000e+04,2.1340446049e+04,6.8453909079e-03
monte_carlo,ar_mcig_sweep_rerun_0003,4.0000000000e+02,1.7250000000e+01,5.0000000000e-01,2.5925407929e-02,6.2421047002e-03,3.9552000000e+04,1.9861369283e+04,7.0957026339e-03
monte_carlo,ar_mcig_sweep_rerun_0003,4.0000000000e+02,1.7750000000e+01,5.0000000000e-01,2.4213615078e-02,5.7472548507e-03,3.7112000000e+04,1.8388320315e+04,7.3744386989e-03
monte_carlo,ar_mcig_sweep_rerun_0003,4.0000000000e+02,1.8250000000e+01,5.0000000000e-01,2.2090433002e-02,5.1709792411e-03,3.3582000000e+04,1.6892922020e+04,7.6939190269e-03
monte_carlo,ar_mcig_sweep_rerun_0003,4.0000000000e+02,1.8750000000e+01,5.0000000000e-01,2.0685582333e-02,4.7771306114e-03,3.0901000000e+04,1.5305974955e+04,8.0829427136e-03
monte_carlo,ar_mcig_sweep_rerun_0003,4.0000000000e+02,1.9250000000e+01,5.0000000000e-01,1.9101990093e-02,4.3537476050e-03,2.8856000000e+04,1.4420920737e+04,8.3272864673e-03
monte_carlo,ar_mcig_sweep_rerun_0003,4.0000000000e+02,1.9750000000e+01,5.0000000000e-01,1.7578720014e-02,3.9555210404e-03,2.6406000000e+04,1.3066907174e+04,8.7480971436e-03
monte_carlo,ar_mcig_sweep_rerun_0003,4.0000000000e+02,2.0250000000e+01,5.0000000000e-01,1.6452508589e-02,3.6561130197e-03,2.4705000000e+04,1.2345809676e+04,8.9999523737e-03
monte_carlo,ar_mcig_sweep_rerun_0003,4.0000000000e+02,2.0750000000e+01,5.0000000000e-01,1.4942696221e-02,3.2803479858e-03,2.2641000000e+04,1.1372351372e+04,9.3772364101e-03
monte_carlo,ar_mcig_sweep_rerun_0003,4.0000000000e+02,2.1250000000e+01,5.0000000000e-01,1.3838301059e-02,3.0019489842e-03,2.0601000000e+04,1.0325521642e+04,9.8411080318e-03
monte_carlo,ar_mcig_sweep_rerun_0003,4.0000000000e+02,2.1750000000e+01,5.0000000000e-01,1.2712620568e-02,2.7258719722e-03,1.9261000000e+04,9.6461779053e+03,1.0181748524e-02
monte_carlo,ar_mcig_sweep_rerun_0003,4.0000000000e+02,2.2250000000e+01,5.0000000000e-01,1.1756454416e-02,2.4923633515e-03,1.7643000000e+04,8.7589208932e+03,1.0685004219e-02
monte_carlo,ar_mcig_sweep_rerun_0003,4.0000000000e+02,2.2750000000e+01,5.0000000000e-01,1.0818846281e-02,2.2682465015e-03,1.6118000000e+04,8.0466919277e+03,1.1147855040e-02
monte_carlo,ar_mcig_sweep_rerun_0003,4.0000000000e+02,2.3250000000e+01,5.0000000000e-01,1.0050551128e-02,2.0843872049e-03,1.4834000000e+04,7.4321741235e+03,1.1599574593e-02
monte_carlo,ar_mcig_sweep_rerun_0003,4.0000000000e+02,2.3750000000e+01,5.0000000000e-01,9.0625446893e-03,1.8595949332e-03,1.3480000000e+04,6.9036698777e+03,1.2035385126e-02
monte_carlo,ar_mcig_sweep_rerun_0003,4.0000000000e+02,2.4250000000e+01,5.0000000000e-01,8.4834526704e-03,1.7227282272e-03,1.2664000000e+04,6.3236496321e+03,1.2575234728e-02
monte_carlo,ar_mcig_sweep_rerun_0003,4.0000000000e+02,2.4750000000e+01,5.0000000000e-01,7.7426572063e-03,1.5563326566e-03,1.1558000000e+04,5.7774310611e+03,1.3156265040e-02
monte_carlo,ar_mcig_sweep_rerun_0003,4.0000000000e+02,2.5250000000e+01,5.0000000000e-01,7.1594550862e-03,1.4247848145e-03,1.0802000000e+04,5.4076994410e+03,1.3598585218e-02
monte_carlo,ar_mcig_sweep_rerun_0003,4.0000000000e+02,2.5750000000e+01,5.0000000000e-01,6.7474955520e-03,1.3297009843e-03,9.9160000000e+03,4.9604053644e+03,1.4198465671e-02
monte_carlo,ar_mcig_sweep_rerun_0003,4.0000000000e+02,2.6250000000e+01,5.0000000000e-01,6.0059819071e-03,1.1722476363e-03,9.0680000000e+03,4.5329270677e+03,1.4852878698e-02
monte_carlo,ar_mcig_sweep_rerun_0003,4.0000000000e+02,2.6750000000e+01,5.0000000000e-01,5.6176522403e-03,1.0861578807e-03,8.1620000000e+03,4.0615399312e+03,1.5691145023e-02
monte_carlo,ar_mcig_sweep_rerun_0003,4.0000000000e+02,2.7250000000e+01,5.0000000000e-01,5.1342149612e-03,9.8353720876e-04,7.6120000000e+03,3.8463678302e+03,1.6124066965e-02
monte_carlo,ar_mcig_sweep_rerun_0003,4.0000000000e+02,2.7750000000e+01,5.0000000000e-01,4.6624171168e-03,8.8507409720e-04,6.9020000000e+03,3.4933842719e+03,1.6919082951e-02
monte_carlo,ar_mcig_sweep_rerun_0003,4.0000000000e+02,2.8250000000e+01,5.0000000000e-01,4.3940762099e-03,8.2671983758e-04,6.6830000000e+03,3.3042722455e+03,1.7396508305e-02
monte_carlo,ar_mcig_sweep_rerun_0003,4.0000000000e+02,2.8750000000e+01,5.0000000000e-01,3.9248757984e-03,7.3199311076e-04,6.0400000000e+03,3.1037976298e+03,1.7949539099e-02
monte_carlo,ar_mcig_sweep_rerun_0003,4.0000000000e+02,2.9250000000e+01,5.0000000000e-01,3.8358392193e-03,7.0924692254e-04,5.6000000000e+03,2.7177821690e+03,1.9181946595e-02
monte_carlo,ar_mcig_sweep_rerun_0003,4.0000000000e+02,2.9750000000e+01,5.0000000000e-01,3.5282325526e-03,6.4686509562e-04,5.2450000000e+03,2.6328697347e+03,1.9488809653e-02
monte_carlo,ar_mcig_sweep_rerun_0003,4.0000000000e+02,3.0250000000e+01,5.0000000000e-01,3.0590902703e-03,5.5619823097e-04,4.7060000000e+03,2.3214939255e+03,2.0754688720e-02
monte_carlo,ar_mcig_sweep_rerun_0003,4.0000000000e+02,3.0750000000e+01,5.0000000000e-01,2.9481799009e-03,5.3165685884e-04,4.4710000000e+03,2.2763507096e+03,2.0959475643e-02
monte_carlo,ar_mcig_sweep_rerun_0003,4.0000000000e+02,3.1250000000e+01,5.0000000000e-01,2.7565012695e-03,4.9309793750e-04,4.0230000000e+03,2.0635381516e+03,2.2013735734e-02
monte_carlo,ar_mcig_sweep_rerun_0003,4.0000000000e+02,3.1750000000e+01,5.0000000000e-01,2.4292150692e-03,4.3111596088e-04,3.6010000000e+03,1.7578481730e+03,2.3851149744e-02
monte_carlo,ar_mcig_sweep_rerun_0003,4.0000000000e+02,3.2250000000e+01,5.0000000000e-01,2.3612788420e-03,4.1579801930e-04,3.3550000000e+03,1.7095758675e+03,2.4185541235e-02
monte_carlo,ar_mcig_sweep_rerun_0003,4.0000000000e+02,3.2750000000e+01,5.0000000000e-01,2.1796586348e-03,3.8087531828e-04,3.1770000000e+03,1.5931413766e+03,2.5053755882e-02
monte_carlo,ar_mcig_sweep_rerun_0003,4.0000000000e+02,3.3250000000e+01,5.0000000000e-01,1.9657211330e-03,3.4089927834e-04,2.8720000000e+03,1.4530947132e+03,2.6233306817e-02
monte_carlo,ar_mcig_sweep_rerun_0003,4.0000000000e+02,3.3750000000e+01,5.0000000000e-01,1.7185959872e-03,2.9582638388e-04,2.5370000000e+03,1.2444798455e+03,2.8346932282e-02
monte_carlo,ar_mcig_sweep_rerun_0003,4.0000000000e+02,3.4250000000e+01,5.0000000000e-01,1.5971552251e-03,2.7290835942e-04,2.3740000000e+03,1.1436982533e+03,2.9569519753e-02
monte_carlo,ar_mcig_sweep_rerun_0003,4.0000000000e+02,3.4750000000e+01,5.0000000000e-01,1.4973560801e-03,2.5400817019e-04,2.1560000000e+03,1.0733676281e+03,3.0522897158e-02
monte_carlo,ar_mcig_sweep_rerun_0003,4.0000000000e+02,3.5250000000e+01,5.0000000000e-01,1.3844642763e-03,2.3318584998e-04,2.0250000000e+03,1.0744325190e+03,3.0507767491e-02
monte_carlo,ar_mcig_sweep_rerun_0003,4.0000000000e+02,3.5750000000e+01,5.0000000000e-01,1.2928215666e-03,2.1622234108e-04,1.9380000000e+03,9.6009943895e+02,3.2273189797e-02
monte_carlo,ar_mcig_sweep_rerun_0003,4.0000000000e+02,3.6250000000e+01,5.0000000000e-01,1.1831993015e-03,1.9651870752e-04,1.7200000000e+03,8.8447260019e+02,3.3624652769e-02
monte_carlo,ar_mcig_sweep_rerun_0003,4.0000000000e+02,3.6750000000e+01,5.0000000000e-01,1.0386760067e-03,1.7133710630e-04,1.5900000000e+03,8.0376544578e+02,3.5272426253e-02
monte_carlo,ar_mcig_sweep_rerun_0003,4.0000000000e+02,3.7250000000e+01,5.0000000000e-01,1.0492872723e-03,1.7192192545e-04,1.5210000000e+03,7.6522286734e+02,3.6149810927e-02
monte_carlo,ar_mcig_sweep_rerun_0003,4.0000000000e+02,3.7750000000e+01,5.0000000000e-01,9.3414725895e-04,1.5203965163e-04,1.3390000000e+03,6.8035168234e+02,3.8338336815e-02
monte_carlo,ar_mcig_sweep_rerun_0003,4.0000000000e+02,3.8250000000e+01,5.0000000000e-01,8.6939013529e-04,1.4057205324e-04,1.2820000000e+03,6.6520783638e+02,3.8772278325e-02
monte_carlo,ar_mcig_sweep_rerun_0003,4.0000000000e+02,3.8750000000e+01,5.0000000000e-01,8.0019237382e-04,1.2854599630e-04,1.1890000000e+03,6.0030821157e+02,4.0814347514e-02
monte_carlo,ar_mcig_sweep_rerun_0003,4.0000000000e+02,3.9250000000e+01,5.0000000000e-01,8.0423821962e-04,1.2837039501e-04,1.1500000000e+03,5.8658568463e+02,4.1288991007e-02
monte_carlo,ar_mcig_sweep_rerun_0003,4.0000000000e+02,3.9750000000e+01,5.0000000000e-01,6.6535475786e-04,1.0553212916e-04,9.9100000000e+02,4.9518762250e+02,4.4938141732e-02
monte_carlo,ar_mcig_sweep_rerun_0003,4.0000000000e+02,4.0250000000e+01,5.0000000000e-01,6.9179305025e-04,1.0904186037e-04,9.7200000000e+02,4.9334387926e+02,4.5022035676e-02
monte_carlo,ar_mcig_sweep_rerun_0003,4.0000000000e+02,4.0750000000e+01,5.0000000000e-01,5.7815427258e-04,9.0569075141e-05,8.6800000000e+02,4.4792334302e+02,4.7249601723e-02
monte_carlo,ar_mcig_sweep_rerun_0003,4.0000000000e+02,4.1250000000e+01,5.0000000000e-01,5.8456501534e-04,9.1016649447e-05,8.4000000000e+02,4.3920625819e+02,4.7716187905e-02
monte_carlo,ar_mcig_sweep_rerun_0003,4.0000000000e+02,4.1750000000e+01,5.0000000000e-01,5.0627766637e-04,7.8353884071e-05,7.4000000000e+02,3.7466670057e+02,5.1662741936e-02
monte_carlo,ar_mcig_sweep_rerun_0003,4.0000000000e+02,4.2250000000e+01,5.0000000000e-01,5.2113543102e-04,8.0174681696e-05,7.5300000000e+02,3.7412511623e+02,5.1700121963e-02
monte_carlo,ar_mcig_sweep_rerun_0003,4.0000000000e+02,4.2750000000e+01,5.0000000000e-01,4.4198021141e-04,6.7598143038e-05,6.4200000000e+02,3.1059094048e+02,5.6742126562e-02
monte_carlo,ar_mcig_sweep_rerun_0003,4.0000000000e+02,4.3250000000e+01,5.0000000000e-01,4.1982335448e-04,6.3837157166e-05,5.9500000000e+02,2.8869939694e+02,5.8854145915e-02
monte_carlo,ar_mcig_sweep_rerun_0003,4.0000000000e+02,4.3750000000e+01,5.0000000000e-01,3.5054643332e-04,5.2997639175e-05,5.1500000000e+02,2.8066877284e+02,5.9690188736e-02
monte_carlo,ar_mcig_sweep_rerun_0003,4.0000000000e+02,4.4250000000e+01,5.0000000000e-01,3.1501957101e-04,4.7356641859e-05,4.7300000000e+02,2.4286759206e+02,6.4167514367e-02
monte_carlo,ar_mcig_sweep_rerun_0003,4.0000000000e+02,4.4750000000e+01,5.0000000000e-01,3.3456853142e-04,5.0013652263e-05,4.6600000000e+02,2.1337039480e+02,6.8459373372e-02
monte_carlo,ar_mcig_sweep_rerun_0003,4.0000000000e+02,4.5250000000e+01,5.0000000000e-01,3.3234192598e-04,4.9405561627e-05,5.0200000000e+02,2.4238959003e+02,6.4230753666e-02
monte_carlo,ar_mcig_sweep_rerun_0003,4.0000000000e+02,4.5750000000e+01,5.0000000000e-01,2.9056346660e-04,4.2958139014e-05,4.1400000000e+02,2.1893011163e+02,6.7584522655e-02
monte_carlo,ar_mcig_sweep_rerun_0003,4.0000000000e+02,4.6250000000e+01,5.0000000000e-01,2.6270743605e-04,3.8629269664e-05,3.8500000000e+02,1.9107117003e+02,7.2343983451e-02
monte_carlo,ar_mcig_sweep_rerun_0003,4.0000000000e+02,4.6750000000e+01,5.0000000000e-01,2.2726032307e-04,3.3237841472e-05,3.3900000000e+02,1.6175426355e+02,7.8627077142e-02
monte_carlo,ar_mcig_sweep_rerun_0003,4.0000000000e+02,4.7250000000e+01,5.0000000000e-01,2.2071337747e-04,3.2109071719e-05,3.0500000000e+02,1.4627526763e+02,8.2682680820e-02
monte_carlo,ar_mcig_sweep_rerun_0003,4.0000000000e+02,4.7750000000e+01,5.0000000000e-01,1.9889159299e-04,2.8782581179e-05,2.6300000000e+02,1.3201779232e+02,8.7032962575e-02
monte_carlo,ar_mcig_sweep_rerun_0003,4.0000000000e+02,4.8250000000e+01,5.0000000000e-01,1.6508096304e-04,2.3765575469e-05,2.3800000000e+02,1.2174330820e+02,9.0631141620e-02
monte_carlo,ar_mcig_sweep_rerun_0003,4.0000000000e+02,4.8750000000e+01,5.0000000000e-01,1.4074873393e-04,2.0158452373e-05,2.0700000000e+02,1.0421690756e+02,9.7955969862e-02
monte_carlo,ar_mcig_sweep_rerun_0003,4.0000000000e+02,4.9250000000e+01,5.0000000000e-01,1.6124634973e-04,2.2976653480e-05,2.3600000000e+02,1.2608093292e+02,8.9058482995e-02
monte_carlo,ar_mcig_sweep_rerun_0003,4.0000000000e+02,4.9750000000e+01,5.0000000000e-01,1.7678123718e-04,2.5063379287e-05,2.2300000000e+02,1.1921514120e+02,9.1587096509e-02
monte_carlo,ar_mcig_sweep_rerun_0003,4.0000000000e+02,5.0250000000e+01,5.0000000000e-01,1.2561663825e-04,1.7720629014e-05,2.0300000000e+02,9.7815861549e+01,1.0111029041e-01
monte_carlo,ar_mcig_sweep_rerun_0003,4.0000000000e+02,5.0750000000e+01,5.0000000000e-01,1.2820684901e-04,1.7996713511e-05,1.8100000000e+02,9.9422192005e+01,1.0029016204e-01
monte_carlo,ar_mcig_sweep_rerun_0003,4.0000000000e+02,5.1250000000e+01,5.0000000000e-01,1.4118071997e-04,1.9720978402e-05,2.0800000000e+02,9.5015820550e+01,1.0258929336e-01
monte_carlo,ar_mcig_sweep_rerun_0003,4.0000000000e+02,5.1750000000e+01,5.0000000000e-01,1.1546798276e-04,1.6051159179e-05,1.6200000000e+02,7.8724735109e+01,1.1270531470e-01
monte_carlo,ar_mcig_sweep_rerun_0003,4.0000000000e+02,5.2250000000e+01,5.0000000000e-01,1.0943773687e-04,1.5139933097e-05,1.6700000000e+02,8.4096282045e+01,1.0904646768e-01
monte_carlo,ar_mcig_sweep_rerun_0003,4.0000000000e+02,5.2750000000e+01,5.0000000000e-01,8.0439179036e-05,1.1075322917e-05,1.2400000000e+02,6.0032271899e+01,1.2906473984e-01
monte_carlo,ar_mcig_sweep_rerun_0003,4.0000000000e+02,5.3250000000e+01,5.0000000000e-01,9.1894940198e-05,1.2593075103e-05,1.2300000000e+02,6.2896335580e+01,1.2609194044e-01
monte_carlo,ar_mcig_sweep_rerun_0003,4.0000000000e+02,5.3750000000e+01,5.0000000000e-01,7.0163372010e-05,9.5702045098e-06,1.1600000000e+02,5.6714717505e+01,1.3278594644e-01
monte_carlo,ar_mcig_sweep_rerun_0003,4.0000000000e+02,5.4250000000e+01,5.0000000000e-01,7.2115508236e-05,9.7910393795e-06,9.8000000000e+01,4.5815370810e+01,1.4773874213e-01
monte_carlo,ar_mcig_sweep_rerun_0003,4.0000000000e+02,5.4750000000e+01,5.0000000000e-01,6.8289977039e-05,9.2292180111e-06,9.8000000000e+01,4.9994486882e+01,1.4142915361e-01
monte_carlo,ar_mcig_sweep_rerun_0003,4.0000000000e+02,5.5250000000e+01,5.0000000000e-01,7.2029303646e-05,9.6904305866e-06,8.7000000000e+01,3.7931319836e+01,1.6236821743e-01
monte_carlo,ar_mcig_sweep_rerun_0003,4.0000000000e+02,5.5750000000e+01,5.0000000000e-01,5.3579157133e-05,7.1758514804e-06,6.9000000000e+01,3.4563210280e+01,1.7009555445e-01
monte_carlo,ar_mcig_sweep_rerun_0003,4.0000000000e+02,5.6250000000e+01,5.0000000000e-01,3.5661711334e-05,4.7548948445e-06,5.8000000000e+01,2.6726259300e+01,1.9343315310e-01
monte_carlo,ar_mcig_sweep_rerun_0003,4.0000000000e+02,5.6750000000e+01,5.0000000000e-01,3.5179020783e-05,4.6698272346e-06,6.4000000000e+01,3.6396754845e+01,1.6575577498e-01
monte_carlo,ar_mcig_sweep_rerun_0003,4.0000000000e+02,5.7250000000e+01,5.0000000000e-01,4.6691393973e-05,6.1709083238e-06,6.9000000000e+01,4.3383140234e+01,1.5182367781e-01
monte_carlo,ar_mcig_sweep_rerun_0003,4.0000000000e+02,5.7750000000e+01,5.0000000000e-01,2.8652100776e-05,3.7703396539e-06,5.3000000000e+01,2.9870520863e+01,1.8296945825e-01
monte_carlo,ar_mcig_sweep_rerun_0003,4.0000000000e+02,5.8250000000e+01,5.0000000000e-01,2.6959470471e-05,3.5323472678e-06,4.6000000000e+01,2.4195649520e+01,2.0329718143e-01
monte_carlo,ar_mcig_sweep_rerun_0003,4.0000000000e+02,5.8750000000e+01,5.0000000000e-01,3.8340212712e-05,5.0020794158e-06,4.8000000000e+01,2.6063039962e+01,1.9587881365e-01
monte_carlo,ar_mcig_sweep_rerun_0003,4.0000000000e+02,5.9250000000e+01,5.0000000000e-01,2.0072013649e-05,2.6076347883e-06,2.9000000000e+01,1.7775519361e+01,2.3718589056e-01
monte_carlo,ar_mcig_sweep_rerun_0003,4.0000000000e+02,5.9750000000e+01,5.0000000000e-01,3.4064089339e-05,4.4068455354e-06,3.6000000000e+01,1.2732991951e+01,2.8024299630e-01
monte_carlo,ar_mcig_sweep_rerun_0003,4.0000000000e+02,6.0250000000e+01,5.0000000000e-01,1.9184411828e-05,2.4715532005e-06,3.2000000000e+01,1.5524781618e+01,2.5379744757e-01
monte_carlo,ar_mcig_sweep_rerun_0003,4.0000000000e+02,6.0750000000e+01,5.0000000000e-01,2.1605555134e-05,2.7719940161e-06,2.9000000000e+01,1.6016789258e+01,2.4986893706e-01
monte_carlo,ar_mcig_sweep_rerun_0003,4.0000000000e+02,6.1250000000e+01,5.0000000000e-01,2.0032917424e-05,2.5597122942e-06,3.5000000000e+01,1.4907657503e+01,2.5899733584e-01
monte_carlo,ar_mcig_sweep_rerun_0003,4.0000000000e+02,6.1750000000e+01,5.0000000000e-01,1.7986076190e-05,2.2888532451e-06,2.9000000000e+01,1.3071452213e+01,2.7659102277e-01
monte_carlo,ar_mcig_sweep_rerun_0003,4.0000000000e+02,6.2250000000e+01,5.0000000000e-01,1.8719806169e-05,2.3726390269e-06,2.9000000000e+01,1.3476508574e+01,2.7240263485e-01
monte_carlo,ar_mcig_sweep_rerun_0003,4.0000000000e+02,6.2750000000e+01,5.0000000000e-01,2.6143051750e-05,3.3002695889e-06,4.0000000000e+01,1.3313550388e+01,2.7406467197e-01
monte_carlo,ar_mcig_sweep_rerun_0003,4.0000000000e+02,6.3250000000e+01,5.0000000000e-01,2.0441550730e-05,2.5702985670e-06,3.0000000000e+01,1.2120072082e+01,2.8724164065e-01
monte_carlo,ar_mcig_sweep_rerun_0003,4.0000000000e+02,6.3750000000e+01,5.0000000000e-01,9.6124339743e-06,1.2039079302e-06,1.2000000000e+01,5.4033960060e+00,4.3019623112e-01
monte_carlo,ar_mcig_sweep_rerun_0003,4.0000000000e+02,6.4250000000e+01,5.0000000000e-01,1.3260396934e-05,1.6543216690e-06,1.8000000000e+01,1.1774329372e+01,2.9142842538e-01
monte_carlo,ar_mcig_sweep_rerun_0003,4.0000000000e+02,6.4750000000e+01,5.0000000000e-01,1.5289851151e-05,1.9001302463e-06,2.4000000000e+01,1.4528867742e+01,2.6235184022e-01
monte_carlo,ar_mcig_sweep_rerun_0003,4.0000000000e+02,6.5250000000e+01,5.0000000000e-01,9.4701302973e-06,1.1723726988e-06,1.3000000000e+01,6.3263227002e+00,3.9757981696e-01
monte_carlo,ar_mcig_sweep_rerun_0003,4.0000000000e+02,6.5750000000e+01,5.0000000000e-01,1.1982263792e-05,1.4777160754e-06,1.5000000000e+01,9.3688567880e+00,3.2670569110e-01
monte_carlo,ar_mcig_sweep_rerun_0003,4.0000000000e+02,6.6250000000e+01,5.0000000000e-01,1.2697509502e-05,1.5600036166e-06,9.0000000000e+00,5.4212399410e+00,4.2948765515e-01
monte_carlo,ar_mcig_sweep_rerun_0003,4.0000000000e+02,6.6750000000e+01,5.0000000000e-01,8.9238943572e-06,1.0922669311e-06,1.2000000000e+01,9.4941789986e+00,3.2454228703e-01
monte_carlo,ar_mcig_sweep_rerun_0003,4.0000000000e+02,6.7250000000e+01,5.0000000000e-01,5.0084243210e-06,6.1073804069e-07,1.6000000000e+01,5.6211473452e+00,4.2178148863e-01
monte_carlo,ar_mcig_sweep_rerun_0003,4.0000000000e+02,6.7750000000e+01,5.0000000000e-01,8.2015842123e-07,9.9642152042e-08,2.0000000000e+00,1.4061805958e+00,8.4329485301e-01
monte_carlo,ar_mcig_sweep_rerun_0003,4.0000000000e+02,6.8250000000e+01,5.0000000000e-01,5.4499791829e-06,6.5969549079e-07,7.0000000000e+00,5.4928644830e+00,4.2667830166e-01
monte_carlo,ar_mcig_sweep_rerun_0003,4.0000000000e+02,6.8750000000e+01,5.0000000000e-01,4.3904006279e-06,5.2950223862e-07,6.0000000000e+00,4.0876026210e+00,4.9461315798e-01
monte_carlo,ar_mcig_sweep_rerun_0003,4.0000000000e+02,6.9250000000e+01,5.0000000000e-01,6.8417110937e-06,8.2215715811e-07,6.0000000000e+00,3.8989959785e+00,5.0643487639e-01
monte_carlo,ar_mcig_sweep_rerun_0003,4.0000000000e+02,6.9750000000e+01,5.0000000000e-01,2.1844199634e-06,2.6155560485e-07,6.0000000000e+00,4.3756912919e+00,4.7805367670e-01
monte_carlo,ar_mcig_sweep_rerun_0003,4.0000000000e+02,7.0250000000e+01,5.0000000000e-01,1.7700848978e-06,2.1118882430e-07,5.0000000000e+00,3.3672380904e+00,5.4495806878e-01
monte_carlo,ar_mcig_sweep_rerun_0003,4.0000000000e+02,7.0750000000e+01,5.0000000000e-01,3.5179421738e-06,4.1823991184e-07,8.0000000000e+00,5.3597102537e+00,4.3194588783e-01
monte_carlo,ar_mcig_sweep_rerun_0003,4.0000000000e+02,7.1250000000e+01,5.0000000000e-01,7.4865143939e-06,8.8692567991e-07,6.0000000000e+00,2.5586128249e+00,6.2516940175e-01
monte_carlo,ar_mcig_sweep_rerun_0003,4.0000000000e+02,7.1750000000e+01,5.0000000000e-01,3.0472442382e-06,3.5974628007e-07,4.0000000000e+00,2.8450973765e+00,5.9285902085e-01
monte_carlo,ar_mcig_sweep_rerun_0003,4.0000000000e+02,7.2250000000e+01,5.0000000000e-01,1.8460145291e-06,2.1717817989e-07,3.0000000000e+00,2.9874739258e+00,5.7855937891e-01
monte_carlo,ar_mcig_sweep_rerun_0003,4.0000000000e+02,7.2750000000e+01,5.0000000000e-01,1.6023403134e-06,1.8786170537e-07,3.0000000000e+00,2.1608047702e+00,6.8028709897e-01
monte_carlo,ar_mcig_sweep_rerun_0003,4.0000000000e+02,7.3250000000e+01,5.0000000000e-01,1.2899927821e-06,1.5072436601e-07,4.0000000000e+00,2.8716591736e+00,5.9011078649e-01
monte_carlo,ar_mcig_sweep_rerun_0003,4.0000000000e+02,7.3750000000e+01,5.0000000000e-01,2.2454785842e-06,2.6147363537e-07,3.0000000000e+00,1.6189223876e+00,7.8593564419e-01
monte_carlo,ar_mcig_sweep_rerun_0003,4.0000000000e+02,7.4250000000e+01,5.0000000000e-01,4.4687027365e-07,5.1860086502e-08,1.0000000000e+00,1.0000000000e+00,1.0000000000e+00
monte_carlo,ar_mcig_sweep_rerun_0003,4.0000000000e+02,7.4750000000e+01,5.0000000000e-01,2.6717469513e-07,3.0902223127e-08,1.0000000000e+00,1.0000000000e+00,1.0000000000e+00
monte_carlo,ar_mcig_sweep_rerun_0003,4.0000000000e+02,7.5250000000e+01,5.0000000000e-01,1.5262395086e-06,1.7594196557e-07,2.0000000000e+00,1.2079677894e+00,9.0985528703e-01
monte_carlo,ar_mcig_sweep_rerun_0003,4.0000000000e+02,7.5750000000e+01,5.0000000000e-01,0.0000000000e+00,0.0000000000e+00,0.0000000000e+00,0.0000000000e+00,
monte_carlo,ar_mcig_sweep_rerun_0003,4.0000000000e+02,7.6250000000e+01,5.0000000000e-01,0.0000000000e+00,0.0000000000e+00,0.0000000000e+00,0.0000000000e+00,
monte_carlo,ar_mcig_sweep_rerun_0003,4.0000000000e+02,7.6750000000e+01,5.0000000000e-01,0.0000000000e+00,0.0000000000e+00,0.0000000000e+00,0.0000000000e+00,
monte_carlo,ar_mcig_sweep_rerun_0003,4.0000000000e+02,7.7250000000e+01,5.0000000000e-01,0.0000000000e+00,0.0000000000e+00,0.0000000000e+00,0.0000000000e+00,
monte_carlo,ar_mcig_sweep_rerun_0003,4.0000000000e+02,7.7750000000e+01,5.0000000000e-01,0.0000000000e+00,0.0000000000e+00,0.0000000000e+00,0.0000000000e+00,
monte_carlo,ar_mcig_sweep_rerun_0003,4.0000000000e+02,7.8250000000e+01,5.0000000000e-01,0.0000000000e+00,0.0000000000e+00,0.0000000000e+00,0.0000000000e+00,
monte_carlo,ar_mcig_sweep_rerun_0003,4.0000000000e+02,7.8750000000e+01,5.0000000000e-01,0.0000000000e+00,0.0000000000e+00,0.0000000000e+00,0.0000000000e+00,
monte_carlo,ar_mcig_sweep_rerun_0003,4.0000000000e+02,7.9250000000e+01,5.0000000000e-01,0.0000000000e+00,0.0000000000e+00,0.0000000000e+00,0.0000000000e+00,
monte_carlo,ar_mcig_sweep_rerun_0003,4.0000000000e+02,7.9750000000e+01,5.0000000000e-01,0.0000000000e+00,0.0000000000e+00,0.0000000000e+00,0.0000000000e+00,
monte_carlo,ar_mcig_sweep_rerun_0003,4.0000000000e+02,8.5000000000e+01,1.0000000000e+01,0.0000000000e+00,0.0000000000e+00,0.0000000000e+00,0.0000000000e+00,
monte_carlo,ar_mcig_sweep_rerun_0003,4.0000000000e+02,9.5000000000e+01,1.0000000000e+01,0.0000000000e+00,0.0000000000e+00,0.0000000000e+00,0.0000000000e+00,
monte_carlo,ar_mcig_sweep_rerun_0003,4.0000000000e+02,1.0500000000e+02,1.0000000000e+01,0.0000000000e+00,0.0000000000e+00,0.0000000000e+00,0.0000000000e+00,
monte_carlo,ar_mcig_sweep_rerun_0003,4.0000000000e+02,1.1500000000e+02,1.0000000000e+01,0.0000000000e+00,0.0000000000e+00,0.0000000000e+00,0.0000000000e+00,
monte_carlo,ar_mcig_sweep_rerun_0003,4.0000000000e+02,1.2500000000e+02,1.0000000000e+01,0.0000000000e+00,0.0000000000e+00,0.0000000000e+00,0.0000000000e+00,
monte_carlo,ar_mcig_sweep_rerun_0003,4.0000000000e+02,1.3500000000e+02,1.0000000000e+01,0.0000000000e+00,0.0000000000e+00,0.0000000000e+00,0.0000000000e+00,
monte_carlo,ar_mcig_sweep_rerun_0003,4.0000000000e+02,1.4500000000e+02,1.0000000000e+01,0.0000000000e+00,0.0000000000e+00,0.0000000000e+00,0.0000000000e+00,
monte_carlo,ar_mcig_sweep_rerun_0003,4.0000000000e+02,1.5500000000e+02,1.0000000000e+01,0.0000000000e+00,0.0000000000e+00,0.0000000000e+00,0.0000000000e+00,
monte_carlo,ar_mcig_sweep_rerun_0003,4.0000000000e+02,1.6500000000e+02,1.0000000000e+01,0.0000000000e+00,0.0000000000e+00,0.0000000000e+00,0.0000000000e+00,
monte_carlo,ar_mcig_sweep_rerun_0003,4.0000000000e+02,1.7500000000e+02,1.0000000000e+01,0.0000000000e+00,0.0000000000e+00,0.0000000000e+00,0.0000000000e+00,
monte_carlo,ar_mcig_sweep_rerun_0003,4.0000000000e+02,1.8500000000e+02,1.0000000000e+01,0.0000000000e+00,0.0000000000e+00,0.0000000000e+00,0.0000000000e+00,
monte_carlo,ar_mcig_sweep_rerun_0003,4.0000000000e+02,1.9500000000e+02,1.0000000000e+01,0.0000000000e+00,0.0000000000e+00,0.0000000000e+00,0.0000000000e+00,
monte_carlo,ar_mcig_sweep_rerun_0003,4.0000000000e+02,2.0500000000e+02,1.0000000000e+01,0.0000000000e+00,0.0000000000e+00,0.0000000000e+00,0.0000000000e+00,
monte_carlo,ar_mcig_sweep_rerun_0003,4.0000000000e+02,2.1500000000e+02,1.0000000000e+01,0.0000000000e+00,0.0000000000e+00,0.0000000000e+00,0.0000000000e+00,
monte_carlo,ar_mcig_sweep_rerun_0003,4.0000000000e+02,2.2500000000e+02,1.0000000000e+01,0.0000000000e+00,0.0000000000e+00,0.0000000000e+00,0.0000000000e+00,
monte_carlo,ar_mcig_sweep_rerun_0003,4.0000000000e+02,2.3500000000e+02,1.0000000000e+01,0.0000000000e+00,0.0000000000e+00,0.0000000000e+00,0.0000000000e+00,
monte_carlo,ar_mcig_sweep_rerun_0003,4.0000000000e+02,2.4500000000e+02,1.0000000000e+01,0.0000000000e+00,0.0000000000e+00,0.0000000000e+00,0.0000000000e+00,
monte_carlo,ar_mcig_sweep_rerun_0003,4.0000000000e+02,2.5500000000e+02,1.0000000000e+01,0.0000000000e+00,0.0000000000e+00,0.0000000000e+00,0.0000000000e+00,
monte_carlo,ar_mcig_sweep_rerun_0003,4.0000000000e+02,2.7000000000e+02,2.0000000000e+01,0.0000000000e+00,0.0000000000e+00,0.0000000000e+00,0.0000000000e+00,
monte_carlo,ar_mcig_sweep_rerun_0003,4.0000000000e+02,2.9000000000e+02,2.0000000000e+01,0.0000000000e+00,0.0000000000e+00,0.0000000000e+00,0.0000000000e+00,
monte_carlo,ar_mcig_sweep_rerun_0003,4.0000000000e+02,3.1000000000e+02,2.0000000000e+01,0.0000000000e+00,0.0000000000e+00,0.0000000000e+00,0.0000000000e+00,
monte_carlo,ar_mcig_sweep_rerun_0003,4.0000000000e+02,3.3000000000e+02,2.0000000000e+01,0.0000000000e+00,0.0000000000e+00,0.0000000000e+00,0.0000000000e+00,
monte_carlo,ar_mcig_sweep_rerun_0003,4.0000000000e+02,3.5000000000e+02,2.0000000000e+01,0.0000000000e+00,0.0000000000e+00,0.0000000000e+00,0.0000000000e+00,
monte_carlo,ar_mcig_sweep_rerun_0003,4.0000000000e+02,3.7000000000e+02,2.0000000000e+01,0.0000000000e+00,0.0000000000e+00,0.0000000000e+00,0.0000000000e+00,
monte_carlo,ar_mcig_sweep_rerun_0003,4.0000000000e+02,3.9000000000e+02,2.0000000000e+01,0.0000000000e+00,0.0000000000e+00,0.0000000000e+00,0.0000000000e+00,
monte_carlo,ar_mcig_sweep_rerun_0003,4.0000000000e+02,4.1000000000e+02,2.0000000000e+01,0.0000000000e+00,0.0000000000e+00,0.0000000000e+00,0.0000000000e+00,
monte_carlo,ar_mcig_sweep_rerun_0003,4.0000000000e+02,4.3000000000e+02,2.0000000000e+01,0.0000000000e+00,0.0000000000e+00,0.0000000000e+00,0.0000000000e+00,
monte_carlo,ar_mcig_sweep_rerun_0003,4.0000000000e+02,4.5000000000e+02,2.0000000000e+01,0.0000000000e+00,0.0000000000e+00,0.0000000000e+00,0.0000000000e+00,
monte_carlo,ar_mcig_sweep_rerun_0003,4.0000000000e+02,4.7000000000e+02,2.0000000000e+01,0.0000000000e+00,0.0000000000e+00,0.0000000000e+00,0.0000000000e+00,
monte_carlo,ar_mcig_sweep_rerun_0003,4.0000000000e+02,4.9000000000e+02,2.0000000000e+01,0.0000000000e+00,0.0000000000e+00,0.0000000000e+00,0.0000000000e+00,
monte_carlo,ar_mcig_sweep_rerun_0003,4.0000000000e+02,5.1000000000e+02,2.0000000000e+01,0.0000000000e+00,0.0000000000e+00,0.0000000000e+00,0.0000000000e+00,
monte_carlo,ar_mcig_sweep_rerun_0003,4.0000000000e+02,5.3000000000e+02,2.0000000000e+01,0.0000000000e+00,0.0000000000e+00,0.0000000000e+00,0.0000000000e+00,
monte_carlo,ar_mcig_sweep_rerun_0003,4.0000000000e+02,5.5000000000e+02,2.0000000000e+01,0.0000000000e+00,0.0000000000e+00,0.0000000000e+00,0.0000000000e+00,
monte_carlo,ar_mcig_sweep_rerun_0003,4.0000000000e+02,5.7000000000e+02,2.0000000000e+01,0.0000000000e+00,0.0000000000e+00,0.0000000000e+00,0.0000000000e+00,
monte_carlo,ar_mcig_sweep_rerun_0003,4.0000000000e+02,5.9000000000e+02,2.0000000000e+01,0.0000000000e+00,0.0000000000e+00,0.0000000000e+00,0.0000000000e+00,
monte_carlo,ar_mcig_sweep_rerun_0003,4.0000000000e+02,6.1000000000e+02,2.0000000000e+01,0.0000000000e+00,0.0000000000e+00,0.0000000000e+00,0.0000000000e+00,
monte_carlo,ar_mcig_sweep_rerun_0003,4.0000000000e+02,6.3000000000e+02,2.0000000000e+01,0.0000000000e+00,0.0000000000e+00,0.0000000000e+00,0.0000000000e+00,
monte_carlo,ar_mcig_sweep_rerun_0003,4.0000000000e+02,6.5000000000e+02,2.0000000000e+01,0.0000000000e+00,0.0000000000e+00,0.0000000000e+00,0.0000000000e+00,
monte_carlo,ar_mcig_sweep_rerun_0003,4.0000000000e+02,6.7000000000e+02,2.0000000000e+01,0.0000000000e+00,0.0000000000e+00,0.0000000000e+00,0.0000000000e+00,
monte_carlo,ar_mcig_sweep_rerun_0003,4.0000000000e+02,6.9000000000e+02,2.0000000000e+01,0.0000000000e+00,0.0000000000e+00,0.0000000000e+00,0.0000000000e+00,
monte_carlo,ar_mcig_sweep_rerun_0003,4.0000000000e+02,7.1000000000e+02,2.0000000000e+01,0.0000000000e+00,0.0000000000e+00,0.0000000000e+00,0.0000000000e+00,
monte_carlo,ar_mcig_sweep_rerun_0003,4.0000000000e+02,7.3000000000e+02,2.0000000000e+01,0.0000000000e+00,0.0000000000e+00,0.0000000000e+00,0.0000000000e+00,
monte_carlo,ar_mcig_sweep_rerun_0003,4.0000000000e+02,7.5000000000e+02,2.0000000000e+01,0.0000000000e+00,0.0000000000e+00,0.0000000000e+00,0.0000000000e+00,
monte_carlo,ar_mcig_sweep_rerun_0003,4.0000000000e+02,7.7000000000e+02,2.0000000000e+01,0.0000000000e+00,0.0000000000e+00,0.0000000000e+00,0.0000000000e+00,
monte_carlo,ar_mcig_sweep_rerun_0003,4.0000000000e+02,7.9000000000e+02,2.0000000000e+01,0.0000000000e+00,0.0000000000e+00,0.0000000000e+00,0.0000000000e+00,
monte_carlo,ar_mcig_sweep_rerun_0003,4.0000000000e+02,8.1000000000e+02,2.0000000000e+01,0.0000000000e+00,0.0000000000e+00,0.0000000000e+00,0.0000000000e+00,
monte_carlo,ar_mcig_sweep_rerun_0003,4.0000000000e+02,8.3000000000e+02,2.0000000000e+01,0.0000000000e+00,0.0000000000e+00,0.0000000000e+00,0.0000000000e+00,
monte_carlo,ar_mcig_sweep_rerun_0003,4.0000000000e+02,8.5000000000e+02,2.0000000000e+01,0.0000000000e+00,0.0000000000e+00,0.0000000000e+00,0.0000000000e+00,
monte_carlo,ar_mcig_sweep_rerun_0003,4.0000000000e+02,8.7000000000e+02,2.0000000000e+01,0.0000000000e+00,0.0000000000e+00,0.0000000000e+00,0.0000000000e+00,
monte_carlo,ar_mcig_sweep_rerun_0003,4.0000000000e+02,8.9000000000e+02,2.0000000000e+01,0.0000000000e+00,0.0000000000e+00,0.0000000000e+00,0.0000000000e+00,
monte_carlo,ar_mcig_sweep_rerun_0003,4.0000000000e+02,9.1000000000e+02,2.0000000000e+01,0.0000000000e+00,0.0000000000e+00,0.0000000000e+00,0.0000000000e+00,
monte_carlo,ar_mcig_sweep_rerun_0003,4.0000000000e+02,9.3000000000e+02,2.0000000000e+01,0.0000000000e+00,0.0000000000e+00,0.0000000000e+00,0.0000000000e+00,
monte_carlo,ar_mcig_sweep_rerun_0003,4.0000000000e+02,9.5000000000e+02,2.0000000000e+01,0.0000000000e+00,0.0000000000e+00,0.0000000000e+00,0.0000000000e+00,
monte_carlo,ar_mcig_sweep_rerun_0003,4.0000000000e+02,9.7000000000e+02,2.0000000000e+01,0.0000000000e+00,0.0000000000e+00,0.0000000000e+00,0.0000000000e+00,
monte_carlo,ar_mcig_sweep_rerun_0003,4.0000000000e+02,9.9000000000e+02,2.0000000000e+01,0.0000000000e+00,0.0000000000e+00,0.0000000000e+00,0.0000000000e+00,
