E_over_N_Td,source,solver,energy_eV,energy_width_eV,eedf_eV_inv
100.0,MCIG GUI actual,mcig,0.0004444,0.0014322,0.0019486387777531609
100.0,MCIG GUI actual,mcig,0.00242,0.0029868000000000004,0.002926142029212178
100.0,MCIG GUI actual,mcig,0.006418,0.005,0.006035384616317244
100.0,MCIG GUI actual,mcig,0.01242,0.007001,0.007582600342519308
100.0,MCIG GUI actual,mcig,0.02042,0.008999999999999998,0.010393334494545995
100.0,MCIG GUI actual,mcig,0.03042,0.011000000000000003,0.012270687494702538
100.0,MCIG GUI actual,mcig,0.04242,0.012999999999999998,0.01482903869251572
100.0,MCIG GUI actual,mcig,0.05642,0.015000000000000006,0.016841068260543563
100.0,MCIG GUI actual,mcig,0.07242,0.016999999999999987,0.018978175159706904
100.0,MCIG GUI actual,mcig,0.09042,0.018990000000000007,0.021804370368343744
100.0,MCIG GUI actual,mcig,0.1104,0.020989999999999995,0.023525725362532633
100.0,MCIG GUI actual,mcig,0.1324,0.023000000000000007,0.026132711410256537
100.0,MCIG GUI actual,mcig,0.1564,0.024999999999999994,0.028470675996514153
100.0,MCIG GUI actual,mcig,0.1824,0.027000000000000024,0.02975275935786581
100.0,MCIG GUI actual,mcig,0.2104,0.02899999999999997,0.0328769585995209
100.0,MCIG GUI actual,mcig,0.2404,0.030999999999999972,0.03476962085612548
100.0,MCIG GUI actual,mcig,0.2724,0.03300000000000003,0.03708245110562496
100.0,MCIG GUI actual,mcig,0.3064,0.03500000000000003,0.03918363375099535
100.0,MCIG GUI actual,mcig,0.3424,0.03699999999999998,0.041895052176338404
100.0,MCIG GUI actual,mcig,0.3804,0.03899999999999998,0.044564544111423625
100.0,MCIG GUI actual,mcig,0.4204,0.041000000000000036,0.04608517628584049
100.0,MCIG GUI actual,mcig,0.4624,0.04299999999999993,0.048535104833542876
100.0,MCIG GUI actual,mcig,0.5064,0.04500000000000004,0.0512259537875582
100.0,MCIG GUI actual,mcig,0.5524,0.04700000000000004,0.05312292498930285
100.0,MCIG GUI actual,mcig,0.6004,0.04899999999999993,0.05557427664120562
100.0,MCIG GUI actual,mcig,0.6504,0.051000000000000045,0.05791222715402239
100.0,MCIG GUI actual,mcig,0.7024,0.05300000000000005,0.059851710324126256
100.0,MCIG GUI actual,mcig,0.7564,0.05499999999999994,0.0616401131574216
100.0,MCIG GUI actual,mcig,0.8124,0.05699999999999994,0.06399200700076106
100.0,MCIG GUI actual,mcig,0.8704,0.05900000000000005,0.06594862995029345
100.0,MCIG GUI actual,mcig,0.9304,0.061000000000000054,0.067859678034341
100.0,MCIG GUI actual,mcig,0.9924,0.06279999999999997,0.069745502505589
100.0,MCIG GUI actual,mcig,1.056,0.06479999999999997,0.07208237428240084
100.0,MCIG GUI actual,mcig,1.122,0.06700000000000017,0.07404657356545463
100.0,MCIG GUI actual,mcig,1.19,0.06899999999999995,0.07497772006694911
100.0,MCIG GUI actual,mcig,1.26,0.07099999999999995,0.07651718072393589
100.0,MCIG GUI actual,mcig,1.332,0.07299999999999995,0.07828174010059794
100.0,MCIG GUI actual,mcig,1.406,0.07499999999999996,0.08044818749361292
100.0,MCIG GUI actual,mcig,1.482,0.07699999999999996,0.08168683969671943
100.0,MCIG GUI actual,mcig,1.56,0.07900000000000018,0.08338673682689446
100.0,MCIG GUI actual,mcig,1.64,0.08099999999999996,0.08443129005166418
100.0,MCIG GUI actual,mcig,1.722,0.08299999999999996,0.08559112418229686
100.0,MCIG GUI actual,mcig,1.806,0.08499999999999996,0.08717405879078827
100.0,MCIG GUI actual,mcig,1.892,0.08699999999999997,0.08797094727643266
100.0,MCIG GUI actual,mcig,1.98,0.08899999999999997,0.08885930768484673
100.0,MCIG GUI actual,mcig,2.07,0.09099999999999975,0.0906607113579313
100.0,MCIG GUI actual,mcig,2.162,0.09299999999999997,0.09142270052031858
100.0,MCIG GUI actual,mcig,2.256,0.0950000000000002,0.09207315919916262
100.0,MCIG GUI actual,mcig,2.352,0.09699999999999998,0.09316666669893334
100.0,MCIG GUI actual,mcig,2.45,0.0990000000000002,0.09388250334073436
100.0,MCIG GUI actual,mcig,2.55,0.10099999999999998,0.09458316772467797
100.0,MCIG GUI actual,mcig,2.652,0.10299999999999976,0.09522342289653317
100.0,MCIG GUI actual,mcig,2.756,0.10500000000000043,0.0955103078557526
100.0,MCIG GUI actual,mcig,2.862,0.1070000000000002,0.0962909090613907
100.0,MCIG GUI actual,mcig,2.97,0.10899999999999999,0.09685859723789415
100.0,MCIG GUI actual,mcig,3.08,0.11099999999999977,0.09727048439212435
100.0,MCIG GUI actual,mcig,3.192,0.11299999999999999,0.09758848974203647
100.0,MCIG GUI actual,mcig,3.306,0.11499999999999977,0.09752293874457874
100.0,MCIG GUI actual,mcig,3.422,0.11699999999999999,0.09766141831529623
100.0,MCIG GUI actual,mcig,3.54,0.11900000000000022,0.09784071848536616
100.0,MCIG GUI actual,mcig,3.66,0.121,0.09828178071971602
100.0,MCIG GUI actual,mcig,3.782,0.12300000000000022,0.09832325320228766
100.0,MCIG GUI actual,mcig,3.906,0.125,0.09812151587276144
100.0,MCIG GUI actual,mcig,4.032,0.12699999999999978,0.09794649565182702
100.0,MCIG GUI actual,mcig,4.16,0.12899999999999956,0.09776954149768628
100.0,MCIG GUI actual,mcig,4.29,0.13100000000000023,0.09762004833936928
100.0,MCIG GUI actual,mcig,4.422,0.133,0.09720939856913256
100.0,MCIG GUI actual,mcig,4.556,0.13500000000000068,0.09707670521202261
100.0,MCIG GUI actual,mcig,4.692,0.13699999999999957,0.09654799386243854
100.0,MCIG GUI actual,mcig,4.83,0.13900000000000023,0.09597943185484428
100.0,MCIG GUI actual,mcig,4.97,0.14100000000000001,0.09516220431800249
100.0,MCIG GUI actual,mcig,5.112,0.1429999999999998,0.09475292602698168
100.0,MCIG GUI actual,mcig,5.256,0.14500000000000046,0.0940674535596548
100.0,MCIG GUI actual,mcig,5.402,0.14699999999999935,0.09333580611823464
100.0,MCIG GUI actual,mcig,5.55,0.14900000000000002,0.09274684441402303
100.0,MCIG GUI actual,mcig,5.7,0.1509999999999998,0.09178325748914612
100.0,MCIG GUI actual,mcig,5.852,0.15300000000000047,0.09116759880683101
100.0,MCIG GUI actual,mcig,6.006,0.15499999999999936,0.08996731292924065
100.0,MCIG GUI actual,mcig,6.162,0.15700000000000003,0.08897092233104043
100.0,MCIG GUI actual,mcig,6.32,0.1590000000000007,0.08794722124522839
100.0,MCIG GUI actual,mcig,6.48,0.1609999999999996,0.08666304270374461
100.0,MCIG GUI actual,mcig,6.642,0.16300000000000026,0.08572412148111906
100.0,MCIG GUI actual,mcig,6.806,0.16500000000000004,0.08457136901507446
100.0,MCIG GUI actual,mcig,6.972,0.16699999999999982,0.0833387623069103
100.0,MCIG GUI actual,mcig,7.14,0.1689999999999996,0.08207078124291162
100.0,MCIG GUI actual,mcig,7.31,0.17100000000000026,0.08059504063892044
100.0,MCIG GUI actual,mcig,7.482,0.17300000000000004,0.07930278325713667
100.0,MCIG GUI actual,mcig,7.656,0.17499999999999982,0.0778232590767945
100.0,MCIG GUI actual,mcig,7.832,0.1769999999999996,0.07664720203133445
100.0,MCIG GUI actual,mcig,8.01,0.17900000000000027,0.07507066549816059
100.0,MCIG GUI actual,mcig,8.19,0.18099999999999916,0.07357692013173008
100.0,MCIG GUI actual,mcig,8.372,0.18299999999999983,0.07164676943040384
100.0,MCIG GUI actual,mcig,8.556,0.18500000000000227,0.07026803901041748
100.0,MCIG GUI actual,mcig,8.742,0.1869999999999994,0.06884256582832275
100.0,MCIG GUI actual,mcig,8.93,0.18899999999999828,0.0671252907512458
100.0,MCIG GUI actual,mcig,9.12,0.19100000000000072,0.065380247602634
100.0,MCIG GUI actual,mcig,9.312,0.19299999999999962,0.06348307255179242
100.0,MCIG GUI actual,mcig,9.506,0.19500000000000028,0.06170814095913972
100.0,MCIG GUI actual,mcig,9.702,0.19700000000000095,0.06003594058137001
100.0,MCIG GUI actual,mcig,9.9,0.19899999999999984,0.05820050816220974
100.0,MCIG GUI actual,mcig,10.1,0.1999999999999993,0.05636360381866985
100.0,MCIG GUI actual,mcig,10.3,0.20500000000000185,0.05442186025441331
100.0,MCIG GUI actual,mcig,10.51,0.2049999999999983,0.05253575223264853
100.0,MCIG GUI actual,mcig,10.71,0.20500000000000185,0.050486983707397
100.0,MCIG GUI actual,mcig,10.92,0.20999999999999908,0.04852079426529601
100.0,MCIG GUI actual,mcig,11.13,0.20999999999999908,0.046336011989300326
100.0,MCIG GUI actual,mcig,11.34,0.21499999999999986,0.04415437148872635
100.0,MCIG GUI actual,mcig,11.56,0.21499999999999986,0.04201343388841642
100.0,MCIG GUI actual,mcig,11.77,0.21499999999999986,0.039724015182526634
100.0,MCIG GUI actual,mcig,11.99,0.22000000000000242,0.03729551919586302
100.0,MCIG GUI actual,mcig,12.21,0.21999999999999886,0.03520742390795968
100.0,MCIG GUI actual,mcig,12.43,0.22499999999999964,0.03277582998193492
100.0,MCIG GUI actual,mcig,12.66,0.22499999999999964,0.03046229127427955
100.0,MCIG GUI actual,mcig,12.88,0.22500000000000142,0.0282733784168262
100.0,MCIG GUI actual,mcig,13.11,0.22999999999999865,0.026112006737127543
100.0,MCIG GUI actual,mcig,13.34,0.23000000000000043,0.024088929021372364
100.0,MCIG GUI actual,mcig,13.57,0.2350000000000012,0.022106295143851536
100.0,MCIG GUI actual,mcig,13.81,0.23499999999999943,0.02029887393305389
100.0,MCIG GUI actual,mcig,14.04,0.23499999999999943,0.018444809431499103
100.0,MCIG GUI actual,mcig,14.28,0.23999999999999844,0.016881137074534414
100.0,MCIG GUI actual,mcig,14.52,0.240000000000002,0.015305644756182232
100.0,MCIG GUI actual,mcig,14.76,0.24499999999999922,0.013850573720466176
100.0,MCIG GUI actual,mcig,15.01,0.24499999999999922,0.012553554688393637
100.0,MCIG GUI actual,mcig,15.25,0.245000000000001,0.011269442025189034
100.0,MCIG GUI actual,mcig,15.5,0.25,0.010196001672420506
100.0,MCIG GUI actual,mcig,15.75,0.25,0.00912453230004457
100.0,MCIG GUI actual,mcig,16.0,0.25500000000000256,0.00813978779313212
100.0,MCIG GUI actual,mcig,16.26,0.254999999999999,0.007247900246777646
100.0,MCIG GUI actual,mcig,16.51,0.254999999999999,0.006394391845083172
100.0,MCIG GUI actual,mcig,16.77,0.259999999999998,0.005654539194171177
100.0,MCIG GUI actual,mcig,17.03,0.26000000000000156,0.004942543199350981
100.0,MCIG GUI actual,mcig,17.29,0.264999999999997,0.00433307871126084
100.0,MCIG GUI actual,mcig,17.56,0.26500000000000057,0.0037948661408089774
100.0,MCIG GUI actual,mcig,17.82,0.26500000000000057,0.0032918120155600783
100.0,MCIG GUI actual,mcig,18.09,0.2700000000000031,0.0028494472644816082
100.0,MCIG GUI actual,mcig,18.36,0.269999999999996,0.002463670775287461
100.0,MCIG GUI actual,mcig,18.63,0.27500000000000213,0.0020952150971778336
100.0,MCIG GUI actual,mcig,18.91,0.27500000000000213,0.0018261804397595304
100.0,MCIG GUI actual,mcig,19.18,0.2749999999999986,0.001548658419782206
100.0,MCIG GUI actual,mcig,19.46,0.28000000000000114,0.0013195738889164232
100.0,MCIG GUI actual,mcig,19.74,0.2799999999999976,0.0011279743200786493
100.0,MCIG GUI actual,mcig,20.02,0.28500000000000014,0.0009701585345807038
100.0,MCIG GUI actual,mcig,20.31,0.28500000000000014,0.00080765210548619
100.0,MCIG GUI actual,mcig,20.59,0.28500000000000014,0.0006725239258601272
100.0,MCIG GUI actual,mcig,20.88,0.28999999999999915,0.0005843852386928778
100.0,MCIG GUI actual,mcig,21.17,0.2900000000000027,0.0004893609220694725
100.0,MCIG GUI actual,mcig,21.46,0.29499999999999815,0.00041569906633643125
100.0,MCIG GUI actual,mcig,21.76,0.2950000000000017,0.00034682674006861935
100.0,MCIG GUI actual,mcig,22.05,0.2950000000000017,0.0002943175389014903
100.0,MCIG GUI actual,mcig,22.35,0.29999999999999716,0.00024380938245879372
100.0,MCIG GUI actual,mcig,22.65,0.29999999999999716,0.0002091915355365671
100.0,MCIG GUI actual,mcig,22.95,0.30500000000000327,0.0001701462171295919
100.0,MCIG GUI actual,mcig,23.26,0.3049999999999997,0.00013359328487314303
100.0,MCIG GUI actual,mcig,23.56,0.3049999999999997,0.00011202557317066337
100.0,MCIG GUI actual,mcig,23.87,0.3099999999999987,9.518018061804878e-05
100.0,MCIG GUI actual,mcig,24.18,0.3100000000000023,7.749758450388249e-05
100.0,MCIG GUI actual,mcig,24.49,0.3149999999999977,6.741161752440396e-05
100.0,MCIG GUI actual,mcig,24.81,0.3150000000000013,5.286678604223984e-05
100.0,MCIG GUI actual,mcig,25.12,0.3150000000000013,4.524696290992072e-05
100.0,MCIG GUI actual,mcig,25.44,0.3200000000000003,3.6009841894185395e-05
100.0,MCIG GUI actual,mcig,25.76,0.3200000000000003,2.8151895959350174e-05
100.0,MCIG GUI actual,mcig,26.08,0.32499999999999574,2.186148491125508e-05
100.0,MCIG GUI actual,mcig,26.41,0.32500000000000284,1.8766654913172605e-05
100.0,MCIG GUI actual,mcig,26.73,0.3249999999999993,1.531909741613371e-05
100.0,MCIG GUI actual,mcig,27.06,0.33000000000000185,1.2779445998969472e-05
100.0,MCIG GUI actual,mcig,27.39,0.3299999999999983,1.073582408242816e-05
100.0,MCIG GUI actual,mcig,27.72,0.33500000000000085,7.474703432438592e-06
100.0,MCIG GUI actual,mcig,28.06,0.33500000000000085,7.485440416258047e-06
100.0,MCIG GUI actual,mcig,28.39,0.33500000000000085,5.588647755269437e-06
100.0,MCIG GUI actual,mcig,28.73,0.3399999999999963,4.601066681296826e-06
100.0,MCIG GUI actual,mcig,29.07,0.3400000000000034,3.1861081876760276e-06
100.0,MCIG GUI actual,mcig,29.41,0.34499999999999886,2.8777582348403872e-06
100.0,MCIG GUI actual,mcig,29.76,0.34499999999999886,2.349864737444131e-06
100.0,MCIG GUI actual,mcig,30.1,0.34499999999999886,1.983731895598992e-06
100.0,MCIG GUI actual,mcig,30.45,0.3500000000000014,1.4387412674763239e-06
100.0,MCIG GUI actual,mcig,30.8,0.3500000000000014,1.2204836059463943e-06
100.0,MCIG GUI actual,mcig,31.15,0.3549999999999969,1.0247299034691e-06
100.0,MCIG GUI actual,mcig,31.51,0.355000000000004,7.707723049342379e-07
100.0,MCIG GUI actual,mcig,31.86,0.3549999999999969,7.605338667756485e-07
100.0,MCIG GUI actual,mcig,32.22,0.35999999999999943,2.4267223534588685e-07
100.0,MCIG GUI actual,mcig,32.58,0.35999999999999943,5.544644483315161e-07
100.0,MCIG GUI actual,mcig,32.94,0.365000000000002,2.8431863621743465e-07
100.0,MCIG GUI actual,mcig,33.31,0.365000000000002,3.105743098874171e-07
100.0,MCIG GUI actual,mcig,33.67,0.365000000000002,2.3566002001884315e-07
100.0,MCIG GUI actual,mcig,34.04,0.36999999999999034,1.8409384430851102e-07
100.0,MCIG GUI actual,mcig,34.41,0.37000000000000455,1.3668775792789442e-07
100.0,MCIG GUI actual,mcig,34.78,0.375,1.14489704389354e-07
100.0,MCIG GUI actual,mcig,35.16,0.375,8.921114644858853e-08
100.0,MCIG GUI actual,mcig,35.53,0.375,2.2286299774037108e-08
100.0,MCIG GUI actual,mcig,35.91,0.37999999999999545,2.216903951653329e-08
100.0,MCIG GUI actual,mcig,36.29,0.38000000000000966,2.159742090944798e-08
200.0,MCIG GUI actual,mcig,0.0007511,0.00242005,0.0015303210272900026
200.0,MCIG GUI actual,mcig,0.004089,0.0050494500000000005,0.003540937506070406
200.0,MCIG GUI actual,mcig,0.01085,0.0084505,0.005876530168396409
200.0,MCIG GUI actual,mcig,0.02099,0.011825000000000002,0.007842528034008613
200.0,MCIG GUI actual,mcig,0.0345,0.015205,0.010155705364201018
200.0,MCIG GUI actual,mcig,0.0514,0.018589999999999995,0.01234387026601862
200.0,MCIG GUI actual,mcig,0.07168,0.021970000000000003,0.014529364696593024
200.0,MCIG GUI actual,mcig,0.09534,0.025359999999999994,0.01737319552175723
200.0,MCIG GUI actual,mcig,0.1224,0.028730000000000006,0.01922131846550023
200.0,MCIG GUI actual,mcig,0.1528,0.03209999999999999,0.022072159199977837
200.0,MCIG GUI actual,mcig,0.1866,0.035500000000000004,0.023661486018696738
200.0,MCIG GUI actual,mcig,0.2238,0.038849999999999996,0.026049632930472445
200.0,MCIG GUI actual,mcig,0.2643,0.04225000000000001,0.02869583606497525
200.0,MCIG GUI actual,mcig,0.3083,0.045650000000000024,0.03161219422712656
200.0,MCIG GUI actual,mcig,0.3556,0.04899999999999999,0.03354221755115475
200.0,MCIG GUI actual,mcig,0.4063,0.0524,0.03597356230867186
200.0,MCIG GUI actual,mcig,0.4604,0.055749999999999966,0.03889898404121146
200.0,MCIG GUI actual,mcig,0.5178,0.059150000000000036,0.04070358154157997
200.0,MCIG GUI actual,mcig,0.5787,0.06255,0.04259023058028987
200.0,MCIG GUI actual,mcig,0.6429,0.06590000000000007,0.04530589524066428
200.0,MCIG GUI actual,mcig,0.7105,0.06929999999999992,0.04762492439911008
200.0,MCIG GUI actual,mcig,0.7815,0.07264999999999999,0.049817007477951286
200.0,MCIG GUI actual,mcig,0.8558,0.07605000000000006,0.05188623548261349
200.0,MCIG GUI actual,mcig,0.9336,0.0795999999999999,0.05406876075905739
200.0,MCIG GUI actual,mcig,1.015,0.0827,0.05587791444187489
200.0,MCIG GUI actual,mcig,1.099,0.08600000000000008,0.057616832690526594
200.0,MCIG GUI actual,mcig,1.187,0.08949999999999991,0.0601352204623464
200.0,MCIG GUI actual,mcig,1.278,0.09299999999999997,0.0621501777478982
200.0,MCIG GUI actual,mcig,1.373,0.09650000000000025,0.0642535203170063
200.0,MCIG GUI actual,mcig,1.471,0.09949999999999992,0.06574784801590741
200.0,MCIG GUI actual,mcig,1.572,0.10299999999999998,0.06741836165813421
200.0,MCIG GUI actual,mcig,1.677,0.10649999999999982,0.06911035621624381
200.0,MCIG GUI actual,mcig,1.785,0.1100000000000001,0.07076525838389382
200.0,MCIG GUI actual,mcig,1.897,0.11349999999999993,0.07178359712140482
200.0,MCIG GUI actual,mcig,2.012,0.11649999999999983,0.07292314700132083
200.0,MCIG GUI actual,mcig,2.13,0.1200000000000001,0.07438891864542123
200.0,MCIG GUI actual,mcig,2.252,0.12349999999999994,0.07594789817224422
200.0,MCIG GUI actual,mcig,2.377,0.12650000000000006,0.07651475196341713
200.0,MCIG GUI actual,mcig,2.505,0.1299999999999999,0.07734816490283013
200.0,MCIG GUI actual,mcig,2.637,0.13350000000000017,0.07838070791932852
200.0,MCIG GUI actual,mcig,2.772,0.137,0.07917489147211304
200.0,MCIG GUI actual,mcig,2.911,0.1405000000000003,0.07987824124212194
200.0,MCIG GUI actual,mcig,3.053,0.14349999999999952,0.08082305958754783
200.0,MCIG GUI actual,mcig,3.198,0.14700000000000024,0.08097829722942333
200.0,MCIG GUI actual,mcig,3.347,0.15050000000000008,0.08120221776977594
200.0,MCIG GUI actual,mcig,3.499,0.1535000000000002,0.08183590925163314
200.0,MCIG GUI actual,mcig,3.654,0.15700000000000003,0.08214931892666384
200.0,MCIG GUI actual,mcig,3.813,0.1609999999999996,0.08203715101271214
200.0,MCIG GUI actual,mcig,3.976,0.1640000000000006,0.08251207038288144
200.0,MCIG GUI actual,mcig,4.141,0.16699999999999982,0.08288402549865653
200.0,MCIG GUI actual,mcig,4.31,0.17099999999999937,0.08253840101381264
200.0,MCIG GUI actual,mcig,4.483,0.17400000000000038,0.08273883368596574
200.0,MCIG GUI actual,mcig,4.658,0.1770000000000005,0.08252966434585554
200.0,MCIG GUI actual,mcig,4.837,0.18099999999999916,0.08220463295860664
200.0,MCIG GUI actual,mcig,5.02,0.1844999999999999,0.08161894875546753
200.0,MCIG GUI actual,mcig,5.206,0.1875,0.08156571386102404
200.0,MCIG GUI actual,mcig,5.395,0.19100000000000072,0.08091012690260704
200.0,MCIG GUI actual,mcig,5.588,0.19449999999999967,0.08067335555378544
200.0,MCIG GUI actual,mcig,5.784,0.1974999999999998,0.07983450290118654
200.0,MCIG GUI actual,mcig,5.983,0.2010000000000005,0.07891654436131643
200.0,MCIG GUI actual,mcig,6.186,0.20449999999999946,0.07846583493261243
200.0,MCIG GUI actual,mcig,6.392,0.20800000000000018,0.07771373815782663
200.0,MCIG GUI actual,mcig,6.602,0.2115000000000009,0.07721222128423623
200.0,MCIG GUI actual,mcig,6.815,0.21449999999999925,0.07593128335693132
200.0,MCIG GUI actual,mcig,7.031,0.21799999999999997,0.07498534728592472
200.0,MCIG GUI actual,mcig,7.251,0.2215000000000007,0.07414332715966962
200.0,MCIG GUI actual,mcig,7.474,0.22449999999999903,0.07321619355957522
200.0,MCIG GUI actual,mcig,7.7,0.22799999999999976,0.07190351277233582
200.0,MCIG GUI actual,mcig,7.93,0.23150000000000048,0.07094193852385022
200.0,MCIG GUI actual,mcig,8.163,0.2350000000000012,0.06949662325197761
200.0,MCIG GUI actual,mcig,8.4,0.23849999999999838,0.06824628841120271
200.0,MCIG GUI actual,mcig,8.64,0.24150000000000027,0.0667952319297774
200.0,MCIG GUI actual,mcig,8.883,0.24499999999999922,0.06535557860685831
200.0,MCIG GUI actual,mcig,9.13,0.24850000000000172,0.06380141120359901
200.0,MCIG GUI actual,mcig,9.38,0.25200000000000067,0.06253125690811291
200.0,MCIG GUI actual,mcig,9.634,0.25549999999999784,0.060758760013383005
200.0,MCIG GUI actual,mcig,9.891,0.2580000000000009,0.059334015586215795
200.0,MCIG GUI actual,mcig,10.15,0.25950000000000095,0.057786478444515295
200.0,MCIG GUI actual,mcig,10.41,0.2649999999999988,0.05581812940849719
200.0,MCIG GUI actual,mcig,10.68,0.2699999999999996,0.05423338268441569
200.0,MCIG GUI actual,mcig,10.95,0.27500000000000036,0.05247251690121089
200.0,MCIG GUI actual,mcig,11.23,0.27500000000000036,0.05065931365099628
200.0,MCIG GUI actual,mcig,11.5,0.27500000000000036,0.04874842445079118
200.0,MCIG GUI actual,mcig,11.78,0.28500000000000014,0.046602826723133775
200.0,MCIG GUI actual,mcig,12.07,0.28500000000000014,0.04447697768346617
200.0,MCIG GUI actual,mcig,12.35,0.28999999999999915,0.04243502169487507
200.0,MCIG GUI actual,mcig,12.65,0.29499999999999993,0.04020510696813077
200.0,MCIG GUI actual,mcig,12.94,0.29499999999999993,0.038148864994030765
200.0,MCIG GUI actual,mcig,13.24,0.3000000000000007,0.03592828833205016
200.0,MCIG GUI actual,mcig,13.54,0.29999999999999893,0.03384630543915335
200.0,MCIG GUI actual,mcig,13.84,0.3050000000000015,0.031752686036323356
200.0,MCIG GUI actual,mcig,14.15,0.3099999999999987,0.02969471437742955
200.0,MCIG GUI actual,mcig,14.46,0.3100000000000005,0.027750701300895145
200.0,MCIG GUI actual,mcig,14.77,0.3149999999999995,0.02578178653421274
200.0,MCIG GUI actual,mcig,15.09,0.3200000000000003,0.024062495483079243
200.0,MCIG GUI actual,mcig,15.41,0.3249999999999993,0.022247898551790136
200.0,MCIG GUI actual,mcig,15.74,0.33000000000000185,0.020619380079899934
200.0,MCIG GUI actual,mcig,16.07,0.3299999999999983,0.019026049978561933
200.0,MCIG GUI actual,mcig,16.4,0.3299999999999983,0.017460802401893228
200.0,MCIG GUI actual,mcig,16.73,0.33500000000000085,0.015949591637539926
200.0,MCIG GUI actual,mcig,17.07,0.3400000000000034,0.014558182930514325
200.0,MCIG GUI actual,mcig,17.41,0.34499999999999886,0.013299219029317223
200.0,MCIG GUI actual,mcig,17.76,0.34499999999999886,0.01204404361321372
200.0,MCIG GUI actual,mcig,18.1,0.3500000000000014,0.010957753188042018
200.0,MCIG GUI actual,mcig,18.46,0.3549999999999969,0.009827923684292415
200.0,MCIG GUI actual,mcig,18.81,0.355000000000004,0.008874115225072915
200.0,MCIG GUI actual,mcig,19.17,0.35999999999999943,0.007959045103804914
200.0,MCIG GUI actual,mcig,19.53,0.36499999999999844,0.007134983634662812
200.0,MCIG GUI actual,mcig,19.9,0.36499999999999844,0.006391693209011211
200.0,MCIG GUI actual,mcig,20.26,0.37000000000000455,0.0057515700642673095
200.0,MCIG GUI actual,mcig,20.64,0.375,0.005104701920265908
200.0,MCIG GUI actual,mcig,21.01,0.375,0.0045161430306964075
200.0,MCIG GUI actual,mcig,21.39,0.37999999999999545,0.004049950115143807
200.0,MCIG GUI actual,mcig,21.77,0.38500000000000156,0.0036134396117525063
200.0,MCIG GUI actual,mcig,22.16,0.39000000000000057,0.003151894720226405
200.0,MCIG GUI actual,mcig,22.55,0.39000000000000057,0.0027965720469511047
200.0,MCIG GUI actual,mcig,22.94,0.389999999999997,0.002473260891718004
200.0,MCIG GUI actual,mcig,23.33,0.3950000000000031,0.0021703824084512036
200.0,MCIG GUI actual,mcig,23.73,0.3999999999999986,0.0019029101080795033
200.0,MCIG GUI actual,mcig,24.13,0.40500000000000114,0.0016732183388017028
200.0,MCIG GUI actual,mcig,24.54,0.4099999999999966,0.0014893689574233023
200.0,MCIG GUI actual,mcig,24.95,0.4100000000000037,0.0013037057849836023
200.0,MCIG GUI actual,mcig,25.36,0.41499999999999915,0.001132325601905702
200.0,MCIG GUI actual,mcig,25.78,0.4200000000000017,0.0010048772304287017
200.0,MCIG GUI actual,mcig,26.2,0.41999999999999815,0.0008598800758183014
200.0,MCIG GUI actual,mcig,26.62,0.41999999999999815,0.0007557639412868013
200.0,MCIG GUI actual,mcig,27.04,0.4250000000000007,0.000654269740272801
200.0,MCIG GUI actual,mcig,27.47,0.4349999999999987,0.000562016991757701
200.0,MCIG GUI actual,mcig,27.91,0.4350000000000023,0.0004961617900256009
200.0,MCIG GUI actual,mcig,28.34,0.4350000000000023,0.0004256680827186007
200.0,MCIG GUI actual,mcig,28.78,0.4399999999999977,0.00035575779942150057
200.0,MCIG GUI actual,mcig,29.22,0.4450000000000003,0.0003233359715986005
200.0,MCIG GUI actual,mcig,29.67,0.45000000000000284,0.00027173230068800044
200.0,MCIG GUI actual,mcig,30.12,0.44999999999999574,0.0002428371484302004
200.0,MCIG GUI actual,mcig,30.57,0.45500000000000185,0.00020038429719630032
200.0,MCIG GUI actual,mcig,31.03,0.4599999999999973,0.0001788466869556003
200.0,MCIG GUI actual,mcig,31.49,0.46000000000000085,0.00015118331104540023
200.0,MCIG GUI actual,mcig,31.95,0.4650000000000034,0.0001249085626339002
200.0,MCIG GUI actual,mcig,32.42,0.46999999999999886,0.00010370880923900018
200.0,MCIG GUI actual,mcig,32.89,0.46999999999999886,9.404303342178688e-05
200.0,MCIG GUI actual,mcig,33.36,0.4750000000000014,7.958560671622533e-05
200.0,MCIG GUI actual,mcig,33.84,0.4799999999999969,6.760827552852698e-05
200.0,MCIG GUI actual,mcig,34.32,0.480000000000004,5.936295243279598e-05
200.0,MCIG GUI actual,mcig,34.8,0.48499999999999943,5.121984080082328e-05
200.0,MCIG GUI actual,mcig,35.29,0.4899999999999949,4.1916808799273164e-05
200.0,MCIG GUI actual,mcig,35.78,0.4900000000000091,3.3821079378257575e-05
200.0,MCIG GUI actual,mcig,36.27,0.49499999999999744,2.9238085474596236e-05
200.0,MCIG GUI actual,mcig,36.77,0.5,2.4718801965207624e-05
200.0,MCIG GUI actual,mcig,37.27,0.5,1.9280104538407595e-05
200.0,MCIG GUI actual,mcig,37.77,0.5050000000000026,1.919820051374728e-05
200.0,MCIG GUI actual,mcig,38.28,0.5099999999999909,1.6660105422271522e-05
200.0,MCIG GUI actual,mcig,38.79,0.5100000000000051,1.3130326006790243e-05
200.0,MCIG GUI actual,mcig,39.3,0.5150000000000006,1.0192809713410615e-05
200.0,MCIG GUI actual,mcig,39.82,0.519999999999996,9.38161873869443e-06
200.0,MCIG GUI actual,mcig,40.34,0.5200000000000031,6.745222406676486e-06
200.0,MCIG GUI actual,mcig,40.86,0.5249999999999986,6.180080402416882e-06
200.0,MCIG GUI actual,mcig,41.39,0.5300000000000011,4.965487863719441e-06
200.0,MCIG GUI actual,mcig,41.92,0.5349999999999966,4.414915541180148e-06
200.0,MCIG GUI actual,mcig,42.46,0.5350000000000037,2.7637772478688956e-06
200.0,MCIG GUI actual,mcig,42.99,0.5399999999999991,2.7171103677826858e-06
200.0,MCIG GUI actual,mcig,43.54,0.5450000000000017,2.5598386035267334e-06
200.0,MCIG GUI actual,mcig,44.08,0.5450000000000017,1.8066959271874282e-06
200.0,MCIG GUI actual,mcig,44.63,0.5499999999999972,1.6970797913574768e-06
200.0,MCIG GUI actual,mcig,45.18,0.5499999999999972,1.4748679369653582e-06
200.0,MCIG GUI actual,mcig,45.73,0.5549999999999997,1.3520176992982685e-06
200.0,MCIG GUI actual,mcig,46.29,0.5600000000000023,7.024176189743008e-07
200.0,MCIG GUI actual,mcig,46.85,0.5650000000000048,7.870111988656968e-07
200.0,MCIG GUI actual,mcig,47.42,0.5649999999999977,6.926907580802521e-07
200.0,MCIG GUI actual,mcig,47.98,0.5649999999999977,2.743575054559286e-07
200.0,MCIG GUI actual,mcig,48.55,0.5750000000000028,6.368609541615883e-07
200.0,MCIG GUI actual,mcig,49.13,0.5799999999999983,3.0475213062420264e-07
200.0,MCIG GUI actual,mcig,49.71,0.5799999999999983,4.797858543397323e-07
200.0,MCIG GUI actual,mcig,50.29,0.5799999999999983,3.628916867541288e-07
200.0,MCIG GUI actual,mcig,50.87,0.5850000000000009,1.442167918785825e-07
200.0,MCIG GUI actual,mcig,51.46,0.5899999999999963,1.8040950800119678e-07
200.0,MCIG GUI actual,mcig,52.05,0.5949999999999989,7.472194250704836e-08
200.0,MCIG GUI actual,mcig,52.65,0.6000000000000085,1.781516600363391e-07
200.0,MCIG GUI actual,mcig,53.25,0.5999999999999943,1.8122903615450618e-07
200.0,MCIG GUI actual,mcig,53.85,0.6000000000000085,1.0346297800492587e-07
200.0,MCIG GUI actual,mcig,54.45,0.6049999999999969,3.327083678351988e-08
200.0,MCIG GUI actual,mcig,55.06,0.6099999999999994,6.897398603486333e-08
200.0,MCIG GUI actual,mcig,55.67,0.615000000000002,1.6713308873355483e-07
200.0,MCIG GUI actual,mcig,56.29,0.6199999999999903,1.6409225197459584e-07
200.0,MCIG GUI actual,mcig,56.91,0.6200000000000045,0.0
200.0,MCIG GUI actual,mcig,57.53,0.6200000000000045,3.237016254732428e-08
200.0,MCIG GUI actual,mcig,58.15,0.625,3.2601314120268854e-08
200.0,MCIG GUI actual,mcig,58.78,0.6299999999999955,3.24270641325816e-08
400.0,MCIG GUI actual,mcig,0.001138,0.0036665,0.0013200415869042033
400.0,MCIG GUI actual,mcig,0.006195,0.007646,0.0032658990625180078
400.0,MCIG GUI actual,mcig,0.01643,0.0127975,0.004943446642520012
400.0,MCIG GUI actual,mcig,0.03179,0.01792,0.006697840934140016
400.0,MCIG GUI actual,mcig,0.05227,0.02303999999999999,0.00865363141182702
400.0,MCIG GUI actual,mcig,0.07787,0.02816500000000001,0.010484689544563925
400.0,MCIG GUI actual,mcig,0.1086,0.033265,0.01241875663446173
400.0,MCIG GUI actual,mcig,0.1444,0.03839999999999999,0.014724461230401737
400.0,MCIG GUI actual,mcig,0.1854,0.04355000000000003,0.016508719152951143
400.0,MCIG GUI actual,mcig,0.2315,0.04864999999999997,0.018311181593974744
400.0,MCIG GUI actual,mcig,0.2827,0.05375000000000002,0.020509924185818047
400.0,MCIG GUI actual,mcig,0.339,0.05885000000000001,0.022595214158688856
400.0,MCIG GUI actual,mcig,0.4004,0.06399999999999995,0.024796803588239658
400.0,MCIG GUI actual,mcig,0.467,0.06915000000000004,0.026936285386052767
400.0,MCIG GUI actual,mcig,0.5387,0.07424999999999993,0.02897726315193597
400.0,MCIG GUI actual,mcig,0.6155,0.07935000000000003,0.030966197919745475
400.0,MCIG GUI actual,mcig,0.6974,0.08445000000000003,0.033232681623091086
400.0,MCIG GUI actual,mcig,0.7844,0.08960000000000001,0.03522162227575478
400.0,MCIG GUI actual,mcig,0.8766,0.09475,0.03724162776735399
400.0,MCIG GUI actual,mcig,0.9739,0.09970000000000001,0.039625183162750696
400.0,MCIG GUI actual,mcig,1.076,0.10504999999999987,0.041022906880257295
400.0,MCIG GUI actual,mcig,1.184,0.1100000000000001,0.043383933673339606
400.0,MCIG GUI actual,mcig,1.296,0.11499999999999999,0.04505708643896211
400.0,MCIG GUI actual,mcig,1.414,0.12049999999999983,0.04690664797146732
400.0,MCIG GUI actual,mcig,1.537,0.12550000000000017,0.04869224550442272
400.0,MCIG GUI actual,mcig,1.665,0.13050000000000006,0.050347594538716324
400.0,MCIG GUI actual,mcig,1.798,0.13549999999999995,0.05220720545951502
400.0,MCIG GUI actual,mcig,1.936,0.14100000000000001,0.05353777596999533
400.0,MCIG GUI actual,mcig,2.08,0.1459999999999999,0.05448643122819473
400.0,MCIG GUI actual,mcig,2.228,0.15100000000000025,0.05671251594692574
400.0,MCIG GUI actual,mcig,2.382,0.15649999999999986,0.05768900555399284
400.0,MCIG GUI actual,mcig,2.541,0.16100000000000003,0.059261282120859446
400.0,MCIG GUI actual,mcig,2.704,0.16599999999999993,0.06002905863894665
400.0,MCIG GUI actual,mcig,2.873,0.17149999999999999,0.06119512248471455
400.0,MCIG GUI actual,mcig,3.047,0.17700000000000005,0.06183744823519415
400.0,MCIG GUI actual,mcig,3.227,0.18199999999999994,0.06292635227836245
400.0,MCIG GUI actual,mcig,3.411,0.1865000000000001,0.06366302596880616
400.0,MCIG GUI actual,mcig,3.6,0.19199999999999973,0.06424935374542855
400.0,MCIG GUI actual,mcig,3.795,0.19750000000000023,0.06463005941325305
400.0,MCIG GUI actual,mcig,3.995,0.2019999999999995,0.06531780678918546
400.0,MCIG GUI actual,mcig,4.199,0.20700000000000074,0.06582741008509396
400.0,MCIG GUI actual,mcig,4.409,0.21249999999999947,0.06596461352461197
400.0,MCIG GUI actual,mcig,4.624,0.21799999999999997,0.06622484601764407
400.0,MCIG GUI actual,mcig,4.845,0.22299999999999986,0.06645941391087266
400.0,MCIG GUI actual,mcig,5.07,0.22750000000000092,0.06631427291757416
400.0,MCIG GUI actual,mcig,5.3,0.23299999999999876,0.06625233437968236
400.0,MCIG GUI actual,mcig,5.536,0.23800000000000043,0.06648542604959577
400.0,MCIG GUI actual,mcig,5.776,0.24300000000000033,0.06587078295367976
400.0,MCIG GUI actual,mcig,6.022,0.24849999999999994,0.06584532845125296
400.0,MCIG GUI actual,mcig,6.273,0.25349999999999984,0.06526742172967566
400.0,MCIG GUI actual,mcig,6.529,0.25849999999999973,0.06499137641892186
400.0,MCIG GUI actual,mcig,6.79,0.2635000000000005,0.06458907516171106
400.0,MCIG GUI actual,mcig,7.056,0.26900000000000013,0.06381256211989485
400.0,MCIG GUI actual,mcig,7.328,0.274,0.06343908193598265
400.0,MCIG GUI actual,mcig,7.604,0.2789999999999999,0.06238074933953065
400.0,MCIG GUI actual,mcig,7.886,0.2845000000000004,0.06170995646907995
400.0,MCIG GUI actual,mcig,8.173,0.2889999999999997,0.06092735321301765
400.0,MCIG GUI actual,mcig,8.464,0.2940000000000005,0.059925205200034644
400.0,MCIG GUI actual,mcig,8.761,0.2994999999999983,0.059238870467068445
400.0,MCIG GUI actual,mcig,9.063,0.3050000000000015,0.05824315694535694
400.0,MCIG GUI actual,mcig,9.371,0.3100000000000005,0.057014282780085336
400.0,MCIG GUI actual,mcig,9.683,0.3144999999999989,0.05581777331141074
400.0,MCIG GUI actual,mcig,10.0,0.3185000000000002,0.05451040580165733
400.0,MCIG GUI actual,mcig,10.32,0.3249999999999993,0.053335699060949135
400.0,MCIG GUI actual,mcig,10.65,0.33000000000000185,0.052210545388356525
400.0,MCIG GUI actual,mcig,10.98,0.3349999999999991,0.050918984345151026
400.0,MCIG GUI actual,mcig,11.32,0.33999999999999986,0.04956814392838572
400.0,MCIG GUI actual,mcig,11.66,0.34500000000000064,0.04806008730647172
400.0,MCIG GUI actual,mcig,12.01,0.35499999999999865,0.04657189117460521
400.0,MCIG GUI actual,mcig,12.37,0.3550000000000004,0.04454238682300191
400.0,MCIG GUI actual,mcig,12.72,0.3600000000000012,0.043135144122629705
400.0,MCIG GUI actual,mcig,13.09,0.3699999999999992,0.0414242936892725
400.0,MCIG GUI actual,mcig,13.46,0.3699999999999992,0.039664878727627396
400.0,MCIG GUI actual,mcig,13.83,0.375,0.03808279195436659
400.0,MCIG GUI actual,mcig,14.21,0.3800000000000008,0.03624180802444149
400.0,MCIG GUI actual,mcig,14.59,0.3849999999999998,0.034478274279028685
400.0,MCIG GUI actual,mcig,14.98,0.3949999999999996,0.03282775519296828
400.0,MCIG GUI actual,mcig,15.38,0.40000000000000036,0.031110819908830478
400.0,MCIG GUI actual,mcig,15.78,0.40000000000000036,0.029580528554665374
400.0,MCIG GUI actual,mcig,16.18,0.4049999999999976,0.02786858196857777
400.0,MCIG GUI actual,mcig,16.59,0.4100000000000037,0.02625290245747086
400.0,MCIG GUI actual,mcig,17.0,0.41499999999999915,0.02478541226612516
400.0,MCIG GUI actual,mcig,17.42,0.4250000000000007,0.023310801710831455
400.0,MCIG GUI actual,mcig,17.85,0.4299999999999997,0.02174531473005525
400.0,MCIG GUI actual,mcig,18.28,0.4299999999999997,0.020350983846295648
400.0,MCIG GUI actual,mcig,18.71,0.4349999999999987,0.018968117224864044
400.0,MCIG GUI actual,mcig,19.15,0.4450000000000003,0.01759471307998904
400.0,MCIG GUI actual,mcig,19.6,0.45000000000000284,0.016363114945946642
400.0,MCIG GUI actual,mcig,20.05,0.4549999999999983,0.015290256043981139
400.0,MCIG GUI actual,mcig,20.51,0.46000000000000085,0.014167560483364334
400.0,MCIG GUI actual,mcig,20.97,0.4599999999999973,0.013077186637504032
400.0,MCIG GUI actual,mcig,21.43,0.46499999999999986,0.012098125559551429
400.0,MCIG GUI actual,mcig,21.9,0.4750000000000014,0.011161644197951027
400.0,MCIG GUI actual,mcig,22.38,0.4799999999999969,0.010395775561749126
400.0,MCIG GUI actual,mcig,22.86,0.485000000000003,0.009546560151228622
400.0,MCIG GUI actual,mcig,23.35,0.48999999999999844,0.00872969643460212
400.0,MCIG GUI actual,mcig,23.84,0.495000000000001,0.008045913468837219
400.0,MCIG GUI actual,mcig,24.34,0.5,0.007341434893553618
400.0,MCIG GUI actual,mcig,24.84,0.504999999999999,0.006790443878461916
400.0,MCIG GUI actual,mcig,25.35,0.5100000000000016,0.006221853228399416
400.0,MCIG GUI actual,mcig,25.86,0.5100000000000016,0.005724725404243314
400.0,MCIG GUI actual,mcig,26.37,0.519999999999996,0.005226278789530213
400.0,MCIG GUI actual,mcig,26.9,0.5250000000000021,0.004777603295597811
400.0,MCIG GUI actual,mcig,27.42,0.5300000000000011,0.00439347584676241
400.0,MCIG GUI actual,mcig,27.96,0.5350000000000001,0.00398884992760921
400.0,MCIG GUI actual,mcig,28.49,0.5399999999999991,0.0036231523612917085
400.0,MCIG GUI actual,mcig,29.04,0.5449999999999982,0.0033207618685260083
400.0,MCIG GUI actual,mcig,29.58,0.5500000000000007,0.0030007352095143074
400.0,MCIG GUI actual,mcig,30.14,0.5600000000000023,0.0027407153626613067
400.0,MCIG GUI actual,mcig,30.7,0.5599999999999987,0.002508902290615706
400.0,MCIG GUI actual,mcig,31.26,0.5650000000000013,0.0022650885466092056
400.0,MCIG GUI actual,mcig,31.83,0.5699999999999932,0.0020678071457838052
400.0,MCIG GUI actual,mcig,32.4,0.5750000000000028,0.0018679957406839045
400.0,MCIG GUI actual,mcig,32.98,0.5799999999999983,0.0016841512034011042
400.0,MCIG GUI actual,mcig,33.56,0.585000000000008,0.0015362188798467037
400.0,MCIG GUI actual,mcig,34.15,0.5949999999999989,0.0013575117630358032
400.0,MCIG GUI actual,mcig,34.75,0.5949999999999989,0.0012132226464165031
400.0,MCIG GUI actual,mcig,35.34,0.6000000000000014,0.001121462597690003
400.0,MCIG GUI actual,mcig,35.95,0.6099999999999994,0.0010198127281739024
400.0,MCIG GUI actual,mcig,36.56,0.6099999999999994,0.0009184383488615022
400.0,MCIG GUI actual,mcig,37.17,0.615000000000002,0.0008027879585044019
400.0,MCIG GUI actual,mcig,37.79,0.625,0.0007307661838050017
400.0,MCIG GUI actual,mcig,38.42,0.6299999999999955,0.0006645561933598017
400.0,MCIG GUI actual,mcig,39.05,0.6299999999999955,0.0005944541411888014
400.0,MCIG GUI actual,mcig,39.68,0.6350000000000051,0.0005301502508671014
400.0,MCIG GUI actual,mcig,40.32,0.644999999999996,0.0004713905346381011
400.0,MCIG GUI actual,mcig,40.97,0.6500000000000057,0.000420030012414801
400.0,MCIG GUI actual,mcig,41.62,0.6499999999999986,0.0003782520219201009
400.0,MCIG GUI actual,mcig,42.27,0.6550000000000011,0.0003334710131336008
400.0,MCIG GUI actual,mcig,42.93,0.6649999999999991,0.0002976871124252007
400.0,MCIG GUI actual,mcig,43.6,0.6700000000000017,0.00025573257273970066
400.0,MCIG GUI actual,mcig,44.27,0.6700000000000017,0.0002452672758701006
400.0,MCIG GUI actual,mcig,44.94,0.6799999999999926,0.00021599630627030053
400.0,MCIG GUI actual,mcig,45.63,0.6850000000000023,0.00019030957860440047
400.0,MCIG GUI actual,mcig,46.31,0.6850000000000023,0.0001645279062528004
400.0,MCIG GUI actual,mcig,47.0,0.6950000000000003,0.00014522240547870034
400.0,MCIG GUI actual,mcig,47.7,0.6999999999999957,0.00013786664835310032
400.0,MCIG GUI actual,mcig,48.4,0.7049999999999983,0.00011806529501640028
400.0,MCIG GUI actual,mcig,49.11,0.710000000000008,0.00010004819086610024
400.0,MCIG GUI actual,mcig,49.82,0.7149999999999963,9.52348555991932e-05
400.0,MCIG GUI actual,mcig,50.54,0.7199999999999989,7.858774233256217e-05
400.0,MCIG GUI actual,mcig,51.26,0.7199999999999989,7.250832027816085e-05
400.0,MCIG GUI actual,mcig,51.98,0.7299999999999969,6.281577070488929e-05
400.0,MCIG GUI actual,mcig,52.72,0.7350000000000065,5.8452260978848824e-05
400.0,MCIG GUI actual,mcig,53.45,0.740000000000002,5.111733007520532e-05
400.0,MCIG GUI actual,mcig,54.2,0.7449999999999974,4.794593316105933e-05
400.0,MCIG GUI actual,mcig,54.94,0.75,4.177659553484513e-05
400.0,MCIG GUI actual,mcig,55.7,0.7550000000000026,3.5433940556105735e-05
400.0,MCIG GUI actual,mcig,56.45,0.759999999999998,3.141898809755803e-05
400.0,MCIG GUI actual,mcig,57.22,0.7700000000000031,2.8154297266856565e-05
400.0,MCIG GUI actual,mcig,57.99,0.769999999999996,2.7322630781468518e-05
400.0,MCIG GUI actual,mcig,58.76,0.7749999999999986,2.284337752484838e-05
400.0,MCIG GUI actual,mcig,59.54,0.7800000000000011,2.0377817102437996e-05
400.0,MCIG GUI actual,mcig,60.32,0.7850000000000037,1.560139668633941e-05
400.0,MCIG GUI actual,mcig,61.11,0.789999999999992,1.3246154557492542e-05
400.0,MCIG GUI actual,mcig,61.9,0.7950000000000017,1.3041171166381717e-05
400.0,MCIG GUI actual,mcig,62.7,0.8000000000000043,1.2631048972238494e-05
400.0,MCIG GUI actual,mcig,63.5,0.8049999999999997,9.993940603739554e-06
400.0,MCIG GUI actual,mcig,64.31,0.8149999999999977,8.214557255960194e-06
400.0,MCIG GUI actual,mcig,65.13,0.8199999999999932,7.682124644857683e-06
400.0,MCIG GUI actual,mcig,65.95,0.8200000000000074,6.783309262928661e-06
400.0,MCIG GUI actual,mcig,66.77,0.8250000000000028,6.169985359671423e-06
400.0,MCIG GUI actual,mcig,67.6,0.8299999999999983,4.98063257047748e-06
400.0,MCIG GUI actual,mcig,68.43,0.8349999999999937,4.529899646472973e-06
400.0,MCIG GUI actual,mcig,69.27,0.8449999999999989,3.243800712191359e-06
400.0,MCIG GUI actual,mcig,70.12,0.8500000000000085,3.5435048574597896e-06
400.0,MCIG GUI actual,mcig,70.97,0.8499999999999943,4.090282608265879e-06
400.0,MCIG GUI actual,mcig,71.82,0.855000000000004,2.388682748765412e-06
400.0,MCIG GUI actual,mcig,72.68,0.8650000000000091,2.274290313124036e-06
400.0,MCIG GUI actual,mcig,73.55,0.8699999999999903,2.2762835193039105e-06
400.0,MCIG GUI actual,mcig,74.42,0.875,2.265464640659923e-06
400.0,MCIG GUI actual,mcig,75.3,0.8800000000000097,1.6125295329843971e-06
400.0,MCIG GUI actual,mcig,76.18,0.8799999999999955,1.545375948352504e-06
400.0,MCIG GUI actual,mcig,77.06,0.8849999999999909,1.3602659168978964e-06
400.0,MCIG GUI actual,mcig,77.95,0.8950000000000102,7.753088051117998e-07
400.0,MCIG GUI actual,mcig,78.85,0.8999999999999915,9.180262724041646e-07
400.0,MCIG GUI actual,mcig,79.75,0.9050000000000011,9.971964020894363e-07
400.0,MCIG GUI actual,mcig,80.66,0.9099999999999966,6.621759524436655e-07
400.0,MCIG GUI actual,mcig,81.57,0.9100000000000108,6.235407995658445e-07
400.0,MCIG GUI actual,mcig,82.48,0.9199999999999875,5.217554249865746e-07
400.0,MCIG GUI actual,mcig,83.41,0.9250000000000114,3.4769485396521997e-07
400.0,MCIG GUI actual,mcig,84.33,0.9249999999999972,4.819690610870049e-07
400.0,MCIG GUI actual,mcig,85.26,0.9350000000000023,1.7278681784927927e-07
400.0,MCIG GUI actual,mcig,86.2,0.9399999999999977,2.2185968972227004e-07
400.0,MCIG GUI actual,mcig,87.14,0.9450000000000074,3.4408842214171946e-07
400.0,MCIG GUI actual,mcig,88.09,0.9499999999999886,2.4967726691269106e-07
400.0,MCIG GUI actual,mcig,89.04,0.9550000000000125,2.456883547303418e-07
400.0,MCIG GUI actual,mcig,90.0,0.9599999999999795,4.336039194916081e-08
400.0,MCIG GUI actual,mcig,90.96,0.9650000000000034,1.62054800016786e-07
400.0,MCIG GUI actual,mcig,91.93,0.9700000000000131,8.060109013181756e-08
400.0,MCIG GUI actual,mcig,92.9,0.9749999999999943,1.202640335450558e-07
400.0,MCIG GUI actual,mcig,93.88,0.980000000000004,1.222144815304163e-07
400.0,MCIG GUI actual,mcig,94.86,0.9849999999999852,1.1901315229293538e-07
400.0,MCIG GUI actual,mcig,95.85,0.9950000000000045,3.946729519596278e-08
400.0,MCIG GUI actual,mcig,96.85,0.9950000000000045,3.926519754742207e-08
400.0,MCIG GUI actual,mcig,97.84,1.0,0.0
400.0,MCIG GUI actual,mcig,98.85,1.009999999999991,7.773134480088973e-08
400.0,MCIG GUI actual,mcig,99.86,1.0250000000000057,0.0
400.0,MCIG GUI actual,mcig,100.9,1.0400000000000205,7.695811964491931e-08
50.0,product two_term,two_term,0.0001,0.00023935287248,0.0008996911161682396
50.0,product two_term,two_term,0.00037870574497,0.00055741148993,0.00160993097769685
50.0,product two_term,two_term,0.0012148229799,0.0011148229799,0.0029797680245941694
50.0,product two_term,two_term,0.0026083517047,0.0016722344698,0.00440531964189138
50.0,product two_term,two_term,0.0045592919195,0.0022296459597,0.005843605535088566
50.0,product two_term,two_term,0.0070676436242,0.0027870574497,0.007286528422985743
50.0,product two_term,two_term,0.010133406819,0.0033444689396,0.008731572370382915
50.0,product two_term,two_term,0.013756581503,0.0039018804295,0.010177690529980086
50.0,product two_term,two_term,0.017937167678,0.0044592919195,0.011624390194977255
50.0,product two_term,two_term,0.022675165342,0.0050167034094,0.013071285478974423
50.0,product two_term,two_term,0.027970574497,0.0055741148993,0.014517940602971595
50.0,product two_term,two_term,0.033823395141,0.0061315263893,0.015964638979968762
50.0,product two_term,two_term,0.040233627275,0.0066889378792,0.017411296649965935
50.0,product two_term,two_term,0.047201270899,0.0072463493691,0.0188579355189631
50.0,product two_term,two_term,0.054726326014,0.0078037608591,0.02030420722196027
50.0,product two_term,two_term,0.062808792618,0.008361172349,0.021750225451957445
50.0,product two_term,two_term,0.071448670712,0.008918583839,0.023195617955954612
50.0,product two_term,two_term,0.080645960296,0.0094759953289,0.024640708841951787
50.0,product two_term,two_term,0.090400661369,0.010033406819,0.02608537462794896
50.0,product two_term,two_term,0.10071277393,0.010590818309,0.027529923766946133
50.0,product two_term,two_term,0.11158229799,0.011148229799,0.028973887189943308
50.0,product two_term,two_term,0.12300923353,0.011705641289,0.030416961584940484
50.0,product two_term,two_term,0.13499358056,0.012263052779,0.03185989248993766
50.0,product two_term,two_term,0.14753533909,0.012820464268,0.033302641337934834
50.0,product two_term,two_term,0.1606345091,0.013377875758,0.03474350387993202
50.0,product two_term,two_term,0.1742910906,0.013935287248,0.0361814441809292
50.0,product two_term,two_term,0.1885050836,0.014492698738,0.03761873252392639
50.0,product two_term,two_term,0.20327648808,0.015050110228,0.03905582889892358
50.0,product two_term,two_term,0.21860530405,0.015607521718,0.04049260927492077
50.0,product two_term,two_term,0.23449153152,0.016164933208,0.041928656317917964
50.0,product two_term,two_term,0.25093517047,0.016722344698,0.04336444080591515
50.0,product two_term,two_term,0.26793622091,0.017279756188,0.04479997664991234
50.0,product two_term,two_term,0.28549468285,0.017837167678,0.04623120998690954
50.0,product two_term,two_term,0.30361055627,0.018394579168,0.04765702959790675
50.0,product two_term,two_term,0.32228384118,0.018951990658,0.04908250380490396
50.0,product two_term,two_term,0.34151453758,0.019509402148,0.05050760316290118
50.0,product two_term,two_term,0.36130264548,0.020066813638,0.051931176652898384
50.0,product two_term,two_term,0.38164816486,0.020624225128,0.053353523866895604
50.0,product two_term,two_term,0.40255109573,0.021181636618,0.054769628112892835
50.0,product two_term,two_term,0.4240114381,0.021739048107,0.05617845684889008
50.0,product two_term,two_term,0.44602919195,0.022296459597,0.05758508316488733
50.0,product two_term,two_term,0.46860435729,0.022853871087,0.05898981105088458
50.0,product two_term,two_term,0.49173693412,0.023411282577,0.06039215959188183
50.0,product two_term,two_term,0.51542692244,0.023968694067,0.0617866118548791
50.0,product two_term,two_term,0.53967432226,0.024526105557,0.0631676790078764
50.0,product two_term,two_term,0.56447913356,0.025083517047,0.0645446853798737
50.0,product two_term,two_term,0.58984135635,0.025640928537,0.06591714664787102
50.0,product two_term,two_term,0.61576099063,0.026198340027,0.06728585792186834
50.0,product two_term,two_term,0.6422380364,0.026755751517,0.0686347047228657
50.0,product two_term,two_term,0.66927249367,0.027313163007,0.06997104145286309
50.0,product two_term,two_term,0.69686436242,0.027870574497,0.07130146339486049
50.0,product two_term,two_term,0.72501364266,0.028427985987,0.07262474264085789
50.0,product two_term,two_term,0.75372033439,0.028985397477,0.07393000311285534
50.0,product two_term,two_term,0.78298443761,0.029542808967,0.07521146945885283
50.0,product two_term,two_term,0.81280595232,0.030100220456,0.07648539348785034
50.0,product two_term,two_term,0.84318487853,0.030657631946,0.07775121032084788
50.0,product two_term,two_term,0.87412121622,0.031215043436,0.07899161345484544
50.0,product two_term,two_term,0.9056149654,0.031772454926,0.08020733686384306
50.0,product two_term,two_term,0.93766612607,0.032329866416,0.0814134545608407
50.0,product two_term,two_term,0.97027469823,0.032887277906,0.08261181435483834
50.0,product two_term,two_term,1.0034406819,0.033444689396,0.0837690652738361
50.0,product two_term,two_term,1.037164077,0.034002100886,0.08491117922883386
50.0,product two_term,two_term,1.0714448837,0.034559512376,0.08604377500783165
50.0,product two_term,two_term,1.1062831018,0.035116923866,0.08715485322482946
50.0,product two_term,two_term,1.1416787314,0.035674335356,0.08822842633282736
50.0,product two_term,two_term,1.1776317725,0.036231746846,0.08929419222282528
50.0,product two_term,two_term,1.2141422251,0.036789158336,0.0903511014268232
50.0,product two_term,two_term,1.2512100892,0.037346569826,0.09135626351082124
50.0,product two_term,two_term,1.2888353647,0.037903981316,0.0923528393318193
50.0,product two_term,two_term,1.3270180518,0.038461392805,0.09334257086981736
50.0,product two_term,two_term,1.3657581503,0.039018804295,0.09428532390081552
50.0,product two_term,two_term,1.4050556604,0.039576215785,0.0952133540068137
50.0,product two_term,two_term,1.4449105819,0.040133627275,0.0961338895108119
50.0,product two_term,two_term,1.4853229149,0.040691038765,0.09700990977181018
50.0,product two_term,two_term,1.5262926594,0.041248450255,0.0978684985088085
50.0,product two_term,two_term,1.5678198154,0.041805861745,0.09871968653080683
50.0,product two_term,two_term,1.6099043829,0.042363273235,0.09952330498880527
50.0,product two_term,two_term,1.6525463619,0.042920684725,0.10031198700980373
50.0,product two_term,two_term,1.6957457524,0.043478096215,0.1010928788498022
50.0,product two_term,two_term,1.7395025543,0.044035507705,0.10181931416980076
50.0,product two_term,two_term,1.7838167678,0.044592919195,0.10253787369979937
50.0,product two_term,two_term,1.8286883927,0.045150330685,0.103236652199798
50.0,product two_term,two_term,1.8741174292,0.045707742175,0.10389271569979672
50.0,product two_term,two_term,1.9201038771,0.046265153665,0.10454070242979545
50.0,product two_term,two_term,1.9666477365,0.046822565155,0.10515377470979424
50.0,product two_term,two_term,2.0137490074,0.047379976644,0.10573940537979311
50.0,product two_term,two_term,2.0614076898,0.047937388134,0.10631662214979197
50.0,product two_term,two_term,2.1096237837,0.048494799624,0.10684153223979094
50.0,product two_term,two_term,2.158397289,0.049052211114,0.10735673252978994
50.0,product two_term,two_term,2.2077282059,0.049609622604,0.10784398102978898
50.0,product two_term,two_term,2.2576165342,0.050167034094,0.1082981223297881
50.0,product two_term,two_term,2.3080622741,0.050724445584,0.10874317361978722
50.0,product two_term,two_term,2.3590654254,0.051281857074,0.10913883133978645
50.0,product two_term,two_term,2.4106259882,0.051839268564,0.1095235570097857
50.0,product two_term,two_term,2.4627439625,0.052396680054,0.109877088539785
50.0,product two_term,two_term,2.5154193483,0.052954091544,0.11020270255978437
50.0,product two_term,two_term,2.5686521456,0.053511503034,0.11051207913978377
50.0,product two_term,two_term,2.6224423544,0.054068914524,0.11077984020978324
50.0,product two_term,two_term,2.6767899747,0.054626326014,0.11103766324978274
50.0,product two_term,two_term,2.7316950064,0.055183737504,0.11125456421978232
50.0,product two_term,two_term,2.7871574497,0.055741148993,0.11145562452978193
50.0,product two_term,two_term,2.8431773044,0.056298560483,0.11162685621978159
50.0,product two_term,two_term,2.8997545706,0.056855971973,0.1117726111297813
50.0,product two_term,two_term,2.9568892484,0.057413383463,0.11189726014978105
50.0,product two_term,two_term,3.0145813376,0.057970794953,0.11198916875978086
50.0,product two_term,two_term,3.0728308383,0.058528206443,0.11206665595978071
50.0,product two_term,two_term,3.1316377505,0.059085617933,0.11210619963978065
50.0,product two_term,two_term,3.1910020741,0.059643029423,0.1121349170197806
50.0,product two_term,two_term,3.2509238093,0.060200440913,0.11212486985978061
50.0,product two_term,two_term,3.311402956,0.060757852403,0.11210252129978064
50.0,product two_term,two_term,3.3724395141,0.061315263893,0.11204658592978076
50.0,product two_term,two_term,3.4340334837,0.061872675383,0.1119746826497809
50.0,product two_term,two_term,3.4961848649,0.062430086873,0.11187304698978111
50.0,product two_term,two_term,3.5588936575,0.062987498363,0.11175304952978134
50.0,product two_term,two_term,3.6221598616,0.063544909853,0.11160611467978161
50.0,product two_term,two_term,3.6859834772,0.064102321342,0.11143948958978195
50.0,product two_term,two_term,3.7503645043,0.064659732832,0.11124780081978233
50.0,product two_term,two_term,3.8153029429,0.065217144322,0.11103596133978275
50.0,product two_term,two_term,3.8807987929,0.065774555812,0.1108002266497832
50.0,product two_term,two_term,3.9468520545,0.066331967302,0.1105445361197837
50.0,product two_term,two_term,4.0134627275,0.066889378792,0.11026753400978424
50.0,product two_term,two_term,4.0806308121,0.067446790282,0.10996986310978482
50.0,product two_term,two_term,4.1483563081,0.068004201772,0.10965018511978544
50.0,product two_term,two_term,4.2166392156,0.068561613262,0.10930924382978612
50.0,product two_term,two_term,4.2854795346,0.069119024752,0.10894828920978682
50.0,product two_term,two_term,4.3548772651,0.069676436242,0.10856731139978758
50.0,product two_term,two_term,4.4248324071,0.070233847732,0.10816313752978836
50.0,product two_term,two_term,4.4953449606,0.070791259222,0.10774492007978918
50.0,product two_term,two_term,4.5664149255,0.071348670712,0.10730274990979004
50.0,product two_term,two_term,4.638042302,0.071906082202,0.10684678255979094
50.0,product two_term,two_term,4.7102270899,0.072463493691,0.10636654024979188
50.0,product two_term,two_term,4.7829692894,0.073020905181,0.10587242361979285
50.0,product two_term,two_term,4.8562689003,0.073578316671,0.10535666974979387
50.0,product two_term,two_term,4.9301259227,0.074135728161,0.10482555318979489
50.0,product two_term,two_term,5.0045403566,0.074693139651,0.10427524688979598
50.0,product two_term,two_term,5.079512202,0.075250551141,0.10370825960979708
50.0,product two_term,two_term,5.1550414589,0.075807962631,0.10312429984979822
50.0,product two_term,two_term,5.2311281273,0.076365374121,0.1025225188897994
50.0,product two_term,two_term,5.3077722072,0.076922785611,0.1019057578098006
50.0,product two_term,two_term,5.3849736985,0.077480197101,0.10127021875980186
50.0,product two_term,two_term,5.4627326014,0.078037608591,0.10062070342980312
50.0,product two_term,two_term,5.5410489157,0.078595020081,0.09995311609580441
50.0,product two_term,two_term,5.6199226415,0.079152431571,0.09927103434080577
50.0,product two_term,two_term,5.6993537788,0.079709843061,0.09857285680280713
50.0,product two_term,two_term,5.7793423276,0.080267254551,0.09785912417580853
50.0,product two_term,two_term,5.8598882879,0.080824666041,0.09713097813180994
50.0,product two_term,two_term,5.9409916597,0.08138207753,0.0963864430978114
50.0,product two_term,two_term,6.022652443,0.08193948902,0.09562824843881289
50.0,product two_term,two_term,6.1048706378,0.08249690051,0.0948543422398144
50.0,product two_term,two_term,6.187646244,0.083054312,0.09406635668781593
50.0,product two_term,two_term,6.2709792618,0.08361172349,0.09326406899581752
50.0,product two_term,two_term,6.354869691,0.08416913498,0.09244699458381912
50.0,product two_term,two_term,6.4393175317,0.08472654647,0.09161652357082074
50.0,product two_term,two_term,6.5243227839,0.08528395796,0.09077125135982239
50.0,product two_term,two_term,6.6098854476,0.08584136945,0.08991254944482407
50.0,product two_term,two_term,6.6960055228,0.08639878094,0.08904012627082578
50.0,product two_term,two_term,6.7826830095,0.08695619243,0.08815376140682751
50.0,product two_term,two_term,6.8699179077,0.08751360392,0.08725432599582927
50.0,product two_term,two_term,6.9577102174,0.08807101541,0.08634103932183107
50.0,product two_term,two_term,7.0460599385,0.0886284269,0.08541465546283288
50.0,product two_term,two_term,7.1349670712,0.08918583839,0.08447520042183472
50.0,product two_term,two_term,7.2244316153,0.089743249879,0.08352232911183657
50.0,product two_term,two_term,7.3144535709,0.090300661369,0.08255672965683847
50.0,product two_term,two_term,7.405032938,0.090858072859,0.08157807953784038
50.0,product two_term,two_term,7.4961697166,0.091415484349,0.08058659586284232
50.0,product two_term,two_term,7.5878639067,0.091972895839,0.07958255736684428
50.0,product two_term,two_term,7.6801155083,0.092530307329,0.07856563749884628
50.0,product two_term,two_term,7.7729245214,0.093087718819,0.07753628355984829
50.0,product two_term,two_term,7.866290946,0.093645130309,0.07649451746385033
50.0,product two_term,two_term,7.960214782,0.094202541799,0.0754402163168524
50.0,product two_term,two_term,8.0546960296,0.094759953289,0.07437372495585448
50.0,product two_term,two_term,8.1497346886,0.095317364779,0.07329499917085659
50.0,product two_term,two_term,8.2453307591,0.095874776269,0.07220408804385872
50.0,product two_term,two_term,8.3414842411,0.096432187759,0.07110120204386088
50.0,product two_term,two_term,8.4381951346,0.096989599249,0.06998630717286305
50.0,product two_term,two_term,8.5354634396,0.097547010739,0.06885953079986526
50.0,product two_term,two_term,8.6332891561,0.098104422228,0.0677210115358675
50.0,product two_term,two_term,8.7316722841,0.098661833718,0.06657074666786975
50.0,product two_term,two_term,8.8306128235,0.099219245208,0.06540888284287202
50.0,product two_term,two_term,8.9301107745,0.099776656698,0.06423553385987431
50.0,product two_term,two_term,9.0301661369,0.10033406819,0.06305072492387663
50.0,product two_term,two_term,9.1307789109,0.10089147968,0.06185460496487897
50.0,product two_term,two_term,9.2319490963,0.10144889117,0.06064728031588133
50.0,product two_term,two_term,9.3336766932,0.10200630266,0.05942880526688372
50.0,product two_term,two_term,9.4359617016,0.10256371415,0.058199322971886125
50.0,product two_term,two_term,9.5388041215,0.10312112564,0.056958942759888546
50.0,product two_term,two_term,9.6422039529,0.10367853713,0.055707746653891
50.0,product two_term,two_term,9.7461611958,0.10423594862,0.05444586872789347
50.0,product two_term,two_term,9.8506758501,0.10479336011,0.05317343215189596
50.0,product two_term,two_term,9.955747916,0.1053507716,0.05189053464789847
50.0,product two_term,two_term,10.061377393,0.10590818309,0.050597315295900995
50.0,product two_term,two_term,10.167564282,0.10646559458,0.04929389961390355
50.0,product two_term,two_term,10.274308582,0.10702300607,0.04798041339090612
50.0,product two_term,two_term,10.381610294,0.10758041756,0.0466569862129087
50.0,product two_term,two_term,10.489469418,0.10813782905,0.045323767307911315
50.0,product two_term,two_term,10.597885952,0.10869524054,0.04398088367491394
50.0,product two_term,two_term,10.706859899,0.10925265203,0.042628485660916586
50.0,product two_term,two_term,10.816391256,0.10981006352,0.04126673258991925
50.0,product two_term,two_term,10.926480026,0.11036747501,0.03989576656292194
50.0,product two_term,two_term,11.037126206,0.1109248865,0.038515747056924635
50.0,product two_term,two_term,11.148329799,0.11148229799,0.037126825747927354
50.0,product two_term,two_term,11.260090802,0.11203970948,0.03572917389193009
50.0,product two_term,two_term,11.372409218,0.069954598789,0.03432293956993284
50.0,product two_term,two_term,11.4,0.035223962606,0.03397727046993352
50.0,product two_term,two_term,11.442857143,0.042642522178,0.033439896996934566
50.0,product two_term,two_term,11.485285044,0.021428571429,0.032907314733935614
50.0,product two_term,two_term,11.485714286,0.021643192108,0.03290192428293562
50.0,product two_term,two_term,11.528571429,0.042857142857,0.03236348618593667
50.0,product two_term,two_term,11.571428571,0.035073426993,0.03182472049393773
50.0,product two_term,two_term,11.598718283,0.021428571429,0.031481553504938406
50.0,product two_term,two_term,11.614285714,0.029212287293,0.03128567743293879
50.0,product two_term,two_term,11.657142857,0.042857142857,0.030745419382939843
50.0,product two_term,two_term,11.7,0.027783037553,0.030204148639940902
50.0,product two_term,two_term,11.712708932,0.063628496715,0.030043539073941215
50.0,product two_term,two_term,11.827256993,0.11482676693,0.028594638056944052
50.0,product two_term,two_term,11.942362466,0.11538417842,0.027145525484946885
50.0,product two_term,two_term,12.05802535,0.11594158991,0.025704874076949703
50.0,product two_term,two_term,12.174245646,0.1164990014,0.02428049063495249
50.0,product two_term,two_term,12.291023353,0.11705641289,0.022879550645955232
50.0,product two_term,two_term,12.408358472,0.11761382438,0.021508262297957915
50.0,product two_term,two_term,12.526251002,0.11817123587,0.020172199672960533
50.0,product two_term,two_term,12.644700943,0.11872864736,0.018876070987963064
50.0,product two_term,two_term,12.763708297,0.11928605885,0.017623774474965517
50.0,product two_term,two_term,12.883273061,0.11984347034,0.016418585236967872
50.0,product two_term,two_term,13.003395237,0.12040088183,0.015262965133970135
50.0,product two_term,two_term,13.124074825,0.12095829332,0.014158877972972297
50.0,product two_term,two_term,13.245311824,0.12151570481,0.013107609242974352
50.0,product two_term,two_term,13.367106234,0.1220731163,0.012109848830976305
50.0,product two_term,two_term,13.489458056,0.12263052779,0.011165873242978153
50.0,product two_term,two_term,13.61236729,0.12318793928,0.010275431268979894
50.0,product two_term,two_term,13.735833935,0.12374535077,0.009437948851281535
50.0,product two_term,two_term,13.859857991,0.12430276226,0.00865248261558307
50.0,product two_term,two_term,13.984439459,0.12486017375,0.007917744549484507
50.0,product two_term,two_term,14.109578339,0.12541758524,0.007232271824485849
50.0,product two_term,two_term,14.23527463,0.12597499673,0.006594348749887097
50.0,product two_term,two_term,14.361528332,0.12653240822,0.006002096304288256
50.0,product two_term,two_term,14.488339446,0.12708981971,0.0054535334660893294
50.0,product two_term,two_term,14.615707972,0.1276472312,0.004946549897990321
50.0,product two_term,two_term,14.743633909,0.12820464268,0.0044790053362912365
50.0,product two_term,two_term,14.872117257,0.12876205417,0.004048718901792078
50.0,product two_term,two_term,15.001158017,0.12931946566,0.0036534728297928512
50.0,product two_term,two_term,15.130756189,0.12987687715,0.00329109897419356
50.0,product two_term,two_term,15.260911771,0.13043428864,0.0029594412015942094
50.0,product two_term,two_term,15.391624766,0.13099170013,0.0026563712206948025
50.0,product two_term,two_term,15.522895172,0.10918761709,0.0023798431028953437
50.0,product two_term,two_term,15.61,0.06498098558,0.002210444213495675
50.0,product two_term,two_term,15.652857143,0.022361494533,0.0021309698459958306
50.0,product two_term,two_term,15.654722989,0.021428571429,0.0021275658858958373
50.0,product two_term,two_term,15.695714286,0.041924219753,0.002053963056095981
50.0,product two_term,two_term,15.738571429,0.042857142857,0.001979357963196127
50.0,product two_term,two_term,15.781428571,0.024268394677,0.0019070855341962684
50.0,product two_term,two_term,15.787108218,0.021428571429,0.0018976776551962867
50.0,product two_term,two_term,15.824285714,0.040017319609,0.0018370501288964055
50.0,product two_term,two_term,15.867142857,0.042857142857,0.0017691470637965384
50.0,product two_term,two_term,15.91,0.026454000566,0.0017033130699966672
50.0,product two_term,two_term,15.920050858,0.071775455057,0.001688166907396697
50.0,product two_term,two_term,16.05355091,0.13377875758,0.0014975634113970698
50.0,product two_term,two_term,16.187608373,0.13433616907,0.0013246255298974081
50.0,product two_term,two_term,16.322223248,0.13489358056,0.001168311562497714
50.0,product two_term,two_term,16.457395535,0.13545099205,0.0010275397226979894
50.0,product two_term,two_term,16.593125232,0.13600840354,0.0009012126658382366
50.0,product two_term,two_term,16.729412342,0.13656581503,0.0007882486358684576
50.0,product two_term,two_term,16.866256862,0.13712322652,0.0006875786608286546
50.0,product two_term,two_term,17.003658795,0.13768063801,0.0005981605401588296
50.0,product two_term,two_term,17.141618138,0.1382380495,0.0005189991663989846
50.0,product two_term,two_term,17.280134894,0.13879546099,0.0004491427924591212
50.0,product two_term,two_term,17.41920906,0.13935287248,0.00038768892651924145
50.0,product two_term,two_term,17.558840639,0.13991028397,0.0003337940839693469
50.0,product two_term,two_term,17.699029628,0.14046769546,0.0002866717639894391
50.0,product two_term,two_term,17.83977603,0.14102510695,0.0002455921240495195
50.0,product two_term,two_term,17.981079842,0.14158251844,0.00020988428915958934
50.0,product two_term,two_term,18.122941066,0.14213992993,0.00017893519262964988
50.0,product two_term,two_term,18.265359702,0.14269734142,0.00015218578198970223
50.0,product two_term,two_term,18.408335749,0.14325475291,0.00012912955731974733
50.0,product two_term,two_term,18.551869208,0.1438121644,0.00010931101433978611
50.0,product two_term,two_term,18.695960078,0.14436957589,9.232110330081935e-05
50.0,product two_term,two_term,18.84060836,0.14492698738,7.779416390784778e-05
50.0,product two_term,two_term,18.985814053,0.14548439887,6.540529075487202e-05
50.0,product two_term,two_term,19.131577158,0.14604181036,5.4866946378892644e-05
50.0,product two_term,two_term,19.277897674,0.14659922185,4.592521811791014e-05
50.0,product two_term,two_term,19.424775601,0.14715663334,3.8356922631924945e-05
50.0,product two_term,two_term,19.57221094,0.14771404483,3.196681863493745e-05
50.0,product two_term,two_term,19.720203691,0.14827145632,2.658456447694798e-05
50.0,product two_term,two_term,19.868753853,0.14882886781,2.2061979774956833e-05
50.0,product two_term,two_term,20.017861427,0.1493862793,1.827072052896425e-05
50.0,product two_term,two_term,20.167526412,0.14994369079,1.5100150756970454e-05
50.0,product two_term,two_term,20.317748808,0.15050110228,1.2454495616975631e-05
50.0,product two_term,two_term,20.468528616,0.15105851377,1.0251526846979941e-05
50.0,product two_term,two_term,20.619865836,0.15161592526,8.421090242383524e-06
50.0,product two_term,two_term,20.771760467,0.15217333675,6.903472266286492e-06
50.0,product two_term,two_term,20.924212509,0.15273074824,5.647965807688949e-06
50.0,product two_term,two_term,21.077221963,0.15328815973,4.611686745290977e-06
50.0,product two_term,two_term,21.230788829,0.15384557122,3.7582786498926465e-06
50.0,product two_term,two_term,21.384913106,0.15440298271,3.0569108899940185e-06
50.0,product two_term,two_term,21.539594794,0.1549603942,2.481647421795144e-06
50.0,product two_term,two_term,21.694833894,0.15551780569,2.0107659493960653e-06
50.0,product two_term,two_term,21.850630405,0.15607521718,1.6261122956968184e-06
50.0,product two_term,two_term,22.006984328,0.15663262867,1.3125484066974319e-06
50.0,product two_term,two_term,22.163895663,0.15719004016,1.057495519897931e-06
50.0,product two_term,two_term,22.321364409,0.15774745165,8.50441931638336e-07
50.0,product two_term,two_term,22.479390566,0.15830486314,6.826720534486642e-07
50.0,product two_term,two_term,22.637974135,0.15886227463,5.469917140589298e-07
50.0,product two_term,two_term,22.797115115,0.15941968612,4.3747440893914404e-07
50.0,product two_term,two_term,22.956813507,0.15997709761,3.4924776086931664e-07
50.0,product two_term,two_term,23.117069311,0.1605345091,2.7831732262945543e-07
50.0,product two_term,two_term,23.277882525,0.16109192059,2.214012185095668e-07
50.0,product two_term,two_term,23.439253152,0.16164933208,1.7581362093965599e-07
50.0,product two_term,two_term,23.60118119,0.16220674357,1.393660867797273e-07
50.0,product two_term,two_term,23.763666639,0.16276415506,1.1027955897978422e-07
50.0,product two_term,two_term,23.9267095,0.16332156655,8.711053071682956e-08
50.0,product two_term,two_term,24.090309772,0.16387897804,6.86905070148656e-08
50.0,product two_term,two_term,24.254467456,0.16443638953,5.40732566768942e-08
50.0,product two_term,two_term,24.419182551,0.16499380102,4.249405163591685e-08
50.0,product two_term,two_term,24.584455058,0.16555121251,3.333746918593477e-08
50.0,product two_term,two_term,24.750284976,0.166108624,2.6109388797948914e-08
50.0,product two_term,two_term,24.916672306,0.16666603549,2.0413800577960056e-08
50.0,product two_term,two_term,25.083617047,0.16722344698,1.593401344196882e-08
50.0,product two_term,two_term,25.2511192,0.16778085847,1.2416817242975705e-08
50.0,product two_term,two_term,25.419178764,0.16833826996,9.6600542443811e-09
50.0,product two_term,two_term,25.58779574,0.16889568145,7.502948723785318e-09
50.0,product two_term,two_term,25.756970127,0.16945309294,5.817923288988616e-09
50.0,product two_term,two_term,25.926701926,0.17001050443,4.5039192995911876e-09
50.0,product two_term,two_term,26.096991136,0.17056791592,3.4810554705931884e-09
50.0,product two_term,two_term,26.267837757,0.17112532741,2.686196642994744e-09
50.0,product two_term,two_term,26.439241791,0.1716827389,2.0695293954959505e-09
50.0,product two_term,two_term,26.611203235,0.17224015039,1.5918837402968853e-09
50.0,product two_term,two_term,26.783722091,0.17279756188,1.222524155097608e-09
50.0,product two_term,two_term,26.956798359,0.17335497337,9.373736162281658e-10
50.0,product two_term,two_term,27.130432038,0.17391238486,7.176125700585959e-10
50.0,product two_term,two_term,27.304623129,0.17446979635,5.485248930389267e-10
50.0,product two_term,two_term,27.479371631,0.17502720784,4.186310950691809e-10
50.0,product two_term,two_term,27.654677544,0.17558461933,3.190029099793758e-10
50.0,product two_term,two_term,27.830540869,0.17614203082,2.4270926009952507e-10
50.0,product two_term,two_term,28.006961606,0.17669944231,1.8437832907963924e-10
50.0,product two_term,two_term,28.183939754,0.1772568538,1.3985582133972637e-10
50.0,product two_term,two_term,28.361475314,0.17781426529,1.0592609283979273e-10
50.0,product two_term,two_term,28.539568285,0.17837167678,8.010797857184326e-11
50.0,product two_term,two_term,28.718218667,0.17892908827,6.049208146488164e-11
50.0,product two_term,two_term,28.897426461,0.17948649976,4.5611278056910756e-11
50.0,product two_term,two_term,29.077191667,0.18004391125,3.4340351513932804e-11
50.0,product two_term,two_term,29.257514284,0.18060132274,2.5817083427949484e-11
50.0,product two_term,two_term,29.438394312,0.18115873423,1.938126628496208e-11
50.0,product two_term,two_term,29.619831752,0.18171614572,1.4528762671971572e-11
50.0,product two_term,two_term,29.801826604,0.18227355721,1.087543192297872e-11
50.0,product two_term,two_term,29.984378867,0.1828309687,8.129004251384095e-12
50.0,product two_term,two_term,30.167488541,0.18338838019,6.067571792188128e-12
50.0,product two_term,two_term,30.351155627,0.18394579168,4.522593657091151e-12
50.0,product two_term,two_term,30.535380124,0.18450320317,3.366289831393413e-12
50.0,product two_term,two_term,30.720162033,0.18506061466,2.5021215217951044e-12
50.0,product two_term,two_term,30.905501354,0.18561802615,1.857199783196366e-12
50.0,product two_term,two_term,31.091398086,0.18617543764,1.3766073756973064e-12
50.0,product two_term,two_term,31.277852229,0.18673284913,1.0189986715980061e-12
50.0,product two_term,two_term,31.464863784,0.18729026062,7.532740769885261e-13
50.0,product two_term,two_term,31.65243275,0.18784767211,5.56079488008912e-13
50.0,product two_term,two_term,31.840559128,0.1884050836,4.099611275491979e-13
50.0,product two_term,two_term,32.029242917,0.18896249509,3.0183364487940943e-13
50.0,product two_term,two_term,32.218484118,0.18951990658,2.2193488366956578e-13
50.0,product two_term,two_term,32.408282731,0.19007731807,1.6297643030968115e-13
50.0,product two_term,two_term,32.598638754,0.19063472956,1.1952635061976612e-13
50.0,product two_term,two_term,32.78955219,0.19119214105,8.754535144482871e-14
50.0,product two_term,two_term,32.981023036,0.19174955254,6.403774671687471e-14
50.0,product two_term,two_term,33.173051295,0.19230696403,4.678214535890846e-14
50.0,product two_term,two_term,33.365636965,0.19286437552,3.413292007393321e-14
50.0,product two_term,two_term,33.558780046,0.19342178701,2.4872341956951334e-14
50.0,product two_term,two_term,33.752480539,0.1939791985,1.8101413286964583e-14
50.0,product two_term,two_term,33.946738443,0.19453660999,1.3157197357974256e-14
50.0,product two_term,two_term,34.141553758,0.19509402148,9.551702245681309e-15
50.0,product two_term,two_term,34.336926486,0.19565143297,6.925896699886447e-15
50.0,product two_term,two_term,34.532856624,0.19620884446,5.015978013590185e-15
50.0,product two_term,two_term,34.729344175,0.19676625595,3.6284891124929e-15
50.0,product two_term,two_term,34.926389136,0.19732366744,2.6217633113948698e-15
50.0,product two_term,two_term,35.123991509,0.19788107893,1.8922005446962974e-15
50.0,product two_term,two_term,35.322151294,0.19843849042,1.364064498597331e-15
50.0,product two_term,two_term,35.52086849,0.19899590191,9.819853943480785e-16
50.0,product two_term,two_term,35.720143098,0.1995533134,7.059064523986188e-16
50.0,product two_term,two_term,35.919975117,0.20011072489,5.066154895790087e-16
50.0,product two_term,two_term,36.120364548,0.20066813638,3.6284255204929e-16
50.0,product two_term,two_term,36.32131139,0.20122554787,2.5912453942949296e-16
50.0,product two_term,two_term,36.522815643,0.20178295936,1.8421819766963953e-16
50.0,product two_term,two_term,36.724877309,0.20234037085,1.2994412627974574e-16
50.0,product two_term,two_term,36.927496385,0.20289778234,9.033850052882323e-17
50.0,product two_term,two_term,37.130672873,0.20345519383,6.103415082288058e-17
50.0,product two_term,two_term,37.334406773,0.20401260532,3.878515601992411e-17
50.0,product two_term,two_term,37.538698084,0.20457001681,2.1141942362958632e-17
50.0,product two_term,two_term,37.743546806,0.2051274283,6.246020953087779e-18
50.0,product two_term,two_term,37.94895294,0.20568483979,0.0
50.0,product two_term,two_term,38.154916486,0.20624225128,0.0
50.0,product two_term,two_term,38.361437443,0.20679966277,0.0
50.0,product two_term,two_term,38.568515812,0.20735707426,0.0
50.0,product two_term,two_term,38.776151592,0.20791448575,0.0
50.0,product two_term,two_term,38.984344783,0.20847189724,0.0
50.0,product two_term,two_term,39.193095386,0.20902930873,0.0
50.0,product two_term,two_term,39.4024034,0.20958672022,0.0
50.0,product two_term,two_term,39.612268826,0.21014413171,0.0
50.0,product two_term,two_term,39.822691664,0.2107015432,0.0
50.0,product two_term,two_term,40.033671913,0.21125895469,0.0
50.0,product two_term,two_term,40.245209573,0.21181636618,0.0
50.0,product two_term,two_term,40.457304645,0.21237377767,0.0
50.0,product two_term,two_term,40.669957129,0.21293118915,0.0
50.0,product two_term,two_term,40.883167024,0.21348860064,0.0
50.0,product two_term,two_term,41.09693433,0.21404601213,0.0
50.0,product two_term,two_term,41.311259048,0.21460342362,0.0
50.0,product two_term,two_term,41.526141177,0.21516083511,0.0
50.0,product two_term,two_term,41.741580718,0.2157182466,0.0
50.0,product two_term,two_term,41.95757767,0.21627565809,0.0
50.0,product two_term,two_term,42.174132034,0.21683306958,0.0
50.0,product two_term,two_term,42.39124381,0.21739048107,0.0
50.0,product two_term,two_term,42.608912996,0.21794789256,0.0
50.0,product two_term,two_term,42.827139595,0.21850530405,0.0
50.0,product two_term,two_term,43.045923604,0.21906271554,0.0
50.0,product two_term,two_term,43.265265026,0.21962012703,0.0
50.0,product two_term,two_term,43.485163859,0.22017753852,0.0
50.0,product two_term,two_term,43.705620103,0.22073495001,0.0
50.0,product two_term,two_term,43.926633759,0.2212923615,0.0
50.0,product two_term,two_term,44.148204826,0.22184977299,0.0
50.0,product two_term,two_term,44.370333305,0.22240718448,8.120206609984111e-21
50.0,product two_term,two_term,44.593019195,0.22296459597,9.060335069582271e-20
50.0,product two_term,two_term,44.816262496,0.22352200746,2.017746589796052e-19
50.0,product two_term,two_term,45.04006321,0.22407941895,3.512461724693128e-19
50.0,product two_term,two_term,45.264421334,0.22463683044,5.548950317789143e-19
50.0,product two_term,two_term,45.489336871,0.22519424193,8.378938913983606e-19
50.0,product two_term,two_term,45.714809818,0.22575165342,1.2393011387975752e-18
50.0,product two_term,two_term,45.940840177,0.22630906491,1.819039075996441e-18
50.0,product two_term,two_term,46.167427948,0.2268664764,2.668442484494779e-18
50.0,product two_term,two_term,46.39457313,0.22742388789,3.928282233092314e-18
50.0,product two_term,two_term,46.622275724,0.22798129938,5.8204652104886115e-18
50.0,product two_term,two_term,46.850535729,0.22853871087,8.67361737988303e-18
50.0,product two_term,two_term,47.079353146,0.22909612236,4.3368086898915145e-18
50.0,product two_term,two_term,47.308727974,0.22965353385,2.8246666553944733e-18
50.0,product two_term,two_term,47.538660213,0.23021094534,1.8381327536964035e-18
50.0,product two_term,two_term,47.769149864,0.23076835683,1.1962592789976594e-18
50.0,product two_term,two_term,48.000196927,0.23132576832,7.795151800084748e-19
50.0,product two_term,two_term,48.231801401,0.23188317981,5.093121023590035e-19
50.0,product two_term,two_term,48.463963287,0.2324405913,3.341767346093462e-19
50.0,product two_term,two_term,48.696682584,0.23299800279,2.209889959295676e-19
50.0,product two_term,two_term,48.929959292,0.23355541428,1.4723763433971192e-19
50.0,product two_term,two_term,49.163793412,0.23411282577,9.887745922880653e-20
50.0,product two_term,two_term,49.398184944,0.23467023726,6.70537582688688e-20
50.0,product two_term,two_term,49.633133887,0.23522764875,4.600732710690998e-20
50.0,product two_term,two_term,49.868640241,0.23578506024,3.200664598093737e-20
50.0,product two_term,two_term,50.104704007,0.23634247173,2.2642413442955696e-20
50.0,product two_term,two_term,50.341325185,0.23689988322,1.636438656096798e-20
50.0,product two_term,two_term,50.578503774,0.23745729471,1.217929576897617e-20
50.0,product two_term,two_term,50.816239774,0.2380147062,9.4550138043815e-21
50.0,product two_term,two_term,51.054533186,0.23857211769,7.767612655784802e-21
50.0,product two_term,two_term,51.29338401,0.23912952918,6.859344977786578e-21
50.0,product two_term,two_term,51.532792244,0.23968694067,6.551746161687181e-21
50.0,product two_term,two_term,51.772757891,0.24024435216,6.651793103286985e-21
50.0,product two_term,two_term,52.013280949,0.24080176365,6.899240169586501e-21
50.0,product two_term,two_term,52.254361418,0.24135917514,6.854730109186588e-21
50.0,product two_term,two_term,52.495999299,0.24191658663,5.720988972088806e-21
50.0,product two_term,two_term,52.738194591,0.24247399812,2.0490863382959905e-21
50.0,product two_term,two_term,52.980947295,0.24303140961,0.0
50.0,product two_term,two_term,53.224257411,0.2435888211,0.0
50.0,product two_term,two_term,53.468124938,0.24414623259,0.0
50.0,product two_term,two_term,53.712549876,0.24470364408,0.0
50.0,product two_term,two_term,53.957532226,0.24526105557,0.0
50.0,product two_term,two_term,54.203071987,0.24581846706,0.0
50.0,product two_term,two_term,54.44916916,0.24637587855,0.0
50.0,product two_term,two_term,54.695823744,0.24693329004,0.0
50.0,product two_term,two_term,54.94303574,0.24749070153,0.0
50.0,product two_term,two_term,55.190805147,0.24804811302,0.0
50.0,product two_term,two_term,55.439131966,0.24860552451,0.0
50.0,product two_term,two_term,55.688016196,0.249162936,0.0
50.0,product two_term,two_term,55.937457838,0.24972034749,0.0
50.0,product two_term,two_term,56.187456891,0.25027775898,0.0
50.0,product two_term,two_term,56.438013356,0.25083517047,0.0
50.0,product two_term,two_term,56.689127232,0.25139258196,0.0
50.0,product two_term,two_term,56.94079852,0.25194999345,3.9420679256922863e-20
50.0,product two_term,two_term,57.193027219,0.25250740494,4.285235955791615e-20
50.0,product two_term,two_term,57.44581333,0.25306481643,0.0
50.0,product two_term,two_term,57.699156852,0.25362222792,0.0
50.0,product two_term,two_term,57.953057786,0.25417963941,0.0
50.0,product two_term,two_term,58.207516131,0.2547370509,0.0
50.0,product two_term,two_term,58.462531887,0.25529446239,0.0
50.0,product two_term,two_term,58.718105055,0.25585187388,0.0
50.0,product two_term,two_term,58.974235635,0.25640928537,0.0
50.0,product two_term,two_term,59.230923626,0.25696669686,0.0
50.0,product two_term,two_term,59.488169029,0.25752410835,0.0
50.0,product two_term,two_term,59.745971843,0.25808151984,0.0
50.0,product two_term,two_term,60.004332068,0.25863893133,0.0
50.0,product two_term,two_term,60.263249706,0.25919634282,0.0
50.0,product two_term,two_term,60.522724754,0.25975375431,0.0
50.0,product two_term,two_term,60.782757214,0.2603111658,0.0
50.0,product two_term,two_term,61.043347086,0.26086857729,0.0
50.0,product two_term,two_term,61.304494369,0.26142598878,4.3099444454915676e-21
50.0,product two_term,two_term,61.566199063,0.26198340027,6.960427089686382e-21
50.0,product two_term,two_term,61.828461169,0.26254081176,7.534636715485257e-21
50.0,product two_term,two_term,62.091280687,0.26309822325,7.230173960985853e-21
50.0,product two_term,two_term,62.354657616,0.26365563474,6.754683633886784e-21
50.0,product two_term,two_term,62.618591956,0.26421304623,6.753155169786787e-21
50.0,product two_term,two_term,62.883083708,0.26477045772,7.77390500198479e-21
50.0,product two_term,two_term,63.148132872,0.26532786921,1.049712262297946e-20
50.0,product two_term,two_term,63.413739447,0.2658852807,1.5982704912968726e-20
50.0,product two_term,two_term,63.679903433,0.26644269219,2.5956634311949214e-20
50.0,product two_term,two_term,63.946624831,0.26700010368,4.3251678719915374e-20
50.0,product two_term,two_term,64.21390364,0.26755751517,7.250419163085813e-20
50.0,product two_term,two_term,64.481739861,0.26811492666,1.2126576339976274e-19
50.0,product two_term,two_term,64.750133494,0.26867233815,2.017801680196052e-19
50.0,product two_term,two_term,65.019084538,0.26922974964,3.3382087079934686e-19
50.0,product two_term,two_term,65.288592993,0.26978716113,1.4761550981971118e-19
50.0,product two_term,two_term,65.55865886,0.27034457262,0.0
50.0,product two_term,two_term,65.829282138,0.27090198411,0.0
50.0,product two_term,two_term,66.100462828,0.2714593956,0.0
50.0,product two_term,two_term,66.372200929,0.27201680709,0.0
50.0,product two_term,two_term,66.644496442,0.27257421858,0.0
50.0,product two_term,two_term,66.917349367,0.27313163007,0.0
50.0,product two_term,two_term,67.190759702,0.27368904156,0.0
50.0,product two_term,two_term,67.46472745,0.27424645305,0.0
50.0,product two_term,two_term,67.739252609,0.27480386454,0.0
50.0,product two_term,two_term,68.014335179,0.27536127603,0.0
50.0,product two_term,two_term,68.289975161,0.27591868752,5.515984069589207e-19
50.0,product two_term,two_term,68.566172554,0.27647609901,1.187300651397677e-18
50.0,product two_term,two_term,68.842927359,0.2770335105,1.869515594796342e-18
50.0,product two_term,two_term,69.120239575,0.27759092199,2.5783632533949553e-18
50.0,product two_term,two_term,69.398109203,0.27814833348,3.1348699841938665e-18
50.0,product two_term,two_term,69.676536242,0.27870574497,3.2626046214936166e-18
50.0,product two_term,two_term,69.955520693,0.27926315646,3.469446951993211e-18
50.0,product two_term,two_term,70.235062555,0.27982056795,4.3368086898915146e-19
50.0,product two_term,two_term,70.515161828,0.28037797944,5.892078112488472e-19
50.0,product two_term,two_term,70.795818514,0.28093539093,5.712648286288823e-19
50.0,product two_term,two_term,71.07703261,0.28149280242,4.856818923590497e-19
50.0,product two_term,two_term,71.358804118,0.28205021391,3.844876591892477e-19
50.0,product two_term,two_term,71.641133038,0.2826076254,2.9083944615943096e-19
50.0,product two_term,two_term,71.924019369,0.28316503689,2.1305186103958315e-19
50.0,product two_term,two_term,72.207463112,0.28372244838,1.5229759333970202e-19
50.0,product two_term,two_term,72.491464266,0.28427985987,1.0669499296979124e-19
50.0,product two_term,two_term,72.776022832,0.28483727136,7.337397497585644e-20
50.0,product two_term,two_term,73.061138809,0.28539468285,4.938802338990337e-20
50.0,product two_term,two_term,73.346812197,0.28595209434,3.217073075793705e-20
50.0,product two_term,two_term,73.633042997,0.28650950583,1.9795369776961268e-20
50.0,product two_term,two_term,73.919831209,0.28706691732,1.0474048134979505e-20
50.0,product two_term,two_term,74.207176832,0.28762432881,2.7446418975946297e-21
50.0,product two_term,two_term,74.495079867,0.2881817403,0.0
50.0,product two_term,two_term,74.783540313,0.28873915179,0.0
50.0,product two_term,two_term,75.07255817,0.28929656328,0.0
50.0,product two_term,two_term,75.362133439,0.28985397477,0.0
50.0,product two_term,two_term,75.65226612,0.29041138626,0.0
50.0,product two_term,two_term,75.942956212,0.29096879775,0.0
50.0,product two_term,two_term,76.234203715,0.29152620924,0.0
50.0,product two_term,two_term,76.52600863,0.29208362073,0.0
50.0,product two_term,two_term,76.818370957,0.29264103222,0.0
50.0,product two_term,two_term,77.111290695,0.29319844371,0.0
50.0,product two_term,two_term,77.404767844,0.2937558552,0.0
50.0,product two_term,two_term,77.698802405,0.29431326669,0.0
50.0,product two_term,two_term,77.993394377,0.29487067818,0.0
50.0,product two_term,two_term,78.288543761,0.29542808967,0.0
50.0,product two_term,two_term,78.584250557,0.29598550116,0.0
50.0,product two_term,two_term,78.880514764,0.29654291265,0.0
50.0,product two_term,two_term,79.177336382,0.29710032414,0.0
50.0,product two_term,two_term,79.474715412,0.29765773563,0.0
50.0,product two_term,two_term,79.772651853,0.29821514711,7.370687795385579e-19
50.0,product two_term,two_term,80.071145706,0.2987725586,2.293285974695513e-18
50.0,product two_term,two_term,80.37019697,0.29932997009,4.5455883821911066e-18
50.0,product two_term,two_term,80.669805646,0.29988738158,8.093034611984165e-18
50.0,product two_term,two_term,80.969971734,0.30044479307,1.3877787807972845e-17
50.0,product two_term,two_term,81.270695232,0.30100220456,6.938893903886423e-18
50.0,product two_term,two_term,81.571976143,0.30155961605,8.67361737988303e-18
50.0,product two_term,two_term,81.873814465,0.30211702754,5.199713382089826e-18
50.0,product two_term,two_term,82.176210198,0.30267443903,3.1095817034939156e-18
50.0,product two_term,two_term,82.479163343,0.30323185052,1.8512512776963778e-18
50.0,product two_term,two_term,82.782673899,0.30378926201,1.0966301645978543e-18
50.0,product two_term,two_term,83.086741867,0.3043466735,6.45995215838736e-19
50.0,product two_term,two_term,83.391367246,0.30490408499,3.7813952879926016e-19
50.0,product two_term,two_term,83.696550037,0.30546149648,2.1974580736957006e-19
50.0,product two_term,two_term,84.002290239,0.30601890797,1.2661931209975227e-19
50.0,product two_term,two_term,84.308587853,0.30657631946,7.22195280178587e-20
50.0,product two_term,two_term,84.615442878,0.30713373095,4.0671976859920414e-20
50.0,product two_term,two_term,84.922855315,0.30769114244,2.252223679495593e-20
50.0,product two_term,two_term,85.230825163,0.30824855393,1.21639858569762e-20
50.0,product two_term,two_term,85.539352422,0.30880596542,6.285632110487701e-21
50.0,product two_term,two_term,85.848437094,0.30936337691,2.9343207278942587e-21
50.0,product two_term,two_term,86.158079176,0.3099207884,9.522143556181369e-22
50.0,product two_term,two_term,86.46827867,0.31047819989,0.0
50.0,product two_term,two_term,86.779035576,0.31103561138,0.0
50.0,product two_term,two_term,87.090349893,0.31159302287,0.0
50.0,product two_term,two_term,87.402221622,0.31215043436,0.0
50.0,product two_term,two_term,87.714650762,0.31270784585,0.0
50.0,product two_term,two_term,88.027637313,0.31326525734,0.0
50.0,product two_term,two_term,88.341181277,0.31382266883,0.0
50.0,product two_term,two_term,88.655282651,0.31438008032,0.0
50.0,product two_term,two_term,88.969941437,0.31493749181,0.0
50.0,product two_term,two_term,89.285157635,0.3154949033,0.0
50.0,product two_term,two_term,89.600931244,0.31605231479,0.0
50.0,product two_term,two_term,89.917262264,0.31660972628,0.0
50.0,product two_term,two_term,90.234150696,0.31716713777,0.0
50.0,product two_term,two_term,90.55159654,0.31772454926,0.0
50.0,product two_term,two_term,90.869599795,0.31828196075,0.0
50.0,product two_term,two_term,91.188160461,0.31883937224,0.0
50.0,product two_term,two_term,91.507278539,0.31939678373,0.0
50.0,product two_term,two_term,91.826954029,0.31995419522,0.0
50.0,product two_term,two_term,92.14718693,0.32051160671,0.0
50.0,product two_term,two_term,92.467977242,0.3210690182,0.0
50.0,product two_term,two_term,92.789324966,0.32162642969,0.0
50.0,product two_term,two_term,93.111230102,0.32218384118,0.0
50.0,product two_term,two_term,93.433692649,0.32274125267,0.0
50.0,product two_term,two_term,93.756712607,0.32329866416,0.0
50.0,product two_term,two_term,94.080289977,0.32385607565,0.0
50.0,product two_term,two_term,94.404424758,0.32441348714,0.0
50.0,product two_term,two_term,94.729116951,0.32497089863,0.0
50.0,product two_term,two_term,95.054366556,0.32552831012,0.0
50.0,product two_term,two_term,95.380173571,0.32608572161,0.0
50.0,product two_term,two_term,95.706537999,0.3266431331,0.0
50.0,product two_term,two_term,96.033459838,0.32720054459,0.0
50.0,product two_term,two_term,96.360939088,0.32775795608,0.0
50.0,product two_term,two_term,96.68897575,0.32831536757,0.0
50.0,product two_term,two_term,97.017569823,0.32887277906,0.0
50.0,product two_term,two_term,97.346721308,0.32943019055,0.0
50.0,product two_term,two_term,97.676430204,0.32998760204,0.0
50.0,product two_term,two_term,98.006696512,0.33054501353,0.0
50.0,product two_term,two_term,98.337520231,0.33110242502,0.0
50.0,product two_term,two_term,98.668901362,0.33165983651,0.0
50.0,product two_term,two_term,99.000839904,0.332217248,0.0
50.0,product two_term,two_term,99.333335858,0.33277465949,0.0
50.0,product two_term,two_term,99.666389223,0.33333207098,0.0
50.0,product two_term,two_term,100.0,0.33361077673,0.0
50.0,product internal MC,monte_carlo,0.25,0.5,0.046939094430930646
50.0,product internal MC,monte_carlo,0.75,0.5,0.08145617415087965
50.0,product internal MC,monte_carlo,1.25,0.5,0.098816385707854
50.0,product internal MC,monte_carlo,1.75,0.5,0.1073501612498414
50.0,product internal MC,monte_carlo,2.25,0.5,0.1131009915998329
50.0,product internal MC,monte_carlo,2.75,0.5,0.11853820413982487
50.0,product internal MC,monte_carlo,3.25,0.5,0.11697365287982718
50.0,product internal MC,monte_carlo,3.75,0.5,0.11605869515982853
50.0,product internal MC,monte_carlo,4.25,0.5,0.11270404396983348
50.0,product internal MC,monte_carlo,4.75,0.5,0.10789428869984058
50.0,product internal MC,monte_carlo,5.25,0.5,0.10257702208984844
50.0,product internal MC,monte_carlo,5.75,0.5,0.09697324625385673
50.0,product internal MC,monte_carlo,6.25,0.5,0.09063262351486609
50.0,product internal MC,monte_carlo,6.75,0.5,0.08422235811287555
50.0,product internal MC,monte_carlo,7.25,0.5,0.07807390745888465
50.0,product internal MC,monte_carlo,7.75,0.5,0.07454367540588987
50.0,product internal MC,monte_carlo,8.25,0.5,0.06721995183890067
50.0,product internal MC,monte_carlo,8.75,0.5,0.06277842668090725
50.0,product internal MC,monte_carlo,9.25,0.5,0.056279930540916845
50.0,product internal MC,monte_carlo,9.75,0.5,0.0510345349759246
50.0,product internal MC,monte_carlo,10.25,0.5,0.04598909542293205
50.0,product internal MC,monte_carlo,10.75,0.5,0.03807461336394374
50.0,product internal MC,monte_carlo,11.25,0.5,0.03204614685895265
50.0,product internal MC,monte_carlo,11.75,0.5,0.026345331962961075
50.0,product internal MC,monte_carlo,12.25,0.5,0.020578640418969594
50.0,product internal MC,monte_carlo,12.75,0.5,0.016030843032976316
50.0,product internal MC,monte_carlo,13.25,0.5,0.011685884879982735
50.0,product internal MC,monte_carlo,13.75,0.5,0.008044522696488114
50.0,product internal MC,monte_carlo,14.25,0.5,0.00586191784069134
50.0,product internal MC,monte_carlo,14.75,0.5,0.004085440851993964
50.0,product internal MC,monte_carlo,15.25,0.5,0.002476455370596341
50.0,product internal MC,monte_carlo,15.75,0.5,0.0016536737047975567
50.0,product internal MC,monte_carlo,16.25,0.5,0.0012223015526981941
50.0,product internal MC,monte_carlo,16.75,0.5,0.0007547507014388849
50.0,product internal MC,monte_carlo,17.25,0.5,0.0003785698575694407
50.0,product internal MC,monte_carlo,17.75,0.5,0.00024287260078964117
50.0,product internal MC,monte_carlo,18.25,0.5,0.00012790901349981102
50.0,product internal MC,monte_carlo,18.75,0.5,8.638549449487236e-05
50.0,product internal MC,monte_carlo,19.25,0.5,5.282863461392194e-05
50.0,product internal MC,monte_carlo,19.75,0.5,2.8151535379958406e-05
50.0,product internal MC,monte_carlo,20.25,0.5,2.150907537196822e-05
50.0,product internal MC,monte_carlo,20.75,0.5,2.6298316878961145e-05
50.0,product internal MC,monte_carlo,21.25,0.5,4.476527537593386e-06
50.0,product internal MC,monte_carlo,21.75,0.5,3.6811904673945613e-06
50.0,product internal MC,monte_carlo,22.25,0.5,5.029379957892569e-06
50.0,product internal MC,monte_carlo,22.75,0.5,4.292675924993658e-06
50.0,product internal MC,monte_carlo,23.25,0.5,1.0081767267985105e-06
50.0,product internal MC,monte_carlo,23.75,0.5,0.0
50.0,product internal MC,monte_carlo,24.25,0.5,0.0
50.0,product internal MC,monte_carlo,24.75,0.5,0.0
50.0,product internal MC,monte_carlo,25.25,0.5,0.0
50.0,product internal MC,monte_carlo,25.75,0.5,0.0
50.0,product internal MC,monte_carlo,26.25,0.5,0.0
50.0,product internal MC,monte_carlo,26.75,0.5,0.0
50.0,product internal MC,monte_carlo,27.25,0.5,0.0
50.0,product internal MC,monte_carlo,27.75,0.5,0.0
50.0,product internal MC,monte_carlo,28.25,0.5,0.0
50.0,product internal MC,monte_carlo,28.75,0.5,0.0
50.0,product internal MC,monte_carlo,29.25,0.5,0.0
50.0,product internal MC,monte_carlo,29.75,0.5,0.0
50.0,product internal MC,monte_carlo,30.25,0.5,0.0
50.0,product internal MC,monte_carlo,30.75,0.5,0.0
50.0,product internal MC,monte_carlo,31.25,0.5,0.0
50.0,product internal MC,monte_carlo,31.75,0.5,0.0
50.0,product internal MC,monte_carlo,32.25,0.5,0.0
50.0,product internal MC,monte_carlo,32.75,0.5,0.0
50.0,product internal MC,monte_carlo,33.25,0.5,0.0
50.0,product internal MC,monte_carlo,33.75,0.5,0.0
50.0,product internal MC,monte_carlo,34.25,0.5,0.0
50.0,product internal MC,monte_carlo,34.75,0.5,0.0
50.0,product internal MC,monte_carlo,35.25,0.5,0.0
50.0,product internal MC,monte_carlo,35.75,0.5,0.0
50.0,product internal MC,monte_carlo,36.25,0.5,0.0
50.0,product internal MC,monte_carlo,36.75,0.5,0.0
50.0,product internal MC,monte_carlo,37.25,0.5,0.0
50.0,product internal MC,monte_carlo,37.75,0.5,0.0
50.0,product internal MC,monte_carlo,38.25,0.5,0.0
50.0,product internal MC,monte_carlo,38.75,0.5,0.0
50.0,product internal MC,monte_carlo,39.25,0.5,0.0
50.0,product internal MC,monte_carlo,39.75,0.5,0.0
50.0,product internal MC,monte_carlo,40.25,0.5,0.0
50.0,product internal MC,monte_carlo,40.75,0.5,0.0
50.0,product internal MC,monte_carlo,41.25,0.5,0.0
50.0,product internal MC,monte_carlo,41.75,0.5,0.0
50.0,product internal MC,monte_carlo,42.25,0.5,0.0
50.0,product internal MC,monte_carlo,42.75,0.5,0.0
50.0,product internal MC,monte_carlo,43.25,0.5,0.0
50.0,product internal MC,monte_carlo,43.75,0.5,0.0
50.0,product internal MC,monte_carlo,44.25,0.5,0.0
50.0,product internal MC,monte_carlo,44.75,0.5,0.0
50.0,product internal MC,monte_carlo,45.25,0.5,0.0
50.0,product internal MC,monte_carlo,45.75,0.5,0.0
50.0,product internal MC,monte_carlo,46.25,0.5,0.0
50.0,product internal MC,monte_carlo,46.75,0.5,0.0
50.0,product internal MC,monte_carlo,47.25,0.5,0.0
50.0,product internal MC,monte_carlo,47.75,0.5,0.0
50.0,product internal MC,monte_carlo,48.25,0.5,0.0
50.0,product internal MC,monte_carlo,48.75,0.5,0.0
50.0,product internal MC,monte_carlo,49.25,0.5,0.0
50.0,product internal MC,monte_carlo,49.75,0.5,0.0
50.0,product internal MC,monte_carlo,50.25,0.5,0.0
50.0,product internal MC,monte_carlo,50.75,0.5,0.0
50.0,product internal MC,monte_carlo,51.25,0.5,0.0
50.0,product internal MC,monte_carlo,51.75,0.5,0.0
50.0,product internal MC,monte_carlo,52.25,0.5,0.0
50.0,product internal MC,monte_carlo,52.75,0.5,0.0
50.0,product internal MC,monte_carlo,53.25,0.5,0.0
50.0,product internal MC,monte_carlo,53.75,0.5,0.0
50.0,product internal MC,monte_carlo,54.25,0.5,0.0
50.0,product internal MC,monte_carlo,54.75,0.5,0.0
50.0,product internal MC,monte_carlo,55.25,0.5,0.0
50.0,product internal MC,monte_carlo,55.75,0.5,0.0
50.0,product internal MC,monte_carlo,56.25,0.5,0.0
50.0,product internal MC,monte_carlo,56.75,0.5,0.0
50.0,product internal MC,monte_carlo,57.25,0.5,0.0
50.0,product internal MC,monte_carlo,57.75,0.5,0.0
50.0,product internal MC,monte_carlo,58.25,0.5,0.0
50.0,product internal MC,monte_carlo,58.75,0.5,0.0
50.0,product internal MC,monte_carlo,59.25,0.5,0.0
50.0,product internal MC,monte_carlo,59.75,0.5,0.0
50.0,product internal MC,monte_carlo,60.25,0.5,0.0
50.0,product internal MC,monte_carlo,60.75,0.5,0.0
50.0,product internal MC,monte_carlo,61.25,0.5,0.0
50.0,product internal MC,monte_carlo,61.75,0.5,0.0
50.0,product internal MC,monte_carlo,62.25,0.5,0.0
50.0,product internal MC,monte_carlo,62.75,0.5,0.0
50.0,product internal MC,monte_carlo,63.25,0.5,0.0
50.0,product internal MC,monte_carlo,63.75,0.5,0.0
50.0,product internal MC,monte_carlo,64.25,0.5,0.0
50.0,product internal MC,monte_carlo,64.75,0.5,0.0
50.0,product internal MC,monte_carlo,65.25,0.5,0.0
50.0,product internal MC,monte_carlo,65.75,0.5,0.0
50.0,product internal MC,monte_carlo,66.25,0.5,0.0
50.0,product internal MC,monte_carlo,66.75,0.5,0.0
50.0,product internal MC,monte_carlo,67.25,0.5,0.0
50.0,product internal MC,monte_carlo,67.75,0.5,0.0
50.0,product internal MC,monte_carlo,68.25,0.5,0.0
50.0,product internal MC,monte_carlo,68.75,0.5,0.0
50.0,product internal MC,monte_carlo,69.25,0.5,0.0
50.0,product internal MC,monte_carlo,69.75,0.5,0.0
50.0,product internal MC,monte_carlo,70.25,0.5,0.0
50.0,product internal MC,monte_carlo,70.75,0.5,0.0
50.0,product internal MC,monte_carlo,71.25,0.5,0.0
50.0,product internal MC,monte_carlo,71.75,0.5,0.0
50.0,product internal MC,monte_carlo,72.25,0.5,0.0
50.0,product internal MC,monte_carlo,72.75,0.5,0.0
50.0,product internal MC,monte_carlo,73.25,0.5,0.0
50.0,product internal MC,monte_carlo,73.75,0.5,0.0
50.0,product internal MC,monte_carlo,74.25,0.5,0.0
50.0,product internal MC,monte_carlo,74.75,0.5,0.0
50.0,product internal MC,monte_carlo,75.25,0.5,0.0
50.0,product internal MC,monte_carlo,75.75,0.5,0.0
50.0,product internal MC,monte_carlo,76.25,0.5,0.0
50.0,product internal MC,monte_carlo,76.75,0.5,0.0
50.0,product internal MC,monte_carlo,77.25,0.5,0.0
50.0,product internal MC,monte_carlo,77.75,0.5,0.0
50.0,product internal MC,monte_carlo,78.25,0.5,0.0
50.0,product internal MC,monte_carlo,78.75,0.5,0.0
50.0,product internal MC,monte_carlo,79.25,0.5,0.0
50.0,product internal MC,monte_carlo,79.75,0.5,0.0
50.0,product internal MC,monte_carlo,85.0,10.0,0.0
50.0,product internal MC,monte_carlo,95.0,10.0,0.0
50.0,product internal MC,monte_carlo,105.0,10.0,0.0
50.0,product internal MC,monte_carlo,115.0,10.0,0.0
50.0,product internal MC,monte_carlo,125.0,10.0,0.0
50.0,product internal MC,monte_carlo,135.0,10.0,0.0
50.0,product internal MC,monte_carlo,145.0,10.0,0.0
50.0,product internal MC,monte_carlo,155.0,10.0,0.0
50.0,product internal MC,monte_carlo,165.0,10.0,0.0
50.0,product internal MC,monte_carlo,175.0,10.0,0.0
50.0,product internal MC,monte_carlo,185.0,10.0,0.0
50.0,product internal MC,monte_carlo,195.0,10.0,0.0
50.0,product internal MC,monte_carlo,205.0,10.0,0.0
50.0,product internal MC,monte_carlo,215.0,10.0,0.0
50.0,product internal MC,monte_carlo,225.0,10.0,0.0
50.0,product internal MC,monte_carlo,235.0,10.0,0.0
50.0,product internal MC,monte_carlo,245.0,10.0,0.0
50.0,product internal MC,monte_carlo,255.0,10.0,0.0
50.0,product internal MC,monte_carlo,270.0,20.0,0.0
50.0,product internal MC,monte_carlo,290.0,20.0,0.0
50.0,product internal MC,monte_carlo,310.0,20.0,0.0
50.0,product internal MC,monte_carlo,330.0,20.0,0.0
50.0,product internal MC,monte_carlo,350.0,20.0,0.0
50.0,product internal MC,monte_carlo,370.0,20.0,0.0
50.0,product internal MC,monte_carlo,390.0,20.0,0.0
50.0,product internal MC,monte_carlo,410.0,20.0,0.0
50.0,product internal MC,monte_carlo,430.0,20.0,0.0
50.0,product internal MC,monte_carlo,450.0,20.0,0.0
50.0,product internal MC,monte_carlo,470.0,20.0,0.0
50.0,product internal MC,monte_carlo,490.0,20.0,0.0
50.0,product internal MC,monte_carlo,510.0,20.0,0.0
50.0,product internal MC,monte_carlo,530.0,20.0,0.0
50.0,product internal MC,monte_carlo,550.0,20.0,0.0
50.0,product internal MC,monte_carlo,570.0,20.0,0.0
50.0,product internal MC,monte_carlo,590.0,20.0,0.0
50.0,product internal MC,monte_carlo,610.0,20.0,0.0
50.0,product internal MC,monte_carlo,630.0,20.0,0.0
50.0,product internal MC,monte_carlo,650.0,20.0,0.0
50.0,product internal MC,monte_carlo,670.0,20.0,0.0
50.0,product internal MC,monte_carlo,690.0,20.0,0.0
50.0,product internal MC,monte_carlo,710.0,20.0,0.0
50.0,product internal MC,monte_carlo,730.0,20.0,0.0
50.0,product internal MC,monte_carlo,750.0,20.0,0.0
50.0,product internal MC,monte_carlo,770.0,20.0,0.0
50.0,product internal MC,monte_carlo,790.0,20.0,0.0
50.0,product internal MC,monte_carlo,810.0,20.0,0.0
50.0,product internal MC,monte_carlo,830.0,20.0,0.0
50.0,product internal MC,monte_carlo,850.0,20.0,0.0
50.0,product internal MC,monte_carlo,870.0,20.0,0.0
50.0,product internal MC,monte_carlo,890.0,20.0,0.0
50.0,product internal MC,monte_carlo,910.0,20.0,0.0
50.0,product internal MC,monte_carlo,930.0,20.0,0.0
50.0,product internal MC,monte_carlo,950.0,20.0,0.0
50.0,product internal MC,monte_carlo,970.0,20.0,0.0
50.0,product internal MC,monte_carlo,990.0,20.0,0.0
100.0,product two_term,two_term,0.0001,0.00023935287248,0.0007092912235570057
100.0,product two_term,two_term,0.00037870574497,0.00055741148993,0.0012695772353946407
100.0,product two_term,two_term,0.0012148229799,0.0011148229799,0.0023504032699900776
100.0,product two_term,two_term,0.0026083517047,0.0016722344698,0.0034754052541853286
100.0,product two_term,two_term,0.0045592919195,0.0022296459597,0.004610606071680536
100.0,product two_term,two_term,0.0070676436242,0.0027870574497,0.005749579221275728
100.0,product two_term,two_term,0.010133406819,0.0033444689396,0.006890316438670912
100.0,product two_term,two_term,0.013756581503,0.0039018804295,0.008031964336866093
100.0,product two_term,two_term,0.017937167678,0.0044592919195,0.00917412002256127
100.0,product two_term,two_term,0.022675165342,0.0050167034094,0.010316553768956448
100.0,product two_term,two_term,0.027970574497,0.0055741148993,0.011459047733951625
100.0,product two_term,two_term,0.033823395141,0.0061315263893,0.012601630434946802
100.0,product two_term,two_term,0.040233627275,0.0066889378792,0.013744212793941979
100.0,product two_term,two_term,0.047201270899,0.0072463493691,0.014886831178937155
100.0,product two_term,two_term,0.054726326014,0.0078037608591,0.01602933749093233
100.0,product two_term,two_term,0.062808792618,0.008361172349,0.01717167564292751
100.0,product two_term,two_term,0.071448670712,0.008918583839,0.01831381291492269
100.0,product two_term,two_term,0.080645960296,0.0094759953289,0.019455772879917867
100.0,product two_term,two_term,0.090400661369,0.010033406819,0.02059728409491305
100.0,product two_term,two_term,0.10071277393,0.010590818309,0.02173874330890823
100.0,product two_term,two_term,0.11158229799,0.011148229799,0.02288004959690341
100.0,product two_term,two_term,0.12300923353,0.011705641289,0.024021088995898596
100.0,product two_term,two_term,0.13499358056,0.012263052779,0.02516207530189378
100.0,product two_term,two_term,0.14753533909,0.012820464268,0.02630294448688896
100.0,product two_term,two_term,0.1606345091,0.013377875758,0.02744236860488415
100.0,product two_term,two_term,0.1742910906,0.013935287248,0.028580774816879345
100.0,product two_term,two_term,0.1885050836,0.014492698738,0.029718941585874542
100.0,product two_term,two_term,0.20327648808,0.015050110228,0.030857029799869738
100.0,product two_term,two_term,0.21860530405,0.015607521718,0.03199473532286493
100.0,product two_term,two_term,0.23449153152,0.016164933208,0.03313149019686013
100.0,product two_term,two_term,0.25093517047,0.016722344698,0.03426811515485534
100.0,product two_term,two_term,0.26793622091,0.017279756188,0.03540461974185054
100.0,product two_term,two_term,0.28549468285,0.017837167678,0.03653925922784575
100.0,product two_term,two_term,0.30361055627,0.018394579168,0.03767097262184097
100.0,product two_term,two_term,0.32228384118,0.018951990658,0.038802565957836196
100.0,product two_term,two_term,0.34151453758,0.019509402148,0.03993405936683142
100.0,product two_term,two_term,0.36130264548,0.020066813638,0.041063891988826644
100.0,product two_term,two_term,0.38164816486,0.020624225128,0.04219256376482189
100.0,product two_term,two_term,0.40255109573,0.021181636618,0.043318856856817134
100.0,product two_term,two_term,0.4240114381,0.021739048107,0.04444176174981239
100.0,product two_term,two_term,0.44602919195,0.022296459597,0.045562503319807664
100.0,product two_term,two_term,0.46860435729,0.022853871087,0.04668222709380293
100.0,product two_term,two_term,0.49173693412,0.023411282577,0.04780006884979821
100.0,product two_term,two_term,0.51542692244,0.023968694067,0.048913042462793516
100.0,product two_term,two_term,0.53967432226,0.024526105557,0.05002069619678884
100.0,product two_term,two_term,0.56447913356,0.025083517047,0.051125133834784176
100.0,product two_term,two_term,0.58984135635,0.025640928537,0.05222575973577953
100.0,product two_term,two_term,0.61576099063,0.026198340027,0.053324292971774885
100.0,product two_term,two_term,0.6422380364,0.026755751517,0.0544122290977703
100.0,product two_term,two_term,0.66927249367,0.027313163007,0.05549386728476573
100.0,product two_term,two_term,0.69686436242,0.027870574497,0.05657157630276118
100.0,product two_term,two_term,0.72501364266,0.028427985987,0.05764270291975666
100.0,product two_term,two_term,0.75372033439,0.028985397477,0.05870583282575217
100.0,product two_term,two_term,0.78298443761,0.029542808967,0.05975553972274774
100.0,product two_term,two_term,0.81280595232,0.030100220456,0.06080024437774333
100.0,product two_term,two_term,0.84318487853,0.030657631946,0.061838580816738944
100.0,product two_term,two_term,0.87412121622,0.031215043436,0.06286313057473462
100.0,product two_term,two_term,0.9056149654,0.031772454926,0.06387581808373034
100.0,product two_term,two_term,0.93766612607,0.032329866416,0.06487953119872611
100.0,product two_term,two_term,0.97027469823,0.032887277906,0.06587875913272188
100.0,product two_term,two_term,1.0034406819,0.033444689396,0.06685516664271776
100.0,product two_term,two_term,1.037164077,0.034002100886,0.06782423565971367
100.0,product two_term,two_term,1.0714448837,0.034559512376,0.06878339612670964
100.0,product two_term,two_term,1.1062831018,0.035116923866,0.06973207982370562
100.0,product two_term,two_term,1.1416787314,0.035674335356,0.07065932604370172
100.0,product two_term,two_term,1.1776317725,0.036231746846,0.07158161518969781
100.0,product two_term,two_term,1.2141422251,0.036789158336,0.07249438930069396
100.0,product two_term,two_term,1.2512100892,0.037346569826,0.07338335968569021
100.0,product two_term,two_term,1.2888353647,0.037903981316,0.0742625980916865
100.0,product two_term,two_term,1.3270180518,0.038461392805,0.0751374444526828
100.0,product two_term,two_term,1.3657581503,0.039018804295,0.07598568513067923
100.0,product two_term,two_term,1.4050556604,0.039576215785,0.07682541090867567
100.0,product two_term,two_term,1.4449105819,0.040133627275,0.07765709120967217
100.0,product two_term,two_term,1.4853229149,0.040691038765,0.07846541562366875
100.0,product two_term,two_term,1.5262926594,0.041248450255,0.07926217386466539
100.0,product two_term,two_term,1.5678198154,0.041805861745,0.08005162458366206
100.0,product two_term,two_term,1.6099043829,0.042363273235,0.08081613794265882
100.0,product two_term,two_term,1.6525463619,0.042920684725,0.08156855422665565
100.0,product two_term,two_term,1.6957457524,0.043478096215,0.0823152832086525
100.0,product two_term,two_term,1.7395025543,0.044035507705,0.0830310577016495
100.0,product two_term,two_term,1.7838167678,0.044592919195,0.08373999823664649
100.0,product two_term,two_term,1.8286883927,0.045150330685,0.08443650283764355
100.0,product two_term,two_term,1.8741174292,0.045707742175,0.08510682960764072
100.0,product two_term,two_term,1.9201038771,0.046265153665,0.08577106404463791
100.0,product two_term,two_term,1.9666477365,0.046822565155,0.08641363442763521
100.0,product two_term,two_term,2.0137490074,0.047379976644,0.08703857615163257
100.0,product two_term,two_term,2.0614076898,0.047937388134,0.08765713975662995
100.0,product two_term,two_term,2.1096237837,0.048494799624,0.08824346949862748
100.0,product two_term,two_term,2.158397289,0.049052211114,0.08882222290762504
100.0,product two_term,two_term,2.2077282059,0.049609622604,0.08938327315262266
100.0,product two_term,two_term,2.2576165342,0.050167034094,0.08992227304862038
100.0,product two_term,two_term,2.3080622741,0.050724445584,0.09045430017761816
100.0,product two_term,two_term,2.3590654254,0.051281857074,0.09095527488161603
100.0,product two_term,two_term,2.4106259882,0.051839268564,0.09144731724761394
100.0,product two_term,two_term,2.4627439625,0.052396680054,0.09191854269261196
100.0,product two_term,two_term,2.5154193483,0.052954091544,0.09237123990061005
100.0,product two_term,two_term,2.5686521456,0.053511503034,0.0928119476796082
100.0,product two_term,two_term,2.6224423544,0.054068914524,0.09322430739560646
100.0,product two_term,two_term,2.6767899747,0.054626326014,0.09362951977160475
100.0,product two_term,two_term,2.7316950064,0.055183737504,0.09400621585960316
100.0,product two_term,two_term,2.7871574497,0.055741148993,0.09437111962660161
100.0,product two_term,two_term,2.8431773044,0.056298560483,0.09471475236260017
100.0,product two_term,two_term,2.8997545706,0.056855971973,0.09504023391059879
100.0,product two_term,two_term,2.9568892484,0.057413383463,0.09535004629459748
100.0,product two_term,two_term,3.0145813376,0.057970794953,0.09563557518259627
100.0,product two_term,two_term,3.0728308383,0.058528206443,0.09591072944359512
100.0,product two_term,two_term,3.1316377505,0.059085617933,0.09615705827459407
100.0,product two_term,two_term,3.1910020741,0.059643029423,0.09639562661759306
100.0,product two_term,two_term,3.2509238093,0.060200440913,0.09660358728159218
100.0,product two_term,two_term,3.311402956,0.060757852403,0.09680292255859134
100.0,product two_term,two_term,3.3724395141,0.061315263893,0.09697522204359062
100.0,product two_term,two_term,3.4340334837,0.061872675383,0.09713563594458995
100.0,product two_term,two_term,3.4961848649,0.062430086873,0.09727141622358937
100.0,product two_term,two_term,3.5588936575,0.062987498363,0.09739310834858886
100.0,product two_term,two_term,3.6221598616,0.063544909853,0.09749223677658844
100.0,product two_term,two_term,3.6859834772,0.064102321342,0.09757572651358808
100.0,product two_term,two_term,3.7503645043,0.064659732832,0.09763771757858782
100.0,product two_term,two_term,3.8153029429,0.065217144322,0.09768318880958764
100.0,product two_term,two_term,3.8807987929,0.065774555812,0.09770784703858752
100.0,product two_term,two_term,3.9468520545,0.066331967302,0.0977158640475875
100.0,product two_term,two_term,4.0134627275,0.066889378792,0.09770527929658754
100.0,product two_term,two_term,4.0806308121,0.067446790282,0.09767669833258766
100.0,product two_term,two_term,4.1483563081,0.068004201772,0.09762821596158786
100.0,product two_term,two_term,4.2166392156,0.068561613262,0.09756048106558815
100.0,product two_term,two_term,4.2854795346,0.069119024752,0.09747470409258852
100.0,product two_term,two_term,4.3548772651,0.069676436242,0.09737062677558896
100.0,product two_term,two_term,4.4248324071,0.070233847732,0.09724379527958948
100.0,product two_term,two_term,4.4953449606,0.070791259222,0.09710612979259006
100.0,product two_term,two_term,4.5664149255,0.071348670712,0.09694369639159076
100.0,product two_term,two_term,4.638042302,0.071906082202,0.09677063239259148
100.0,product two_term,two_term,4.7102270899,0.072463493691,0.09657139718259232
100.0,product two_term,two_term,4.7829692894,0.073020905181,0.09636114558259322
100.0,product two_term,two_term,4.8562689003,0.073578316671,0.0961277411495942
100.0,product two_term,two_term,4.9301259227,0.074135728161,0.09588069332259525
100.0,product two_term,two_term,5.0045403566,0.074693139651,0.09561362522659636
100.0,product two_term,two_term,5.079512202,0.075250551141,0.09533023270659756
100.0,product two_term,two_term,5.1550414589,0.075807962631,0.09502999779459884
100.0,product two_term,two_term,5.2311281273,0.076365374121,0.09471076851860018
100.0,product two_term,two_term,5.3077722072,0.076922785611,0.09437791595260159
100.0,product two_term,two_term,5.3849736985,0.077480197101,0.09402341862660309
100.0,product two_term,two_term,5.4627326014,0.078037608591,0.09365686678560463
100.0,product two_term,two_term,5.5410489157,0.078595020081,0.09326928122360625
100.0,product two_term,two_term,5.6199226415,0.079152431571,0.09286806623160795
100.0,product two_term,two_term,5.6993537788,0.079709843061,0.09244949597560972
100.0,product two_term,two_term,5.7793423276,0.080267254551,0.09201428548161156
100.0,product two_term,two_term,5.8598882879,0.080824666041,0.09156525026561346
100.0,product two_term,two_term,5.9409916597,0.08138207753,0.09109673102861543
100.0,product two_term,two_term,6.022652443,0.08193948902,0.09061586199561746
100.0,product two_term,two_term,6.1048706378,0.08249690051,0.09011661052561956
100.0,product two_term,two_term,6.187646244,0.083054312,0.08960328448762174
100.0,product two_term,two_term,6.2709792618,0.08361172349,0.08907515228262397
100.0,product two_term,two_term,6.354869691,0.08416913498,0.08853011152262627
100.0,product two_term,two_term,6.4393175317,0.08472654647,0.08797268924962862
100.0,product two_term,two_term,6.5243227839,0.08528395796,0.08739758175163105
100.0,product two_term,two_term,6.6098854476,0.08584136945,0.08680939629063353
100.0,product two_term,two_term,6.6960055228,0.08639878094,0.08620692060363608
100.0,product two_term,two_term,6.7826830095,0.08695619243,0.08558873358463868
100.0,product two_term,two_term,6.8699179077,0.08751360392,0.08495834831964134
100.0,product two_term,two_term,6.9577102174,0.08807101541,0.08431193090064408
100.0,product two_term,two_term,7.0460599385,0.0886284269,0.08365254966364687
100.0,product two_term,two_term,7.1349670712,0.08918583839,0.0829802024486497
100.0,product two_term,two_term,7.2244316153,0.089743249879,0.0822925799986526
100.0,product two_term,two_term,7.3144535709,0.090300661369,0.08159309989365555
100.0,product two_term,two_term,7.405032938,0.090858072859,0.08087963274365856
100.0,product two_term,two_term,7.4961697166,0.091415484349,0.08015293060066163
100.0,product two_term,two_term,7.5878639067,0.091972895839,0.07941452827266475
100.0,product two_term,two_term,7.6801155083,0.092530307329,0.07866171145966794
100.0,product two_term,two_term,7.7729245214,0.093087718819,0.07789711564467115
100.0,product two_term,two_term,7.866290946,0.093645130309,0.07712060581967443
100.0,product two_term,two_term,7.960214782,0.094202541799,0.07633053654667778
100.0,product two_term,two_term,8.0546960296,0.094759953289,0.07552928147968116
100.0,product two_term,two_term,8.1497346886,0.095317364779,0.07471593275668459
100.0,product two_term,two_term,8.2453307591,0.095874776269,0.07389020934368806
100.0,product two_term,two_term,8.3414842411,0.096432187759,0.07305356840469161
100.0,product two_term,two_term,8.4381951346,0.096989599249,0.07220494319569519
100.0,product two_term,two_term,8.5354634396,0.097547010739,0.07134482997569881
100.0,product two_term,two_term,8.6332891561,0.098104422228,0.07047409926770248
100.0,product two_term,two_term,8.7316722841,0.098661833718,0.06959170034270622
100.0,product two_term,two_term,8.8306128235,0.099219245208,0.06869848588570998
100.0,product two_term,two_term,8.9301107745,0.099776656698,0.0677949862287138
100.0,product two_term,two_term,9.0301661369,0.10033406819,0.06688026416971767
100.0,product two_term,two_term,9.1307789109,0.10089147968,0.06595525674872157
100.0,product two_term,two_term,9.2319490963,0.10144889117,0.06502031810772552
100.0,product two_term,two_term,9.3336766932,0.10200630266,0.06407468323472951
100.0,product two_term,two_term,9.4359617016,0.10256371415,0.06311920299073355
100.0,product two_term,two_term,9.5388041215,0.10312112564,0.06215416506273761
100.0,product two_term,two_term,9.6422039529,0.10367853713,0.061179002341741735
100.0,product two_term,two_term,9.7461611958,0.10423594862,0.06019438396174589
100.0,product two_term,two_term,9.8506758501,0.10479336011,0.05920060334575008
100.0,product two_term,two_term,9.955747916,0.1053507716,0.05819728520975432
100.0,product two_term,two_term,10.061377393,0.10590818309,0.0571848851517586
100.0,product two_term,two_term,10.167564282,0.10646559458,0.0561637278017629
100.0,product two_term,two_term,10.274308582,0.10702300607,0.055133627991767256
100.0,product two_term,two_term,10.381610294,0.10758041756,0.05409481002677164
100.0,product two_term,two_term,10.489469418,0.10813782905,0.05304766301877606
100.0,product two_term,two_term,10.597885952,0.10869524054,0.05199214899878052
100.0,product two_term,two_term,10.706859899,0.10925265203,0.050928304345785005
100.0,product two_term,two_term,10.816391256,0.10981006352,0.04985657321978953
100.0,product two_term,two_term,10.926480026,0.11036747501,0.04877705193579409
100.0,product two_term,two_term,11.037126206,0.1109248865,0.04768960943479868
100.0,product two_term,two_term,11.148329799,0.11148229799,0.046594723023803304
100.0,product two_term,two_term,11.260090802,0.11203970948,0.04549253398980795
100.0,product two_term,two_term,11.372409218,0.069954598789,0.044382987844812635
100.0,product two_term,two_term,11.4,0.035223962606,0.04411024483381379
100.0,product two_term,two_term,11.442857143,0.042642522178,0.04368603854581558
100.0,product two_term,two_term,11.485285044,0.021428571429,0.043265483638817354
100.0,product two_term,two_term,11.485714286,0.021643192108,0.04326122625181737
100.0,product two_term,two_term,11.528571429,0.042857142857,0.042835885763819165
100.0,product two_term,two_term,11.571428571,0.035073426993,0.042410044524820965
100.0,product two_term,two_term,11.598718283,0.021428571429,0.04213854516182212
100.0,product two_term,two_term,11.614285714,0.029212287293,0.041983513680822766
100.0,product two_term,two_term,11.657142857,0.042857142857,0.04155558643482457
100.0,product two_term,two_term,11.7,0.027783037553,0.041126153319826386
100.0,product two_term,two_term,11.712708932,0.063628496715,0.040998552130826926
100.0,product two_term,two_term,11.827256993,0.11482676693,0.0398431049068318
100.0,product two_term,two_term,11.942362466,0.11538417842,0.03867635403983673
100.0,product two_term,two_term,12.05802535,0.11594158991,0.03750182821484168
100.0,product two_term,two_term,12.174245646,0.1164990014,0.03632270302584666
100.0,product two_term,two_term,12.291023353,0.11705641289,0.03514238501885165
100.0,product two_term,two_term,12.408358472,0.11761382438,0.03396391023585662
100.0,product two_term,two_term,12.526251002,0.11817123587,0.03279018680086158
100.0,product two_term,two_term,12.644700943,0.11872864736,0.031623947036866495
100.0,product two_term,two_term,12.763708297,0.11928605885,0.03046777521487138
100.0,product two_term,two_term,12.883273061,0.11984347034,0.029324096189876206
100.0,product two_term,two_term,13.003395237,0.12040088183,0.028194990211880974
100.0,product two_term,two_term,13.124074825,0.12095829332,0.02708257073888567
100.0,product two_term,two_term,13.245311824,0.12151570481,0.02598872174789029
100.0,product two_term,two_term,13.367106234,0.1220731163,0.024915038926894822
100.0,product two_term,two_term,13.489458056,0.12263052779,0.02386298316389926
100.0,product two_term,two_term,13.61236729,0.12318793928,0.022833886329903606
100.0,product two_term,two_term,13.735833935,0.12374535077,0.02182890388990785
100.0,product two_term,two_term,13.859857991,0.12430276226,0.020849019545911986
100.0,product two_term,two_term,13.984439459,0.12486017375,0.01989497284891601
100.0,product two_term,two_term,14.109578339,0.12541758524,0.01896750093991993
100.0,product two_term,two_term,14.23527463,0.12597499673,0.01806711591792373
100.0,product two_term,two_term,14.361528332,0.12653240822,0.017194167144927417
100.0,product two_term,two_term,14.488339446,0.12708981971,0.016348927235930982
100.0,product two_term,two_term,14.615707972,0.1276472312,0.015531519865934432
100.0,product two_term,two_term,14.743633909,0.12820464268,0.014741973037937766
100.0,product two_term,two_term,14.872117257,0.12876205417,0.013980207050940984
100.0,product two_term,two_term,15.001158017,0.12931946566,0.013245997950944081
100.0,product two_term,two_term,15.130756189,0.12987687715,0.012539109546947067
100.0,product two_term,two_term,15.260911771,0.13043428864,0.011859195594949936
100.0,product two_term,two_term,15.391624766,0.13099170013,0.011205787426952694
100.0,product two_term,two_term,15.522895172,0.10918761709,0.010578404989955343
100.0,product two_term,two_term,15.61,0.06498098558,0.010177506759957036
100.0,product two_term,two_term,15.652857143,0.022361494533,0.00998462090795785
100.0,product two_term,two_term,15.654722989,0.021428571429,0.009976287288657884
100.0,product two_term,two_term,15.695714286,0.041924219753,0.009794550138258654
100.0,product two_term,two_term,15.738571429,0.042857142857,0.009607266334159443
100.0,product two_term,two_term,15.781428571,0.024268394677,0.009422732557860221
100.0,product two_term,two_term,15.787108218,0.021428571429,0.009398481249760324
100.0,product two_term,two_term,15.824285714,0.040017319609,0.00924085144076099
100.0,product two_term,two_term,15.867142857,0.042857142857,0.009061456270461747
100.0,product two_term,two_term,15.91,0.026454000566,0.008884495126762494
100.0,product two_term,two_term,15.920050858,0.071775455057,0.008843345903662666
100.0,product two_term,two_term,16.05355091,0.13377875758,0.00830953051146492
100.0,product two_term,two_term,16.187608373,0.13433616907,0.007797203864567084
100.0,product two_term,two_term,16.322223248,0.13489358056,0.007306539880169155
100.0,product two_term,two_term,16.457395535,0.13545099205,0.006837575307871135
100.0,product two_term,two_term,16.593125232,0.13600840354,0.006390211161473023
100.0,product two_term,two_term,16.729412342,0.13656581503,0.0059642952135748216
100.0,product two_term,two_term,16.866256862,0.13712322652,0.00555956535507653
100.0,product two_term,two_term,17.003658795,0.13768063801,0.0051756580399781515
100.0,product two_term,two_term,17.141618138,0.1382380495,0.004812164190779685
100.0,product two_term,two_term,17.280134894,0.13879546099,0.0044686097326811355
100.0,product two_term,two_term,17.41920906,0.13935287248,0.004144449400382505
100.0,product two_term,two_term,17.558840639,0.13991028397,0.0038391063286837934
100.0,product two_term,two_term,17.699029628,0.14046769546,0.0035519667879850055
100.0,product two_term,two_term,17.83977603,0.14102510695,0.0032823761110861434
100.0,product two_term,two_term,17.981079842,0.14158251844,0.0030296624662872105
100.0,product two_term,two_term,18.122941066,0.14213992993,0.0027931420042882084
100.0,product two_term,two_term,18.265359702,0.14269734142,0.002572114093389142
100.0,product two_term,two_term,18.408335749,0.14325475291,0.0023658678769900125
100.0,product two_term,two_term,18.551869208,0.1438121644,0.0021737011522908237
100.0,product two_term,two_term,18.695960078,0.14436957589,0.0019949132723915785
100.0,product two_term,two_term,18.84060836,0.14492698738,0.0018288061175922795
100.0,product two_term,two_term,18.985814053,0.14548439887,0.0016746946594929303
100.0,product two_term,two_term,19.131577158,0.14604181036,0.001531909994493533
100.0,product two_term,two_term,19.277897674,0.14659922185,0.0013997988551940907
100.0,product two_term,two_term,19.424775601,0.14715663334,0.0012777240740946061
100.0,product two_term,two_term,19.57221094,0.14771404483,0.0011650710764950817
100.0,product two_term,two_term,19.720203691,0.14827145632,0.00106124736829552
100.0,product two_term,two_term,19.868753853,0.14882886781,0.0009656817125259234
100.0,product two_term,two_term,20.017861427,0.1493862793,0.0008778277421962942
100.0,product two_term,two_term,20.167526412,0.14994369079,0.0007971685659566348
100.0,product two_term,two_term,20.317748808,0.15050110228,0.000723202841806947
100.0,product two_term,two_term,20.468528616,0.15105851377,0.000655449217087233
100.0,product two_term,two_term,20.619865836,0.15161592526,0.0005934544217074948
100.0,product two_term,two_term,20.771760467,0.15217333675,0.0005367924859877339
100.0,product two_term,two_term,20.924212509,0.15273074824,0.00048506322923795234
100.0,product two_term,two_term,21.077221963,0.15328815973,0.00043789477539815143
100.0,product two_term,two_term,21.230788829,0.15384557122,0.00039493770197833277
100.0,product two_term,two_term,21.384913106,0.15440298271,0.00035585856909849773
100.0,product two_term,two_term,21.539594794,0.1549603942,0.0003203439987486477
100.0,product two_term,two_term,21.694833894,0.15551780569,0.0002881024375487838
100.0,product two_term,two_term,21.850630405,0.15607521718,0.0002588630742489072
100.0,product two_term,two_term,22.006984328,0.15663262867,0.00023237477831901902
100.0,product two_term,two_term,22.163895663,0.15719004016,0.0002084066880691202
100.0,product two_term,two_term,22.321364409,0.15774745165,0.00018674181189921169
100.0,product two_term,two_term,22.479390566,0.15830486314,0.00016717785009929428
100.0,product two_term,two_term,22.637974135,0.15886227463,0.00014952840988936877
100.0,product two_term,two_term,22.797115115,0.15941968612,0.00013362194470943592
100.0,product two_term,two_term,22.956813507,0.15997709761,0.00011930072513949637
100.0,product two_term,two_term,23.117069311,0.1605345091,0.00010642052999955074
100.0,product two_term,two_term,23.277882525,0.16109192059,9.48480597775996e-05
100.0,product two_term,two_term,23.439253152,0.16164933208,8.446033304464345e-05
100.0,product two_term,two_term,23.60118119,0.16220674357,7.514477070268278e-05
100.0,product two_term,two_term,23.763666639,0.16276415506,6.679859423971801e-05
100.0,product two_term,two_term,23.9267095,0.16332156655,5.932807105574954e-05
100.0,product two_term,two_term,24.090309772,0.16387897804,5.2648011655777744e-05
100.0,product two_term,two_term,24.254467456,0.16443638953,4.668059770580294e-05
100.0,product two_term,two_term,24.419182551,0.16499380102,4.1354648731825425e-05
100.0,product two_term,two_term,24.584455058,0.16555121251,3.6605464343845465e-05
100.0,product two_term,two_term,24.750284976,0.166108624,3.237440842986333e-05
100.0,product two_term,two_term,24.916672306,0.16666603549,2.860840333187923e-05
100.0,product two_term,two_term,25.083617047,0.16722344698,2.5259525524893364e-05
100.0,product two_term,two_term,25.2511192,0.16778085847,2.2284375286905924e-05
100.0,product two_term,two_term,25.419178764,0.16833826996,1.9643566244917076e-05
100.0,product two_term,two_term,25.58779574,0.16889568145,1.7301543860926962e-05
100.0,product two_term,two_term,25.756970127,0.16945309294,1.5226305403935722e-05
100.0,product two_term,two_term,25.926701926,0.17001050443,1.3389078739943478e-05
100.0,product two_term,two_term,26.096991136,0.17056791592,1.1764063313950338e-05
100.0,product two_term,two_term,26.267837757,0.17112532741,1.03280494719564e-05
100.0,product two_term,two_term,26.439241791,0.1716827389,9.060129538261753e-06
100.0,product two_term,two_term,26.611203235,0.17224015039,7.941556791566475e-06
100.0,product two_term,two_term,26.783722091,0.17279756188,6.9555654413706365e-06
100.0,product two_term,two_term,26.956798359,0.17335497337,6.0871775747743026e-06
100.0,product two_term,two_term,27.130432038,0.17391238486,5.323055663177529e-06
100.0,product two_term,two_term,27.304623129,0.17446979635,4.651264448380365e-06
100.0,product two_term,two_term,27.479371631,0.17502720784,4.0611264206828564e-06
100.0,product two_term,two_term,27.654677544,0.17558461933,3.5431328675850426e-06
100.0,product two_term,two_term,27.830540869,0.17614203082,3.0888315508869602e-06
100.0,product two_term,two_term,28.006961606,0.17669944231,2.690717611088641e-06
100.0,product two_term,two_term,28.183939754,0.1772568538,2.3421519046901127e-06
100.0,product two_term,two_term,28.361475314,0.17781426529,2.0372202669913997e-06
100.0,product two_term,two_term,28.539568285,0.17837167678,1.7706659826925251e-06
100.0,product two_term,two_term,28.718218667,0.17892908827,1.537839776093508e-06
100.0,product two_term,two_term,28.897426461,0.17948649976,1.3346328577943657e-06
100.0,product two_term,two_term,29.077191667,0.18004391125,1.157422282195114e-06
100.0,product two_term,two_term,29.257514284,0.18060132274,1.0030120260957657e-06
100.0,product two_term,two_term,29.438394312,0.18115873423,8.685734190363333e-07
100.0,product two_term,two_term,29.619831752,0.18171614572,7.51610525516827e-07
100.0,product two_term,two_term,29.801826604,0.18227355721,6.499280149472563e-07
100.0,product two_term,two_term,29.984378867,0.1828309687,5.615964542376293e-07
100.0,product two_term,two_term,30.167488541,0.18338838019,4.849262145079529e-07
100.0,product two_term,two_term,30.351155627,0.18394579168,4.1843020230823356e-07
100.0,product two_term,two_term,30.535380124,0.18450320317,3.608000026984769e-07
100.0,product two_term,two_term,30.720162033,0.18506061466,3.108895765986876e-07
100.0,product two_term,two_term,30.905501354,0.18561802615,2.676962184288699e-07
100.0,product two_term,two_term,31.091398086,0.18617543764,2.303445346190276e-07
100.0,product two_term,two_term,31.277852229,0.18673284913,1.9806968083916386e-07
100.0,product two_term,two_term,31.464863784,0.18729026062,1.7020182275928147e-07
100.0,product two_term,two_term,31.65243275,0.18784767211,1.46155939229383e-07
100.0,product two_term,two_term,31.840559128,0.1884050836,1.2542235147947052e-07
100.0,product two_term,two_term,32.029242917,0.18896249509,1.0755754509954595e-07
100.0,product two_term,two_term,32.218484118,0.18951990658,9.217638570961088e-08
100.0,product two_term,two_term,32.408282731,0.19007731807,7.894314027566674e-08
100.0,product two_term,two_term,32.598638754,0.19063472956,6.756548384071477e-08
100.0,product two_term,two_term,32.78955219,0.19119214105,5.7789795961756043e-08
100.0,product two_term,two_term,32.981023036,0.19174955254,4.939621268679147e-08
100.0,product two_term,two_term,33.173051295,0.19230696403,4.219464157482187e-08
100.0,product two_term,two_term,33.365636965,0.19286437552,3.602018019484794e-08
100.0,product two_term,two_term,33.558780046,0.19342178701,3.072979181587027e-08
100.0,product two_term,two_term,33.752480539,0.1939791985,2.6199834735889396e-08
100.0,product two_term,two_term,33.946738443,0.19453660999,2.2323536286905762e-08
100.0,product two_term,two_term,34.141553758,0.19509402148,1.9008889153919753e-08
100.0,product two_term,two_term,34.336926486,0.19565143297,1.6176469106931712e-08
100.0,product two_term,two_term,34.532856624,0.19620884446,1.3757669332941922e-08
100.0,product two_term,two_term,34.729344175,0.19676625595,1.1693383197950636e-08
100.0,product two_term,two_term,34.926389136,0.19732366744,9.932760395258068e-09
100.0,product two_term,two_term,35.123991509,0.19788107893,8.432131605864402e-09
100.0,product two_term,two_term,35.322151294,0.19843849042,7.1539564446698e-09
100.0,product two_term,two_term,35.52086849,0.19899590191,6.065936819474393e-09
100.0,product two_term,two_term,35.720143098,0.1995533134,5.140344073878299e-09
100.0,product two_term,two_term,35.919975117,0.20011072489,4.353409693281622e-09
100.0,product two_term,two_term,36.120364548,0.20066813638,3.6847905636844445e-09
100.0,product two_term,two_term,36.32131139,0.20122554787,3.117063587186841e-09
100.0,product two_term,two_term,36.522815643,0.20178295936,2.6352955859888753e-09
100.0,product two_term,two_term,36.724877309,0.20234037085,2.2267113746905998e-09
100.0,product two_term,two_term,36.927496385,0.20289778234,1.880397858892062e-09
100.0,product two_term,two_term,37.130672873,0.20345519383,1.5870464245933002e-09
100.0,product two_term,two_term,37.334406773,0.20401260532,1.3387113929943487e-09
100.0,product two_term,two_term,37.538698084,0.20457001681,1.1286072173952357e-09
100.0,product two_term,two_term,37.743546806,0.2051274283,9.509493108259855e-10
100.0,product two_term,two_term,37.94895294,0.20568483979,8.008126738166194e-10
100.0,product two_term,two_term,38.154916486,0.20624225128,6.740104173771547e-10
100.0,product two_term,two_term,38.361437443,0.20679966277,5.669795554776065e-10
100.0,product two_term,two_term,38.568515812,0.20735707426,4.766878103179877e-10
100.0,product two_term,two_term,38.776151592,0.20791448575,4.0055920844830906e-10
100.0,product two_term,two_term,38.984344783,0.20847189724,3.364076149585798e-10
100.0,product two_term,two_term,39.193095386,0.20902930873,2.8238057510880795e-10
100.0,product two_term,two_term,39.4024034,0.20958672022,2.369061520089999e-10
100.0,product two_term,two_term,39.612268826,0.21014413171,1.986509694891614e-10
100.0,product two_term,two_term,39.822691664,0.2107015432,1.664861572692972e-10
100.0,product two_term,two_term,40.033671913,0.21125895469,1.3945675602941128e-10
100.0,product two_term,two_term,40.245209573,0.21181636618,1.1675574381950711e-10
100.0,product two_term,two_term,40.457304645,0.21237377767,9.770037285458757e-11
100.0,product two_term,two_term,40.669957129,0.21293118915,8.171346220965504e-11
100.0,product two_term,two_term,40.883167024,0.21348860064,6.830787917971164e-11
100.0,product two_term,two_term,41.09693433,0.21404601213,5.707283885375906e-11
100.0,product two_term,two_term,41.311259048,0.21460342362,4.76620143137988e-11
100.0,product two_term,two_term,41.526141177,0.21516083511,3.978330410983206e-11
100.0,product two_term,two_term,41.741580718,0.2157182466,3.3190599349859886e-11
100.0,product two_term,two_term,41.95757767,0.21627565809,2.7676777957883162e-11
100.0,product two_term,two_term,42.174132034,0.21683306958,2.3067718793902618e-11
100.0,product two_term,two_term,42.39124381,0.21739048107,1.9216959290918874e-11
100.0,product two_term,two_term,42.608912996,0.21794789256,1.600133403193245e-11
100.0,product two_term,two_term,42.827139595,0.21850530405,1.3317403404943782e-11
100.0,product two_term,two_term,43.045923604,0.21906271554,1.1078365623953232e-11
100.0,product two_term,two_term,43.265265026,0.21962012703,9.211433597461115e-12
100.0,product two_term,two_term,43.485163859,0.22017753852,7.655538258367682e-12
100.0,product two_term,two_term,43.705620103,0.22073495001,6.359478216373154e-12
100.0,product two_term,two_term,43.926633759,0.2212923615,5.280376420577709e-12
100.0,product two_term,two_term,44.148204826,0.22184977299,4.3823576783815e-12
100.0,product two_term,two_term,44.370333305,0.22240718448,3.635401160384653e-12
100.0,product two_term,two_term,44.593019195,0.22296459597,3.014388649387275e-12
100.0,product two_term,two_term,44.816262496,0.22352200746,2.4983248089894533e-12
100.0,product two_term,two_term,45.04006321,0.22407941895,2.069674813891263e-12
100.0,product two_term,two_term,45.264421334,0.22463683044,1.7138041949927652e-12
100.0,product two_term,two_term,45.489336871,0.22519424193,1.418494380594012e-12
100.0,product two_term,two_term,45.714809818,0.22575165342,1.1735502664950458e-12
100.0,product two_term,two_term,45.940840177,0.22630906491,9.704739391759031e-13
100.0,product two_term,two_term,46.167427948,0.2268664764,8.021876973366136e-13
100.0,product two_term,two_term,46.39457313,0.22742388789,6.627959758272021e-13
100.0,product two_term,two_term,46.622275724,0.22798129938,5.473891428776892e-13
100.0,product two_term,two_term,46.850535729,0.22853871087,4.5188245506809244e-13
100.0,product two_term,two_term,47.079353146,0.22909612236,3.7287664275842593e-13
100.0,product two_term,two_term,47.308727974,0.22965353385,3.075548972187017e-13
100.0,product two_term,two_term,47.538660213,0.23021094534,2.5356936647892957e-13
100.0,product two_term,two_term,47.769149864,0.23076835683,2.0897193022911783e-13
100.0,product two_term,two_term,48.000196927,0.23132576832,1.721458733392733e-13
100.0,product two_term,two_term,48.231801401,0.23188317981,1.417505539694016e-13
100.0,product two_term,two_term,48.463963287,0.2324405913,1.1667392648950746e-13
100.0,product two_term,two_term,48.696682584,0.23299800279,9.599399799059476e-14
100.0,product two_term,two_term,48.929959292,0.23355541428,7.894707065866673e-14
100.0,product two_term,two_term,49.163793412,0.23411282577,6.490095776372602e-14
100.0,product two_term,two_term,49.398184944,0.23467023726,5.333236439377486e-14
100.0,product two_term,two_term,49.633133887,0.23522764875,4.380824781881507e-14
100.0,product two_term,two_term,49.868640241,0.23578506024,3.5970517165848146e-14
100.0,product two_term,two_term,50.104704007,0.23634247173,2.952325911487537e-14
100.0,product two_term,two_term,50.341325185,0.23689988322,2.4222017048897748e-14
100.0,product two_term,two_term,50.578503774,0.23745729471,1.986486562491614e-14
100.0,product two_term,two_term,50.816239774,0.2380147062,1.6285112808931252e-14
100.0,product two_term,two_term,51.054533186,0.23857211769,1.3345244699943663e-14
100.0,product two_term,two_term,51.29338401,0.23912952918,1.0931874460953852e-14
100.0,product two_term,two_term,51.532792244,0.23968694067,8.95150994286221e-15
100.0,product two_term,two_term,51.772757891,0.24024435216,7.327101534569068e-15
100.0,product two_term,two_term,52.013280949,0.24080176365,5.9951943484746904e-15
100.0,product two_term,two_term,52.254361418,0.24135917514,4.903559523279299e-15
100.0,product two_term,two_term,52.495999299,0.24191658663,4.009206638683075e-15
100.0,product two_term,two_term,52.738194591,0.24247399812,3.2767654911861666e-15
100.0,product two_term,two_term,52.980947295,0.24303140961,2.6771551101886983e-15
100.0,product two_term,two_term,53.224257411,0.2435888211,2.1864787576907697e-15
100.0,product two_term,two_term,53.468124938,0.24414623259,1.785099880292464e-15
100.0,product two_term,two_term,53.712549876,0.24470364408,1.4568851534938495e-15
100.0,product two_term,two_term,53.957532226,0.24526105557,1.1885682830949824e-15
100.0,product two_term,two_term,54.203071987,0.24581846706,9.693404294259079e-16
100.0,product two_term,two_term,54.44916916,0.24637587855,7.902731307466638e-16
100.0,product two_term,two_term,54.695823744,0.24693329004,6.44060153717281e-16
100.0,product two_term,two_term,54.94303574,0.24749070153,5.247131938977848e-16
100.0,product two_term,two_term,55.190805147,0.24804811302,4.2736539133819585e-16
100.0,product two_term,two_term,55.439131966,0.24860552451,3.4795206825853106e-16
100.0,product two_term,two_term,55.688016196,0.249162936,2.8319424272880447e-16
100.0,product two_term,two_term,55.937457838,0.24972034749,2.303984673690274e-16
100.0,product two_term,two_term,56.187456891,0.25027775898,1.8736879311920902e-16
100.0,product two_term,two_term,56.438013356,0.25083517047,1.5230866378935703e-16
100.0,product two_term,two_term,56.689127232,0.25139258196,1.2375251478947758e-16
100.0,product two_term,two_term,56.94079852,0.25194999345,1.0050094045957573e-16
100.0,product two_term,two_term,57.193027219,0.25250740494,8.157464351365564e-17
100.0,product two_term,two_term,57.44581333,0.25306481643,6.617424502872065e-17
100.0,product two_term,two_term,57.699156852,0.25362222792,5.364748729477353e-17
100.0,product two_term,two_term,57.953057786,0.25417963941,4.346241738981652e-17
100.0,product two_term,two_term,58.207516131,0.2547370509,3.5185378051851466e-17
100.0,product two_term,two_term,58.462531887,0.25529446239,2.8460307027879855e-17
100.0,product two_term,two_term,58.718105055,0.25585187388,2.3014779495902843e-17
100.0,product two_term,two_term,58.974235635,0.25640928537,1.8601009488921474e-17
100.0,product two_term,two_term,59.230923626,0.25696669686,1.5027264925936562e-17
100.0,product two_term,two_term,59.488169029,0.25752410835,1.2135940079948769e-17
100.0,product two_term,two_term,59.745971843,0.25808151984,9.798544367058636e-18
100.0,product two_term,two_term,60.004332068,0.25863893133,7.911074575166602e-18
100.0,product two_term,two_term,60.263249706,0.25919634282,6.389019193873029e-18
100.0,product two_term,two_term,60.522724754,0.25975375431,5.163769603678201e-18
100.0,product two_term,two_term,60.782757214,0.2603111658,4.1797058370823554e-18
100.0,product two_term,two_term,61.043347086,0.26086857729,3.3918238240856815e-18
100.0,product two_term,two_term,61.304494369,0.26142598878,2.7637976999883327e-18
100.0,product two_term,two_term,61.566199063,0.26198340027,2.2663996212904326e-18
100.0,product two_term,two_term,61.828461169,0.26254081176,1.8762224578920796e-18
100.0,product two_term,two_term,62.091280687,0.26309822325,1.5746477920933528e-18
100.0,product two_term,two_term,62.354657616,0.26365563474,1.3470396830943135e-18
100.0,product two_term,two_term,62.618591956,0.26421304623,1.181834891595011e-18
100.0,product two_term,two_term,62.883083708,0.26477045772,1.0703769595954814e-18
100.0,product two_term,two_term,63.148132872,0.26532786921,1.0064035690957515e-18
100.0,product two_term,two_term,63.413739447,0.2658852807,9.85682950335839e-19
100.0,product two_term,two_term,63.679903433,0.26644269219,1.0057842837957542e-18
100.0,product two_term,two_term,63.946624831,0.26700010368,1.0659203657955004e-18
100.0,product two_term,two_term,64.21390364,0.26755751517,1.1668529862950742e-18
100.0,product two_term,two_term,64.481739861,0.26811492666,1.3108549476944663e-18
100.0,product two_term,two_term,64.750133494,0.26867233815,1.5017259424936606e-18
100.0,product two_term,two_term,65.019084538,0.26922974964,1.7448580927926343e-18
100.0,product two_term,two_term,65.288592993,0.26978716113,1.7270621290927092e-18
100.0,product two_term,two_term,65.55865886,0.27034457262,1.7018880244928156e-18
100.0,product two_term,two_term,65.829282138,0.27090198411,1.7198650207927396e-18
100.0,product two_term,two_term,66.100462828,0.2714593956,1.7630121782925576e-18
100.0,product two_term,two_term,66.372200929,0.27201680709,1.8105968742923563e-18
100.0,product two_term,two_term,66.644496442,0.27257421858,1.8383752950922395e-18
100.0,product two_term,two_term,66.917349367,0.27313163007,1.816232199192333e-18
100.0,product two_term,two_term,67.190759702,0.27368904156,1.6953615775928432e-18
100.0,product two_term,two_term,67.46472745,0.27424645305,1.4784960093937585e-18
100.0,product two_term,two_term,67.739252609,0.27480386454,1.1909283237949726e-18
100.0,product two_term,two_term,68.014335179,0.27536127603,8.585019784263758e-19
100.0,product two_term,two_term,68.289975161,0.27591868752,5.447442737477004e-19
100.0,product two_term,two_term,68.566172554,0.27647609901,2.490785853689485e-19
100.0,product two_term,two_term,68.842927359,0.2770335105,0.0
100.0,product two_term,two_term,69.120239575,0.27759092199,0.0
100.0,product two_term,two_term,69.398109203,0.27814833348,0.0
100.0,product two_term,two_term,69.676536242,0.27870574497,0.0
100.0,product two_term,two_term,69.955520693,0.27926315646,0.0
100.0,product two_term,two_term,70.235062555,0.27982056795,0.0
100.0,product two_term,two_term,70.515161828,0.28037797944,0.0
100.0,product two_term,two_term,70.795818514,0.28093539093,0.0
100.0,product two_term,two_term,71.07703261,0.28149280242,0.0
100.0,product two_term,two_term,71.358804118,0.28205021391,0.0
100.0,product two_term,two_term,71.641133038,0.2826076254,0.0
100.0,product two_term,two_term,71.924019369,0.28316503689,0.0
100.0,product two_term,two_term,72.207463112,0.28372244838,0.0
100.0,product two_term,two_term,72.491464266,0.28427985987,0.0
100.0,product two_term,two_term,72.776022832,0.28483727136,0.0
100.0,product two_term,two_term,73.061138809,0.28539468285,0.0
100.0,product two_term,two_term,73.346812197,0.28595209434,0.0
100.0,product two_term,two_term,73.633042997,0.28650950583,0.0
100.0,product two_term,two_term,73.919831209,0.28706691732,0.0
100.0,product two_term,two_term,74.207176832,0.28762432881,6.013376140074615e-20
100.0,product two_term,two_term,74.495079867,0.2881817403,1.400688234694087e-19
100.0,product two_term,two_term,74.783540313,0.28873915179,2.302021662490282e-19
100.0,product two_term,two_term,75.07255817,0.28929656328,3.346232380585874e-19
100.0,product two_term,two_term,75.362133439,0.28985397477,4.583003589080653e-19
100.0,product two_term,two_term,75.65226612,0.29041138626,6.073215829174362e-19
100.0,product two_term,two_term,75.942956212,0.29096879775,7.892004377366684e-19
100.0,product two_term,two_term,76.234203715,0.29152620924,1.0132624480957225e-18
100.0,product two_term,two_term,76.52600863,0.29208362073,1.2911330319945494e-18
100.0,product two_term,two_term,76.818370957,0.29264103222,1.637352737393088e-18
100.0,product two_term,two_term,77.111290695,0.29319844371,1.930930717291849e-18
100.0,product two_term,two_term,77.404767844,0.2937558552,3.133527641886772e-18
100.0,product two_term,two_term,77.698802405,0.29431326669,4.502611560380992e-18
100.0,product two_term,two_term,77.993394377,0.29487067818,6.1111419518742024e-18
100.0,product two_term,two_term,78.288543761,0.29542808967,8.045135396966038e-18
100.0,product two_term,two_term,78.584250557,0.29598550116,1.040834085595606e-17
100.0,product two_term,two_term,78.880514764,0.29654291265,3.4694469519853535e-18
100.0,product two_term,two_term,79.177336382,0.29710032414,2.4049868820898473e-18
100.0,product two_term,two_term,79.474715412,0.29765773563,1.464179206093819e-18
100.0,product two_term,two_term,79.772651853,0.29821514711,5.955303021874861e-19
100.0,product two_term,two_term,80.071145706,0.2987725586,0.0
100.0,product two_term,two_term,80.37019697,0.29932997009,0.0
100.0,product two_term,two_term,80.669805646,0.29988738158,0.0
100.0,product two_term,two_term,80.969971734,0.30044479307,0.0
100.0,product two_term,two_term,81.270695232,0.30100220456,0.0
100.0,product two_term,two_term,81.571976143,0.30155961605,0.0
100.0,product two_term,two_term,81.873814465,0.30211702754,0.0
100.0,product two_term,two_term,82.176210198,0.30267443903,0.0
100.0,product two_term,two_term,82.479163343,0.30323185052,0.0
100.0,product two_term,two_term,82.782673899,0.30378926201,0.0
100.0,product two_term,two_term,83.086741867,0.3043466735,0.0
100.0,product two_term,two_term,83.391367246,0.30490408499,0.0
100.0,product two_term,two_term,83.696550037,0.30546149648,0.0
100.0,product two_term,two_term,84.002290239,0.30601890797,0.0
100.0,product two_term,two_term,84.308587853,0.30657631946,0.0
100.0,product two_term,two_term,84.615442878,0.30713373095,0.0
100.0,product two_term,two_term,84.922855315,0.30769114244,0.0
100.0,product two_term,two_term,85.230825163,0.30824855393,0.0
100.0,product two_term,two_term,85.539352422,0.30880596542,0.0
100.0,product two_term,two_term,85.848437094,0.30936337691,0.0
100.0,product two_term,two_term,86.158079176,0.3099207884,0.0
100.0,product two_term,two_term,86.46827867,0.31047819989,0.0
100.0,product two_term,two_term,86.779035576,0.31103561138,0.0
100.0,product two_term,two_term,87.090349893,0.31159302287,0.0
100.0,product two_term,two_term,87.402221622,0.31215043436,0.0
100.0,product two_term,two_term,87.714650762,0.31270784585,0.0
100.0,product two_term,two_term,88.027637313,0.31326525734,0.0
100.0,product two_term,two_term,88.341181277,0.31382266883,1.3276057661943955e-20
100.0,product two_term,two_term,88.655282651,0.31438008032,2.8905536198877973e-20
100.0,product two_term,two_term,88.969941437,0.31493749181,4.6136844818805233e-20
100.0,product two_term,two_term,89.285157635,0.3154949033,6.601529636872132e-20
100.0,product two_term,two_term,89.600931244,0.31605231479,8.96846127456214e-20
100.0,product two_term,two_term,89.917262264,0.31660972628,1.1851043747949972e-19
100.0,product two_term,two_term,90.234150696,0.31716713777,1.541599963993492e-19
100.0,product two_term,two_term,90.55159654,0.31772454926,1.9989977554915615e-19
100.0,product two_term,two_term,90.869599795,0.31828196075,2.568988596189155e-19
100.0,product two_term,two_term,91.188160461,0.31883937224,3.2876067093861214e-19
100.0,product two_term,two_term,91.507278539,0.31939678373,4.1967354211822835e-19
100.0,product two_term,two_term,91.826954029,0.31995419522,5.349452028977418e-19
100.0,product two_term,two_term,92.14718693,0.32051160671,6.813166751671239e-19
100.0,product two_term,two_term,92.467977242,0.3210690182,8.673617379863386e-19
100.0,product two_term,two_term,92.789324966,0.32162642969,8.673617379863386e-19
100.0,product two_term,two_term,93.111230102,0.32218384118,6.816020024671226e-19
100.0,product two_term,two_term,93.433692649,0.32274125267,5.355246286077393e-19
100.0,product two_term,two_term,93.756712607,0.32329866416,4.2067657653822415e-19
100.0,product two_term,two_term,94.080289977,0.32385607565,3.3040072045860524e-19
100.0,product two_term,two_term,94.404424758,0.32441348714,2.5945539365890477e-19
100.0,product two_term,two_term,94.729116951,0.32497089863,2.0371449439914005e-19
100.0,product two_term,two_term,95.054366556,0.32552831012,1.5993082104932485e-19
100.0,product two_term,two_term,95.380173571,0.32608572161,1.2554949289947e-19
100.0,product two_term,two_term,95.706537999,0.3266431331,9.856102134458392e-20
100.0,product two_term,two_term,96.033459838,0.32720054459,7.738545103767332e-20
100.0,product two_term,two_term,96.360939088,0.32775795608,6.078110057374341e-20
100.0,product two_term,two_term,96.68897575,0.32831536757,4.7772794280798324e-20
100.0,product two_term,two_term,97.017569823,0.32887277906,3.759535443984129e-20
100.0,product two_term,two_term,97.346721308,0.32943019055,2.964918169187484e-20
100.0,product two_term,two_term,97.676430204,0.32998760204,2.346543336590094e-20
100.0,product two_term,two_term,98.006696512,0.33054501353,1.867872974792115e-20
100.0,product two_term,two_term,98.337520231,0.33110242502,1.5005850030936652e-20
100.0,product two_term,two_term,98.668901362,0.33165983651,1.2229221663948375e-20
100.0,product two_term,two_term,99.000839904,0.332217248,1.0184214615957006e-20
100.0,product two_term,two_term,99.333335858,0.33277465949,8.749525064163065e-21
100.0,product two_term,two_term,99.666389223,0.33333207098,7.840109540866903e-21
100.0,product two_term,two_term,100.0,0.33361077673,7.402244304468752e-21
100.0,product internal MC,monte_carlo,0.25,0.5,0.030097831378983433
100.0,product internal MC,monte_carlo,0.75,0.5,0.055984263376969184
100.0,product internal MC,monte_carlo,1.25,0.5,0.07388257337295934
100.0,product internal MC,monte_carlo,1.75,0.5,0.08266935962295449
100.0,product internal MC,monte_carlo,2.25,0.5,0.08949742007395073
100.0,product internal MC,monte_carlo,2.75,0.5,0.09477273045094783
100.0,product internal MC,monte_carlo,3.25,0.5,0.0995508681429452
100.0,product internal MC,monte_carlo,3.75,0.5,0.10042692535994473
100.0,product internal MC,monte_carlo,4.25,0.5,0.09988737391894502
100.0,product internal MC,monte_carlo,4.75,0.5,0.0975566691279463
100.0,product internal MC,monte_carlo,5.25,0.5,0.09571456183794733
100.0,product internal MC,monte_carlo,5.75,0.5,0.09366421710894844
100.0,product internal MC,monte_carlo,6.25,0.5,0.0904561996099502
100.0,product internal MC,monte_carlo,6.75,0.5,0.08674084468295226
100.0,product internal MC,monte_carlo,7.25,0.5,0.08218170051095476
100.0,product internal MC,monte_carlo,7.75,0.5,0.07880204817795662
100.0,product internal MC,monte_carlo,8.25,0.5,0.07504628268595868
100.0,product internal MC,monte_carlo,8.75,0.5,0.07050678843796118
100.0,product internal MC,monte_carlo,9.25,0.5,0.0644992490389645
100.0,product internal MC,monte_carlo,9.75,0.5,0.05921469934296741
100.0,product internal MC,monte_carlo,10.25,0.5,0.05405272854597025
100.0,product internal MC,monte_carlo,10.75,0.5,0.049858052197972555
100.0,product internal MC,monte_carlo,11.25,0.5,0.045084610621975184
100.0,product internal MC,monte_carlo,11.75,0.5,0.03849896962597881
100.0,product internal MC,monte_carlo,12.25,0.5,0.03334019236898165
100.0,product internal MC,monte_carlo,12.75,0.5,0.028262098346984444
100.0,product internal MC,monte_carlo,13.25,0.5,0.02412829546498672
100.0,product internal MC,monte_carlo,13.75,0.5,0.019923024885989033
100.0,product internal MC,monte_carlo,14.25,0.5,0.017196692704990534
100.0,product internal MC,monte_carlo,14.75,0.5,0.014457206594992042
100.0,product internal MC,monte_carlo,15.25,0.5,0.011913255478993443
100.0,product internal MC,monte_carlo,15.75,0.5,0.009200729080594935
100.0,product internal MC,monte_carlo,16.25,0.5,0.007349286386395954
100.0,product internal MC,monte_carlo,16.75,0.5,0.006003453019996695
100.0,product internal MC,monte_carlo,17.25,0.5,0.0047385559587973915
100.0,product internal MC,monte_carlo,17.75,0.5,0.003572410185198034
100.0,product internal MC,monte_carlo,18.25,0.5,0.0028935099720984073
100.0,product internal MC,monte_carlo,18.75,0.5,0.002155022559398814
100.0,product internal MC,monte_carlo,19.25,0.5,0.0015064894912991708
100.0,product internal MC,monte_carlo,19.75,0.5,0.0011746252008993535
100.0,product internal MC,monte_carlo,20.25,0.5,0.0008713570169495204
100.0,product internal MC,monte_carlo,20.75,0.5,0.0006761240995096278
100.0,product internal MC,monte_carlo,21.25,0.5,0.00047131200725974054
100.0,product internal MC,monte_carlo,21.75,0.5,0.0003968814793497815
100.0,product internal MC,monte_carlo,22.25,0.5,0.0002863241657498424
100.0,product internal MC,monte_carlo,22.75,0.5,0.0002063856579398864
100.0,product internal MC,monte_carlo,23.25,0.5,0.00017681098227990266
100.0,product internal MC,monte_carlo,23.75,0.5,0.00013757053243992426
100.0,product internal MC,monte_carlo,24.25,0.5,9.773072714094621e-05
100.0,product internal MC,monte_carlo,24.75,0.5,5.830285492796791e-05
100.0,product internal MC,monte_carlo,25.25,0.5,4.279875520597644e-05
100.0,product internal MC,monte_carlo,25.75,0.5,4.0699650786977596e-05
100.0,product internal MC,monte_carlo,26.25,0.5,3.3550762695981535e-05
100.0,product internal MC,monte_carlo,26.75,0.5,8.569697228095282e-06
100.0,product internal MC,monte_carlo,27.25,0.5,1.1274945143993793e-05
100.0,product internal MC,monte_carlo,27.75,0.5,8.113793011795534e-06
100.0,product internal MC,monte_carlo,28.25,0.5,4.88727552589731e-06
100.0,product internal MC,monte_carlo,28.75,0.5,6.19587456689659e-06
100.0,product internal MC,monte_carlo,29.25,0.5,1.0915160456993993e-06
100.0,product internal MC,monte_carlo,29.75,0.5,1.7071500111990601e-06
100.0,product internal MC,monte_carlo,30.25,0.5,4.96102629029727e-07
100.0,product internal MC,monte_carlo,30.75,0.5,0.0
100.0,product internal MC,monte_carlo,31.25,0.5,0.0
100.0,product internal MC,monte_carlo,31.75,0.5,0.0
100.0,product internal MC,monte_carlo,32.25,0.5,0.0
100.0,product internal MC,monte_carlo,32.75,0.5,0.0
100.0,product internal MC,monte_carlo,33.25,0.5,0.0
100.0,product internal MC,monte_carlo,33.75,0.5,0.0
100.0,product internal MC,monte_carlo,34.25,0.5,0.0
100.0,product internal MC,monte_carlo,34.75,0.5,0.0
100.0,product internal MC,monte_carlo,35.25,0.5,0.0
100.0,product internal MC,monte_carlo,35.75,0.5,0.0
100.0,product internal MC,monte_carlo,36.25,0.5,0.0
100.0,product internal MC,monte_carlo,36.75,0.5,0.0
100.0,product internal MC,monte_carlo,37.25,0.5,0.0
100.0,product internal MC,monte_carlo,37.75,0.5,0.0
100.0,product internal MC,monte_carlo,38.25,0.5,0.0
100.0,product internal MC,monte_carlo,38.75,0.5,0.0
100.0,product internal MC,monte_carlo,39.25,0.5,0.0
100.0,product internal MC,monte_carlo,39.75,0.5,0.0
100.0,product internal MC,monte_carlo,40.25,0.5,0.0
100.0,product internal MC,monte_carlo,40.75,0.5,0.0
100.0,product internal MC,monte_carlo,41.25,0.5,0.0
100.0,product internal MC,monte_carlo,41.75,0.5,0.0
100.0,product internal MC,monte_carlo,42.25,0.5,0.0
100.0,product internal MC,monte_carlo,42.75,0.5,0.0
100.0,product internal MC,monte_carlo,43.25,0.5,0.0
100.0,product internal MC,monte_carlo,43.75,0.5,0.0
100.0,product internal MC,monte_carlo,44.25,0.5,0.0
100.0,product internal MC,monte_carlo,44.75,0.5,0.0
100.0,product internal MC,monte_carlo,45.25,0.5,0.0
100.0,product internal MC,monte_carlo,45.75,0.5,0.0
100.0,product internal MC,monte_carlo,46.25,0.5,0.0
100.0,product internal MC,monte_carlo,46.75,0.5,0.0
100.0,product internal MC,monte_carlo,47.25,0.5,0.0
100.0,product internal MC,monte_carlo,47.75,0.5,0.0
100.0,product internal MC,monte_carlo,48.25,0.5,0.0
100.0,product internal MC,monte_carlo,48.75,0.5,0.0
100.0,product internal MC,monte_carlo,49.25,0.5,0.0
100.0,product internal MC,monte_carlo,49.75,0.5,0.0
100.0,product internal MC,monte_carlo,50.25,0.5,0.0
100.0,product internal MC,monte_carlo,50.75,0.5,0.0
100.0,product internal MC,monte_carlo,51.25,0.5,0.0
100.0,product internal MC,monte_carlo,51.75,0.5,0.0
100.0,product internal MC,monte_carlo,52.25,0.5,0.0
100.0,product internal MC,monte_carlo,52.75,0.5,0.0
100.0,product internal MC,monte_carlo,53.25,0.5,0.0
100.0,product internal MC,monte_carlo,53.75,0.5,0.0
100.0,product internal MC,monte_carlo,54.25,0.5,0.0
100.0,product internal MC,monte_carlo,54.75,0.5,0.0
100.0,product internal MC,monte_carlo,55.25,0.5,0.0
100.0,product internal MC,monte_carlo,55.75,0.5,0.0
100.0,product internal MC,monte_carlo,56.25,0.5,0.0
100.0,product internal MC,monte_carlo,56.75,0.5,0.0
100.0,product internal MC,monte_carlo,57.25,0.5,0.0
100.0,product internal MC,monte_carlo,57.75,0.5,0.0
100.0,product internal MC,monte_carlo,58.25,0.5,0.0
100.0,product internal MC,monte_carlo,58.75,0.5,0.0
100.0,product internal MC,monte_carlo,59.25,0.5,0.0
100.0,product internal MC,monte_carlo,59.75,0.5,0.0
100.0,product internal MC,monte_carlo,60.25,0.5,0.0
100.0,product internal MC,monte_carlo,60.75,0.5,0.0
100.0,product internal MC,monte_carlo,61.25,0.5,0.0
100.0,product internal MC,monte_carlo,61.75,0.5,0.0
100.0,product internal MC,monte_carlo,62.25,0.5,0.0
100.0,product internal MC,monte_carlo,62.75,0.5,0.0
100.0,product internal MC,monte_carlo,63.25,0.5,0.0
100.0,product internal MC,monte_carlo,63.75,0.5,0.0
100.0,product internal MC,monte_carlo,64.25,0.5,0.0
100.0,product internal MC,monte_carlo,64.75,0.5,0.0
100.0,product internal MC,monte_carlo,65.25,0.5,0.0
100.0,product internal MC,monte_carlo,65.75,0.5,0.0
100.0,product internal MC,monte_carlo,66.25,0.5,0.0
100.0,product internal MC,monte_carlo,66.75,0.5,0.0
100.0,product internal MC,monte_carlo,67.25,0.5,0.0
100.0,product internal MC,monte_carlo,67.75,0.5,0.0
100.0,product internal MC,monte_carlo,68.25,0.5,0.0
100.0,product internal MC,monte_carlo,68.75,0.5,0.0
100.0,product internal MC,monte_carlo,69.25,0.5,0.0
100.0,product internal MC,monte_carlo,69.75,0.5,0.0
100.0,product internal MC,monte_carlo,70.25,0.5,0.0
100.0,product internal MC,monte_carlo,70.75,0.5,0.0
100.0,product internal MC,monte_carlo,71.25,0.5,0.0
100.0,product internal MC,monte_carlo,71.75,0.5,0.0
100.0,product internal MC,monte_carlo,72.25,0.5,0.0
100.0,product internal MC,monte_carlo,72.75,0.5,0.0
100.0,product internal MC,monte_carlo,73.25,0.5,0.0
100.0,product internal MC,monte_carlo,73.75,0.5,0.0
100.0,product internal MC,monte_carlo,74.25,0.5,0.0
100.0,product internal MC,monte_carlo,74.75,0.5,0.0
100.0,product internal MC,monte_carlo,75.25,0.5,0.0
100.0,product internal MC,monte_carlo,75.75,0.5,0.0
100.0,product internal MC,monte_carlo,76.25,0.5,0.0
100.0,product internal MC,monte_carlo,76.75,0.5,0.0
100.0,product internal MC,monte_carlo,77.25,0.5,0.0
100.0,product internal MC,monte_carlo,77.75,0.5,0.0
100.0,product internal MC,monte_carlo,78.25,0.5,0.0
100.0,product internal MC,monte_carlo,78.75,0.5,0.0
100.0,product internal MC,monte_carlo,79.25,0.5,0.0
100.0,product internal MC,monte_carlo,79.75,0.5,0.0
100.0,product internal MC,monte_carlo,85.0,10.0,0.0
100.0,product internal MC,monte_carlo,95.0,10.0,0.0
100.0,product internal MC,monte_carlo,105.0,10.0,0.0
100.0,product internal MC,monte_carlo,115.0,10.0,0.0
100.0,product internal MC,monte_carlo,125.0,10.0,0.0
100.0,product internal MC,monte_carlo,135.0,10.0,0.0
100.0,product internal MC,monte_carlo,145.0,10.0,0.0
100.0,product internal MC,monte_carlo,155.0,10.0,0.0
100.0,product internal MC,monte_carlo,165.0,10.0,0.0
100.0,product internal MC,monte_carlo,175.0,10.0,0.0
100.0,product internal MC,monte_carlo,185.0,10.0,0.0
100.0,product internal MC,monte_carlo,195.0,10.0,0.0
100.0,product internal MC,monte_carlo,205.0,10.0,0.0
100.0,product internal MC,monte_carlo,215.0,10.0,0.0
100.0,product internal MC,monte_carlo,225.0,10.0,0.0
100.0,product internal MC,monte_carlo,235.0,10.0,0.0
100.0,product internal MC,monte_carlo,245.0,10.0,0.0
100.0,product internal MC,monte_carlo,255.0,10.0,0.0
100.0,product internal MC,monte_carlo,270.0,20.0,0.0
100.0,product internal MC,monte_carlo,290.0,20.0,0.0
100.0,product internal MC,monte_carlo,310.0,20.0,0.0
100.0,product internal MC,monte_carlo,330.0,20.0,0.0
100.0,product internal MC,monte_carlo,350.0,20.0,0.0
100.0,product internal MC,monte_carlo,370.0,20.0,0.0
100.0,product internal MC,monte_carlo,390.0,20.0,0.0
100.0,product internal MC,monte_carlo,410.0,20.0,0.0
100.0,product internal MC,monte_carlo,430.0,20.0,0.0
100.0,product internal MC,monte_carlo,450.0,20.0,0.0
100.0,product internal MC,monte_carlo,470.0,20.0,0.0
100.0,product internal MC,monte_carlo,490.0,20.0,0.0
100.0,product internal MC,monte_carlo,510.0,20.0,0.0
100.0,product internal MC,monte_carlo,530.0,20.0,0.0
100.0,product internal MC,monte_carlo,550.0,20.0,0.0
100.0,product internal MC,monte_carlo,570.0,20.0,0.0
100.0,product internal MC,monte_carlo,590.0,20.0,0.0
100.0,product internal MC,monte_carlo,610.0,20.0,0.0
100.0,product internal MC,monte_carlo,630.0,20.0,0.0
100.0,product internal MC,monte_carlo,650.0,20.0,0.0
100.0,product internal MC,monte_carlo,670.0,20.0,0.0
100.0,product internal MC,monte_carlo,690.0,20.0,0.0
100.0,product internal MC,monte_carlo,710.0,20.0,0.0
100.0,product internal MC,monte_carlo,730.0,20.0,0.0
100.0,product internal MC,monte_carlo,750.0,20.0,0.0
100.0,product internal MC,monte_carlo,770.0,20.0,0.0
100.0,product internal MC,monte_carlo,790.0,20.0,0.0
100.0,product internal MC,monte_carlo,810.0,20.0,0.0
100.0,product internal MC,monte_carlo,830.0,20.0,0.0
100.0,product internal MC,monte_carlo,850.0,20.0,0.0
100.0,product internal MC,monte_carlo,870.0,20.0,0.0
100.0,product internal MC,monte_carlo,890.0,20.0,0.0
100.0,product internal MC,monte_carlo,910.0,20.0,0.0
100.0,product internal MC,monte_carlo,930.0,20.0,0.0
100.0,product internal MC,monte_carlo,950.0,20.0,0.0
100.0,product internal MC,monte_carlo,970.0,20.0,0.0
100.0,product internal MC,monte_carlo,990.0,20.0,0.0
200.0,product two_term,two_term,0.0001,0.00027419112544,0.0005738932397794559
200.0,product two_term,two_term,0.00044838225089,0.00069676450177,0.0010295401929990237
200.0,product two_term,two_term,0.0014935290035,0.0013935290035,0.001948958024298152
200.0,product two_term,two_term,0.003235440258,0.0020902935053,0.0028957394821972544
200.0,product two_term,two_term,0.0056741160142,0.0027870580071,0.0038483023610963512
200.0,product two_term,two_term,0.0088095562721,0.0034838225089,0.004802907970195446
200.0,product two_term,two_term,0.012641761032,0.0041805870106,0.00575841981729454
200.0,product two_term,two_term,0.017170730293,0.0048773515124,0.006714390836493634
200.0,product two_term,two_term,0.022396464057,0.0055741160142,0.0076706136508927275
200.0,product two_term,two_term,0.028318962322,0.0062708805159,0.00862691080169182
200.0,product two_term,two_term,0.034938225089,0.0069676450177,0.009583268506990913
200.0,product two_term,two_term,0.042254252357,0.0076644095195,0.010539643856990006
200.0,product two_term,two_term,0.050267044128,0.0083611740213,0.0114960422819891
200.0,product two_term,two_term,0.0589766004,0.009057938523,0.012452381083988193
200.0,product two_term,two_term,0.068382921174,0.0097547030248,0.013408628834987286
200.0,product two_term,two_term,0.078486006449,0.010451467527,0.01436475257798638
200.0,product two_term,two_term,0.089285856227,0.011148232028,0.015320759515985473
200.0,product two_term,two_term,0.10078247051,0.01184499653,0.016276617088984566
200.0,product two_term,two_term,0.11297584929,0.012541761032,0.017232225793983664
200.0,product two_term,two_term,0.12586599257,0.013238525534,0.018187760684982755
200.0,product two_term,two_term,0.13945290035,0.013935290035,0.019143243884981852
200.0,product two_term,two_term,0.15373657264,0.014632054537,0.020098622039980942
200.0,product two_term,two_term,0.16871700943,0.015328819039,0.02105374654498004
200.0,product two_term,two_term,0.18439421072,0.016025583541,0.022008066567979136
200.0,product two_term,two_term,0.20076817651,0.016722348043,0.02296214859997823
200.0,product two_term,two_term,0.2178389068,0.017419112544,0.023916327011977323
200.0,product two_term,two_term,0.2356064016,0.018115877046,0.02487064857297642
200.0,product two_term,two_term,0.2540706609,0.018812641548,0.025824038533975517
200.0,product two_term,two_term,0.27323168469,0.01950940605,0.026776154426974615
200.0,product two_term,two_term,0.29308947299,0.020206170551,0.02772820007997371
200.0,product two_term,two_term,0.3136440258,0.020902935053,0.028680185957972806
200.0,product two_term,two_term,0.3348953431,0.021599699555,0.029631451410971905
200.0,product two_term,two_term,0.35684342491,0.022296464057,0.030581911367971004
200.0,product two_term,two_term,0.37948827121,0.022993228558,0.0315318065119701
200.0,product two_term,two_term,0.40282988202,0.02368999306,0.032480046986969206
200.0,product two_term,two_term,0.42686825733,0.024386757562,0.03342643995196831
200.0,product two_term,two_term,0.45160339715,0.025083522064,0.03437260457896741
200.0,product two_term,two_term,0.47703530146,0.025780286566,0.03531802234596651
200.0,product two_term,two_term,0.50316397028,0.026477051067,0.036260593703965616
200.0,product two_term,two_term,0.5299894036,0.027173815569,0.03720034418796473
200.0,product two_term,two_term,0.55751160142,0.027870580071,0.03813859916296384
200.0,product two_term,two_term,0.58573056374,0.028567344573,0.03907340761596295
200.0,product two_term,two_term,0.61464629056,0.029264109074,0.04000704613296206
200.0,product two_term,two_term,0.64425878189,0.029960873576,0.040936103659961184
200.0,product two_term,two_term,0.67456803771,0.030657638078,0.04185992015696031
200.0,product two_term,two_term,0.70557405804,0.03135440258,0.042781927342959436
200.0,product two_term,two_term,0.73727684287,0.032051167081,0.04369762257795857
200.0,product two_term,two_term,0.76967639221,0.032747931583,0.0446104508289577
200.0,product two_term,two_term,0.80277270604,0.033444696085,0.04551433897395685
200.0,product two_term,two_term,0.83656578438,0.034141460587,0.04641376309495599
200.0,product two_term,two_term,0.87105562721,0.034838225089,0.04730893450095515
200.0,product two_term,two_term,0.90624223455,0.03553498959,0.04819572345795431
200.0,product two_term,two_term,0.94212560639,0.036231754092,0.04907539117195347
200.0,product two_term,two_term,0.97870574274,0.036928518594,0.04994643256995264
200.0,product two_term,two_term,1.0159826436,0.037625283096,0.050815053650951826
200.0,product two_term,two_term,1.0539563089,0.038322047597,0.05166915475795101
200.0,product two_term,two_term,1.0926267388,0.039018812099,0.0525184904499502
200.0,product two_term,two_term,1.1319939331,0.039715576601,0.05335849291394941
200.0,product two_term,two_term,1.172057892,0.040412341103,0.05419294842794862
200.0,product two_term,two_term,1.2128186153,0.041109105604,0.05501223810094784
200.0,product two_term,two_term,1.2542761032,0.041805870106,0.05582861813694707
200.0,product two_term,two_term,1.2964303555,0.042502634608,0.05663389100794631
200.0,product two_term,two_term,1.3392813724,0.04319939911,0.05742793959594555
200.0,product two_term,two_term,1.3828291538,0.043896163612,0.05821222768894481
200.0,product two_term,two_term,1.4270736996,0.044592928113,0.058992023683944066
200.0,product two_term,two_term,1.47201501,0.045289692615,0.05975391270794334
200.0,product two_term,two_term,1.5176530849,0.045986457117,0.06050941242394263
200.0,product two_term,two_term,1.5639879242,0.046683221619,0.06125776112394192
200.0,product two_term,two_term,1.6110195281,0.04737998612,0.061987828816941225
200.0,product two_term,two_term,1.6587478965,0.048076750622,0.06271308500494054
200.0,product two_term,two_term,1.7071730293,0.048773515124,0.06342522687293987
200.0,product two_term,two_term,1.7562949267,0.049470279626,0.0641234421439392
200.0,product two_term,two_term,1.8061135886,0.050167044128,0.06481337253993855
200.0,product two_term,two_term,1.856629015,0.050863808629,0.06548962128093791
200.0,product two_term,two_term,1.9078412058,0.051560573131,0.06615379158093727
200.0,product two_term,two_term,1.9597501612,0.052257337633,0.06680724781493666
200.0,product two_term,two_term,2.0123558811,0.052954102135,0.06744443188793606
200.0,product two_term,two_term,2.0656583655,0.053650866636,0.06807191855993545
200.0,product two_term,two_term,2.1196576144,0.054347631138,0.06868609226393488
200.0,product two_term,two_term,2.1743536278,0.05504439564,0.06928378824193432
200.0,product two_term,two_term,2.2297464057,0.055741160142,0.06987322058993374
200.0,product two_term,two_term,2.2858359481,0.056437924643,0.07044351832893321
200.0,product two_term,two_term,2.342622255,0.057134689145,0.07100267835793268
200.0,product two_term,two_term,2.4001053264,0.057831453647,0.07155015078993217
200.0,product two_term,two_term,2.4582851622,0.058528218149,0.07207743988393167
200.0,product two_term,two_term,2.5171617626,0.059224982651,0.07259694315293116
200.0,product two_term,two_term,2.5767351275,0.059921747152,0.0730969921019307
200.0,product two_term,two_term,2.637005257,0.060618511654,0.07358412319393023
200.0,product two_term,two_term,2.6979721509,0.061315276156,0.07405583897292979
200.0,product two_term,two_term,2.7596358093,0.062012040658,0.07451297156892935
200.0,product two_term,two_term,2.8219962322,0.062708805159,0.07495703065792893
200.0,product two_term,two_term,2.8850534196,0.063405569661,0.07538096294092853
200.0,product two_term,two_term,2.9488073715,0.064102334163,0.07579637626992813
200.0,product two_term,two_term,3.0132580879,0.064799098665,0.07618933291492777
200.0,product two_term,two_term,3.0784055688,0.065495863166,0.0765720725289274
200.0,product two_term,two_term,3.1442498142,0.066192627668,0.07693411025092706
200.0,product two_term,two_term,3.2107908242,0.06688939217,0.07728481536192673
200.0,product two_term,two_term,3.2780285986,0.067586156672,0.07761742694792641
200.0,product two_term,two_term,3.3459631375,0.068282921174,0.0779352415909261
200.0,product two_term,two_term,3.4145944409,0.068979685675,0.07823594137592582
200.0,product two_term,two_term,3.4839225089,0.069676450177,0.07852116516792555
200.0,product two_term,two_term,3.5539473413,0.070373214679,0.0787910849039253
200.0,product two_term,two_term,3.6246689382,0.071069979181,0.07904412767992507
200.0,product two_term,two_term,3.6960872996,0.071766743682,0.07928129301292484
200.0,product two_term,two_term,3.7682024256,0.072463508184,0.07950088921192462
200.0,product two_term,two_term,3.841014316,0.073160272686,0.07970625172192441
200.0,product two_term,two_term,3.914522971,0.073857037188,0.07989366785692426
200.0,product two_term,two_term,3.9887283904,0.07455380169,0.08006763365692408
200.0,product two_term,two_term,4.0636305743,0.075250566191,0.08022411866992393
200.0,product two_term,two_term,4.1392295228,0.075947330693,0.08036301479692382
200.0,product two_term,two_term,4.2155252357,0.076644095195,0.08048560537692369
200.0,product two_term,two_term,4.2925177132,0.077340859697,0.0805920912709236
200.0,product two_term,two_term,4.3702069551,0.078037624198,0.0806823852959235
200.0,product two_term,two_term,4.4485929616,0.0787343887,0.08075365542792344
200.0,product two_term,two_term,4.5276757325,0.079431153202,0.08081167208592338
200.0,product two_term,two_term,4.607455268,0.080127917704,0.08085131763592333
200.0,product two_term,two_term,4.6879315679,0.080824682205,0.08087763724192332
200.0,product two_term,two_term,4.7691046324,0.081521446707,0.08088397848292331
200.0,product two_term,two_term,4.8509744613,0.082218211209,0.08087893726392331
200.0,product two_term,two_term,4.9335410548,0.082914975711,0.08085192035492333
200.0,product two_term,two_term,5.0168044128,0.083611740213,0.08081401727792338
200.0,product two_term,two_term,5.1007645352,0.084308504714,0.08075530500792344
200.0,product two_term,two_term,5.1854214222,0.085005269216,0.0806835770799235
200.0,product two_term,two_term,5.2707750736,0.085702033718,0.08059398248892359
200.0,product two_term,two_term,5.3568254896,0.08639879822,0.08048890921692368
200.0,product two_term,two_term,5.4435726701,0.087095562721,0.0803690090119238
200.0,product two_term,two_term,5.5310166151,0.087792327223,0.08023073584292394
200.0,product two_term,two_term,5.6191573245,0.088489091725,0.08008083273292407
200.0,product two_term,two_term,5.7079947985,0.089185856227,0.07990955372192424
200.0,product two_term,two_term,5.797529037,0.089882620728,0.0797266623119244
200.0,product two_term,two_term,5.88776004,0.09057938523,0.07952588125092461
200.0,product two_term,two_term,5.9786878074,0.091276149732,0.07931018124092482
200.0,product two_term,two_term,6.0703123394,0.091972914234,0.07908032674792502
200.0,product two_term,two_term,6.1626336359,0.092669678736,0.07883203633392526
200.0,product two_term,two_term,6.2556516969,0.093366443237,0.0785718822879255
200.0,product two_term,two_term,6.3493665224,0.094063207739,0.07829297509392577
200.0,product two_term,two_term,6.4437781124,0.094759972241,0.07800072559592605
200.0,product two_term,two_term,6.5388864669,0.095456736743,0.07769380957392634
200.0,product two_term,two_term,6.6346915859,0.096153501244,0.07736986781592664
200.0,product two_term,two_term,6.7311934694,0.096850265746,0.07703395738392696
200.0,product two_term,two_term,6.8283921174,0.097547030248,0.0766801031709273
200.0,product two_term,two_term,6.9262875299,0.09824379475,0.07631302530192764
200.0,product two_term,two_term,7.0248797069,0.098940559252,0.07593225136692801
200.0,product two_term,two_term,7.1241686484,0.099637323753,0.07553449338992838
200.0,product two_term,two_term,7.2241543544,0.10033408826,0.07512482848892876
200.0,product two_term,two_term,7.3248368249,0.10103085276,0.07469925024092919
200.0,product two_term,two_term,7.4262160599,0.10172761726,0.0742595732329296
200.0,product two_term,two_term,7.5282920594,0.10242438176,0.07380802339593001
200.0,product two_term,two_term,7.6310648234,0.10312114626,0.07333910390693046
200.0,product two_term,two_term,7.7345343519,0.10381791076,0.07285829347893091
200.0,product two_term,two_term,7.8387006449,0.10451467527,0.07236439415993139
200.0,product two_term,two_term,7.9435637024,0.10521143977,0.07185493059393187
200.0,product two_term,two_term,8.0491235245,0.10590820427,0.07133391387893236
200.0,product two_term,two_term,8.155380111,0.10660496877,0.07079898394093287
200.0,product two_term,two_term,8.262333462,0.10730173327,0.0702501883059334
200.0,product two_term,two_term,8.3699835775,0.10799849777,0.06969002754793392
200.0,product two_term,two_term,8.4783304576,0.10869526228,0.06911563772593447
200.0,product two_term,two_term,8.5873741021,0.10939202678,0.06852864534093503
200.0,product two_term,two_term,8.6971145111,0.11008879128,0.06793053985493559
200.0,product two_term,two_term,8.8075516846,0.11078555578,0.06731830469693617
200.0,product two_term,two_term,8.9186856227,0.11148232028,0.06669439348693676
200.0,product two_term,two_term,9.0305163252,0.11217908479,0.06605967951493737
200.0,product two_term,two_term,9.1430437922,0.11287584929,0.06541126708393798
200.0,product two_term,two_term,9.2562680238,0.11357261379,0.0647518360099386
200.0,product two_term,two_term,9.3701890198,0.11426937829,0.06408195182293924
200.0,product two_term,two_term,9.4848067804,0.11496614279,0.0633990585969399
200.0,product two_term,two_term,9.6001213054,0.11566290729,0.06270559234594054
200.0,product two_term,two_term,9.7161325949,0.1163596718,0.06200208492494121
200.0,product two_term,two_term,9.832840649,0.1170564363,0.061286459317941896
200.0,product two_term,two_term,9.9502454675,0.1177532008,0.06056058882194258
200.0,product two_term,two_term,10.068347051,0.1184499653,0.059825139983943273
200.0,product two_term,two_term,10.187145398,0.1191467298,0.05907857470894399
200.0,product two_term,two_term,10.30664051,0.1198434943,0.058322006962944706
200.0,product two_term,two_term,10.426832387,0.12054025881,0.057556357330945426
200.0,product two_term,two_term,10.547721028,0.12123702331,0.056780709586946164
200.0,product two_term,two_term,10.669306433,0.12193378781,0.05599526099894691
200.0,product two_term,two_term,10.791588603,0.12263055231,0.05520125287894766
200.0,product two_term,two_term,10.914567538,0.12332731681,0.05439841282494842
200.0,product two_term,two_term,11.038243237,0.12402408132,0.05358596176394919
200.0,product two_term,two_term,11.162615701,0.12472084582,0.05276552524194997
200.0,product two_term,two_term,11.287684929,0.11869214969,0.05193725341395075
200.0,product two_term,two_term,11.4,0.062882996285,0.051189505165951464
200.0,product two_term,two_term,11.413450921,0.021428571429,0.05109989871295155
200.0,product two_term,two_term,11.442857143,0.036131682226,0.05090385987095173
200.0,product two_term,two_term,11.485714286,0.042857142857,0.05061707174195201
200.0,product two_term,two_term,11.528571429,0.02709969631,0.05032938809195228
200.0,product two_term,two_term,11.539913678,0.021428571429,0.05025318848595235
200.0,product two_term,two_term,11.571428571,0.037186017976,0.05004132279595255
200.0,product two_term,two_term,11.614285714,0.042857142857,0.04975271909795283
200.0,product two_term,two_term,11.657142857,0.026393742811,0.0494626385849531
200.0,product two_term,two_term,11.6670732,0.021428571429,0.04939507977595317
200.0,product two_term,two_term,11.7,0.063928143038,0.049170571939953375
200.0,product two_term,two_term,11.794929486,0.11174126828,0.048519230598953994
200.0,product two_term,two_term,11.923482537,0.12890143283,0.04762618622095484
200.0,product two_term,two_term,12.052732352,0.12959819733,0.0467186323539557
200.0,product two_term,two_term,12.182678931,0.13029496183,0.04579824223495658
200.0,product two_term,two_term,12.313322275,0.13099172633,0.04486570264695747
200.0,product two_term,two_term,12.444662384,0.13168849083,0.04392397898195835
200.0,product two_term,two_term,12.576699257,0.13238525534,0.042974695064959254
200.0,product two_term,two_term,12.709432895,0.13308201984,0.04201912349396016
200.0,product two_term,two_term,12.842863297,0.13377878434,0.04105877159296107
200.0,product two_term,two_term,12.976990463,0.13447554884,0.04009573826096198
200.0,product two_term,two_term,13.111814394,0.13517231334,0.0391315626109629
200.0,product two_term,two_term,13.24733509,0.13586907785,0.038167022191963815
200.0,product two_term,two_term,13.38355255,0.13656584235,0.037203963268964725
200.0,product two_term,two_term,13.520466775,0.13726260685,0.036243940636965635
200.0,product two_term,two_term,13.658077764,0.13795937135,0.03528817702896654
200.0,product two_term,two_term,13.796385517,0.13865613585,0.034337127328967446
200.0,product two_term,two_term,13.935390035,0.13935290035,0.03339268914096834
200.0,product two_term,two_term,14.075091318,0.14004966486,0.03245592093896923
200.0,product two_term,two_term,14.215489365,0.14074642936,0.031527605234970106
200.0,product two_term,two_term,14.356584177,0.14144319386,0.030608332331970977
200.0,product two_term,two_term,14.498375753,0.14213995836,0.029699465459971843
200.0,product two_term,two_term,14.640864093,0.14283672286,0.028801726408972692
200.0,product two_term,two_term,14.784049199,0.14353348736,0.02791565817897353
200.0,product two_term,two_term,14.927931068,0.14423025187,0.02704172625797436
200.0,product two_term,two_term,15.072509702,0.14492701637,0.026180866170975176
200.0,product two_term,two_term,15.217785101,0.14562378087,0.02533353228397598
200.0,product two_term,two_term,15.363757264,0.14632054537,0.024500080384976773
200.0,product two_term,two_term,15.510426192,0.12312136797,0.02368072897697755
200.0,product two_term,two_term,15.61,0.07121547559,0.023135001562978066
200.0,product two_term,two_term,15.652857143,0.023895941901,0.022902588374978286
200.0,product two_term,two_term,15.657791884,0.021428571429,0.022875926655978308
200.0,product two_term,two_term,15.695714286,0.040389772385,0.0226717216649785
200.0,product two_term,two_term,15.738571429,0.042857142857,0.02244239995897872
200.0,product two_term,two_term,15.781428571,0.033641455928,0.022214495460978936
200.0,product two_term,two_term,15.80585434,0.021428571429,0.02208518229197906
200.0,product two_term,two_term,15.824285714,0.030644258357,0.021987891049979152
200.0,product two_term,two_term,15.867142857,0.042857142857,0.021762512205979367
200.0,product two_term,two_term,15.91,0.043735352207,0.02153833030897958
200.0,product two_term,two_term,15.954613562,0.097034773593,0.021306248718979796
200.0,product two_term,two_term,16.104069547,0.14980436788,0.020537683025980524
200.0,product two_term,two_term,16.254222297,0.15050113238,0.019780840281981245
200.0,product two_term,two_term,16.405071812,0.15119789688,0.019036645582981952
200.0,product two_term,two_term,16.556618091,0.15189466139,0.018305984550982642
200.0,product two_term,two_term,16.708861135,0.15259142589,0.017589462689983324
200.0,product two_term,two_term,16.861800943,0.15328819039,0.016887936236983987
200.0,product two_term,two_term,17.015437516,0.15398495489,0.01620203648498464
200.0,product two_term,two_term,17.169770853,0.15468171939,0.015532302307985274
200.0,product two_term,two_term,17.324800954,0.15537848389,0.014879115331985894
200.0,product two_term,two_term,17.48052782,0.1560752484,0.014242856405986494
200.0,product two_term,two_term,17.636951451,0.1567720129,0.013623919916987083
200.0,product two_term,two_term,17.794071846,0.1574687774,0.013022538244987652
200.0,product two_term,two_term,17.951889006,0.1581655419,0.012438897184988206
200.0,product two_term,two_term,18.11040293,0.1588623064,0.011872982558988743
200.0,product two_term,two_term,18.269613619,0.15955907091,0.011324987905989263
200.0,product two_term,two_term,18.429521072,0.16025583541,0.010794907273989764
200.0,product two_term,two_term,18.59012529,0.16095259991,0.01028268889899025
200.0,product two_term,two_term,18.751426272,0.16164936441,0.00978820331149072
200.0,product two_term,two_term,18.913424018,0.16234612891,0.009311296862691172
200.0,product two_term,two_term,19.076118529,0.16304289341,0.008851851866791608
200.0,product two_term,two_term,19.239509805,0.16373965792,0.008409647602792027
200.0,product two_term,two_term,19.403597845,0.16443642242,0.00798443244719243
200.0,product two_term,two_term,19.56838265,0.16513318692,0.007575884228792818
200.0,product two_term,two_term,19.733864219,0.16582995142,0.007183729200393189
200.0,product two_term,two_term,19.900042553,0.16652671592,0.006807664422093545
200.0,product two_term,two_term,20.066917651,0.16722348043,0.0064473504888938864
200.0,product two_term,two_term,20.234489514,0.16792024493,0.006102438416394214
200.0,product two_term,two_term,20.402758141,0.16861700943,0.005772492018294527
200.0,product two_term,two_term,20.571723533,0.16931377393,0.005457119290194826
200.0,product two_term,two_term,20.741385689,0.17001053843,0.005155908465995111
200.0,product two_term,two_term,20.911744609,0.17070730293,0.004868435209195384
200.0,product two_term,two_term,21.082800295,0.17140406744,0.004594299082695644
200.0,product two_term,two_term,21.254552744,0.17210083194,0.004333082119495892
200.0,product two_term,two_term,21.427001958,0.17279759644,0.0040843813917961274
200.0,product two_term,two_term,21.600147937,0.17349436094,0.003847766728196352
200.0,product two_term,two_term,21.77399068,0.17419112544,0.0036228041795965654
200.0,product two_term,two_term,21.948530188,0.17488788994,0.0034090675635967678
200.0,product two_term,two_term,22.12376646,0.17558465445,0.0032061395035969604
200.0,product two_term,two_term,22.299699497,0.17628141895,0.0030136222136971425
200.0,product two_term,two_term,22.476329298,0.17697818345,0.002831114026397316
200.0,product two_term,two_term,22.653655864,0.17767494795,0.0026582049929974798
200.0,product two_term,two_term,22.831679194,0.17837171245,0.0024944960817976348
200.0,product two_term,two_term,23.010399289,0.17906847696,0.0023395963371977816
200.0,product two_term,two_term,23.189816148,0.17976524146,0.0021931291522979206
200.0,product two_term,two_term,23.369929772,0.18046200596,0.002054741358998052
200.0,product two_term,two_term,23.55074016,0.18115877046,0.0019240661555981757
200.0,product two_term,two_term,23.732247313,0.18185553496,0.0018007489938982927
200.0,product two_term,two_term,23.91445123,0.18255229946,0.001684447445298403
200.0,product two_term,two_term,24.097351912,0.18324906397,0.0015748266123985068
200.0,product two_term,two_term,24.280949358,0.18394582847,0.001471575349798605
200.0,product two_term,two_term,24.465243568,0.18464259297,0.001374385446198697
200.0,product two_term,two_term,24.650234544,0.18533935747,0.0012829541312987835
200.0,product two_term,two_term,24.835922283,0.18603612197,0.0011969906628988651
200.0,product two_term,two_term,25.022306788,0.18673288647,0.0011162165918989417
200.0,product two_term,two_term,25.209388056,0.18742965098,0.0010403610015990135
200.0,product two_term,two_term,25.39716609,0.18812641548,0.0009691743059390811
200.0,product two_term,two_term,25.585640887,0.18882317998,0.0009024062257391443
200.0,product two_term,two_term,25.77481245,0.18951994448,0.0008398175549592038
200.0,product two_term,two_term,25.964680776,0.19021670898,0.0007811798995492594
200.0,product two_term,two_term,26.155245867,0.19091347349,0.0007262775494893115
200.0,product two_term,two_term,26.346507723,0.19161023799,0.0006748998932093601
200.0,product two_term,two_term,26.538466343,0.19230700249,0.0006268508357794056
200.0,product two_term,two_term,26.731121728,0.19300376699,0.0005819388203894483
200.0,product two_term,two_term,26.924473877,0.19370053149,0.000539981774399488
200.0,product two_term,two_term,27.118522791,0.19439729599,0.0005008083717495251
200.0,product two_term,two_term,27.313268469,0.1950940605,0.0004642555274795598
200.0,product two_term,two_term,27.508710912,0.195790825,0.0004301637273295921
200.0,product two_term,two_term,27.704850119,0.1964875895,0.0003983863729496223
200.0,product two_term,two_term,27.901686091,0.197184354,0.00036878172682965033
200.0,product two_term,two_term,28.099218827,0.1978811185,0.0003412167314696765
200.0,product two_term,two_term,28.297448328,0.198577883,0.0003155658108097008
200.0,product two_term,two_term,28.496374593,0.19927464751,0.0002917086670097234
200.0,product two_term,two_term,28.695997623,0.19997141201,0.00026952966542974447
200.0,product two_term,two_term,28.896317417,0.20066817651,0.00024892190899976395
200.0,product two_term,two_term,29.097333976,0.20136494101,0.00022978485900978214
200.0,product two_term,two_term,29.299047299,0.20206170551,0.00021202363660979896
200.0,product two_term,two_term,29.501457387,0.20275847002,0.0001955477951798146
200.0,product two_term,two_term,29.70456424,0.20345523452,0.00018027160420982908
200.0,product two_term,two_term,29.908367856,0.20415199902,0.0001661143115998425
200.0,product two_term,two_term,30.112868238,0.20484876352,0.00015300042665985494
200.0,product two_term,two_term,30.318065383,0.20554552802,0.00014086041933986646
200.0,product two_term,two_term,30.523959294,0.20624229252,0.0001296274947598771
200.0,product two_term,two_term,30.730549968,0.20693905703,0.00011923865619988695
200.0,product two_term,two_term,30.937837408,0.20763582153,0.00010963492566989606
200.0,product two_term,two_term,31.145821611,0.20833258603,0.00010076159746990446
200.0,product two_term,two_term,31.35450258,0.20902935053,9.256718343291223e-05
200.0,product two_term,two_term,31.563880312,0.20972611503,8.50032542859194e-05
200.0,product two_term,two_term,31.77395481,0.21042287953,7.802465808192601e-05
200.0,product two_term,two_term,31.984726072,0.21111964404,7.158897383393213e-05
200.0,product two_term,two_term,32.196194098,0.21181640854,6.565704445893775e-05
200.0,product two_term,two_term,32.408358889,0.21251317304,6.019217345794293e-05
200.0,product two_term,two_term,32.621220444,0.21320993754,5.51597602219477e-05
200.0,product two_term,two_term,32.834778764,0.21390670204,5.052743992595209e-05
200.0,product two_term,two_term,33.049033848,0.21460346655,4.6265312270956135e-05
200.0,product two_term,two_term,33.263985697,0.21530023105,4.234588422995985e-05
200.0,product two_term,two_term,33.47963431,0.21599699555,3.8743272899963266e-05
200.0,product two_term,two_term,33.695979688,0.21669376005,3.5433234140966406e-05
200.0,product two_term,two_term,33.91302183,0.21739052455,3.239326820396929e-05
200.0,product two_term,two_term,34.130760737,0.21808728905,2.9602612690971934e-05
200.0,product two_term,two_term,34.349196408,0.21878405356,2.7041996184974362e-05
200.0,product two_term,two_term,34.568328844,0.21948081806,2.4693376091976588e-05
200.0,product two_term,two_term,34.788158044,0.22017758256,2.2540168314978628e-05
200.0,product two_term,two_term,35.008684009,0.22087434706,2.0566909911980502e-05
200.0,product two_term,two_term,35.229906739,0.22157111156,1.8759398033982213e-05
200.0,product two_term,two_term,35.451826232,0.22226787607,1.7104440150983783e-05
200.0,product two_term,two_term,35.674442491,0.22296464057,1.558974408398522e-05
200.0,product two_term,two_term,35.897755514,0.22366140507,1.4203958466986531e-05
200.0,product two_term,two_term,36.121765301,0.22435816957,1.2936598278987735e-05
200.0,product two_term,two_term,36.346471853,0.22505493407,1.1778070917988832e-05
200.0,product two_term,two_term,36.571875169,0.22575169857,1.0719472251989837e-05
200.0,product two_term,two_term,36.79797525,0.22644846308,9.752543860490754e-06
200.0,product two_term,two_term,37.024772095,0.22714522758,8.86968328239159e-06
200.0,product two_term,two_term,37.252265705,0.22784199208,8.063923560592355e-06
200.0,product two_term,two_term,37.480456079,0.22853875658,7.328828553893051e-06
200.0,product two_term,two_term,37.709343218,0.22923552108,6.658443215293687e-06
200.0,product two_term,two_term,37.938927121,0.22993228558,6.047267694594266e-06
200.0,product two_term,two_term,38.169207789,0.23062905009,5.490314025194794e-06
200.0,product two_term,two_term,38.400185222,0.23132581459,4.982979244795275e-06
200.0,product two_term,two_term,38.631859418,0.23202257909,4.521009814395713e-06
200.0,product two_term,two_term,38.86423038,0.23271934359,4.100496690596112e-06
200.0,product two_term,two_term,39.097298106,0.23341610809,3.717860916296475e-06
200.0,product two_term,two_term,39.331062596,0.2341128726,3.369825750996805e-06
200.0,product two_term,two_term,39.565523851,0.2348096371,3.053377228197105e-06
200.0,product two_term,two_term,39.80068187,0.2355064016,2.7657374566973774e-06
200.0,product two_term,two_term,40.036536654,0.2362031661,2.5043790437976255e-06
200.0,product two_term,two_term,40.273088202,0.2368999306,2.2669948485978507e-06
200.0,product two_term,two_term,40.510336515,0.2375966951,2.0514633500980547e-06
200.0,product two_term,two_term,40.748281593,0.23829345961,1.8558373759982404e-06
200.0,product two_term,two_term,40.986923434,0.23899022411,1.6783372372984086e-06
200.0,product two_term,two_term,41.226262041,0.23968698861,1.5173420145985613e-06
200.0,product two_term,two_term,41.466297412,0.24038375311,1.3713686661987e-06
200.0,product two_term,two_term,41.707029547,0.24108051761,1.2390573895988252e-06
200.0,product two_term,two_term,41.948458447,0.24177728211,1.119163971598939e-06
200.0,product two_term,two_term,42.190584111,0.24247404662,1.0105655087990417e-06
200.0,product two_term,two_term,42.43340654,0.24317081112,9.122317027691351e-07
200.0,product two_term,two_term,42.676925733,0.24386757562,8.232206303792195e-07
200.0,product two_term,two_term,42.921141691,0.24456434012,7.426735601892958e-07
200.0,product two_term,two_term,43.166054414,0.24526110462,6.698098071093649e-07
200.0,product two_term,two_term,43.411663901,0.24595786913,6.039184488594274e-07
200.0,product two_term,two_term,43.657970152,0.24665463363,5.443508798094838e-07
200.0,product two_term,two_term,43.904973168,0.24735139813,4.90515899329535e-07
200.0,product two_term,two_term,44.152672948,0.24804816263,4.41876384549581e-07
200.0,product two_term,two_term,44.401069493,0.24874492713,3.979468080496227e-07
200.0,product two_term,two_term,44.650162803,0.24944169163,3.5828316680966026e-07
200.0,product two_term,two_term,44.899952876,0.25013845614,3.224817777296942e-07
200.0,product two_term,two_term,45.150439715,0.25083522064,2.9017655171972485e-07
200.0,product two_term,two_term,45.401623318,0.25153198514,2.610352089497525e-07
200.0,product two_term,two_term,45.653503685,0.25222874964,2.3475568474977742e-07
200.0,product two_term,two_term,45.906080817,0.25292551414,2.110637600797999e-07
200.0,product two_term,two_term,46.159354713,0.25362227864,1.8971108389982013e-07
200.0,product two_term,two_term,46.413325374,0.25431904315,1.7047168656983836e-07
200.0,product two_term,two_term,46.6679928,0.25501580765,1.5314227053985482e-07
200.0,product two_term,two_term,46.92335699,0.25571257215,1.3753760324986957e-07
200.0,product two_term,two_term,47.179417944,0.25640933665,1.2349015289988293e-07
200.0,product two_term,two_term,47.436175663,0.25710610115,1.108482422598949e-07
200.0,product two_term,two_term,47.693630146,0.25780286566,9.947441413190569e-08
200.0,product two_term,two_term,47.951781394,0.25849963016,8.92442724089154e-08
200.0,product two_term,two_term,48.210629407,0.25919639466,8.004546232192412e-08
200.0,product two_term,two_term,48.470174183,0.25989315916,7.177637243093195e-08
200.0,product two_term,two_term,48.730415725,0.26058992366,6.434494453093899e-08
200.0,product two_term,two_term,48.991354031,0.26128668816,5.766801813194532e-08
200.0,product two_term,two_term,49.252989101,0.26198345267,5.167088065995101e-08
200.0,product two_term,two_term,49.515320936,0.26268021717,4.6285809522956114e-08
200.0,product two_term,two_term,49.778349536,0.26337698167,4.14516018479607e-08
200.0,product two_term,two_term,50.042074899,0.26407374617,3.711304962496481e-08
200.0,product two_term,two_term,50.306497028,0.26477051067,3.32203993049685e-08
200.0,product two_term,two_term,50.571615921,0.26546727517,2.9728754400971814e-08
200.0,product two_term,two_term,50.837431578,0.26616403968,2.6597604722974782e-08
200.0,product two_term,two_term,51.103944,0.26686080418,2.3790461482977443e-08
200.0,product two_term,two_term,51.371153187,0.26755756868,2.127444486597983e-08
200.0,product two_term,two_term,51.639059138,0.26825433318,1.9019886750981966e-08
200.0,product two_term,two_term,51.907661853,0.26895109768,1.7000199324983884e-08
200.0,product two_term,two_term,52.176961333,0.26964786219,1.51913790309856e-08
200.0,product two_term,two_term,52.446957577,0.27034462669,1.3571826719987132e-08
200.0,product two_term,two_term,52.717650586,0.27104139119,1.2122097898988508e-08
200.0,product two_term,two_term,52.98904036,0.27173815569,1.0824702038989736e-08
200.0,product two_term,two_term,53.261126898,0.27243492019,9.663927042690837e-09
200.0,product two_term,two_term,53.5339102,0.27313168469,8.625645537791823e-09
200.0,product two_term,two_term,53.807390267,0.2738284492,7.697153826292702e-09
200.0,product two_term,two_term,54.081567098,0.2745252137,6.86704340699349e-09
200.0,product two_term,two_term,54.356440694,0.2752219782,6.125055009694192e-09
200.0,product two_term,two_term,54.632011055,0.2759187427,5.462000641694821e-09
200.0,product two_term,two_term,54.90827818,0.2766155072,4.869633475095382e-09
200.0,product two_term,two_term,55.185242069,0.2773122717,4.340544268195885e-09
200.0,product two_term,two_term,55.462902723,0.27800903621,3.8680865955963326e-09
200.0,product two_term,two_term,55.741260142,0.27870580071,3.4462968929967327e-09
200.0,product two_term,two_term,56.020314325,0.27940256521,3.0698279516970898e-09
200.0,product two_term,two_term,56.300065272,0.28009932971,2.733889488397408e-09
200.0,product two_term,two_term,56.580512984,0.28079609421,2.4341876605976923e-09
200.0,product two_term,two_term,56.861657461,0.28149285872,2.1668739868979455e-09
200.0,product two_term,two_term,57.143498702,0.28218962322,1.9285027944981717e-09
200.0,product two_term,two_term,57.426036707,0.28288638772,1.715985223298373e-09
200.0,product two_term,two_term,57.709271477,0.28358315222,1.5265595943985527e-09
200.0,product two_term,two_term,57.993203011,0.28427991672,1.3577582674987128e-09
200.0,product two_term,two_term,58.27783131,0.28497668122,1.2073696743988552e-09
200.0,product two_term,two_term,58.563156374,0.28567344573,1.0734152380989823e-09
200.0,product two_term,two_term,58.849178202,0.28637021023,9.541249410590953e-10
200.0,product two_term,two_term,59.135896794,0.28706697473,8.47916723979196e-10
200.0,product two_term,two_term,59.423312151,0.28776373923,7.533767285592857e-10
200.0,product two_term,two_term,59.711424273,0.28846050373,6.692412275693655e-10
200.0,product two_term,two_term,60.000233159,0.28915726824,5.943810938494365e-10
200.0,product two_term,two_term,60.289738809,0.28985403274,5.277882301294995e-10
200.0,product two_term,two_term,60.579941224,0.29055079724,4.685623283595557e-10
200.0,product two_term,two_term,60.870840404,0.29124756174,4.1589775976960567e-10
200.0,product two_term,two_term,61.162436348,0.29194432624,3.6907875347965007e-10
200.0,product two_term,two_term,61.454729056,0.29264109074,3.274656854596895e-10
200.0,product two_term,two_term,61.747718529,0.29333785525,2.904873553497246e-10
200.0,product two_term,two_term,62.041404767,0.29403461975,2.5763430920975573e-10
200.0,product two_term,two_term,62.335787769,0.29473138425,2.284523965197834e-10
200.0,product two_term,two_term,62.630867535,0.29542814875,2.0253671089980796e-10
200.0,product two_term,two_term,62.926644066,0.29612491325,1.7952631723982979e-10
200.0,product two_term,two_term,63.223117362,0.29682167775,1.5909967521984915e-10
200.0,product two_term,two_term,63.520287422,0.29751844226,1.4097034050986634e-10
200.0,product two_term,two_term,63.818154246,0.29821520676,1.248831527398816e-10
200.0,product two_term,two_term,64.116717835,0.29891197126,1.1061092189989513e-10
200.0,product two_term,two_term,64.415978189,0.29960873576,9.795116508590713e-11
200.0,product two_term,two_term,64.715935307,0.30030550026,8.672393667491778e-11
200.0,product two_term,two_term,65.016589189,0.30100226477,7.676931383792721e-11
200.0,product two_term,two_term,65.317939836,0.30169902927,6.794477947793559e-11
200.0,product two_term,two_term,65.619987248,0.30239579377,6.012356289694299e-11
200.0,product two_term,two_term,65.922731424,0.30309255827,5.3192918973949566e-11
200.0,product two_term,two_term,66.226172364,0.30378932277,4.705262438895539e-11
200.0,product two_term,two_term,66.530310069,0.30448608727,4.1613593439960545e-11
200.0,product two_term,two_term,66.835144539,0.30518285178,3.679664949296511e-11
200.0,product two_term,two_term,67.140675773,0.30587961628,3.2531448217969153e-11
200.0,product two_term,two_term,67.446903771,0.30657638078,2.8755505810972735e-11
200.0,product two_term,two_term,67.753828534,0.30727314528,2.5413325314975904e-11
200.0,product two_term,two_term,68.061450062,0.30796990978,2.245562826797871e-11
200.0,product two_term,two_term,68.369768354,0.30866667428,1.983861416598119e-11
200.0,product two_term,two_term,68.678783411,0.30936343879,1.7523483380983385e-11
200.0,product two_term,two_term,68.988495232,0.31006020329,1.547582959098533e-11
200.0,product two_term,two_term,69.298903817,0.31075696779,1.3665081243987044e-11
200.0,product two_term,two_term,69.610009167,0.31145373229,1.2064120223988561e-11
200.0,product two_term,two_term,69.921811282,0.31215049679,1.0648895769989904e-11
200.0,product two_term,two_term,70.234310161,0.3128472613,9.39808452649109e-12
200.0,product two_term,two_term,70.547505804,0.3135440258,8.292783789192136e-12
200.0,product two_term,two_term,70.861398212,0.3142407903,7.316239270093063e-12
200.0,product two_term,two_term,71.175987385,0.3149375548,6.453604927193881e-12
200.0,product two_term,two_term,71.491273322,0.3156343193,5.691728061994603e-12
200.0,product two_term,two_term,71.807256024,0.3163310838,5.018957882295241e-12
200.0,product two_term,two_term,72.12393549,0.31702784831,4.424976376295805e-12
200.0,product two_term,two_term,72.44131172,0.31772461281,3.900647795696302e-12
200.0,product two_term,two_term,72.759384715,0.31842137731,3.4378677524967406e-12
200.0,product two_term,two_term,73.078154475,0.31911814181,3.0294961607971273e-12
200.0,product two_term,two_term,73.397620999,0.31981490631,2.6691998049974693e-12
200.0,product two_term,two_term,73.717784287,0.32051167081,2.3513730486977706e-12
200.0,product two_term,two_term,74.03864434,0.32120843532,2.0710571546980363e-12
200.0,product two_term,two_term,74.360201158,0.32190519982,1.823866590498271e-12
200.0,product two_term,two_term,74.68245474,0.32260196432,1.6059233840984772e-12
200.0,product two_term,two_term,75.005405087,0.32329872882,1.4137990011986596e-12
200.0,product two_term,two_term,75.329052198,0.32399549332,1.24446288329882e-12
200.0,product two_term,two_term,75.653396073,0.32469225783,1.0952367026989615e-12
200.0,product two_term,two_term,75.978436713,0.32538902233,9.637538465390862e-13
200.0,product two_term,two_term,76.304174118,0.32608578683,8.479235324991961e-13
200.0,product two_term,two_term,76.630608287,0.32678255133,7.458989918092928e-13
200.0,product two_term,two_term,76.957739221,0.32747931583,6.560492817993781e-13
200.0,product two_term,two_term,77.285566919,0.32817608033,5.76932843729453e-13
200.0,product two_term,two_term,77.614091381,0.32887284484,5.072785891195191e-13
200.0,product two_term,two_term,77.943312608,0.32956960934,4.459661826095772e-13
200.0,product two_term,two_term,78.2732306,0.33026637384,3.920051363796283e-13
200.0,product two_term,two_term,78.603845356,0.33096313834,3.445215018396734e-13
200.0,product two_term,two_term,78.935156877,0.33165990284,3.02744296709713e-13
200.0,product two_term,two_term,79.267165162,0.33235666734,2.6599347230974783e-13
200.0,product two_term,two_term,79.599870211,0.33305343185,2.336693034997785e-13
200.0,product two_term,two_term,79.933272025,0.33375019635,2.052429972398054e-13
200.0,product two_term,two_term,80.267370604,0.33444696085,1.8024836571982911e-13
200.0,product two_term,two_term,80.602165947,0.33514372535,1.5827449400984993e-13
200.0,product two_term,two_term,80.937658055,0.33584048985,1.3895925270986827e-13
200.0,product two_term,two_term,81.273846927,0.33653725436,1.2198354538988435e-13
200.0,product two_term,two_term,81.610732563,0.33723401886,1.0706625020989849e-13
200.0,product two_term,two_term,81.948314965,0.33793078336,9.395974577091091e-14
200.0,product two_term,two_term,82.28659413,0.33862754786,8.244585888692184e-14
200.0,product two_term,two_term,82.62557006,0.33932431236,7.233231394793141e-14
200.0,product two_term,two_term,82.965242755,0.34002107686,6.345045530493985e-14
200.0,product two_term,two_term,83.305612214,0.34071784137,5.5651424031947236e-14
200.0,product two_term,two_term,83.646678438,0.34141460587,4.880420745895373e-14
200.0,product two_term,two_term,83.988441426,0.34211137037,4.2793519980959426e-14
200.0,product two_term,two_term,84.330901178,0.34280813487,3.7517923858964427e-14
200.0,product two_term,two_term,84.674057695,0.34350489937,3.288818558396882e-14
200.0,product two_term,two_term,85.017910977,0.34420166387,2.882582085997267e-14
200.0,product two_term,two_term,85.362461023,0.34489842838,2.5261805130976048e-14
200.0,product two_term,two_term,85.707707834,0.34559519288,2.2135447211979014e-14
200.0,product two_term,two_term,86.053651409,0.34629195738,1.9393391639981615e-14
200.0,product two_term,two_term,86.400291749,0.34698872188,1.698873593198389e-14
200.0,product two_term,two_term,86.747628853,0.34768548638,1.4880259412985893e-14
200.0,product two_term,two_term,87.095662721,0.34838225089,1.3031740124987645e-14
200.0,product two_term,two_term,87.444393355,0.34907901539,1.141135179098918e-14
200.0,product two_term,two_term,87.793820752,0.34977577989,9.991136474890527e-15
200.0,product two_term,two_term,88.143944914,0.35047254439,8.746486996491707e-15
200.0,product two_term,two_term,88.494765841,0.35116930889,7.655898293092741e-15
200.0,product two_term,two_term,88.846283532,0.35186607339,6.700431385093647e-15
200.0,product two_term,two_term,89.198497988,0.3525628379,5.86345711919444e-15
200.0,product two_term,two_term,89.551409208,0.3532596024,5.1303780871951355e-15
200.0,product two_term,two_term,89.905017193,0.3539563669,4.4883829397957434e-15
200.0,product two_term,two_term,90.259321942,0.3546531314,3.926228759296277e-15
200.0,product two_term,two_term,90.614323455,0.3553498959,3.4340507659967436e-15
200.0,product two_term,two_term,90.970021733,0.35604666041,3.003194950297152e-15
200.0,product two_term,two_term,91.326416776,0.35674342491,2.62606987619751e-15
200.0,product two_term,two_term,91.683508583,0.35744018941,2.296017622797823e-15
200.0,product two_term,two_term,92.041297155,0.35813695391,2.0071999122980965e-15
200.0,product two_term,two_term,92.399782491,0.35883371841,1.7544974499983364e-15
200.0,product two_term,two_term,92.758964592,0.35953048291,1.533422398398546e-15
200.0,product two_term,two_term,93.118843457,0.36022724742,1.3400409904987295e-15
200.0,product two_term,two_term,93.479419087,0.36092401192,1.1709053930988898e-15
200.0,product two_term,two_term,93.840691481,0.36162077642,1.02299432419903e-15
200.0,product two_term,two_term,94.202660639,0.36231754092,8.936563233991528e-16
200.0,product two_term,two_term,94.565326563,0.36301430542,7.805762829392599e-16
200.0,product two_term,two_term,94.92868925,0.36371106992,6.8172381883935355e-16
200.0,product two_term,two_term,95.292748702,0.36440783443,5.953193381394356e-16
200.0,product two_term,two_term,95.657504919,0.36510459893,5.198044430795072e-16
200.0,product two_term,two_term,96.0229579,0.36580136343,4.538146594495697e-16
200.0,product two_term,two_term,96.389107646,0.36649812793,3.9615534310962437e-16
200.0,product two_term,two_term,96.755954156,0.36719489243,3.4578077190967214e-16
200.0,product two_term,two_term,97.123497431,0.36789165694,3.017756909197139e-16
200.0,product two_term,two_term,97.49173747,0.36858842144,2.633390821797503e-16
200.0,product two_term,two_term,97.860674274,0.36928518594,2.297700494397821e-16
200.0,product two_term,two_term,98.230307842,0.36998195044,2.0045534804980993e-16
200.0,product two_term,two_term,98.600638175,0.37067871494,1.748584876198342e-16
200.0,product two_term,two_term,98.971665272,0.37137547944,1.5251020418985538e-16
200.0,product two_term,two_term,99.343389134,0.37207224395,1.330000433298739e-16
200.0,product two_term,two_term,99.71580976,0.37276900845,1.1596905365989006e-16
200.0,product two_term,two_term,100.08892715,0.37346577295,1.0110217937990413e-16
200.0,product two_term,two_term,100.46274131,0.37416253745,8.812157416791646e-17
200.0,product two_term,two_term,100.83725223,0.37485930195,7.678776854792718e-17
200.0,product two_term,two_term,101.21245991,0.37555606645,6.689438439193657e-17
200.0,product two_term,two_term,101.58836436,0.37625283096,5.826081480094475e-17
200.0,product two_term,two_term,101.96496557,0.37694959546,5.0728581107951903e-17
200.0,product two_term,two_term,102.34226355,0.37764635996,4.415888921295813e-17
200.0,product two_term,two_term,102.72025829,0.37834312446,3.8430216756963563e-17
200.0,product two_term,two_term,103.0989498,0.37903988896,3.3436191580968296e-17
200.0,product two_term,two_term,103.47833807,0.37973665347,2.9083727578972425e-17
200.0,product two_term,two_term,103.85842311,0.38043341797,2.529138686997602e-17
200.0,product two_term,two_term,104.23920491,0.38113018247,2.1987941118979154e-17
200.0,product two_term,two_term,104.62068347,0.38182694697,1.911110814398188e-17
200.0,product two_term,two_term,105.0028588,0.38252371147,1.6606442737984254e-17
200.0,product two_term,two_term,105.38573089,0.38322047597,1.442636317598632e-17
200.0,product two_term,two_term,105.76929975,0.38391724048,1.252929701398812e-17
200.0,product two_term,two_term,106.15356537,0.38461400498,1.0878931778989684e-17
200.0,product two_term,two_term,106.53852776,0.38531076948,9.443557858191047e-18
200.0,product two_term,two_term,106.92418691,0.38600753398,8.19549237349223e-18
200.0,product two_term,two_term,107.31054283,0.38670429848,7.110574226393258e-18
200.0,product two_term,two_term,107.69759551,0.38740106298,6.1677216187941526e-18
200.0,product two_term,two_term,108.08534496,0.38809782749,5.348544434594929e-18
200.0,product two_term,two_term,108.47379116,0.38879459199,4.636979206695604e-18
200.0,product two_term,two_term,108.86293414,0.38949135649,4.01907202969619e-18
200.0,product two_term,two_term,109.25277388,0.39018812099,3.482636241496699e-18
200.0,product two_term,two_term,109.64331038,0.39088488549,3.01704913839714e-18
200.0,product two_term,two_term,110.03454365,0.39158165,2.6130562389975225e-18
200.0,product two_term,two_term,110.42647368,0.3922784145,2.262596978797855e-18
200.0,product two_term,two_term,110.81910048,0.392975179,1.9586522821981433e-18
200.0,product two_term,two_term,111.21242404,0.3936719435,1.6951112925983928e-18
200.0,product two_term,two_term,111.60644436,0.394368708,1.4666548710986096e-18
200.0,product two_term,two_term,112.00116145,0.3950654725,1.2686537681987972e-18
200.0,product two_term,two_term,112.39657531,0.39576223701,1.0970796242989598e-18
200.0,product two_term,two_term,112.79268593,0.39645900151,9.484271856991009e-19
200.0,product two_term,two_term,113.18949331,0.39715576601,8.196463124492229e-19
200.0,product two_term,two_term,113.58699746,0.39785253051,7.080825805293287e-19
200.0,product two_term,two_term,113.98519837,0.39854929501,6.114753722094202e-19
200.0,product two_term,two_term,114.38409605,0.39924605951,5.279257047294995e-19
200.0,product two_term,two_term,114.78369049,0.39994282402,4.55689338339568e-19
200.0,product two_term,two_term,115.1839817,0.40063958852,3.932527686796272e-19
200.0,product two_term,two_term,115.58496967,0.40133635302,3.393031033496783e-19
200.0,product two_term,two_term,115.98665441,0.40203311752,2.927018323297225e-19
200.0,product two_term,two_term,116.3890359,0.40272988202,2.5246199687976066e-19
200.0,product two_term,two_term,116.79211417,0.40342664653,2.177283233397936e-19
200.0,product two_term,two_term,117.1958892,0.40412341103,1.8775994354982198e-19
200.0,product two_term,two_term,117.60036099,0.40482017553,1.6191537152984649e-19
200.0,product two_term,two_term,118.00552955,0.40551694003,1.3963944780986761e-19
200.0,product two_term,two_term,118.41139487,0.40621370453,1.204519999598858e-19
200.0,product two_term,two_term,118.81795696,0.40691046903,1.0393800006990146e-19
200.0,product two_term,two_term,119.22521581,0.40760723354,8.97390279859149e-20
200.0,product two_term,two_term,119.63317143,0.40830399804,7.754587422492648e-20
200.0,product two_term,two_term,120.04182381,0.40900076254,6.709213789493638e-20
200.0,product two_term,two_term,120.45117295,0.40969752704,5.814869428094487e-20
200.0,product two_term,two_term,120.86121886,0.41039429154,5.0518923348952095e-20
200.0,product two_term,two_term,121.27196153,0.41109105604,4.403460526095825e-20
200.0,product two_term,two_term,121.68340097,0.41178782055,3.855240197296345e-20
200.0,product two_term,two_term,122.09553717,0.41248458505,3.395085554096781e-20
200.0,product two_term,two_term,122.50837014,0.41318134955,3.0127843985971434e-20
200.0,product two_term,two_term,122.92189987,0.41387811405,2.6998444757974403e-20
200.0,product two_term,two_term,123.33612637,0.41457487855,2.4493164055976777e-20
200.0,product two_term,two_term,123.75104963,0.41527164306,2.2556497834978613e-20
200.0,product two_term,two_term,124.16666966,0.41596840756,2.114579718797995e-20
200.0,product two_term,two_term,124.58298645,0.41666517206,2.0230417290980818e-20
200.0,product two_term,two_term,125.0,0.41701355431,1.9791135244981234e-20
200.0,product internal MC,monte_carlo,0.25,0.5,0.023179280143995604
200.0,product internal MC,monte_carlo,0.75,0.5,0.043824657285991685
200.0,product internal MC,monte_carlo,1.25,0.5,0.05499656271698957
200.0,product internal MC,monte_carlo,1.75,0.5,0.0643411765609878
200.0,product internal MC,monte_carlo,2.25,0.5,0.07140969349698646
200.0,product internal MC,monte_carlo,2.75,0.5,0.07399896386798598
200.0,product internal MC,monte_carlo,3.25,0.5,0.07726300576398534
200.0,product internal MC,monte_carlo,3.75,0.5,0.07845463547198513
200.0,product internal MC,monte_carlo,4.25,0.5,0.08035288780498476
200.0,product internal MC,monte_carlo,4.75,0.5,0.07990049066698485
200.0,product internal MC,monte_carlo,5.25,0.5,0.07926383702598497
200.0,product internal MC,monte_carlo,5.75,0.5,0.07921723597798498
200.0,product internal MC,monte_carlo,6.25,0.5,0.07907396928398501
200.0,product internal MC,monte_carlo,6.75,0.5,0.0775060942539853
200.0,product internal MC,monte_carlo,7.25,0.5,0.0748786767569858
200.0,product internal MC,monte_carlo,7.75,0.5,0.07315325138198613
200.0,product internal MC,monte_carlo,8.25,0.5,0.07071349170798659
200.0,product internal MC,monte_carlo,8.75,0.5,0.068471544415987
200.0,product internal MC,monte_carlo,9.25,0.5,0.06509363662298766
200.0,product internal MC,monte_carlo,9.75,0.5,0.0626979108799881
200.0,product internal MC,monte_carlo,10.25,0.5,0.059444508066988734
200.0,product internal MC,monte_carlo,10.75,0.5,0.05664469247098926
200.0,product internal MC,monte_carlo,11.25,0.5,0.053142601438989925
200.0,product internal MC,monte_carlo,11.75,0.5,0.049204499383990664
200.0,product internal MC,monte_carlo,12.25,0.5,0.0453416867029914
200.0,product internal MC,monte_carlo,12.75,0.5,0.041395853888992154
200.0,product internal MC,monte_carlo,13.25,0.5,0.037672633267992854
200.0,product internal MC,monte_carlo,13.75,0.5,0.03424259717399351
200.0,product internal MC,monte_carlo,14.25,0.5,0.03003132735499431
200.0,product internal MC,monte_carlo,14.75,0.5,0.02726037928799483
200.0,product internal MC,monte_carlo,15.25,0.5,0.024073051248995433
200.0,product internal MC,monte_carlo,15.75,0.5,0.02143334122099594
200.0,product internal MC,monte_carlo,16.25,0.5,0.019068348363996384
200.0,product internal MC,monte_carlo,16.75,0.5,0.016801401631996817
200.0,product internal MC,monte_carlo,17.25,0.5,0.014675913184997218
200.0,product internal MC,monte_carlo,17.75,0.5,0.013166017519997504
200.0,product internal MC,monte_carlo,18.25,0.5,0.011247646318997866
200.0,product internal MC,monte_carlo,18.75,0.5,0.009627244901698175
200.0,product internal MC,monte_carlo,19.25,0.5,0.008367577531698412
200.0,product internal MC,monte_carlo,19.75,0.5,0.007251791203098625
200.0,product internal MC,monte_carlo,20.25,0.5,0.006042603869798854
200.0,product internal MC,monte_carlo,20.75,0.5,0.005235020050199007
200.0,product internal MC,monte_carlo,21.25,0.5,0.0047057250212991075
200.0,product internal MC,monte_carlo,21.75,0.5,0.00405575842729923
200.0,product internal MC,monte_carlo,22.25,0.5,0.0033776558865993593
200.0,product internal MC,monte_carlo,22.75,0.5,0.0028162907783994664
200.0,product internal MC,monte_carlo,23.25,0.5,0.0024001618203995452
200.0,product internal MC,monte_carlo,23.75,0.5,0.0021258211711995966
200.0,product internal MC,monte_carlo,24.25,0.5,0.0017941269651996598
200.0,product internal MC,monte_carlo,24.75,0.5,0.001460429190999723
200.0,product internal MC,monte_carlo,25.25,0.5,0.001233315030399766
200.0,product internal MC,monte_carlo,25.75,0.5,0.0010213617512998064
200.0,product internal MC,monte_carlo,26.25,0.5,0.0009204661666698254
200.0,product internal MC,monte_carlo,26.75,0.5,0.0007795391683898522
200.0,product internal MC,monte_carlo,27.25,0.5,0.000638086741739879
200.0,product internal MC,monte_carlo,27.75,0.5,0.0006035158183898855
200.0,product internal MC,monte_carlo,28.25,0.5,0.00047466577731991003
200.0,product internal MC,monte_carlo,28.75,0.5,0.0003922804843099256
200.0,product internal MC,monte_carlo,29.25,0.5,0.00031255054305994075
200.0,product internal MC,monte_carlo,29.75,0.5,0.0002826925212199464
200.0,product internal MC,monte_carlo,30.25,0.5,0.00021805672313995864
200.0,product internal MC,monte_carlo,30.75,0.5,0.00021100675465996
200.0,product internal MC,monte_carlo,31.25,0.5,0.00017223631736996734
200.0,product internal MC,monte_carlo,31.75,0.5,0.00013829819845997377
200.0,product internal MC,monte_carlo,32.25,0.5,0.00010163004797998073
200.0,product internal MC,monte_carlo,32.75,0.5,7.17010217709864e-05
200.0,product internal MC,monte_carlo,33.25,0.5,8.009815616198481e-05
200.0,product internal MC,monte_carlo,33.75,0.5,7.790664756698523e-05
200.0,product internal MC,monte_carlo,34.25,0.5,6.80093092149871e-05
200.0,product internal MC,monte_carlo,34.75,0.5,4.354410277999174e-05
200.0,product internal MC,monte_carlo,35.25,0.5,3.6912546481993e-05
200.0,product internal MC,monte_carlo,35.75,0.5,4.0082531461992396e-05
200.0,product internal MC,monte_carlo,36.25,0.5,1.7199628786996736e-05
200.0,product internal MC,monte_carlo,36.75,0.5,2.1743890583995878e-05
200.0,product internal MC,monte_carlo,37.25,0.5,2.47844929059953e-05
200.0,product internal MC,monte_carlo,37.75,0.5,1.4814603310997192e-05
200.0,product internal MC,monte_carlo,38.25,0.5,8.601449440198368e-06
200.0,product internal MC,monte_carlo,38.75,0.5,7.535548271398571e-06
200.0,product internal MC,monte_carlo,39.25,0.5,1.102445458999791e-05
200.0,product internal MC,monte_carlo,39.75,0.5,1.2180959048997692e-05
200.0,product internal MC,monte_carlo,40.25,0.5,1.338737157799746e-05
200.0,product internal MC,monte_carlo,40.75,0.5,7.54115759919857e-06
200.0,product internal MC,monte_carlo,41.25,0.5,3.980117056499245e-06
200.0,product internal MC,monte_carlo,41.75,0.5,6.576009006498753e-06
200.0,product internal MC,monte_carlo,42.25,0.5,2.8387895934994615e-06
200.0,product internal MC,monte_carlo,42.75,0.5,6.4831702455987705e-06
200.0,product internal MC,monte_carlo,43.25,0.5,2.5397864743995184e-06
200.0,product internal MC,monte_carlo,43.75,0.5,4.2369764522991966e-06
200.0,product internal MC,monte_carlo,44.25,0.5,1.5385888347997083e-06
200.0,product internal MC,monte_carlo,44.75,0.5,4.4212449054991615e-06
200.0,product internal MC,monte_carlo,45.25,0.5,3.3135728675993714e-06
200.0,product internal MC,monte_carlo,45.75,0.5,1.3987155142997347e-06
200.0,product internal MC,monte_carlo,46.25,0.5,2.314358312499561e-06
200.0,product internal MC,monte_carlo,46.75,0.5,1.988836493999623e-06
200.0,product internal MC,monte_carlo,47.25,0.5,4.380836770399169e-07
200.0,product internal MC,monte_carlo,47.75,0.5,4.229539714799198e-07
200.0,product internal MC,monte_carlo,48.25,0.5,4.5850501336991306e-07
200.0,product internal MC,monte_carlo,48.75,0.5,1.254923060299762e-06
200.0,product internal MC,monte_carlo,49.25,0.5,0.0
200.0,product internal MC,monte_carlo,49.75,0.5,5.824923497998895e-07
200.0,product internal MC,monte_carlo,50.25,0.5,7.355256850798606e-07
200.0,product internal MC,monte_carlo,50.75,0.5,0.0
200.0,product internal MC,monte_carlo,51.25,0.5,0.0
200.0,product internal MC,monte_carlo,51.75,0.5,0.0
200.0,product internal MC,monte_carlo,52.25,0.5,0.0
200.0,product internal MC,monte_carlo,52.75,0.5,0.0
200.0,product internal MC,monte_carlo,53.25,0.5,0.0
200.0,product internal MC,monte_carlo,53.75,0.5,0.0
200.0,product internal MC,monte_carlo,54.25,0.5,0.0
200.0,product internal MC,monte_carlo,54.75,0.5,0.0
200.0,product internal MC,monte_carlo,55.25,0.5,0.0
200.0,product internal MC,monte_carlo,55.75,0.5,0.0
200.0,product internal MC,monte_carlo,56.25,0.5,0.0
200.0,product internal MC,monte_carlo,56.75,0.5,0.0
200.0,product internal MC,monte_carlo,57.25,0.5,0.0
200.0,product internal MC,monte_carlo,57.75,0.5,0.0
200.0,product internal MC,monte_carlo,58.25,0.5,0.0
200.0,product internal MC,monte_carlo,58.75,0.5,0.0
200.0,product internal MC,monte_carlo,59.25,0.5,0.0
200.0,product internal MC,monte_carlo,59.75,0.5,0.0
200.0,product internal MC,monte_carlo,60.25,0.5,0.0
200.0,product internal MC,monte_carlo,60.75,0.5,0.0
200.0,product internal MC,monte_carlo,61.25,0.5,0.0
200.0,product internal MC,monte_carlo,61.75,0.5,0.0
200.0,product internal MC,monte_carlo,62.25,0.5,0.0
200.0,product internal MC,monte_carlo,62.75,0.5,0.0
200.0,product internal MC,monte_carlo,63.25,0.5,0.0
200.0,product internal MC,monte_carlo,63.75,0.5,0.0
200.0,product internal MC,monte_carlo,64.25,0.5,0.0
200.0,product internal MC,monte_carlo,64.75,0.5,0.0
200.0,product internal MC,monte_carlo,65.25,0.5,0.0
200.0,product internal MC,monte_carlo,65.75,0.5,0.0
200.0,product internal MC,monte_carlo,66.25,0.5,0.0
200.0,product internal MC,monte_carlo,66.75,0.5,0.0
200.0,product internal MC,monte_carlo,67.25,0.5,0.0
200.0,product internal MC,monte_carlo,67.75,0.5,0.0
200.0,product internal MC,monte_carlo,68.25,0.5,0.0
200.0,product internal MC,monte_carlo,68.75,0.5,0.0
200.0,product internal MC,monte_carlo,69.25,0.5,0.0
200.0,product internal MC,monte_carlo,69.75,0.5,0.0
200.0,product internal MC,monte_carlo,70.25,0.5,0.0
200.0,product internal MC,monte_carlo,70.75,0.5,0.0
200.0,product internal MC,monte_carlo,71.25,0.5,0.0
200.0,product internal MC,monte_carlo,71.75,0.5,0.0
200.0,product internal MC,monte_carlo,72.25,0.5,0.0
200.0,product internal MC,monte_carlo,72.75,0.5,0.0
200.0,product internal MC,monte_carlo,73.25,0.5,0.0
200.0,product internal MC,monte_carlo,73.75,0.5,0.0
200.0,product internal MC,monte_carlo,74.25,0.5,0.0
200.0,product internal MC,monte_carlo,74.75,0.5,0.0
200.0,product internal MC,monte_carlo,75.25,0.5,0.0
200.0,product internal MC,monte_carlo,75.75,0.5,0.0
200.0,product internal MC,monte_carlo,76.25,0.5,0.0
200.0,product internal MC,monte_carlo,76.75,0.5,0.0
200.0,product internal MC,monte_carlo,77.25,0.5,0.0
200.0,product internal MC,monte_carlo,77.75,0.5,0.0
200.0,product internal MC,monte_carlo,78.25,0.5,0.0
200.0,product internal MC,monte_carlo,78.75,0.5,0.0
200.0,product internal MC,monte_carlo,79.25,0.5,0.0
200.0,product internal MC,monte_carlo,79.75,0.5,0.0
200.0,product internal MC,monte_carlo,85.0,10.0,0.0
200.0,product internal MC,monte_carlo,95.0,10.0,0.0
200.0,product internal MC,monte_carlo,105.0,10.0,0.0
200.0,product internal MC,monte_carlo,115.0,10.0,0.0
200.0,product internal MC,monte_carlo,125.0,10.0,0.0
200.0,product internal MC,monte_carlo,135.0,10.0,0.0
200.0,product internal MC,monte_carlo,145.0,10.0,0.0
200.0,product internal MC,monte_carlo,155.0,10.0,0.0
200.0,product internal MC,monte_carlo,165.0,10.0,0.0
200.0,product internal MC,monte_carlo,175.0,10.0,0.0
200.0,product internal MC,monte_carlo,185.0,10.0,0.0
200.0,product internal MC,monte_carlo,195.0,10.0,0.0
200.0,product internal MC,monte_carlo,205.0,10.0,0.0
200.0,product internal MC,monte_carlo,215.0,10.0,0.0
200.0,product internal MC,monte_carlo,225.0,10.0,0.0
200.0,product internal MC,monte_carlo,235.0,10.0,0.0
200.0,product internal MC,monte_carlo,245.0,10.0,0.0
200.0,product internal MC,monte_carlo,255.0,10.0,0.0
200.0,product internal MC,monte_carlo,270.0,20.0,0.0
200.0,product internal MC,monte_carlo,290.0,20.0,0.0
200.0,product internal MC,monte_carlo,310.0,20.0,0.0
200.0,product internal MC,monte_carlo,330.0,20.0,0.0
200.0,product internal MC,monte_carlo,350.0,20.0,0.0
200.0,product internal MC,monte_carlo,370.0,20.0,0.0
200.0,product internal MC,monte_carlo,390.0,20.0,0.0
200.0,product internal MC,monte_carlo,410.0,20.0,0.0
200.0,product internal MC,monte_carlo,430.0,20.0,0.0
200.0,product internal MC,monte_carlo,450.0,20.0,0.0
200.0,product internal MC,monte_carlo,470.0,20.0,0.0
200.0,product internal MC,monte_carlo,490.0,20.0,0.0
200.0,product internal MC,monte_carlo,510.0,20.0,0.0
200.0,product internal MC,monte_carlo,530.0,20.0,0.0
200.0,product internal MC,monte_carlo,550.0,20.0,0.0
200.0,product internal MC,monte_carlo,570.0,20.0,0.0
200.0,product internal MC,monte_carlo,590.0,20.0,0.0
200.0,product internal MC,monte_carlo,610.0,20.0,0.0
200.0,product internal MC,monte_carlo,630.0,20.0,0.0
200.0,product internal MC,monte_carlo,650.0,20.0,0.0
200.0,product internal MC,monte_carlo,670.0,20.0,0.0
200.0,product internal MC,monte_carlo,690.0,20.0,0.0
200.0,product internal MC,monte_carlo,710.0,20.0,0.0
200.0,product internal MC,monte_carlo,730.0,20.0,0.0
200.0,product internal MC,monte_carlo,750.0,20.0,0.0
200.0,product internal MC,monte_carlo,770.0,20.0,0.0
200.0,product internal MC,monte_carlo,790.0,20.0,0.0
200.0,product internal MC,monte_carlo,810.0,20.0,0.0
200.0,product internal MC,monte_carlo,830.0,20.0,0.0
200.0,product internal MC,monte_carlo,850.0,20.0,0.0
200.0,product internal MC,monte_carlo,870.0,20.0,0.0
200.0,product internal MC,monte_carlo,890.0,20.0,0.0
200.0,product internal MC,monte_carlo,910.0,20.0,0.0
200.0,product internal MC,monte_carlo,930.0,20.0,0.0
200.0,product internal MC,monte_carlo,950.0,20.0,0.0
200.0,product internal MC,monte_carlo,970.0,20.0,0.0
200.0,product internal MC,monte_carlo,990.0,20.0,0.0
400.0,product two_term,two_term,0.0001,0.00032093106789,0.0004195940249303904
400.0,product two_term,two_term,0.00054186213578,0.00088372427157,0.0007535871599507011
400.0,product two_term,two_term,0.0018674485431,0.0017674485431,0.0014558020705013545
400.0,product two_term,two_term,0.0040767592221,0.0026511728147,0.002171987761702021
400.0,product two_term,two_term,0.0071697941726,0.0035348970863,0.0028906999011026895
400.0,product two_term,two_term,0.011146553395,0.0044186213578,0.0036102110049033593
400.0,product two_term,two_term,0.016007036888,0.0053023456294,0.004330030838304029
400.0,product two_term,two_term,0.021751244653,0.006186069901,0.005049993943504699
400.0,product two_term,two_term,0.02837917669,0.0070697941726,0.005770007314305369
400.0,product two_term,two_term,0.035890832999,0.0079535184441,0.006490032729706038
400.0,product two_term,two_term,0.044286213578,0.0088372427157,0.007210049058606709
400.0,product two_term,two_term,0.05356531843,0.0097209669873,0.00793004961250738
400.0,product two_term,two_term,0.063728147553,0.010604691259,0.008649987598108049
400.0,product two_term,two_term,0.074774700948,0.01148841553,0.00936988702890872
400.0,product two_term,two_term,0.086704978614,0.012372139802,0.010089704504009388
400.0,product two_term,two_term,0.099518980552,0.013255864074,0.010809440643010058
400.0,product two_term,two_term,0.11321670676,0.014139588345,0.011529100960010728
400.0,product two_term,two_term,0.12779815724,0.015023312617,0.012248791449011398
400.0,product two_term,two_term,0.14326333199,0.015907036888,0.012968472776012067
400.0,product two_term,two_term,0.15961223102,0.01679076116,0.013688113065012737
400.0,product two_term,two_term,0.17684485431,0.017674485431,0.014407725926013406
400.0,product two_term,two_term,0.19496120188,0.018558209703,0.015126868473014076
400.0,product two_term,two_term,0.21396127372,0.019441933975,0.015845856683014744
400.0,product two_term,two_term,0.23384506983,0.020325658246,0.016565074241015415
400.0,product two_term,two_term,0.25461259021,0.021209382518,0.017284297031016086
400.0,product two_term,two_term,0.27626383487,0.022093106789,0.018003150551016752
400.0,product two_term,two_term,0.29879880379,0.022976831061,0.01872169456001742
400.0,product two_term,two_term,0.32221749699,0.023860555332,0.01944032629501809
400.0,product two_term,two_term,0.34651991446,0.024744279604,0.020158978765018754
400.0,product two_term,two_term,0.3717060562,0.025628003876,0.020876597618019424
400.0,product two_term,two_term,0.39777592221,0.026511728147,0.02159404528402009
400.0,product two_term,two_term,0.42472951249,0.027395452419,0.02231146529002076
400.0,product two_term,two_term,0.45256682704,0.02827917669,0.02302827028902143
400.0,product two_term,two_term,0.48128786587,0.029162900962,0.023744431789022094
400.0,product two_term,two_term,0.51089262897,0.030046625233,0.02445976054302276
400.0,product two_term,two_term,0.54138111634,0.030930349505,0.025173879085023422
400.0,product two_term,two_term,0.57275332798,0.031814073777,0.025887191028024087
400.0,product two_term,two_term,0.60500926389,0.032697798048,0.026600120136024752
400.0,product two_term,two_term,0.63814892407,0.03358152232,0.02731038786802541
400.0,product two_term,two_term,0.67217230853,0.034465246591,0.02801927296202607
400.0,product two_term,two_term,0.70707941726,0.035348970863,0.02872662454602673
400.0,product two_term,two_term,0.74287025025,0.036232695134,0.029431654944027386
400.0,product two_term,two_term,0.77954480752,0.037116419406,0.03013565712802804
400.0,product two_term,two_term,0.81710308907,0.038000143677,0.030834651099028693
400.0,product two_term,two_term,0.85554509488,0.038883867949,0.03153253018102934
400.0,product two_term,two_term,0.89487082496,0.039767592221,0.03222713148002999
400.0,product two_term,two_term,0.93508027932,0.040651316492,0.03291882431203063
400.0,product two_term,two_term,0.97617345795,0.041535040764,0.033606263562031266
400.0,product two_term,two_term,1.0181503608,0.042418765035,0.034290476224031904
400.0,product two_term,two_term,1.061010988,0.043302489307,0.03497212685103254
400.0,product two_term,two_term,1.1047553395,0.044186213578,0.03564782653603317
400.0,product two_term,two_term,1.1493834152,0.04506993785,0.036320477421033795
400.0,product two_term,two_term,1.1948952152,0.045953662122,0.036988833112034415
400.0,product two_term,two_term,1.2412907394,0.046837386393,0.03765307524703503
400.0,product two_term,two_term,1.2885699879,0.047721110665,0.03831148186403564
400.0,product two_term,two_term,1.3367329607,0.048604834936,0.03896645450003625
400.0,product two_term,two_term,1.3857796578,0.049488559208,0.03961660840603686
400.0,product two_term,two_term,1.4357100792,0.050372283479,0.04026003213403746
400.0,product two_term,two_term,1.4865242248,0.051256007751,0.04090042802603806
400.0,product two_term,two_term,1.5382220947,0.052139732023,0.04153383704703865
400.0,product two_term,two_term,1.5908036888,0.053023456294,0.042162394704039236
400.0,product two_term,two_term,1.6442690073,0.053907180566,0.042784246554039805
400.0,product two_term,two_term,1.69861805,0.054790904837,0.043401078002040384
400.0,product two_term,two_term,1.7538508169,0.055674629109,0.04401072046504095
400.0,product two_term,two_term,1.8099673082,0.05655835338,0.044614695721041514
400.0,product two_term,two_term,1.8669675237,0.057442077652,0.04521237650404207
400.0,product two_term,two_term,1.9248514635,0.058325801924,0.04580129971004262
400.0,product two_term,two_term,1.9836191275,0.059209526195,0.04638574936504316
400.0,product two_term,two_term,2.0432705159,0.060093250467,0.0469610354430437
400.0,product two_term,two_term,2.1038056285,0.060976974738,0.04752873721404422
400.0,product two_term,two_term,2.1652244653,0.06186069901,0.04808977105204475
400.0,product two_term,two_term,2.2275270265,0.062744423281,0.04864230248904526
400.0,product two_term,two_term,2.2907133119,0.063628147553,0.049187360560045766
400.0,product two_term,two_term,2.3547833216,0.064511871825,0.04972254734804627
400.0,product two_term,two_term,2.4197370556,0.065395596096,0.050251255299046754
400.0,product two_term,two_term,2.4855745138,0.066279320368,0.05076912536004724
400.0,product two_term,two_term,2.5522956963,0.067163044639,0.051278887819047714
400.0,product two_term,two_term,2.6199006031,0.068046768911,0.051781773682048185
400.0,product two_term,two_term,2.6883892341,0.068930493182,0.052271018172048635
400.0,product two_term,two_term,2.7577615894,0.069814217454,0.05275395257704909
400.0,product two_term,two_term,2.828017669,0.070697941726,0.053225560342049526
400.0,product two_term,two_term,2.8991574729,0.071581665997,0.053688607593049956
400.0,product two_term,two_term,2.971181001,0.072465390269,0.054139682017050376
400.0,product two_term,two_term,3.0440882534,0.07334911454,0.05458168242805079
400.0,product two_term,two_term,3.1178792301,0.074232838812,0.05501405153805119
400.0,product two_term,two_term,3.192553931,0.075116563083,0.055434417248051586
400.0,product two_term,two_term,3.2681123563,0.076000287355,0.055844634802051964
400.0,product two_term,two_term,3.3445545058,0.076884011627,0.056242894999052336
400.0,product two_term,two_term,3.4218803795,0.077767735898,0.05663253912505269
400.0,product two_term,two_term,3.5000899776,0.07865146017,0.05700868741505305
400.0,product two_term,two_term,3.5791832999,0.079535184441,0.05737477678405339
400.0,product two_term,two_term,3.6591603464,0.080418908713,0.057726982731053714
400.0,product two_term,two_term,3.7400211173,0.081302632984,0.05807083677205403
400.0,product two_term,two_term,3.8217656124,0.082186357256,0.05840018398405434
400.0,product two_term,two_term,3.9043938318,0.083070081528,0.05872057636405464
400.0,product two_term,two_term,3.9879057755,0.083953805799,0.05902500944005492
400.0,product two_term,two_term,4.0723014434,0.084837530071,0.0593204671240552
400.0,product two_term,two_term,4.1575808356,0.085721254342,0.05960239359105546
400.0,product two_term,two_term,4.2437439521,0.086604978614,0.059872239865055715
400.0,product two_term,two_term,4.3307907928,0.087488702885,0.06012976715005595
400.0,product two_term,two_term,4.4187213578,0.088372427157,0.06037388152705618
400.0,product two_term,two_term,4.5075356471,0.089256151429,0.060604349840056394
400.0,product two_term,two_term,4.5972336607,0.0901398757,0.060823827502056595
400.0,product two_term,two_term,4.6878153985,0.091023599972,0.06102950460905679
400.0,product two_term,two_term,4.7792808606,0.091907324243,0.06122309537905697
400.0,product two_term,two_term,4.871630047,0.092791048515,0.061403710855057136
400.0,product two_term,two_term,4.9648629577,0.093674772786,0.06157098631505729
400.0,product two_term,two_term,5.0589795926,0.094558497058,0.061726329693057434
400.0,product two_term,two_term,5.1539799518,0.09544222133,0.061866146375057565
400.0,product two_term,two_term,5.2498640353,0.096325945601,0.06199532110105768
400.0,product two_term,two_term,5.346631843,0.097209669873,0.062108243842057785
400.0,product two_term,two_term,5.444283375,0.098093394144,0.062210498480057885
400.0,product two_term,two_term,5.5428186313,0.098977118416,0.062297780526057965
400.0,product two_term,two_term,5.6422376118,0.099860842687,0.062372738712058035
400.0,product two_term,two_term,5.7425403167,0.10074456696,0.06243450142805809
400.0,product two_term,two_term,5.8437267458,0.10162829123,0.06248200557705814
400.0,product two_term,two_term,5.9457968991,0.1025120155,0.06251826871905818
400.0,product two_term,two_term,6.0487507768,0.10339573977,0.06253822414005819
400.0,product two_term,two_term,6.1525883787,0.10427946405,0.0625470152100582
400.0,product two_term,two_term,6.2573097048,0.10516318832,0.06254117926605819
400.0,product two_term,two_term,6.3629147553,0.10604691259,0.06252201202105817
400.0,product two_term,two_term,6.46940353,0.10693063686,0.06249085492705815
400.0,product two_term,two_term,6.576776029,0.10781436113,0.062444133834058106
400.0,product two_term,two_term,6.6850322523,0.1086980854,0.06238611975205805
400.0,product two_term,two_term,6.7941721998,0.10958180967,0.06231372681305798
400.0,product two_term,two_term,6.9041958716,0.11046553395,0.0622282349010579
400.0,product two_term,two_term,7.0151032677,0.11134925822,0.062131126118057815
400.0,product two_term,two_term,7.1268943881,0.11223298249,0.062018324403057705
400.0,product two_term,two_term,7.2395692327,0.11311670676,0.061894220572057596
400.0,product two_term,two_term,7.3531278016,0.11400043103,0.06175683307905746
400.0,product two_term,two_term,7.4675700948,0.1148841553,0.06160569302505732
400.0,product two_term,two_term,7.5828961122,0.11576787958,0.06144330213705717
400.0,product two_term,two_term,7.6991058539,0.11665160385,0.06126642121905701
400.0,product two_term,two_term,7.8161993199,0.11753532812,0.06107738023105683
400.0,product two_term,two_term,7.9341765102,0.11841905239,0.060877070704056645
400.0,product two_term,two_term,8.0530374247,0.11930277666,0.06066174555705644
400.0,product two_term,two_term,8.1727820635,0.12018650093,0.06043540934705623
400.0,product two_term,two_term,8.2934104265,0.12107022521,0.06019717270705601
400.0,product two_term,two_term,8.4149225139,0.12195394948,0.059945119696055774
400.0,product two_term,two_term,8.5373183255,0.12283767375,0.05968225655505553
400.0,product two_term,two_term,8.6605978614,0.12372139802,0.05940723659605528
400.0,product two_term,two_term,8.7847611215,0.12460512229,0.05911933827205501
400.0,product two_term,two_term,8.909808106,0.12548884656,0.05882088741905473
400.0,product two_term,two_term,9.0357388147,0.12637257083,0.058510362373054445
400.0,product two_term,two_term,9.1625532476,0.12725629511,0.058187665148054145
400.0,product two_term,two_term,9.2902514049,0.12814001938,0.05785472584805383
400.0,product two_term,two_term,9.4188332864,0.12902374365,0.05751008986705351
400.0,product two_term,two_term,9.5482988922,0.12990746792,0.057153782949053177
400.0,product two_term,two_term,9.6786482222,0.13079119219,0.05678759820805284
400.0,product two_term,two_term,9.8098812766,0.13167491646,0.056410364095052484
400.0,product two_term,two_term,9.9419980552,0.13255864074,0.05602176694405212
400.0,product two_term,two_term,10.074998558,0.13344236501,0.055623653880051756
400.0,product two_term,two_term,10.208882785,0.13432608928,0.055215375249051374
400.0,product two_term,two_term,10.343650737,0.13520981355,0.05479597429005099
400.0,product two_term,two_term,10.479302412,0.13609353782,0.054367587537050586
400.0,product two_term,two_term,10.615837812,0.13697726209,0.05393011027305018
400.0,product two_term,two_term,10.753256936,0.13786098636,0.05348161227704976
400.0,product two_term,two_term,10.891559785,0.13874471064,0.053024647480049335
400.0,product two_term,two_term,11.030746358,0.13962843491,0.0525593494470489
400.0,product two_term,two_term,11.170816655,0.14051215918,0.05208401494604846
400.0,product two_term,two_term,11.311770676,0.11459167261,0.05160029889204801
400.0,product two_term,two_term,11.4,0.065543233383,0.05129549547604773
400.0,product two_term,two_term,11.442857143,0.026804210839,0.05114629163704759
400.0,product two_term,two_term,11.453608422,0.021428571429,0.05110863903504755
400.0,product two_term,two_term,11.485714286,0.037481503447,0.05099604200204745
400.0,product two_term,two_term,11.528571429,0.042857142857,0.05084528922604731
400.0,product two_term,two_term,11.571428571,0.033879231482,0.05069429691404717
400.0,product two_term,two_term,11.596329892,0.021428571429,0.05060645793004709
400.0,product two_term,two_term,11.614285714,0.030406482803,0.050542981201047034
400.0,product two_term,two_term,11.657142857,0.042857142857,0.05038940428304688
400.0,product two_term,two_term,11.7,0.041396114262,0.05023469220004674
400.0,product two_term,two_term,11.739935086,0.092212002034,0.05008976307004661
400.0,product two_term,two_term,11.884424004,0.14493078054,0.04955640030104611
400.0,product two_term,two_term,12.029796647,0.14581450481,0.049007312199045604
400.0,product two_term,two_term,12.176053014,0.14669822908,0.048441462227045075
400.0,product two_term,two_term,12.323193105,0.14758195335,0.04786177756704453
400.0,product two_term,two_term,12.47121692,0.14846567762,0.04726921741504399
400.0,product two_term,two_term,12.62012446,0.1493494019,0.046663830976043416
400.0,product two_term,two_term,12.769915724,0.15023312617,0.046046326682042844
400.0,product two_term,two_term,12.920590712,0.15111685044,0.045418737104042255
400.0,product two_term,two_term,13.072149425,0.15200057471,0.044781931999041666
400.0,product two_term,two_term,13.224591862,0.15288429898,0.04413536139804106
400.0,product two_term,two_term,13.377918023,0.15376802325,0.04348095206604046
400.0,product two_term,two_term,13.532127908,0.15465174752,0.042819983264039845
400.0,product two_term,two_term,13.687221518,0.1555354718,0.04215320524203923
400.0,product two_term,two_term,13.843198852,0.15641919607,0.0414799989050386
400.0,product two_term,two_term,14.00005991,0.15730292034,0.040802657232037964
400.0,product two_term,two_term,14.157804693,0.15818664461,0.040121970790037334
400.0,product two_term,two_term,14.316433199,0.15907036888,0.0394384209660367
400.0,product two_term,two_term,14.47594543,0.15995409315,0.038751852050036055
400.0,product two_term,two_term,14.636341386,0.16083781743,0.038064105603035414
400.0,product two_term,two_term,14.797621065,0.1617215417,0.03737583067303478
400.0,product two_term,two_term,14.959784469,0.16260526597,0.03668737521803414
400.0,product two_term,two_term,15.122831597,0.16348899024,0.03599876622503349
400.0,product two_term,two_term,15.28676245,0.16437271451,0.03531151728603286
400.0,product two_term,two_term,15.451577026,0.16161877519,0.03462614871803222
400.0,product two_term,two_term,15.61,0.08284915046,0.033972724208031616
400.0,product two_term,two_term,15.617275327,0.021428571429,0.03394289941203159
400.0,product two_term,two_term,15.652857143,0.039219479268,0.033796712650031445
400.0,product two_term,two_term,15.695714286,0.042857142857,0.03362090045603128
400.0,product two_term,two_term,15.738571429,0.042857142857,0.03344562612103112
400.0,product two_term,two_term,15.781428571,0.022642961898,0.03327083211503096
400.0,product two_term,two_term,15.783857352,0.021428571429,0.03326094202103095
400.0,product two_term,two_term,15.824285714,0.041642752387,0.033096488463030795
400.0,product two_term,two_term,15.867142857,0.042857142857,0.03292202487503063
400.0,product two_term,two_term,15.91,0.042090122344,0.03274734340203047
400.0,product two_term,two_term,15.951323102,0.10483628778,0.032579122299030316
400.0,product two_term,two_term,16.119672576,0.16879133587,0.031895336716029676
400.0,product two_term,two_term,16.288905774,0.16967506014,0.03121048471302904
400.0,product two_term,two_term,16.459022696,0.17055878441,0.0305245392000284
400.0,product two_term,two_term,16.630023342,0.17144250868,0.029839304239027767
400.0,product two_term,two_term,16.801907713,0.17232623296,0.029155622980027128
400.0,product two_term,two_term,16.974675808,0.17320995723,0.028474320830026496
400.0,product two_term,two_term,17.148327628,0.1740936815,0.027795619043025865
400.0,product two_term,two_term,17.322863171,0.17497740577,0.027120540980025237
400.0,product two_term,two_term,17.498282439,0.17586113004,0.026450047636024612
400.0,product two_term,two_term,17.674585431,0.17674485431,0.025784760964023993
400.0,product two_term,two_term,17.851772148,0.17762857859,0.025125131179023378
400.0,product two_term,two_term,18.029842589,0.17851230286,0.02447133335702277
400.0,product two_term,two_term,18.208796754,0.17939602713,0.02382448704202217
400.0,product two_term,two_term,18.388634643,0.1802797514,0.023185082404021572
400.0,product two_term,two_term,18.569356256,0.18116347567,0.022553575185020987
400.0,product two_term,two_term,18.750961594,0.18204719994,0.021929989331020402
400.0,product two_term,two_term,18.933450656,0.18293092421,0.02131489254701983
400.0,product two_term,two_term,19.116823443,0.18381464849,0.02070887116301927
400.0,product two_term,two_term,19.301079953,0.18469837276,0.020112233945018713
400.0,product two_term,two_term,19.486220188,0.18558209703,0.019525258594018168
400.0,product two_term,two_term,19.672244147,0.1864658213,0.01894774184101763
400.0,product two_term,two_term,19.859151831,0.18734954557,0.0183803212800171
400.0,product two_term,two_term,20.046943238,0.18823326984,0.017823271860016584
400.0,product two_term,two_term,20.23561837,0.18911699412,0.017276801532016075
400.0,product two_term,two_term,20.425177227,0.19000071839,0.016741039027015577
400.0,product two_term,two_term,20.615619807,0.19088444266,0.01621562331201509
400.0,product two_term,two_term,20.806946112,0.19176816693,0.01570102689601461
400.0,product two_term,two_term,20.999156141,0.1926518912,0.015197297643014142
400.0,product two_term,two_term,21.192249894,0.19353561547,0.014704554246013682
400.0,product two_term,two_term,21.386227372,0.19441933975,0.014222871087013235
400.0,product two_term,two_term,21.581088574,0.19530306402,0.013751902070012796
400.0,product two_term,two_term,21.7768335,0.19618678829,0.013291916948012369
400.0,product two_term,two_term,21.97346215,0.19707051256,0.01284290502701195
400.0,product two_term,two_term,22.170974525,0.19795423683,0.012404859606011542
400.0,product two_term,two_term,22.369370624,0.1988379611,0.011977750611011145
400.0,product two_term,two_term,22.568650447,0.19972168537,0.011561303563010756
400.0,product two_term,two_term,22.768813995,0.20060540965,0.01115553391801038
400.0,product two_term,two_term,22.969861267,0.20148913392,0.010760436259010013
400.0,product two_term,two_term,23.171792263,0.20237285819,0.010375928927009654
400.0,product two_term,two_term,23.374606983,0.20325658246,0.010001911437009306
400.0,product two_term,two_term,23.578305428,0.20414030673,0.009638198675808968
400.0,product two_term,two_term,23.782887596,0.205024031,0.009284542101108639
400.0,product two_term,two_term,23.98835349,0.20590775528,0.00894097876320832
400.0,product two_term,two_term,24.194703107,0.20679147955,0.008607382398108009
400.0,product two_term,two_term,24.401936449,0.20767520382,0.008283609300007707
400.0,product two_term,two_term,24.610053515,0.20855892809,0.007969495714707417
400.0,product two_term,two_term,24.819054305,0.20944265236,0.0076647673723071325
400.0,product two_term,two_term,25.028938819,0.21032637663,0.007369307354006857
400.0,product two_term,two_term,25.239707058,0.21121010091,0.00708303205310659
400.0,product two_term,two_term,25.451359021,0.21209382518,0.006805774696506332
400.0,product two_term,two_term,25.663894709,0.21297754945,0.006537351262506083
400.0,product two_term,two_term,25.87731412,0.21386127372,0.006277577770305841
400.0,product two_term,two_term,26.091617256,0.21474499799,0.006026175129905608
400.0,product two_term,two_term,26.306804116,0.21562872226,0.005783057527605381
400.0,product two_term,two_term,26.5228747,0.21651244653,0.005548074642205162
400.0,product two_term,two_term,26.739829009,0.21739617081,0.005321035029404951
400.0,product two_term,two_term,26.957667042,0.21827989508,0.0051017485810047475
400.0,product two_term,two_term,27.176388799,0.21916361935,0.00489004091390455
400.0,product two_term,two_term,27.395994281,0.22004734362,0.00468566483100436
400.0,product two_term,two_term,27.616483487,0.22093106789,0.004488482907504176
400.0,product two_term,two_term,27.837856417,0.22181479216,0.004298334578704
400.0,product two_term,two_term,28.060113071,0.22269851644,0.004115036214403829
400.0,product two_term,two_term,28.283253449,0.22358224071,0.0039384170071036645
400.0,product two_term,two_term,28.507277552,0.22446596498,0.0037682994330035064
400.0,product two_term,two_term,28.732185379,0.22534968925,0.003604465514103354
400.0,product two_term,two_term,28.957976931,0.22623341352,0.003446725995803207
400.0,product two_term,two_term,29.184652206,0.22711713779,0.0032949586172030657
400.0,product two_term,two_term,29.412211206,0.22800086206,0.00314899635610293
400.0,product two_term,two_term,29.640653931,0.22888458634,0.0030086631557027996
400.0,product two_term,two_term,29.869980379,0.22976831061,0.002873784286202674
400.0,product two_term,two_term,30.100190552,0.23065203488,0.0027441942533025536
400.0,product two_term,two_term,30.331284449,0.23153575915,0.0026196886712024376
400.0,product two_term,two_term,30.56326207,0.23241948342,0.002500151620202326
400.0,product two_term,two_term,30.796123416,0.23330320769,0.0023854257728022194
400.0,product two_term,two_term,31.029868485,0.23418693197,0.002275352222102117
400.0,product two_term,two_term,31.26449728,0.23507065624,0.0021697838447020186
400.0,product two_term,two_term,31.500009798,0.23595438051,0.0020685731799019247
400.0,product two_term,two_term,31.736406041,0.23683810478,0.0019715660339018346
400.0,product two_term,two_term,31.973686008,0.23772182905,0.001878582194801748
400.0,product two_term,two_term,32.211849699,0.23860555332,0.0017895237095016652
400.0,product two_term,two_term,32.450897114,0.2394892776,0.0017042558219015859
400.0,product two_term,two_term,32.690828254,0.24037300187,0.0016226407759015098
400.0,product two_term,two_term,32.931643118,0.24125672614,0.0015445439178014373
400.0,product two_term,two_term,33.173341706,0.24214045041,0.0014698389681013675
400.0,product two_term,two_term,33.415924019,0.24302417468,0.0013984037767013013
400.0,product two_term,two_term,33.659390056,0.24390789895,0.0013300900468012377
400.0,product two_term,two_term,33.903739817,0.24479162322,0.0012648035776011768
400.0,product two_term,two_term,34.148973302,0.2456753475,0.001202430864101119
400.0,product two_term,two_term,34.395090512,0.24655907177,0.0011428620378010634
400.0,product two_term,two_term,34.642091446,0.24744279604,0.0010859874562010104
400.0,product two_term,two_term,34.889976104,0.24832652031,0.00103169935200096
400.0,product two_term,two_term,35.138744486,0.24921024458,0.0009798955878809119
400.0,product two_term,two_term,35.388396593,0.25009396885,0.0009304685817908658
400.0,product two_term,two_term,35.638932424,0.25097769313,0.0008833250517308219
400.0,product two_term,two_term,35.890351979,0.2518614174,0.0008383784303607801
400.0,product two_term,two_term,36.142655259,0.25274514167,0.0007955386411007401
400.0,product two_term,two_term,36.395842262,0.25362886594,0.0007547195693807022
400.0,product two_term,two_term,36.649912991,0.25451259021,0.000715836351300666
400.0,product two_term,two_term,36.904867443,0.25539631448,0.0006788061283606317
400.0,product two_term,two_term,37.16070562,0.25628003876,0.0006435504839805988
400.0,product two_term,two_term,37.41742752,0.25716376303,0.0006099848112805676
400.0,product two_term,two_term,37.675033146,0.2580474873,0.0005780438421005378
400.0,product two_term,two_term,37.933522495,0.25893121157,0.0005476580616005095
400.0,product two_term,two_term,38.192895569,0.25981493584,0.0005187596812304827
400.0,product two_term,two_term,38.453152367,0.26069866011,0.0004912835977204571
400.0,product two_term,two_term,38.714292889,0.26158238438,0.0004651660585504328
400.0,product two_term,two_term,38.976317135,0.26246610866,0.0004403455417604097
400.0,product two_term,two_term,39.239225106,0.26334983293,0.00041676404115038775
400.0,product two_term,two_term,39.503016801,0.2642335572,0.00039436032351036694
400.0,product two_term,two_term,39.767692221,0.26511728147,0.00037308386457034714
400.0,product two_term,two_term,40.033251364,0.26600100574,0.00035288441923032833
400.0,product two_term,two_term,40.299694232,0.26688473001,0.0003337125006003105
400.0,product two_term,two_term,40.567020824,0.26776845429,0.0003155203769502936
400.0,product two_term,two_term,40.835231141,0.26865217856,0.0002982616605502775
400.0,product two_term,two_term,41.104325181,0.26953590283,0.00028189220677026227
400.0,product two_term,two_term,41.374302946,0.2704196271,0.0002663700772402479
400.0,product two_term,two_term,41.645164436,0.27130335137,0.0002516536082902341
400.0,product two_term,two_term,41.916909649,0.27218707564,0.00023770184365022118
400.0,product two_term,two_term,42.189538587,0.27307079991,0.00022448139515020887
400.0,product two_term,two_term,42.463051249,0.27395452419,0.00021195690138019722
400.0,product two_term,two_term,42.737447635,0.27483824846,0.0002000942367701862
400.0,product two_term,two_term,43.012727746,0.27572197273,0.00018886070497017572
400.0,product two_term,two_term,43.288891581,0.276605697,0.00017822541880016583
400.0,product two_term,two_term,43.56593914,0.27748942127,0.00016815879245015648
400.0,product two_term,two_term,43.843870423,0.27837314554,0.00015863228681014762
400.0,product two_term,two_term,44.122685431,0.27925686982,0.0001496177661601392
400.0,product two_term,two_term,44.402384163,0.28014059409,0.00014108906945013128
400.0,product two_term,two_term,44.682966619,0.28102431836,0.00013302328159012377
400.0,product two_term,two_term,44.9644328,0.28190804263,0.00012539672615011668
400.0,product two_term,two_term,45.246782704,0.2827917669,0.00011818702049010996
400.0,product two_term,two_term,45.530016333,0.28367549117,0.00011137282453010363
400.0,product two_term,two_term,45.814133687,0.28455921545,0.00010493365592009763
400.0,product two_term,two_term,46.099134764,0.28544293972,9.885005265709197e-05
400.0,product two_term,two_term,46.385019566,0.28632666399,9.310357554608663e-05
400.0,product two_term,two_term,46.671788092,0.28721038826,8.767651164208159e-05
400.0,product two_term,two_term,46.959440343,0.28809411253,8.255073638707682e-05
400.0,product two_term,two_term,47.247976317,0.2889778368,7.77118933110723e-05
400.0,product two_term,two_term,47.537396016,0.28986156107,7.314482291406805e-05
400.0,product two_term,two_term,47.827699439,0.29074528535,6.883503142206405e-05
400.0,product two_term,two_term,48.118886587,0.29162900962,6.476877300106027e-05
400.0,product two_term,two_term,48.410957459,0.29251273389,6.0933029462056697e-05
400.0,product two_term,two_term,48.703912055,0.29339645816,5.731539605905333e-05
400.0,product two_term,two_term,48.997750375,0.29428018243,5.3904057411050155e-05
400.0,product two_term,two_term,49.29247242,0.2951639067,5.068785969204716e-05
400.0,product two_term,two_term,49.588078188,0.29604763098,4.765597734104434e-05
400.0,product two_term,two_term,49.884567682,0.29693135525,4.479797015704168e-05
400.0,product two_term,two_term,50.181940899,0.29781507952,4.210493389103918e-05
400.0,product two_term,two_term,50.480197841,0.29869880379,3.9567804684036813e-05
400.0,product two_term,two_term,50.779338507,0.29958252806,3.7177962201034595e-05
400.0,product two_term,two_term,51.079362897,0.30046625233,3.49272332200325e-05
400.0,product two_term,two_term,51.380271011,0.30134997661,3.2807895179030525e-05
400.0,product two_term,two_term,51.68206285,0.30223370088,3.081261857302867e-05
400.0,product two_term,two_term,51.984738413,0.30311742515,2.8934442542026924e-05
400.0,product two_term,two_term,52.2882977,0.30400114942,2.716679975002528e-05
400.0,product two_term,two_term,52.592740712,0.30488487369,2.550346837502373e-05
400.0,product two_term,two_term,52.898067448,0.30576859796,2.3938137590022275e-05
400.0,product two_term,two_term,53.204277908,0.30665232223,2.2465661802020906e-05
400.0,product two_term,two_term,53.511372092,0.30753604651,2.1080780865019612e-05
400.0,product two_term,two_term,53.819350001,0.30841977078,1.9778488335018405e-05
400.0,product two_term,two_term,54.128211634,0.30930349505,1.8554051704017263e-05
400.0,product two_term,two_term,54.437956991,0.31018721932,1.740300319601619e-05
400.0,product two_term,two_term,54.748586072,0.31107094359,1.6321113355015185e-05
400.0,product two_term,two_term,55.060098878,0.31195466786,1.530438151201424e-05
400.0,product two_term,two_term,55.372495408,0.31283839214,1.434903531901335e-05
400.0,product two_term,two_term,55.685775662,0.31372211641,1.3451507855012515e-05
400.0,product two_term,two_term,55.999939641,0.31460584068,1.2608406553011732e-05
400.0,product two_term,two_term,56.314987344,0.31548956495,1.1816382231010994e-05
400.0,product two_term,two_term,56.630918771,0.31637328922,1.1072644946010304e-05
400.0,product two_term,two_term,56.947733922,0.31725701349,1.0374351216009652e-05
400.0,product two_term,two_term,57.265432798,0.31814073777,9.718822565709042e-06
400.0,product two_term,two_term,57.584015398,0.31902446204,9.103531772008471e-06
400.0,product two_term,two_term,57.903481722,0.31990818631,8.526091261707934e-06
400.0,product two_term,two_term,58.22383177,0.32079191058,7.984251598607428e-06
400.0,product two_term,two_term,58.545065543,0.32167563485,7.475892264306956e-06
400.0,product two_term,two_term,58.86718304,0.32255935912,6.999011751706513e-06
400.0,product two_term,two_term,59.190184261,0.32344308339,6.551724441206096e-06
400.0,product two_term,two_term,59.514069207,0.32432680767,6.1322541165057055e-06
400.0,product two_term,two_term,59.838837877,0.32521053194,5.73886606270534e-06
400.0,product two_term,two_term,60.164490271,0.32609425621,5.370012057404996e-06
400.0,product two_term,two_term,60.491026389,0.32697798048,5.024247867604675e-06
400.0,product two_term,two_term,60.818446232,0.32786170475,4.700172154704373e-06
400.0,product two_term,two_term,61.146749798,0.32874542902,4.396465515004091e-06
400.0,product two_term,two_term,61.47593709,0.3296291533,4.111886632003826e-06
400.0,product two_term,two_term,61.806008105,0.33051287757,3.8452664986035775e-06
400.0,product two_term,two_term,62.136962845,0.33139660184,3.595504932303345e-06
400.0,product two_term,two_term,62.468801309,0.33228032611,3.3615673708031276e-06
400.0,product two_term,two_term,62.801523497,0.33316405038,3.142480111602924e-06
400.0,product two_term,two_term,63.135129409,0.33404777465,2.937327217302733e-06
400.0,product two_term,two_term,63.469619046,0.33493149892,2.7452477665025542e-06
400.0,product two_term,two_term,63.804992407,0.3358152232,2.5654120991023868e-06
400.0,product two_term,two_term,64.141249493,0.33669894747,2.39705853320223e-06
400.0,product two_term,two_term,64.478390302,0.33758267174,2.2394969679020838e-06
400.0,product two_term,two_term,64.816414836,0.33846639601,2.0920541848019463e-06
400.0,product two_term,two_term,65.155323094,0.33935012028,1.954097599401818e-06
400.0,product two_term,two_term,65.495115077,0.34023384455,1.8250331287016982e-06
400.0,product two_term,two_term,65.835790783,0.34111756883,1.7043025728015858e-06
400.0,product two_term,two_term,66.177350214,0.3420012931,1.5913817061014807e-06
400.0,product two_term,two_term,66.51979337,0.34288501737,1.4857783955013826e-06
400.0,product two_term,two_term,66.863120249,0.34376874164,1.3870304632012907e-06
400.0,product two_term,two_term,67.207330853,0.34465246591,1.2947040930012047e-06
400.0,product two_term,two_term,67.552425181,0.34553619018,1.2083921808011243e-06
400.0,product two_term,two_term,67.898403233,0.34641991446,1.1277125855010492e-06
400.0,product two_term,two_term,68.24526501,0.34730363873,1.0522965050009792e-06
400.0,product two_term,two_term,68.593010511,0.348187363,9.818121078009135e-07
400.0,product two_term,two_term,68.941639736,0.34907108727,9.159517534308522e-07
400.0,product two_term,two_term,69.291152685,0.34995481154,8.54419267740795e-07
400.0,product two_term,two_term,69.641549359,0.35083853581,7.969369316207416e-07
400.0,product two_term,two_term,69.992829757,0.35172226008,7.432443062306916e-07
400.0,product two_term,two_term,70.344993879,0.35260598436,6.930973062106449e-07
400.0,product two_term,two_term,70.698041726,0.35348970863,6.462671419406013e-07
400.0,product two_term,two_term,71.051973296,0.3543734329,6.025393616705606e-07
400.0,product two_term,two_term,71.406788591,0.35525715717,5.617130550605226e-07
400.0,product two_term,two_term,71.762487611,0.35614088144,5.235999789004872e-07
400.0,product two_term,two_term,72.119070354,0.35702460571,4.880237779604541e-07
400.0,product two_term,two_term,72.476536822,0.35790832999,4.548192872704232e-07
400.0,product two_term,two_term,72.834887014,0.35879205426,4.2383181867039437e-07
400.0,product two_term,two_term,73.194120931,0.35967577853,3.9491051824036747e-07
400.0,product two_term,two_term,73.554238571,0.3605595028,3.6792593321034237e-07
400.0,product two_term,two_term,73.915239936,0.36144322707,3.427517174103189e-07
400.0,product two_term,two_term,74.277125025,0.36232695134,3.192689265302971e-07
400.0,product two_term,two_term,74.639893839,0.36321067562,2.973662478602767e-07
400.0,product two_term,two_term,75.003546377,0.36409439989,2.769395181602577e-07
400.0,product two_term,two_term,75.368082639,0.36497812416,2.5789128389024e-07
400.0,product two_term,two_term,75.733502625,0.36586184843,2.4013037826022347e-07
400.0,product two_term,two_term,76.099806336,0.3667455727,2.2357152460020803e-07
400.0,product two_term,two_term,76.46699377,0.36762929697,2.0813496829019364e-07
400.0,product two_term,two_term,76.835064929,0.36851302124,1.9374612861018028e-07
400.0,product two_term,two_term,77.204019813,0.36939674552,1.803352704501678e-07
400.0,product two_term,two_term,77.573858421,0.37028046979,1.6783719823015616e-07
400.0,product two_term,two_term,77.944580752,0.37116419406,1.561909695001453e-07
400.0,product two_term,two_term,78.316186809,0.37204791833,1.4533877984013523e-07
400.0,product two_term,two_term,78.688676589,0.3729316426,1.3522685910012585e-07
400.0,product two_term,two_term,79.062050094,0.37381536687,1.2580713786011704e-07
400.0,product two_term,two_term,79.436307323,0.37469909115,1.170330937301089e-07
400.0,product two_term,two_term,79.811448276,0.37558281542,1.0886126805010129e-07
400.0,product two_term,two_term,80.187472954,0.37646653969,1.012510677300942e-07
400.0,product two_term,two_term,80.564381356,0.37735026396,9.416457901908761e-08
400.0,product two_term,two_term,80.942173482,0.37823398823,8.756639810508147e-08
400.0,product two_term,two_term,81.320849332,0.3791177125,8.142346503607576e-08
400.0,product two_term,two_term,81.700408907,0.38000143677,7.570491415907044e-08
400.0,product two_term,two_term,82.080852206,0.38088516105,7.038193340406548e-08
400.0,product two_term,two_term,82.462179229,0.38176888532,6.542762661006088e-08
400.0,product two_term,two_term,82.844389976,0.38265260959,6.081689256305659e-08
400.0,product two_term,two_term,83.227484448,0.38353633386,5.6526306650052594e-08
400.0,product two_term,two_term,83.611462644,0.38442005813,5.253401036904888e-08
400.0,product two_term,two_term,83.996324564,0.3853037824,4.8819611647045426e-08
400.0,product two_term,two_term,84.382070209,0.38618750668,4.536346346104221e-08
400.0,product two_term,two_term,84.768699577,0.38707123095,4.214839998203921e-08
400.0,product two_term,two_term,85.156212671,0.38795495522,3.915800046403644e-08
400.0,product two_term,two_term,85.544609488,0.38883867949,3.6376814768033846e-08
400.0,product two_term,two_term,85.93389003,0.38972240376,3.379043765003144e-08
400.0,product two_term,two_term,86.324054295,0.39060612803,3.13854374630292e-08
400.0,product two_term,two_term,86.715102286,0.39148985231,2.914929266202712e-08
400.0,product two_term,two_term,87.107034,0.39237357658,2.707033234902519e-08
400.0,product two_term,two_term,87.499849439,0.39325730085,2.513767746302339e-08
400.0,product two_term,two_term,87.893548602,0.39414102512,2.3341190052021718e-08
400.0,product two_term,two_term,88.288131489,0.39502474939,2.1671422759020164e-08
400.0,product two_term,two_term,88.683598101,0.39590847366,2.011957184201872e-08
400.0,product two_term,two_term,89.079948436,0.39679219793,1.8677432569017376e-08
400.0,product two_term,two_term,89.477182496,0.39767592221,1.7337356300016134e-08
400.0,product two_term,two_term,89.875300281,0.39855964648,1.6092219852014973e-08
400.0,product two_term,two_term,90.274301789,0.39944337075,1.4935389472013897e-08
400.0,product two_term,two_term,90.674187022,0.40032709502,1.3860635456012898e-08
400.0,product two_term,two_term,91.074955979,0.40121081929,1.2862099652011967e-08
400.0,product two_term,two_term,91.476608661,0.40209454356,1.1934614174011104e-08
400.0,product two_term,two_term,91.879145067,0.40297826784,1.1073189609010303e-08
400.0,product two_term,two_term,92.282565197,0.40386199211,1.0273181654009559e-08
400.0,product two_term,two_term,92.686869051,0.40474571638,9.530267492408867e-09
400.0,product two_term,two_term,93.092056629,0.40562944065,8.840424453608225e-09
400.0,product two_term,two_term,93.498127932,0.40651316492,8.19990867340763e-09
400.0,product two_term,two_term,93.905082959,0.40739688919,7.605236798007076e-09
400.0,product two_term,two_term,94.31292171,0.40828061347,7.053167750006563e-09
400.0,product two_term,two_term,94.721644186,0.40916433774,6.540686172706085e-09
400.0,product two_term,two_term,95.131250386,0.41004806201,6.064987264305643e-09
400.0,product two_term,two_term,95.54174031,0.41093178628,5.623461757705233e-09
400.0,product two_term,two_term,95.953113958,0.41181551055,5.213682996904852e-09
400.0,product two_term,two_term,96.365371331,0.41269923482,4.833393916704497e-09
400.0,product two_term,two_term,96.778512428,0.41358295909,4.480495571004169e-09
400.0,product two_term,two_term,97.192537249,0.41446668337,4.153036318103864e-09
400.0,product two_term,two_term,97.607445795,0.41535040764,3.849201302103581e-09
400.0,product two_term,two_term,98.023238065,0.41623413191,3.5672773117033195e-09
400.0,product two_term,two_term,98.439914059,0.41711785618,3.305694359103076e-09
400.0,product two_term,two_term,98.857473777,0.41800158045,3.0630289107028502e-09
400.0,product two_term,two_term,99.27591722,0.41888530472,2.8379242919026407e-09
400.0,product two_term,two_term,99.695244386,0.419769029,2.6291194196024463e-09
400.0,product two_term,two_term,100.11545528,0.42065275327,2.435422099802266e-09
400.0,product two_term,two_term,100.53654989,0.42153647754,2.255683987502099e-09
400.0,product two_term,two_term,100.95852823,0.42242020181,2.0888802531019434e-09
400.0,product two_term,two_term,101.3813903,0.42330392608,1.9341052196017997e-09
400.0,product two_term,two_term,101.80513608,0.42418765035,1.790514764501666e-09
400.0,product two_term,two_term,102.2297656,0.42507137462,1.657322271601542e-09
400.0,product two_term,two_term,102.65527883,0.4259550989,1.5337948393014271e-09
400.0,product two_term,two_term,103.0816758,0.42683882317,1.4192497300013207e-09
400.0,product two_term,two_term,103.50895648,0.42772254744,1.3130510460012218e-09
400.0,product two_term,two_term,103.93712089,0.42860627171,1.2146066184011302e-09
400.0,product two_term,two_term,104.36616902,0.42948999598,1.1233650975010453e-09
400.0,product two_term,two_term,104.79610088,0.43037372025,1.0388132249009665e-09
400.0,product two_term,two_term,105.22691646,0.43125744453,9.604732831508937e-10
400.0,product two_term,two_term,105.65861577,0.4321411688,8.879007110708261e-10
400.0,product two_term,two_term,106.0911988,0.43302489307,8.206775329107635e-10
400.0,product two_term,two_term,106.52466556,0.43390861734,7.584154110907057e-10
400.0,product two_term,two_term,106.95901604,0.43479234161,7.00766101930652e-10
400.0,product two_term,two_term,107.39425024,0.43567606588,6.473964900206024e-10
400.0,product two_term,two_term,107.83036817,0.43655979016,5.979968576505564e-10
400.0,product two_term,two_term,108.26736982,0.43744351443,5.522792905305139e-10
400.0,product two_term,two_term,108.7052552,0.4383272387,5.099761885704744e-10
400.0,product two_term,two_term,109.1440243,0.43921096297,4.708388749804381e-10
400.0,product two_term,two_term,109.58367712,0.44009468724,4.3463629761040443e-10
400.0,product two_term,two_term,110.02421367,0.44097841151,4.0115381639037324e-10
400.0,product two_term,two_term,110.46563395,0.44186213578,3.7019207164034445e-10
400.0,product two_term,two_term,110.90793794,0.44274586006,3.4156592779031785e-10
400.0,product two_term,two_term,111.35112567,0.44362958433,3.151034878802932e-10
400.0,product two_term,two_term,111.79519711,0.4445133086,2.9064517411027046e-10
400.0,product two_term,two_term,112.24015228,0.44539703287,2.680428703002494e-10
400.0,product two_term,two_term,112.68599118,0.44628075714,2.4715912204023e-10
400.0,product two_term,two_term,113.1327138,0.44716448141,2.2786639112021201e-10
400.0,product two_term,two_term,113.58032014,0.44804820569,2.1004636051019544e-10
400.0,product two_term,two_term,114.02881021,0.44893192996,1.9358928605018013e-10
400.0,product two_term,two_term,114.478184,0.44981565423,1.7839339302016597e-10
400.0,product two_term,two_term,114.92844152,0.4506993785,1.6436431401015293e-10
400.0,product two_term,two_term,115.37958276,0.45158310277,1.5141278955014087e-10
400.0,product two_term,two_term,115.83160772,0.45246682704,1.3945911364012977e-10
400.0,product two_term,two_term,116.28451641,0.45335055132,1.284288495301195e-10
400.0,product two_term,two_term,116.73830883,0.45423427559,1.1825230820011005e-10
400.0,product two_term,two_term,117.19298496,0.45511799986,1.0886492963010129e-10
400.0,product two_term,two_term,117.64854483,0.45600172413,1.0020691546009324e-10
400.0,product two_term,two_term,118.10498841,0.4568854484,9.222288721308581e-11
400.0,product two_term,two_term,118.56231572,0.45776917267,8.486156824107895e-11
400.0,product two_term,two_term,119.02052676,0.45865289694,7.807548800807265e-11
400.0,product two_term,two_term,119.47962152,0.45953662122,7.182070700406684e-11
400.0,product two_term,two_term,119.9396,0.46042034549,6.605656099506147e-11
400.0,product two_term,two_term,120.40046221,0.46130406976,6.074542326505652e-11
400.0,product two_term,two_term,120.86220814,0.46218779403,5.585248362105197e-11
400.0,product two_term,two_term,121.3248378,0.4630715183,5.1345543028047777e-11
400.0,product two_term,two_term,121.78835118,0.46395524257,4.7194822793043915e-11
400.0,product two_term,two_term,122.25274828,0.46483896685,4.3372787306040355e-11
400.0,product two_term,two_term,122.71802911,0.46572269112,3.985397939403708e-11
400.0,product two_term,two_term,123.18419366,0.46660641539,3.661486743403407e-11
400.0,product two_term,two_term,123.65124194,0.46749013966,3.36337033930313e-11
400.0,product two_term,two_term,124.11917394,0.46837386393,3.089039105502874e-11
400.0,product two_term,two_term,124.58798967,0.4692575882,2.8366363708026394e-11
400.0,product two_term,two_term,125.05768912,0.47014131248,2.6044470645024233e-11
400.0,product two_term,two_term,125.52827229,0.47102503675,2.3908703384022246e-11
400.0,product two_term,two_term,125.99973919,0.47190876102,2.1944424968020418e-11
400.0,product two_term,two_term,126.47208982,0.47279248529,2.0138363397018737e-11
400.0,product two_term,two_term,126.94532416,0.47367620956,1.8478043144017193e-11
400.0,product two_term,two_term,127.41944223,0.47455993383,1.6951950295015773e-11
400.0,product two_term,two_term,127.89444403,0.4754436581,1.5549460213014468e-11
400.0,product two_term,two_term,128.37032955,0.47632738238,1.4260770514013268e-11
400.0,product two_term,two_term,128.84709879,0.47721110665,1.3076838948012166e-11
400.0,product two_term,two_term,129.32475176,0.47809483092,1.1989325871011156e-11
400.0,product two_term,two_term,129.80328846,0.47897855519,1.0990540947010226e-11
400.0,product two_term,two_term,130.28270887,0.47986227946,1.0073393796009374e-11
400.0,product two_term,two_term,130.76301302,0.48074600373,9.23134830370859e-12
400.0,product two_term,two_term,131.24420088,0.48162972801,8.458380320607872e-12
400.0,product two_term,two_term,131.72627247,0.48251345228,7.74893851280721e-12
400.0,product two_term,two_term,132.20922779,0.48339717655,7.097908137806604e-12
400.0,product two_term,two_term,132.69306682,0.48428090082,6.5005775295060486e-12
400.0,product two_term,two_term,133.17778959,0.48516462509,5.9526070998055394e-12
400.0,product two_term,two_term,133.66339607,0.48604834936,5.4500006716050714e-12
400.0,product two_term,two_term,134.14988629,0.48693207363,4.9890789761046426e-12
400.0,product two_term,two_term,134.63726022,0.48781579791,4.566455155304249e-12
400.0,product two_term,two_term,135.12551788,0.48869952218,4.179012125503889e-12
400.0,product two_term,two_term,135.61465927,0.48958324645,3.823881664603558e-12
400.0,product two_term,two_term,136.10468438,0.49046697072,3.4984250824032552e-12
400.0,product two_term,two_term,136.59559321,0.49135069499,3.200215174102978e-12
400.0,product two_term,two_term,137.08738577,0.49223441926,2.9270067238027233e-12
400.0,product two_term,two_term,137.58006205,0.49311814354,2.6767268228024907e-12
400.0,product two_term,two_term,138.07362205,0.49400186781,2.4475244043022772e-12
400.0,product two_term,two_term,138.56806578,0.49488559208,2.2376610498020823e-12
400.0,product two_term,two_term,139.06339324,0.49576931635,2.0455384239019033e-12
400.0,product two_term,two_term,139.55960441,0.49665304062,1.8696871581017396e-12
400.0,product two_term,two_term,140.05669932,0.49753676489,1.70875658350159e-12
400.0,product two_term,two_term,140.55467794,0.49842048917,1.561505246601453e-12
400.0,product two_term,two_term,141.0535403,0.49930421344,1.4267921480013275e-12
400.0,product two_term,two_term,141.55328637,0.50018793771,1.3035686475012129e-12
400.0,product two_term,two_term,142.05391617,0.50107166198,1.190870985301108e-12
400.0,product two_term,two_term,142.5554297,0.50195538625,1.0878133676010121e-12
400.0,product two_term,two_term,143.05782694,0.50283911052,9.935815754709247e-13
400.0,product two_term,two_term,143.56110792,0.50372283479,9.074270507208444e-13
400.0,product two_term,two_term,144.06527261,0.50460655907,8.286614227307711e-13
400.0,product two_term,two_term,144.57032103,0.50549028334,7.566514375007041e-13
400.0,product two_term,two_term,145.07625318,0.50637400761,6.908142552106428e-13
400.0,product two_term,two_term,145.58306905,0.50725773188,6.306130837905868e-13
400.0,product two_term,two_term,146.09076864,0.50814145615,5.755531180605357e-13
400.0,product two_term,two_term,146.59935196,0.50902518042,5.251777555604887e-13
400.0,product two_term,two_term,147.108819,0.5099089047,4.790651347104459e-13
400.0,product two_term,two_term,147.61916977,0.51079262897,4.3689787589040654e-13
400.0,product two_term,two_term,148.13040426,0.51167635324,3.986051397603709e-13
400.0,product two_term,two_term,148.64252248,0.51256007751,3.638600778903386e-13
400.0,product two_term,two_term,149.15552442,0.51344380178,3.323651765603093e-13
400.0,product two_term,two_term,149.66941008,0.51432752605,3.0384991877028275e-13
400.0,product two_term,two_term,150.18417947,0.51521125033,2.780686532702588e-13
400.0,product two_term,two_term,150.69983258,0.5160949746,2.547986553802371e-13
400.0,product two_term,two_term,151.21636942,0.51697869887,2.338383659002176e-13
400.0,product two_term,two_term,151.73378998,0.51786242314,2.1500579553020007e-13
400.0,product two_term,two_term,152.25209427,0.51874614741,1.9813708356018437e-13
400.0,product two_term,two_term,152.77128227,0.51962987168,1.8308520052017037e-13
400.0,product two_term,two_term,153.29135401,0.52051359595,1.6971878590015794e-13
400.0,product two_term,two_term,153.81230947,0.52139732023,1.5792111264014697e-13
400.0,product two_term,two_term,154.33414865,0.5222810445,1.4758917134013734e-13
400.0,product two_term,two_term,154.85687156,0.52316476877,1.38632868080129e-13
400.0,product two_term,two_term,155.38047819,0.52404849304,1.309743304301219e-13
400.0,product two_term,two_term,155.90496854,0.52493221731,1.245473172801159e-13
400.0,product two_term,two_term,156.43034262,0.52581594158,1.19296729060111e-13
400.0,product two_term,two_term,156.95660042,0.52669966586,1.1517821534010716e-13
400.0,product two_term,two_term,157.48374195,0.52758339013,1.1215787836010437e-13
400.0,product two_term,two_term,158.01176721,0.5284671144,1.1021207108010256e-13
400.0,product two_term,two_term,158.54067618,0.52890897653,1.0932728985010174e-13
400.0,product internal MC,monte_carlo,0.25,0.5,0.015619501433996036
400.0,product internal MC,monte_carlo,0.75,0.5,0.02978501566799244
400.0,product internal MC,monte_carlo,1.25,0.5,0.037990852445990354
400.0,product internal MC,monte_carlo,1.75,0.5,0.045076999314988556
400.0,product internal MC,monte_carlo,2.25,0.5,0.050250095123987246
400.0,product internal MC,monte_carlo,2.75,0.5,0.05385895507998633
400.0,product internal MC,monte_carlo,3.25,0.5,0.056509996856985656
400.0,product internal MC,monte_carlo,3.75,0.5,0.05931173356998495
400.0,product internal MC,monte_carlo,4.25,0.5,0.060981313511984526
400.0,product internal MC,monte_carlo,4.75,0.5,0.061393690409984415
400.0,product internal MC,monte_carlo,5.25,0.5,0.06232376092398418
400.0,product internal MC,monte_carlo,5.75,0.5,0.063039509462984
400.0,product internal MC,monte_carlo,6.25,0.5,0.06314441441198397
400.0,product internal MC,monte_carlo,6.75,0.5,0.062488156041984134
400.0,product internal MC,monte_carlo,7.25,0.5,0.06235952114498417
400.0,product internal MC,monte_carlo,7.75,0.5,0.06129584701198444
400.0,product internal MC,monte_carlo,8.25,0.5,0.06043015154198467
400.0,product internal MC,monte_carlo,8.75,0.5,0.058567924202985136
400.0,product internal MC,monte_carlo,9.25,0.5,0.0578939398769853
400.0,product internal MC,monte_carlo,9.75,0.5,0.05649451227998566
400.0,product internal MC,monte_carlo,10.25,0.5,0.05492460428298606
400.0,product internal MC,monte_carlo,10.75,0.5,0.05264749757398664
400.0,product internal MC,monte_carlo,11.25,0.5,0.05107540048498704
400.0,product internal MC,monte_carlo,11.75,0.5,0.04990632742998734
400.0,product internal MC,monte_carlo,12.25,0.5,0.04735338654198798
400.0,product internal MC,monte_carlo,12.75,0.5,0.04503042453798857
400.0,product internal MC,monte_carlo,13.25,0.5,0.04329839498298901
400.0,product internal MC,monte_carlo,13.75,0.5,0.04071209864998967
400.0,product internal MC,monte_carlo,14.25,0.5,0.03817681173799031
400.0,product internal MC,monte_carlo,14.75,0.5,0.036132490939990825
400.0,product internal MC,monte_carlo,15.25,0.5,0.03405696268399135
400.0,product internal MC,monte_carlo,15.75,0.5,0.03236707643899178
400.0,product internal MC,monte_carlo,16.25,0.5,0.029754595492992447
400.0,product internal MC,monte_carlo,16.75,0.5,0.02815756124399285
400.0,product internal MC,monte_carlo,17.25,0.5,0.02592540792899342
400.0,product internal MC,monte_carlo,17.75,0.5,0.024213615077993855
400.0,product internal MC,monte_carlo,18.25,0.5,0.022090433001994394
400.0,product internal MC,monte_carlo,18.75,0.5,0.02068558233299475
400.0,product internal MC,monte_carlo,19.25,0.5,0.019101990092995152
400.0,product internal MC,monte_carlo,19.75,0.5,0.01757872001399554
400.0,product internal MC,monte_carlo,20.25,0.5,0.016452508588995822
400.0,product internal MC,monte_carlo,20.75,0.5,0.014942696220996208
400.0,product internal MC,monte_carlo,21.25,0.5,0.013838301058996487
400.0,product internal MC,monte_carlo,21.75,0.5,0.012712620567996774
400.0,product internal MC,monte_carlo,22.25,0.5,0.011756454415997016
400.0,product internal MC,monte_carlo,22.75,0.5,0.010818846280997253
400.0,product internal MC,monte_carlo,23.25,0.5,0.01005055112799745
400.0,product internal MC,monte_carlo,23.75,0.5,0.0090625446892977
400.0,product internal MC,monte_carlo,24.25,0.5,0.008483452670397847
400.0,product internal MC,monte_carlo,24.75,0.5,0.007742657206298034
400.0,product internal MC,monte_carlo,25.25,0.5,0.007159455086198183
400.0,product internal MC,monte_carlo,25.75,0.5,0.006747495551998287
400.0,product internal MC,monte_carlo,26.25,0.5,0.006005981907098476
400.0,product internal MC,monte_carlo,26.75,0.5,0.005617652240298574
400.0,product internal MC,monte_carlo,27.25,0.5,0.005134214961198697
400.0,product internal MC,monte_carlo,27.75,0.5,0.004662417116798817
400.0,product internal MC,monte_carlo,28.25,0.5,0.004394076209898885
400.0,product internal MC,monte_carlo,28.75,0.5,0.0039248757983990044
400.0,product internal MC,monte_carlo,29.25,0.5,0.0038358392192990266
400.0,product internal MC,monte_carlo,29.75,0.5,0.0035282325525991046
400.0,product internal MC,monte_carlo,30.25,0.5,0.0030590902702992235
400.0,product internal MC,monte_carlo,30.75,0.5,0.002948179900899252
400.0,product internal MC,monte_carlo,31.25,0.5,0.0027565012694993007
400.0,product internal MC,monte_carlo,31.75,0.5,0.0024292150691993834
400.0,product internal MC,monte_carlo,32.25,0.5,0.002361278841999401
400.0,product internal MC,monte_carlo,32.75,0.5,0.0021796586347994466
400.0,product internal MC,monte_carlo,33.25,0.5,0.0019657211329995013
400.0,product internal MC,monte_carlo,33.75,0.5,0.001718595987199564
400.0,product internal MC,monte_carlo,34.25,0.5,0.0015971552250995946
400.0,product internal MC,monte_carlo,34.75,0.5,0.00149735608009962
400.0,product internal MC,monte_carlo,35.25,0.5,0.0013844642762996487
400.0,product internal MC,monte_carlo,35.75,0.5,0.001292821566599672
400.0,product internal MC,monte_carlo,36.25,0.5,0.0011831993014996996
400.0,product internal MC,monte_carlo,36.75,0.5,0.0010386760066997363
400.0,product internal MC,monte_carlo,37.25,0.5,0.0010492872722997336
400.0,product internal MC,monte_carlo,37.75,0.5,0.0009341472589497629
400.0,product internal MC,monte_carlo,38.25,0.5,0.0008693901352897793
400.0,product internal MC,monte_carlo,38.75,0.5,0.000800192373819797
400.0,product internal MC,monte_carlo,39.25,0.5,0.0008042382196197959
400.0,product internal MC,monte_carlo,39.75,0.5,0.000665354757859831
400.0,product internal MC,monte_carlo,40.25,0.5,0.0006917930502498245
400.0,product internal MC,monte_carlo,40.75,0.5,0.0005781542725798533
400.0,product internal MC,monte_carlo,41.25,0.5,0.0005845650153398517
400.0,product internal MC,monte_carlo,41.75,0.5,0.0005062776663698716
400.0,product internal MC,monte_carlo,42.25,0.5,0.0005211354310198677
400.0,product internal MC,monte_carlo,42.75,0.5,0.0004419802114098878
400.0,product internal MC,monte_carlo,43.25,0.5,0.00041982335447989346
400.0,product internal MC,monte_carlo,43.75,0.5,0.00035054643331991107
400.0,product internal MC,monte_carlo,44.25,0.5,0.00031501957100992005
400.0,product internal MC,monte_carlo,44.75,0.5,0.0003345685314199151
400.0,product internal MC,monte_carlo,45.25,0.5,0.0003323419259799156
400.0,product internal MC,monte_carlo,45.75,0.5,0.00029056346659992626
400.0,product internal MC,monte_carlo,46.25,0.5,0.00026270743604993335
400.0,product internal MC,monte_carlo,46.75,0.5,0.00022726032306994232
400.0,product internal MC,monte_carlo,47.25,0.5,0.00022071337746994399
400.0,product internal MC,monte_carlo,47.75,0.5,0.00019889159298994952
400.0,product internal MC,monte_carlo,48.25,0.5,0.0001650809630399581
400.0,product internal MC,monte_carlo,48.75,0.5,0.00014074873392996428
400.0,product internal MC,monte_carlo,49.25,0.5,0.00016124634972995908
400.0,product internal MC,monte_carlo,49.75,0.5,0.00017678123717995513
400.0,product internal MC,monte_carlo,50.25,0.5,0.00012561663824996812
400.0,product internal MC,monte_carlo,50.75,0.5,0.00012820684900996749
400.0,product internal MC,monte_carlo,51.25,0.5,0.00014118071996996415
400.0,product internal MC,monte_carlo,51.75,0.5,0.0001154679827599707
400.0,product internal MC,monte_carlo,52.25,0.5,0.00010943773686997223
400.0,product internal MC,monte_carlo,52.75,0.5,8.043917903597958e-05
400.0,product internal MC,monte_carlo,53.25,0.5,9.189494019797668e-05
400.0,product internal MC,monte_carlo,53.75,0.5,7.01633720099822e-05
400.0,product internal MC,monte_carlo,54.25,0.5,7.211550823598168e-05
400.0,product internal MC,monte_carlo,54.75,0.5,6.828997703898266e-05
400.0,product internal MC,monte_carlo,55.25,0.5,7.202930364598171e-05
400.0,product internal MC,monte_carlo,55.75,0.5,5.35791571329864e-05
400.0,product internal MC,monte_carlo,56.25,0.5,3.566171133399095e-05
400.0,product internal MC,monte_carlo,56.75,0.5,3.517902078299107e-05
400.0,product internal MC,monte_carlo,57.25,0.5,4.669139397298815e-05
400.0,product internal MC,monte_carlo,57.75,0.5,2.865210077599273e-05
400.0,product internal MC,monte_carlo,58.25,0.5,2.6959470470993158e-05
400.0,product internal MC,monte_carlo,58.75,0.5,3.834021271199027e-05
400.0,product internal MC,monte_carlo,59.25,0.5,2.0072013648994905e-05
400.0,product internal MC,monte_carlo,59.75,0.5,3.4064089338991355e-05
400.0,product internal MC,monte_carlo,60.25,0.5,1.9184411827995132e-05
400.0,product internal MC,monte_carlo,60.75,0.5,2.160555513399452e-05
400.0,product internal MC,monte_carlo,61.25,0.5,2.0032917423994914e-05
400.0,product internal MC,monte_carlo,61.75,0.5,1.7986076189995438e-05
400.0,product internal MC,monte_carlo,62.25,0.5,1.871980616899525e-05
400.0,product internal MC,monte_carlo,62.75,0.5,2.6143051749993366e-05
400.0,product internal MC,monte_carlo,63.25,0.5,2.0441550729994814e-05
400.0,product internal MC,monte_carlo,63.75,0.5,9.61243397429756e-06
400.0,product internal MC,monte_carlo,64.25,0.5,1.3260396933996634e-05
400.0,product internal MC,monte_carlo,64.75,0.5,1.5289851150996122e-05
400.0,product internal MC,monte_carlo,65.25,0.5,9.470130297297597e-06
400.0,product internal MC,monte_carlo,65.75,0.5,1.1982263791996959e-05
400.0,product internal MC,monte_carlo,66.25,0.5,1.2697509501996778e-05
400.0,product internal MC,monte_carlo,66.75,0.5,8.923894357197736e-06
400.0,product internal MC,monte_carlo,67.25,0.5,5.008424320998728e-06
400.0,product internal MC,monte_carlo,67.75,0.5,8.201584212297918e-07
400.0,product internal MC,monte_carlo,68.25,0.5,5.449979182898617e-06
400.0,product internal MC,monte_carlo,68.75,0.5,4.390400627898886e-06
400.0,product internal MC,monte_carlo,69.25,0.5,6.841711093698264e-06
400.0,product internal MC,monte_carlo,69.75,0.5,2.184419963399446e-06
400.0,product internal MC,monte_carlo,70.25,0.5,1.7700848977995508e-06
400.0,product internal MC,monte_carlo,70.75,0.5,3.517942173799107e-06
400.0,product internal MC,monte_carlo,71.25,0.5,7.4865143938981e-06
400.0,product internal MC,monte_carlo,71.75,0.5,3.047244238199227e-06
400.0,product internal MC,monte_carlo,72.25,0.5,1.8460145290995315e-06
400.0,product internal MC,monte_carlo,72.75,0.5,1.6023403133995934e-06
400.0,product internal MC,monte_carlo,73.25,0.5,1.2899927820996727e-06
400.0,product internal MC,monte_carlo,73.75,0.5,2.24547858419943e-06
400.0,product internal MC,monte_carlo,74.25,0.5,4.468702736498866e-07
400.0,product internal MC,monte_carlo,74.75,0.5,2.6717469512993217e-07
400.0,product internal MC,monte_carlo,75.25,0.5,1.5262395085996128e-06
400.0,product internal MC,monte_carlo,75.75,0.5,0.0
400.0,product internal MC,monte_carlo,76.25,0.5,0.0
400.0,product internal MC,monte_carlo,76.75,0.5,0.0
400.0,product internal MC,monte_carlo,77.25,0.5,0.0
400.0,product internal MC,monte_carlo,77.75,0.5,0.0
400.0,product internal MC,monte_carlo,78.25,0.5,0.0
400.0,product internal MC,monte_carlo,78.75,0.5,0.0
400.0,product internal MC,monte_carlo,79.25,0.5,0.0
400.0,product internal MC,monte_carlo,79.75,0.5,0.0
400.0,product internal MC,monte_carlo,85.0,10.0,0.0
400.0,product internal MC,monte_carlo,95.0,10.0,0.0
400.0,product internal MC,monte_carlo,105.0,10.0,0.0
400.0,product internal MC,monte_carlo,115.0,10.0,0.0
400.0,product internal MC,monte_carlo,125.0,10.0,0.0
400.0,product internal MC,monte_carlo,135.0,10.0,0.0
400.0,product internal MC,monte_carlo,145.0,10.0,0.0
400.0,product internal MC,monte_carlo,155.0,10.0,0.0
400.0,product internal MC,monte_carlo,165.0,10.0,0.0
400.0,product internal MC,monte_carlo,175.0,10.0,0.0
400.0,product internal MC,monte_carlo,185.0,10.0,0.0
400.0,product internal MC,monte_carlo,195.0,10.0,0.0
400.0,product internal MC,monte_carlo,205.0,10.0,0.0
400.0,product internal MC,monte_carlo,215.0,10.0,0.0
400.0,product internal MC,monte_carlo,225.0,10.0,0.0
400.0,product internal MC,monte_carlo,235.0,10.0,0.0
400.0,product internal MC,monte_carlo,245.0,10.0,0.0
400.0,product internal MC,monte_carlo,255.0,10.0,0.0
400.0,product internal MC,monte_carlo,270.0,20.0,0.0
400.0,product internal MC,monte_carlo,290.0,20.0,0.0
400.0,product internal MC,monte_carlo,310.0,20.0,0.0
400.0,product internal MC,monte_carlo,330.0,20.0,0.0
400.0,product internal MC,monte_carlo,350.0,20.0,0.0
400.0,product internal MC,monte_carlo,370.0,20.0,0.0
400.0,product internal MC,monte_carlo,390.0,20.0,0.0
400.0,product internal MC,monte_carlo,410.0,20.0,0.0
400.0,product internal MC,monte_carlo,430.0,20.0,0.0
400.0,product internal MC,monte_carlo,450.0,20.0,0.0
400.0,product internal MC,monte_carlo,470.0,20.0,0.0
400.0,product internal MC,monte_carlo,490.0,20.0,0.0
400.0,product internal MC,monte_carlo,510.0,20.0,0.0
400.0,product internal MC,monte_carlo,530.0,20.0,0.0
400.0,product internal MC,monte_carlo,550.0,20.0,0.0
400.0,product internal MC,monte_carlo,570.0,20.0,0.0
400.0,product internal MC,monte_carlo,590.0,20.0,0.0
400.0,product internal MC,monte_carlo,610.0,20.0,0.0
400.0,product internal MC,monte_carlo,630.0,20.0,0.0
400.0,product internal MC,monte_carlo,650.0,20.0,0.0
400.0,product internal MC,monte_carlo,670.0,20.0,0.0
400.0,product internal MC,monte_carlo,690.0,20.0,0.0
400.0,product internal MC,monte_carlo,710.0,20.0,0.0
400.0,product internal MC,monte_carlo,730.0,20.0,0.0
400.0,product internal MC,monte_carlo,750.0,20.0,0.0
400.0,product internal MC,monte_carlo,770.0,20.0,0.0
400.0,product internal MC,monte_carlo,790.0,20.0,0.0
400.0,product internal MC,monte_carlo,810.0,20.0,0.0
400.0,product internal MC,monte_carlo,830.0,20.0,0.0
400.0,product internal MC,monte_carlo,850.0,20.0,0.0
400.0,product internal MC,monte_carlo,870.0,20.0,0.0
400.0,product internal MC,monte_carlo,890.0,20.0,0.0
400.0,product internal MC,monte_carlo,910.0,20.0,0.0
400.0,product internal MC,monte_carlo,930.0,20.0,0.0
400.0,product internal MC,monte_carlo,950.0,20.0,0.0
400.0,product internal MC,monte_carlo,970.0,20.0,0.0
400.0,product internal MC,monte_carlo,990.0,20.0,0.0
