E_over_N_Td,source,energy_eV,eedf_eV_inv,counts,bin_width_eV,effective_sample_count,relative_standard_error
100.0,MCIG GUI actual,0.0004444,0.0019486404732234437,,,,
100.0,MCIG GUI actual,0.00242,0.002926144575187929,,,,
100.0,MCIG GUI actual,0.006418,0.00603538986758077,,,,
100.0,MCIG GUI actual,0.01242,0.007582606939983211,,,,
100.0,MCIG GUI actual,0.02042,0.010393343537571528,,,,
100.0,MCIG GUI actual,0.03042,0.012270698171174191,,,,
100.0,MCIG GUI actual,0.04242,0.014829051594955915,,,,
100.0,MCIG GUI actual,0.05642,0.016841082913609078,,,,
100.0,MCIG GUI actual,0.07242,0.018978191672225038,,,,
100.0,MCIG GUI actual,0.09042,0.021804389339875902,,,,
100.0,MCIG GUI actual,0.1104,0.023525745831780222,,,,
100.0,MCIG GUI actual,0.1324,0.026132734147788824,,,,
100.0,MCIG GUI actual,0.1564,0.028470700768261113,,,,
100.0,MCIG GUI actual,0.1824,0.029752785245127058,,,,
100.0,MCIG GUI actual,0.2104,0.03287698720508338,,,,
100.0,MCIG GUI actual,0.2404,0.0347696511084542,,,,
100.0,MCIG GUI actual,0.2724,0.03708248337029953,,,,
100.0,MCIG GUI actual,0.3064,0.03918366784386554,,,,
100.0,MCIG GUI actual,0.3424,0.041895088628357696,,,,
100.0,MCIG GUI actual,0.3804,0.04456458288611277,,,,
100.0,MCIG GUI actual,0.4204,0.04608521638360032,,,,
100.0,MCIG GUI actual,0.4624,0.04853514706293483,,,,
100.0,MCIG GUI actual,0.5064,0.05122599835820232,,,,
100.0,MCIG GUI actual,0.5524,0.05312297121046227,,,,
100.0,MCIG GUI actual,0.6004,0.0555743249952355,,,,
100.0,MCIG GUI actual,0.6504,0.057912277542254746,,,,
100.0,MCIG GUI actual,0.7024,0.05985176239986288,,,,
100.0,MCIG GUI actual,0.7564,0.06164016678921055,,,,
100.0,MCIG GUI actual,0.8124,0.0639920626788843,,,,
100.0,MCIG GUI actual,0.8704,0.0659486873308339,,,,
100.0,MCIG GUI actual,0.9304,0.06785973707764495,,,,
100.0,MCIG GUI actual,0.9924,0.06974556318970987,,,,
100.0,MCIG GUI actual,1.056,0.07208243699978542,,,,
100.0,MCIG GUI actual,1.122,0.07404663799184855,,,,
100.0,MCIG GUI actual,1.19,0.07497778530351437,,,,
100.0,MCIG GUI actual,1.26,0.07651724729995399,,,,
100.0,MCIG GUI actual,1.332,0.07828180821192264,,,,
100.0,MCIG GUI actual,1.406,0.08044825748991877,,,,
100.0,MCIG GUI actual,1.482,0.08168691077075096,,,,
100.0,MCIG GUI actual,1.56,0.08338680937997144,,,,
100.0,MCIG GUI actual,1.64,0.08443136351358531,,,,
100.0,MCIG GUI actual,1.722,0.08559119865336573,,,,
100.0,MCIG GUI actual,1.806,0.08717413463913583,,,,
100.0,MCIG GUI actual,1.892,0.08797102381813633,,,,
100.0,MCIG GUI actual,1.98,0.08885938499949447,,,,
100.0,MCIG GUI actual,2.07,0.09066079023994321,,,,
100.0,MCIG GUI actual,2.162,0.09142278006532142,,,,
100.0,MCIG GUI actual,2.256,0.09207323931011618,,,,
100.0,MCIG GUI actual,2.352,0.09316674776132527,,,,
100.0,MCIG GUI actual,2.45,0.09388258502596085,,,,
100.0,MCIG GUI actual,2.55,0.09458325001953816,,,,
100.0,MCIG GUI actual,2.652,0.09522350574846605,,,,
100.0,MCIG GUI actual,2.756,0.09551039095729823,,,,
100.0,MCIG GUI actual,2.862,0.09629099284212131,,,,
100.0,MCIG GUI actual,2.97,0.09685868151255847,,,,
100.0,MCIG GUI actual,3.08,0.09727056902516316,,,,
100.0,MCIG GUI actual,3.192,0.09758857465176526,,,,
100.0,MCIG GUI actual,3.306,0.09752302359727298,,,,
100.0,MCIG GUI actual,3.422,0.09766150328847871,,,,
100.0,MCIG GUI actual,3.54,0.09784080361455398,,,,
100.0,MCIG GUI actual,3.66,0.09828186623266291,,,,
100.0,MCIG GUI actual,3.782,0.09832333875131896,,,,
100.0,MCIG GUI actual,3.906,0.09812160124626518,,,,
100.0,MCIG GUI actual,4.032,0.0979465808730494,,,,
100.0,MCIG GUI actual,4.16,0.09776962656494435,,,,
100.0,MCIG GUI actual,4.29,0.09762013327655654,,,,
100.0,MCIG GUI actual,4.422,0.09720948314902185,,,,
100.0,MCIG GUI actual,4.556,0.0970767896764583,,,,
100.0,MCIG GUI actual,4.692,0.09654807786685328,,,,
100.0,MCIG GUI actual,4.83,0.09597951536456503,,,,
100.0,MCIG GUI actual,4.97,0.09516228711667034,,,,
100.0,MCIG GUI actual,5.112,0.09475300846954504,,,,
100.0,MCIG GUI actual,5.256,0.09406753540580261,,,,
100.0,MCIG GUI actual,5.402,0.09333588732779119,,,,
100.0,MCIG GUI actual,5.55,0.09274692511113618,,,,
100.0,MCIG GUI actual,5.7,0.09178333734786219,,,,
100.0,MCIG GUI actual,5.852,0.0911676781298752,,,,
100.0,MCIG GUI actual,6.006,0.08996739120794095,,,,
100.0,MCIG GUI actual,6.162,0.08897099974280177,,,,
100.0,MCIG GUI actual,6.32,0.08794729776628861,,,,
100.0,MCIG GUI actual,6.48,0.0866631181074676,,,,
100.0,MCIG GUI actual,6.642,0.08572419606790603,,,,
100.0,MCIG GUI actual,6.806,0.08457144259887542,,,,
100.0,MCIG GUI actual,6.972,0.0833388348182456,,,,
100.0,MCIG GUI actual,7.14,0.08207085265100278,,,,
100.0,MCIG GUI actual,7.31,0.08059511076300016,,,,
100.0,MCIG GUI actual,7.482,0.07930285225685,,,,
100.0,MCIG GUI actual,7.656,0.07782332678920438,,,,
100.0,MCIG GUI actual,7.832,0.07664726872048133,,,,
100.0,MCIG GUI actual,8.01,0.07507073081559566,,,,
100.0,MCIG GUI actual,8.19,0.0735769841494882,,,,
100.0,MCIG GUI actual,8.372,0.07164683176877763,,,,
100.0,MCIG GUI actual,8.556,0.07026810014918648,,,,
100.0,MCIG GUI actual,8.742,0.06884262572681701,,,,
100.0,MCIG GUI actual,8.93,0.06712534915557444,,,,
100.0,MCIG GUI actual,9.12,0.06538030448863666,,,,
100.0,MCIG GUI actual,9.312,0.06348312778710223,,,,
100.0,MCIG GUI actual,9.506,0.06170819465011833,,,,
100.0,MCIG GUI actual,9.702,0.060035992817401525,,,,
100.0,MCIG GUI actual,9.9,0.058200558801269495,,,,
100.0,MCIG GUI actual,10.1,0.05636365285947707,,,,
100.0,MCIG GUI actual,10.3,0.05442190760574961,,,,
100.0,MCIG GUI actual,10.51,0.05253579794292119,,,,
100.0,MCIG GUI actual,10.71,0.05048702763507842,,,,
100.0,MCIG GUI actual,10.92,0.04852083648223661,,,,
100.0,MCIG GUI actual,11.13,0.046336052305306984,,,,
100.0,MCIG GUI actual,11.34,0.04415440990653275,,,,
100.0,MCIG GUI actual,11.56,0.04201347044343728,,,,
100.0,MCIG GUI actual,11.77,0.03972404974557155,,,,
100.0,MCIG GUI actual,11.99,0.03729555164592377,,,,
100.0,MCIG GUI actual,12.21,0.0352074545412118,,,,
100.0,MCIG GUI actual,12.43,0.03277585849950735,,,,
100.0,MCIG GUI actual,12.66,0.03046231777888982,,,,
100.0,MCIG GUI actual,12.88,0.028273403016908664,,,,
100.0,MCIG GUI actual,13.11,0.02611202945664512,,,,
100.0,MCIG GUI actual,13.34,0.02408894998065179,,,,
100.0,MCIG GUI actual,13.57,0.022106314378082213,,,,
100.0,MCIG GUI actual,13.81,0.020298891594684756,,,,
100.0,MCIG GUI actual,14.04,0.018444825479946737,,,,
100.0,MCIG GUI actual,14.28,0.016881151762462923,,,,
100.0,MCIG GUI actual,14.52,0.015305658073307506,,,,
100.0,MCIG GUI actual,14.76,0.013850585771564157,,,,
100.0,MCIG GUI actual,15.01,0.012553565610982193,,,,
100.0,MCIG GUI actual,15.25,0.011269451830497691,,,,
100.0,MCIG GUI actual,15.5,0.010196010543750916,,,,
100.0,MCIG GUI actual,15.75,0.009124540239111552,,,,
100.0,MCIG GUI actual,16.0,0.0081397948753933,,,,
100.0,MCIG GUI actual,16.26,0.007247906553025871,,,,
100.0,MCIG GUI actual,16.51,0.006394397408711443,,,,
100.0,MCIG GUI actual,16.77,0.005654544114068937,,,,
100.0,MCIG GUI actual,17.03,0.00494254749975573,,,,
100.0,MCIG GUI actual,17.29,0.00433308248138307,,,,
100.0,MCIG GUI actual,17.56,0.003794869442643631,,,,
100.0,MCIG GUI actual,17.82,0.0032918148796977297,,,,
100.0,MCIG GUI actual,18.09,0.0028494497437267985,,,,
100.0,MCIG GUI actual,18.36,0.002463672918876545,,,,
100.0,MCIG GUI actual,18.63,0.0020952169201811713,,,,
100.0,MCIG GUI actual,18.91,0.0018261820286813739,,,,
100.0,MCIG GUI actual,19.18,0.0015486597672378975,,,,
100.0,MCIG GUI actual,19.46,0.0013195750370503798,,,,
100.0,MCIG GUI actual,19.74,0.0011279753015058533,,,,
100.0,MCIG GUI actual,20.02,0.0009701593786955985,,,,
100.0,MCIG GUI actual,20.31,0.0008076528082076118,,,,
100.0,MCIG GUI actual,20.59,0.0006725245110092744,,,,
100.0,MCIG GUI actual,20.88,0.0005843857471543234,,,,
100.0,MCIG GUI actual,21.17,0.0004893613478523285,,,,
100.0,MCIG GUI actual,21.46,0.0004156994280275697,,,,
100.0,MCIG GUI actual,21.76,0.0003468270418353815,,,,
100.0,MCIG GUI actual,22.05,0.00029431779498111034,,,,
100.0,MCIG GUI actual,22.35,0.00024380959459230684,,,,
100.0,MCIG GUI actual,22.65,0.0002091917175497334,,,,
100.0,MCIG GUI actual,22.95,0.0001701463651703085,,,,
100.0,MCIG GUI actual,23.26,0.00013359340110995728,,,,
100.0,MCIG GUI actual,23.56,0.00011202567064183689,,,,
100.0,MCIG GUI actual,23.87,9.518026343235752e-05,,,,
100.0,MCIG GUI actual,24.18,7.749765193292967e-05,,,,
100.0,MCIG GUI actual,24.49,6.741167617785964e-05,,,,
100.0,MCIG GUI actual,24.81,5.2866832040538144e-05,,,,
100.0,MCIG GUI actual,25.12,4.524700227836834e-05,,,,
100.0,MCIG GUI actual,25.44,3.600987322560486e-05,,,,
100.0,MCIG GUI actual,25.76,2.8151920453733227e-05,,,,
100.0,MCIG GUI actual,26.08,2.1861503932481443e-05,,,,
100.0,MCIG GUI actual,26.41,1.8766671241651326e-05,,,,
100.0,MCIG GUI actual,26.73,1.531911074496388e-05,,,,
100.0,MCIG GUI actual,27.06,1.2779457118101412e-05,,,,
100.0,MCIG GUI actual,27.39,1.0735833423446892e-05,,,,
100.0,MCIG GUI actual,27.72,7.4747099360236214e-06,,,,
100.0,MCIG GUI actual,28.06,7.4854469291851045e-06,,,,
100.0,MCIG GUI actual,28.39,5.588652617836388e-06,,,,
100.0,MCIG GUI actual,28.73,4.601070684589888e-06,,,,
100.0,MCIG GUI actual,29.07,3.1861109598429366e-06,,,,
100.0,MCIG GUI actual,29.41,2.8777607387183728e-06,,,,
100.0,MCIG GUI actual,29.76,2.3498667820128907e-06,,,,
100.0,MCIG GUI actual,30.1,1.98373362160313e-06,,,,
100.0,MCIG GUI actual,30.45,1.4387425192953763e-06,,,,
100.0,MCIG GUI actual,30.8,1.2204846678639647e-06,,,,
100.0,MCIG GUI actual,31.15,1.0247307950654182e-06,,,,
100.0,MCIG GUI actual,31.51,7.707729755672962e-07,,,,
100.0,MCIG GUI actual,31.86,7.605345285004534e-07,,,,
100.0,MCIG GUI actual,32.22,2.4267244648998523e-07,,,,
100.0,MCIG GUI actual,32.58,5.544649307595774e-07,,,,
100.0,MCIG GUI actual,32.94,2.8431888359720595e-07,,,,
100.0,MCIG GUI actual,33.31,3.105745801117077e-07,,,,
100.0,MCIG GUI actual,33.67,2.3566022506175786e-07,,,,
100.0,MCIG GUI actual,34.04,1.8409400448476156e-07,,,,
100.0,MCIG GUI actual,34.41,1.3668787685708862e-07,,,,
100.0,MCIG GUI actual,34.78,1.1448980400448045e-07,,,,
100.0,MCIG GUI actual,35.16,8.921122406936396e-08,,,,
100.0,MCIG GUI actual,35.53,2.2286319164886105e-08,,,,
100.0,MCIG GUI actual,35.91,2.2169058805356567e-08,,,,
100.0,MCIG GUI actual,36.29,2.1597439700917728e-08,,,,
100.0,"internal MC fixed warmup HP (768, warmup 600 + production 1200)",0.25,0.02779665337547694,12575.0,,6213.097609919633,0.0126866194154571
100.0,"internal MC fixed warmup HP (768, warmup 600 + production 1200)",0.75,0.06037607162264798,27501.0,,13815.110346755622,0.0085079087032815
100.0,"internal MC fixed warmup HP (768, warmup 600 + production 1200)",1.25,0.07576739387993787,34834.0,,17427.336691292887,0.0075750323021586
100.0,"internal MC fixed warmup HP (768, warmup 600 + production 1200)",1.75,0.08605639490086445,39311.0,,19642.19423686882,0.0071351810799784
100.0,"internal MC fixed warmup HP (768, warmup 600 + production 1200)",2.25,0.08965737484960376,41244.0,,20517.84710363058,0.0069812647077292
100.0,"internal MC fixed warmup HP (768, warmup 600 + production 1200)",2.75,0.09018554629873653,41804.0,,20936.372116881565,0.0069111335552382
100.0,"internal MC fixed warmup HP (768, warmup 600 + production 1200)",3.25,0.09262703967222223,41996.0,,20946.82295757492,0.0069094092802222
100.0,"internal MC fixed warmup HP (768, warmup 600 + production 1200)",3.75,0.09541286908499001,43983.0,,22057.71683909925,0.0067331721958525
100.0,"internal MC fixed warmup HP (768, warmup 600 + production 1200)",4.25,0.09915921839838188,45418.0,,22651.124956751737,0.0066443899405592
100.0,"internal MC fixed warmup HP (768, warmup 600 + production 1200)",4.75,0.09751544600274657,45095.0,,22798.51151082499,0.0066228779748663
100.0,"internal MC fixed warmup HP (768, warmup 600 + production 1200)",5.25,0.09513924828315881,43283.0,,21778.993999681727,0.0067761200616994
100.0,"internal MC fixed warmup HP (768, warmup 600 + production 1200)",5.75,0.09531903738521544,43759.0,,21787.14589751893,0.0067748522635514
100.0,"internal MC fixed warmup HP (768, warmup 600 + production 1200)",6.25,0.09245469833909065,42130.0,,21078.44953784979,0.0068878022314786
100.0,"internal MC fixed warmup HP (768, warmup 600 + production 1200)",6.75,0.09027063872308902,41072.0,,20584.508701488023,0.0069699513541744
100.0,"internal MC fixed warmup HP (768, warmup 600 + production 1200)",7.25,0.08491912477196019,38550.0,,19510.41744299972,0.0071592366639398
100.0,"internal MC fixed warmup HP (768, warmup 600 + production 1200)",7.75,0.07859673038522641,35999.0,,17731.17614863073,0.0075098493993642
100.0,"internal MC fixed warmup HP (768, warmup 600 + production 1200)",8.25,0.07589272798142845,34982.0,,17394.093368424197,0.0075822674892938
100.0,"internal MC fixed warmup HP (768, warmup 600 + production 1200)",8.75,0.07093519285492776,32459.0,,16227.736433560758,0.0078500247732371
100.0,"internal MC fixed warmup HP (768, warmup 600 + production 1200)",9.25,0.06678926263711665,30796.0,,15515.205821414103,0.0080282563113931
100.0,"internal MC fixed warmup HP (768, warmup 600 + production 1200)",9.75,0.060809391862753956,28083.0,,14029.612574546894,0.0084426184185753
100.0,"internal MC fixed warmup HP (768, warmup 600 + production 1200)",10.25,0.054720810224239594,25108.0,,12475.041105499246,0.0089532148701732
100.0,"internal MC fixed warmup HP (768, warmup 600 + production 1200)",10.75,0.05080281914405216,23338.0,,11799.96074797917,0.0092057614902138
100.0,"internal MC fixed warmup HP (768, warmup 600 + production 1200)",11.25,0.0455563886143736,20936.0,,10464.486348237577,0.0097755464151463
100.0,"internal MC fixed warmup HP (768, warmup 600 + production 1200)",11.75,0.04068845702512523,18512.0,,9281.185887574164,0.0103800217734412
100.0,"internal MC fixed warmup HP (768, warmup 600 + production 1200)",12.25,0.0349261143137531,15902.0,,7812.77493328946,0.0113135094312728
100.0,"internal MC fixed warmup HP (768, warmup 600 + production 1200)",12.75,0.030547095877956697,13798.0,,7009.918884430855,0.0119438269860629
100.0,"internal MC fixed warmup HP (768, warmup 600 + production 1200)",13.25,0.026010526309486658,11968.0,,5949.995592749027,0.0129640792723845
100.0,"internal MC fixed warmup HP (768, warmup 600 + production 1200)",13.75,0.0212476599448583,9673.0,,4861.916911562516,0.014341554699768
100.0,"internal MC fixed warmup HP (768, warmup 600 + production 1200)",14.25,0.018127867403185463,8074.0,,4000.327556850343,0.015810740949531
100.0,"internal MC fixed warmup HP (768, warmup 600 + production 1200)",14.75,0.013763819417053678,6303.0,,3166.3799458182766,0.0177712708868584
100.0,"internal MC fixed warmup HP (768, warmup 600 + production 1200)",15.25,0.010647217130485474,4795.0,,2411.4923586877417,0.0203637170958776
100.0,"internal MC fixed warmup HP (768, warmup 600 + production 1200)",15.75,0.009305857003980508,4191.0,,2097.319178056464,0.0218357310238039
100.0,"internal MC fixed warmup HP (768, warmup 600 + production 1200)",16.25,0.007237059892347498,3271.0,,1687.502090579909,0.0243432096990712
100.0,"internal MC fixed warmup HP (768, warmup 600 + production 1200)",16.75,0.006059596162375916,2738.0,,1357.4057751229866,0.0271422067120559
100.0,"internal MC fixed warmup HP (768, warmup 600 + production 1200)",17.25,0.00450603621617085,1983.0,,1006.519859917913,0.0315201899312292
100.0,"internal MC fixed warmup HP (768, warmup 600 + production 1200)",17.75,0.003575851988891016,1576.0,,758.2786306048988,0.0363149617820964
100.0,"internal MC fixed warmup HP (768, warmup 600 + production 1200)",18.25,0.0025936987647511575,1201.0,,582.6671198215732,0.0414275971403053
100.0,"internal MC fixed warmup HP (768, warmup 600 + production 1200)",18.75,0.0018848166340071524,821.0,,423.2594637554841,0.0486067586804185
100.0,"internal MC fixed warmup HP (768, warmup 600 + production 1200)",19.25,0.0015739158936453415,704.0,,364.6968700307374,0.0523641408033976
100.0,"internal MC fixed warmup HP (768, warmup 600 + production 1200)",19.75,0.001195300169176769,481.0,,237.4397464733626,0.0648968011031951
100.0,"internal MC fixed warmup HP (768, warmup 600 + production 1200)",20.25,0.0007558611626266964,305.0,,154.70025087410872,0.0803997116191983
100.0,"internal MC fixed warmup HP (768, warmup 600 + production 1200)",20.75,0.0005778867717410118,234.0,,120.24228644164953,0.0911950754647744
100.0,"internal MC fixed warmup HP (768, warmup 600 + production 1200)",21.25,0.00046140607307421463,201.0,,109.66039801800952,0.0954937814075648
100.0,"internal MC fixed warmup HP (768, warmup 600 + production 1200)",21.75,0.00036771275210564075,162.0,,80.19134680633766,0.1116699306071852
100.0,"internal MC fixed warmup HP (768, warmup 600 + production 1200)",22.25,0.0002595206465722351,109.0,,56.01955000108779,0.1336073013583755
100.0,"internal MC fixed warmup HP (768, warmup 600 + production 1200)",22.75,0.0002861751159182271,122.0,,60.928972390483686,0.1281114873350389
100.0,"internal MC fixed warmup HP (768, warmup 600 + production 1200)",23.25,0.00016684696754799814,73.0,,39.70765338086844,0.1586948703761165
100.0,"internal MC fixed warmup HP (768, warmup 600 + production 1200)",23.75,9.66693507608941e-05,32.0,,18.27999210665015,0.2338901853596837
100.0,"internal MC fixed warmup HP (768, warmup 600 + production 1200)",24.25,6.68871211583332e-05,30.0,,17.981154866590888,0.2358257418228112
100.0,"internal MC fixed warmup HP (768, warmup 600 + production 1200)",24.75,5.9556287000047395e-05,23.0,,10.901870735181534,0.3028652775809953
100.0,"internal MC fixed warmup HP (768, warmup 600 + production 1200)",25.25,3.673821582765367e-05,14.0,,7.801616164987632,0.3580203479183277
100.0,"internal MC fixed warmup HP (768, warmup 600 + production 1200)",25.75,3.735208503454293e-05,18.0,,10.541520524882232,0.3079983363403255
100.0,"internal MC fixed warmup HP (768, warmup 600 + production 1200)",26.25,4.850839216798563e-05,15.0,,5.746145514685116,0.4171686750790314
100.0,"internal MC fixed warmup HP (768, warmup 600 + production 1200)",26.75,2.6236306711394564e-05,15.0,,11.30782854957765,0.2973790655709689
100.0,"internal MC fixed warmup HP (768, warmup 600 + production 1200)",27.25,0.0,0.0,,0.0,
100.0,"internal MC fixed warmup HP (768, warmup 600 + production 1200)",27.75,0.0,0.0,,0.0,
100.0,"internal MC fixed warmup HP (768, warmup 600 + production 1200)",28.25,0.0,0.0,,0.0,
100.0,"internal MC fixed warmup HP (768, warmup 600 + production 1200)",28.75,0.0,0.0,,0.0,
100.0,"internal MC fixed warmup HP (768, warmup 600 + production 1200)",29.25,0.0,0.0,,0.0,
100.0,"internal MC fixed warmup HP (768, warmup 600 + production 1200)",29.75,0.0,0.0,,0.0,
100.0,"internal MC fixed warmup HP (768, warmup 600 + production 1200)",30.25,0.0,0.0,,0.0,
100.0,"internal MC fixed warmup HP (768, warmup 600 + production 1200)",30.75,0.0,0.0,,0.0,
100.0,"internal MC fixed warmup HP (768, warmup 600 + production 1200)",31.25,0.0,0.0,,0.0,
100.0,"internal MC fixed warmup HP (768, warmup 600 + production 1200)",31.75,0.0,0.0,,0.0,
100.0,"internal MC fixed warmup HP (768, warmup 600 + production 1200)",32.25,0.0,0.0,,0.0,
100.0,"internal MC fixed warmup HP (768, warmup 600 + production 1200)",32.75,0.0,0.0,,0.0,
100.0,"internal MC fixed warmup HP (768, warmup 600 + production 1200)",33.25,0.0,0.0,,0.0,
100.0,"internal MC fixed warmup HP (768, warmup 600 + production 1200)",33.75,0.0,0.0,,0.0,
100.0,"internal MC fixed warmup HP (768, warmup 600 + production 1200)",34.25,0.0,0.0,,0.0,
100.0,"internal MC fixed warmup HP (768, warmup 600 + production 1200)",34.75,0.0,0.0,,0.0,
100.0,"internal MC fixed warmup HP (768, warmup 600 + production 1200)",35.25,0.0,0.0,,0.0,
100.0,"internal MC fixed warmup HP (768, warmup 600 + production 1200)",35.75,0.0,0.0,,0.0,
100.0,"internal MC fixed warmup HP (768, warmup 600 + production 1200)",36.25,0.0,0.0,,0.0,
100.0,"internal MC fixed warmup HP (768, warmup 600 + production 1200)",36.75,0.0,0.0,,0.0,
100.0,"internal MC fixed warmup HP (768, warmup 600 + production 1200)",37.25,0.0,0.0,,0.0,
100.0,"internal MC fixed warmup HP (768, warmup 600 + production 1200)",37.75,0.0,0.0,,0.0,
100.0,"internal MC fixed warmup HP (768, warmup 600 + production 1200)",38.25,0.0,0.0,,0.0,
100.0,"internal MC fixed warmup HP (768, warmup 600 + production 1200)",38.75,0.0,0.0,,0.0,
100.0,"internal MC fixed warmup HP (768, warmup 600 + production 1200)",39.25,0.0,0.0,,0.0,
100.0,"internal MC fixed warmup HP (768, warmup 600 + production 1200)",39.75,0.0,0.0,,0.0,
100.0,"internal MC fixed warmup HP (768, warmup 600 + production 1200)",40.25,0.0,0.0,,0.0,
100.0,"internal MC fixed warmup HP (768, warmup 600 + production 1200)",40.75,0.0,0.0,,0.0,
100.0,"internal MC fixed warmup HP (768, warmup 600 + production 1200)",41.25,0.0,0.0,,0.0,
100.0,"internal MC fixed warmup HP (768, warmup 600 + production 1200)",41.75,0.0,0.0,,0.0,
100.0,"internal MC fixed warmup HP (768, warmup 600 + production 1200)",42.25,0.0,0.0,,0.0,
100.0,"internal MC fixed warmup HP (768, warmup 600 + production 1200)",42.75,0.0,0.0,,0.0,
100.0,"internal MC fixed warmup HP (768, warmup 600 + production 1200)",43.25,0.0,0.0,,0.0,
100.0,"internal MC fixed warmup HP (768, warmup 600 + production 1200)",43.75,0.0,0.0,,0.0,
100.0,"internal MC fixed warmup HP (768, warmup 600 + production 1200)",44.25,0.0,0.0,,0.0,
100.0,"internal MC fixed warmup HP (768, warmup 600 + production 1200)",44.75,0.0,0.0,,0.0,
100.0,"internal MC fixed warmup HP (768, warmup 600 + production 1200)",45.25,0.0,0.0,,0.0,
100.0,"internal MC fixed warmup HP (768, warmup 600 + production 1200)",45.75,0.0,0.0,,0.0,
100.0,"internal MC fixed warmup HP (768, warmup 600 + production 1200)",46.25,0.0,0.0,,0.0,
100.0,"internal MC fixed warmup HP (768, warmup 600 + production 1200)",46.75,0.0,0.0,,0.0,
100.0,"internal MC fixed warmup HP (768, warmup 600 + production 1200)",47.25,0.0,0.0,,0.0,
100.0,"internal MC fixed warmup HP (768, warmup 600 + production 1200)",47.75,0.0,0.0,,0.0,
100.0,"internal MC fixed warmup HP (768, warmup 600 + production 1200)",48.25,0.0,0.0,,0.0,
100.0,"internal MC fixed warmup HP (768, warmup 600 + production 1200)",48.75,0.0,0.0,,0.0,
100.0,"internal MC fixed warmup HP (768, warmup 600 + production 1200)",49.25,0.0,0.0,,0.0,
100.0,"internal MC fixed warmup HP (768, warmup 600 + production 1200)",49.75,0.0,0.0,,0.0,
100.0,"internal MC fixed warmup HP (768, warmup 600 + production 1200)",50.25,0.0,0.0,,0.0,
100.0,"internal MC fixed warmup HP (768, warmup 600 + production 1200)",50.75,0.0,0.0,,0.0,
100.0,"internal MC fixed warmup HP (768, warmup 600 + production 1200)",51.25,0.0,0.0,,0.0,
100.0,"internal MC fixed warmup HP (768, warmup 600 + production 1200)",51.75,0.0,0.0,,0.0,
100.0,"internal MC fixed warmup HP (768, warmup 600 + production 1200)",52.25,0.0,0.0,,0.0,
100.0,"internal MC fixed warmup HP (768, warmup 600 + production 1200)",52.75,0.0,0.0,,0.0,
100.0,"internal MC fixed warmup HP (768, warmup 600 + production 1200)",53.25,0.0,0.0,,0.0,
100.0,"internal MC fixed warmup HP (768, warmup 600 + production 1200)",53.75,0.0,0.0,,0.0,
100.0,"internal MC fixed warmup HP (768, warmup 600 + production 1200)",54.25,0.0,0.0,,0.0,
100.0,"internal MC fixed warmup HP (768, warmup 600 + production 1200)",54.75,0.0,0.0,,0.0,
100.0,"internal MC fixed warmup HP (768, warmup 600 + production 1200)",55.25,0.0,0.0,,0.0,
100.0,"internal MC fixed warmup HP (768, warmup 600 + production 1200)",55.75,0.0,0.0,,0.0,
100.0,"internal MC fixed warmup HP (768, warmup 600 + production 1200)",56.25,0.0,0.0,,0.0,
100.0,"internal MC fixed warmup HP (768, warmup 600 + production 1200)",56.75,0.0,0.0,,0.0,
100.0,"internal MC fixed warmup HP (768, warmup 600 + production 1200)",57.25,0.0,0.0,,0.0,
100.0,"internal MC fixed warmup HP (768, warmup 600 + production 1200)",57.75,0.0,0.0,,0.0,
100.0,"internal MC fixed warmup HP (768, warmup 600 + production 1200)",58.25,0.0,0.0,,0.0,
100.0,"internal MC fixed warmup HP (768, warmup 600 + production 1200)",58.75,0.0,0.0,,0.0,
100.0,"internal MC fixed warmup HP (768, warmup 600 + production 1200)",59.25,0.0,0.0,,0.0,
100.0,"internal MC fixed warmup HP (768, warmup 600 + production 1200)",59.75,0.0,0.0,,0.0,
100.0,"internal MC fixed warmup HP (768, warmup 600 + production 1200)",60.25,0.0,0.0,,0.0,
100.0,"internal MC fixed warmup HP (768, warmup 600 + production 1200)",60.75,0.0,0.0,,0.0,
100.0,"internal MC fixed warmup HP (768, warmup 600 + production 1200)",61.25,0.0,0.0,,0.0,
100.0,"internal MC fixed warmup HP (768, warmup 600 + production 1200)",61.75,0.0,0.0,,0.0,
100.0,"internal MC fixed warmup HP (768, warmup 600 + production 1200)",62.25,0.0,0.0,,0.0,
100.0,"internal MC fixed warmup HP (768, warmup 600 + production 1200)",62.75,0.0,0.0,,0.0,
100.0,"internal MC fixed warmup HP (768, warmup 600 + production 1200)",63.25,0.0,0.0,,0.0,
100.0,"internal MC fixed warmup HP (768, warmup 600 + production 1200)",63.75,0.0,0.0,,0.0,
100.0,"internal MC fixed warmup HP (768, warmup 600 + production 1200)",64.25,0.0,0.0,,0.0,
100.0,"internal MC fixed warmup HP (768, warmup 600 + production 1200)",64.75,0.0,0.0,,0.0,
100.0,"internal MC fixed warmup HP (768, warmup 600 + production 1200)",65.25,0.0,0.0,,0.0,
100.0,"internal MC fixed warmup HP (768, warmup 600 + production 1200)",65.75,0.0,0.0,,0.0,
100.0,"internal MC fixed warmup HP (768, warmup 600 + production 1200)",66.25,0.0,0.0,,0.0,
100.0,"internal MC fixed warmup HP (768, warmup 600 + production 1200)",66.75,0.0,0.0,,0.0,
100.0,"internal MC fixed warmup HP (768, warmup 600 + production 1200)",67.25,0.0,0.0,,0.0,
100.0,"internal MC fixed warmup HP (768, warmup 600 + production 1200)",67.75,0.0,0.0,,0.0,
100.0,"internal MC fixed warmup HP (768, warmup 600 + production 1200)",68.25,0.0,0.0,,0.0,
100.0,"internal MC fixed warmup HP (768, warmup 600 + production 1200)",68.75,0.0,0.0,,0.0,
100.0,"internal MC fixed warmup HP (768, warmup 600 + production 1200)",69.25,0.0,0.0,,0.0,
100.0,"internal MC fixed warmup HP (768, warmup 600 + production 1200)",69.75,0.0,0.0,,0.0,
100.0,"internal MC fixed warmup HP (768, warmup 600 + production 1200)",70.25,0.0,0.0,,0.0,
100.0,"internal MC fixed warmup HP (768, warmup 600 + production 1200)",70.75,0.0,0.0,,0.0,
100.0,"internal MC fixed warmup HP (768, warmup 600 + production 1200)",71.25,0.0,0.0,,0.0,
100.0,"internal MC fixed warmup HP (768, warmup 600 + production 1200)",71.75,0.0,0.0,,0.0,
100.0,"internal MC fixed warmup HP (768, warmup 600 + production 1200)",72.25,0.0,0.0,,0.0,
100.0,"internal MC fixed warmup HP (768, warmup 600 + production 1200)",72.75,0.0,0.0,,0.0,
100.0,"internal MC fixed warmup HP (768, warmup 600 + production 1200)",73.25,0.0,0.0,,0.0,
100.0,"internal MC fixed warmup HP (768, warmup 600 + production 1200)",73.75,0.0,0.0,,0.0,
100.0,"internal MC fixed warmup HP (768, warmup 600 + production 1200)",74.25,0.0,0.0,,0.0,
100.0,"internal MC fixed warmup HP (768, warmup 600 + production 1200)",74.75,0.0,0.0,,0.0,
100.0,"internal MC fixed warmup HP (768, warmup 600 + production 1200)",75.25,0.0,0.0,,0.0,
100.0,"internal MC fixed warmup HP (768, warmup 600 + production 1200)",75.75,0.0,0.0,,0.0,
100.0,"internal MC fixed warmup HP (768, warmup 600 + production 1200)",76.25,0.0,0.0,,0.0,
100.0,"internal MC fixed warmup HP (768, warmup 600 + production 1200)",76.75,0.0,0.0,,0.0,
100.0,"internal MC fixed warmup HP (768, warmup 600 + production 1200)",77.25,0.0,0.0,,0.0,
100.0,"internal MC fixed warmup HP (768, warmup 600 + production 1200)",77.75,0.0,0.0,,0.0,
100.0,"internal MC fixed warmup HP (768, warmup 600 + production 1200)",78.25,0.0,0.0,,0.0,
100.0,"internal MC fixed warmup HP (768, warmup 600 + production 1200)",78.75,0.0,0.0,,0.0,
100.0,"internal MC fixed warmup HP (768, warmup 600 + production 1200)",79.25,0.0,0.0,,0.0,
100.0,"internal MC fixed warmup HP (768, warmup 600 + production 1200)",79.75,0.0,0.0,,0.0,
100.0,"internal MC fixed warmup HP (768, warmup 600 + production 1200)",85.0,0.0,0.0,,0.0,
100.0,"internal MC fixed warmup HP (768, warmup 600 + production 1200)",95.0,0.0,0.0,,0.0,
100.0,"internal MC fixed warmup HP (768, warmup 600 + production 1200)",105.0,0.0,0.0,,0.0,
100.0,"internal MC fixed warmup HP (768, warmup 600 + production 1200)",115.0,0.0,0.0,,0.0,
100.0,"internal MC fixed warmup HP (768, warmup 600 + production 1200)",125.0,0.0,0.0,,0.0,
100.0,"internal MC fixed warmup HP (768, warmup 600 + production 1200)",135.0,0.0,0.0,,0.0,
100.0,"internal MC fixed warmup HP (768, warmup 600 + production 1200)",145.0,0.0,0.0,,0.0,
100.0,"internal MC fixed warmup HP (768, warmup 600 + production 1200)",155.0,0.0,0.0,,0.0,
100.0,"internal MC fixed warmup HP (768, warmup 600 + production 1200)",165.0,0.0,0.0,,0.0,
100.0,"internal MC fixed warmup HP (768, warmup 600 + production 1200)",175.0,0.0,0.0,,0.0,
100.0,"internal MC fixed warmup HP (768, warmup 600 + production 1200)",185.0,0.0,0.0,,0.0,
100.0,"internal MC fixed warmup HP (768, warmup 600 + production 1200)",195.0,0.0,0.0,,0.0,
100.0,"internal MC fixed warmup HP (768, warmup 600 + production 1200)",205.0,0.0,0.0,,0.0,
100.0,"internal MC fixed warmup HP (768, warmup 600 + production 1200)",215.0,0.0,0.0,,0.0,
100.0,"internal MC fixed warmup HP (768, warmup 600 + production 1200)",225.0,0.0,0.0,,0.0,
100.0,"internal MC fixed warmup HP (768, warmup 600 + production 1200)",235.0,0.0,0.0,,0.0,
100.0,"internal MC fixed warmup HP (768, warmup 600 + production 1200)",245.0,0.0,0.0,,0.0,
100.0,"internal MC fixed warmup HP (768, warmup 600 + production 1200)",255.0,0.0,0.0,,0.0,
100.0,"internal MC fixed warmup HP (768, warmup 600 + production 1200)",270.0,0.0,0.0,,0.0,
100.0,"internal MC fixed warmup HP (768, warmup 600 + production 1200)",290.0,0.0,0.0,,0.0,
100.0,"internal MC fixed warmup HP (768, warmup 600 + production 1200)",310.0,0.0,0.0,,0.0,
100.0,"internal MC fixed warmup HP (768, warmup 600 + production 1200)",330.0,0.0,0.0,,0.0,
100.0,"internal MC fixed warmup HP (768, warmup 600 + production 1200)",350.0,0.0,0.0,,0.0,
100.0,"internal MC fixed warmup HP (768, warmup 600 + production 1200)",370.0,0.0,0.0,,0.0,
100.0,"internal MC fixed warmup HP (768, warmup 600 + production 1200)",390.0,0.0,0.0,,0.0,
100.0,"internal MC fixed warmup HP (768, warmup 600 + production 1200)",410.0,0.0,0.0,,0.0,
100.0,"internal MC fixed warmup HP (768, warmup 600 + production 1200)",430.0,0.0,0.0,,0.0,
100.0,"internal MC fixed warmup HP (768, warmup 600 + production 1200)",450.0,0.0,0.0,,0.0,
100.0,"internal MC fixed warmup HP (768, warmup 600 + production 1200)",470.0,0.0,0.0,,0.0,
100.0,"internal MC fixed warmup HP (768, warmup 600 + production 1200)",490.0,0.0,0.0,,0.0,
100.0,"internal MC fixed warmup HP (768, warmup 600 + production 1200)",510.0,0.0,0.0,,0.0,
100.0,"internal MC fixed warmup HP (768, warmup 600 + production 1200)",530.0,0.0,0.0,,0.0,
100.0,"internal MC fixed warmup HP (768, warmup 600 + production 1200)",550.0,0.0,0.0,,0.0,
100.0,"internal MC fixed warmup HP (768, warmup 600 + production 1200)",570.0,0.0,0.0,,0.0,
100.0,"internal MC fixed warmup HP (768, warmup 600 + production 1200)",590.0,0.0,0.0,,0.0,
100.0,"internal MC fixed warmup HP (768, warmup 600 + production 1200)",610.0,0.0,0.0,,0.0,
100.0,"internal MC fixed warmup HP (768, warmup 600 + production 1200)",630.0,0.0,0.0,,0.0,
100.0,"internal MC fixed warmup HP (768, warmup 600 + production 1200)",650.0,0.0,0.0,,0.0,
100.0,"internal MC fixed warmup HP (768, warmup 600 + production 1200)",670.0,0.0,0.0,,0.0,
100.0,"internal MC fixed warmup HP (768, warmup 600 + production 1200)",690.0,0.0,0.0,,0.0,
100.0,"internal MC fixed warmup HP (768, warmup 600 + production 1200)",710.0,0.0,0.0,,0.0,
100.0,"internal MC fixed warmup HP (768, warmup 600 + production 1200)",730.0,0.0,0.0,,0.0,
100.0,"internal MC fixed warmup HP (768, warmup 600 + production 1200)",750.0,0.0,0.0,,0.0,
100.0,"internal MC fixed warmup HP (768, warmup 600 + production 1200)",770.0,0.0,0.0,,0.0,
100.0,"internal MC fixed warmup HP (768, warmup 600 + production 1200)",790.0,0.0,0.0,,0.0,
100.0,"internal MC fixed warmup HP (768, warmup 600 + production 1200)",810.0,0.0,0.0,,0.0,
100.0,"internal MC fixed warmup HP (768, warmup 600 + production 1200)",830.0,0.0,0.0,,0.0,
100.0,"internal MC fixed warmup HP (768, warmup 600 + production 1200)",850.0,0.0,0.0,,0.0,
100.0,"internal MC fixed warmup HP (768, warmup 600 + production 1200)",870.0,0.0,0.0,,0.0,
100.0,"internal MC fixed warmup HP (768, warmup 600 + production 1200)",890.0,0.0,0.0,,0.0,
100.0,"internal MC fixed warmup HP (768, warmup 600 + production 1200)",910.0,0.0,0.0,,0.0,
100.0,"internal MC fixed warmup HP (768, warmup 600 + production 1200)",930.0,0.0,0.0,,0.0,
100.0,"internal MC fixed warmup HP (768, warmup 600 + production 1200)",950.0,0.0,0.0,,0.0,
100.0,"internal MC fixed warmup HP (768, warmup 600 + production 1200)",970.0,0.0,0.0,,0.0,
100.0,"internal MC fixed warmup HP (768, warmup 600 + production 1200)",990.0,0.0,0.0,,0.0,
100.0,two_term native SG hold,0.0001,0.0007091427148153007,,,,
100.0,two_term native SG hold,0.0003787057449672,0.001269379792523901,,,,
100.0,two_term native SG hold,0.001214822979869,0.002350151014854002,,,,
100.0,two_term native SG hold,0.0026083517047053,0.003475137771203303,,,,
100.0,two_term native SG hold,0.0045592919194762,0.004610352067756204,,,,
100.0,two_term native SG hold,0.0070676436241816,0.005749360398979705,,,,
100.0,two_term native SG hold,0.0101334068188215,0.006890150057755406,,,,
100.0,two_term native SG hold,0.013756581503396,0.008031885900182207,,,,
100.0,two_term native SG hold,0.017937167677905,0.009173988064054908,,,,
100.0,two_term native SG hold,0.0226751653423485,0.010316415360403309,,,,
100.0,two_term native SG hold,0.0279705744967265,0.01145904702770081,,,,
100.0,two_term native SG hold,0.0338233951410391,0.01260180946385751,,,,
100.0,two_term native SG hold,0.0402336272752863,0.013744655931159411,,,,
100.0,two_term native SG hold,0.0472012708994679,0.014887555838747913,,,,
100.0,two_term native SG hold,0.0547263260135841,0.016029938118685316,,,,
100.0,two_term native SG hold,0.0628087926176348,0.017172170796144914,,,,
100.0,two_term native SG hold,0.0714486707116201,0.018314377713561317,,,,
100.0,two_term native SG hold,0.0806459602955398,0.019456507063592816,,,,
100.0,two_term native SG hold,0.0904006613693941,0.02059793709513222,,,,
100.0,two_term native SG hold,0.100712773933183,0.02173931035053092,,,,
100.0,two_term native SG hold,0.1115822979869063,0.02288072877142462,,,,
100.0,two_term native SG hold,0.1230092335305642,0.02402217236142162,,,,
100.0,two_term native SG hold,0.1349935805641567,0.02516357535084032,,,,
100.0,two_term native SG hold,0.1475353390876836,0.026304872505079825,,,,
100.0,two_term native SG hold,0.1606345091011451,0.027445075022175223,,,,
100.0,two_term native SG hold,0.1742910906045412,0.028583666034836024,,,,
100.0,two_term native SG hold,0.1885050835978718,0.02972189795606763,,,,
100.0,two_term native SG hold,0.2032764880811368,0.030860050280666428,,,,
100.0,two_term native SG hold,0.2186053040543365,0.03199781887265693,,,,
100.0,two_term native SG hold,0.2344915315174706,0.03313463559429123,,,,
100.0,two_term native SG hold,0.2509351704705393,0.034271321020749125,,,,
100.0,two_term native SG hold,0.2679362209135426,0.035407884771098734,,,,
100.0,two_term native SG hold,0.2854946828464804,0.03654258228459013,,,,
100.0,two_term native SG hold,0.3036105562693526,0.037674352708945036,,,,
100.0,two_term native SG hold,0.3222838411821594,0.03880600182449363,,,,
100.0,two_term native SG hold,0.3415145375849008,0.03993754937216063,,,,
100.0,two_term native SG hold,0.3613026454775767,0.04106743429666313,,,,
100.0,two_term native SG hold,0.3816481648601871,0.042196156507850836,,,,
100.0,two_term native SG hold,0.4025510957327319,0.04332249821857264,,,,
100.0,two_term native SG hold,0.4240114380952116,0.04444544993124314,,,,
100.0,two_term native SG hold,0.4460291919476255,0.04556623606141834,,,,
100.0,two_term native SG hold,0.4686043572899741,0.046686001608227945,,,,
100.0,two_term native SG hold,0.4917369341222571,0.04780388236865344,,,,
100.0,two_term native SG hold,0.5154269224444749,0.048916892355224645,,,,
100.0,two_term native SG hold,0.5396743222566269,0.05002457963085524,,,,
100.0,two_term native SG hold,0.5644791335587137,0.05112904755826295,,,,
100.0,two_term native SG hold,0.5898413563507348,0.052229700329206145,,,,
100.0,two_term native SG hold,0.6157609906326906,0.05332825682061005,,,,
100.0,two_term native SG hold,0.6422380364045808,0.05441621301087575,,,,
100.0,two_term native SG hold,0.6692724936664057,0.05549786767733435,,,,
100.0,two_term native SG hold,0.6968643624181649,0.05657558935252055,,,,
100.0,two_term native SG hold,0.7250136426598589,0.05764672492300505,,,,
100.0,two_term native SG hold,0.7537203343914872,0.058709860107200654,,,,
100.0,two_term native SG hold,0.7829844376130503,0.059759569064556456,,,,
100.0,two_term native SG hold,0.8128059523245476,0.06080427206331346,,,,
100.0,two_term native SG hold,0.8431848785259797,0.061842603174963456,,,,
100.0,two_term native SG hold,0.8741212162173461,0.06286714457657826,,,,
100.0,two_term native SG hold,0.9056149653986474,0.06387982081208615,,,,
100.0,two_term native SG hold,0.9376661260698826,0.06488351960289765,,,,
100.0,two_term native SG hold,0.9702746982310532,0.06588273002168796,,,,
100.0,two_term native SG hold,1.0034406818821575,0.06685911824261286,,,,
100.0,two_term native SG hold,1.037164077023197,0.06782816532548495,,,,
100.0,two_term native SG hold,1.0714448836541706,0.06878730159201936,,,,
100.0,two_term native SG hold,1.1062831017750787,0.06973595904913896,,,,
100.0,two_term native SG hold,1.1416787313859216,0.07066317781226086,,,,
100.0,two_term native SG hold,1.1776317724866987,0.07158543740866537,,,,
100.0,two_term native SG hold,1.2141422250774103,0.07249818043408388,,,,
100.0,two_term native SG hold,1.2512100891580569,0.07338711901636187,,,,
100.0,two_term native SG hold,1.288835364728638,0.07426632431420647,,,,
100.0,two_term native SG hold,1.3270180517891532,0.07514113602744467,,,,
100.0,two_term native SG hold,1.3657581503396032,0.07598934190467158,,,,
100.0,two_term native SG hold,1.4050556603799875,0.07682903173285327,,,,
100.0,two_term native SG hold,1.444910581910307,0.07766067506009937,,,,
100.0,two_term native SG hold,1.4853229149305602,0.07846896233861816,,,,
100.0,two_term native SG hold,1.5262926594407489,0.07926568268972427,,,,
100.0,two_term native SG hold,1.5678198154408711,0.08005509457706547,,,,
100.0,two_term native SG hold,1.609904382930928,0.08081956916739917,,,,
100.0,two_term native SG hold,1.6525463619109204,0.08157194610100987,,,,
100.0,two_term native SG hold,1.6957457523808463,0.08231863475680117,,,,
100.0,two_term native SG hold,1.739502554340707,0.08303436945874547,,,,
100.0,two_term native SG hold,1.783816767790502,0.08374326935790057,,,,
100.0,two_term native SG hold,1.8286883927302324,0.08443973281402307,,,,
100.0,two_term native SG hold,1.8741174291598963,0.08511001877557887,,,,
100.0,two_term native SG hold,1.9201038770794951,0.08577421155644888,,,,
100.0,two_term native SG hold,1.9666477364890285,0.08641674038343529,,,,
100.0,two_term native SG hold,2.013749007388497,0.08704164042903999,,,,
100.0,two_term native SG hold,2.0614076897779,0.08766016157264989,,,,
100.0,two_term native SG hold,2.1096237836572365,0.08824644963603828,,,,
100.0,two_term native SG hold,2.158397289026508,0.08882516069141089,,,,
100.0,two_term native SG hold,2.2077282058857146,0.08938616852135109,,,,
100.0,two_term native SG hold,2.257616534234855,0.08992512623310028,,,,
100.0,two_term native SG hold,2.30806227407393,0.09045711050029548,,,,
100.0,two_term native SG hold,2.3590654254029397,0.09095804313847988,,,,
100.0,two_term native SG hold,2.410625988221884,0.09145004291842658,,,,
100.0,two_term native SG hold,2.4627439625307628,0.09192122599056768,,,,
100.0,two_term native SG hold,2.515419348329576,0.09237388090438509,,,,
100.0,two_term native SG hold,2.568652145618324,0.09281454609139378,,,,
100.0,two_term native SG hold,2.622442354397006,0.09322686394813828,,,,
100.0,two_term native SG hold,2.676789974665623,0.09363203387683679,,,,
100.0,two_term native SG hold,2.7316950064241743,0.09400868830168048,,,,
100.0,two_term native SG hold,2.78715744967266,0.09437355013982618,,,,
100.0,two_term native SG hold,2.84317730441108,0.09471714130695058,,,,
100.0,two_term native SG hold,2.899754570639436,0.09504258145000888,,,,
100.0,two_term native SG hold,2.956889248357725,0.09535235245658398,,,,
100.0,two_term native SG hold,3.014581337565949,0.09563784057374099,,,,
100.0,two_term native SG hold,3.072830838264107,0.09591295376161488,,,,
100.0,two_term native SG hold,3.1316377504522013,0.09615924247406868,,,,
100.0,two_term native SG hold,3.1910020741302283,0.09639777023739399,,,,
100.0,two_term native SG hold,3.2509238092981905,0.09660569145516988,,,,
100.0,two_term native SG hold,3.311402955956087,0.09680498689979668,,,,
100.0,two_term native SG hold,3.372439514103919,0.09697724748866618,,,,
100.0,two_term native SG hold,3.434033483741685,0.09713762235874408,,,,
100.0,two_term native SG hold,3.4961848648693845,0.09727336442488278,,,,
100.0,two_term native SG hold,3.558893657487019,0.09739501838622368,,,,
100.0,two_term native SG hold,3.62215986159459,0.09749410936755608,,,,
100.0,two_term native SG hold,3.685983477192093,0.09757756185526738,,,,
100.0,two_term native SG hold,3.750364504279531,0.09763951635614969,,,,
100.0,two_term native SG hold,3.815302942856904,0.09768495132672268,,,,
100.0,two_term native SG hold,3.880798792924213,0.09770957397977179,,,,
100.0,two_term native SG hold,3.946852054481454,0.09771755576403168,,,,
100.0,two_term native SG hold,4.01346272752863,0.09770475106405328,,,,
100.0,two_term native SG hold,4.080630812065741,0.09767565701492048,,,,
100.0,two_term native SG hold,4.148356308092787,0.09762524985770168,,,,
100.0,two_term native SG hold,4.216639215609767,0.09755945909811098,,,,
100.0,two_term native SG hold,4.285479534616682,0.09747159132723558,,,,
100.0,two_term native SG hold,4.35487726511353,0.09736961544000629,,,,
100.0,two_term native SG hold,4.424832407100315,0.09724437947670739,,,,
100.0,two_term native SG hold,4.495344960577032,0.09710667718615619,,,,
100.0,two_term native SG hold,4.566414925543686,0.09694420792073158,,,,
100.0,two_term native SG hold,4.638042302000272,0.09677110796905308,,,,
100.0,two_term native SG hold,4.710227089946795,0.09657183785852388,,,,
100.0,two_term native SG hold,4.782969289383252,0.09636155130747008,,,,
100.0,two_term native SG hold,4.856268900309642,0.09612811276580259,,,,
100.0,two_term native SG hold,4.930125922725967,0.09588103098002568,,,,
100.0,two_term native SG hold,5.004540356632227,0.09561392954651178,,,,
100.0,two_term native SG hold,5.079512202028423,0.09533050404529188,,,,
100.0,two_term native SG hold,5.155041458914552,0.09503023654929639,,,,
100.0,two_term native SG hold,5.231128127290615,0.09471097524839538,,,,
100.0,two_term native SG hold,5.307772207156613,0.09437809082811038,,,,
100.0,two_term native SG hold,5.384973698512546,0.09402356240954439,,,,
100.0,two_term native SG hold,5.462732601358413,0.09365697953963718,,,,
100.0,two_term native SG hold,5.541048915694215,0.09326936367263688,,,,
100.0,two_term native SG hold,5.619922641519951,0.09286811856260839,,,,
100.0,two_term native SG hold,5.699353778835622,0.09244951865181458,,,,
100.0,two_term native SG hold,5.779342327641228,0.09201427891689049,,,,
100.0,two_term native SG hold,5.859888287936767,0.09156521467300788,,,,
100.0,two_term native SG hold,5.940991659722241,0.09109666703766549,,,,
100.0,two_term native SG hold,6.022652442997652,0.09061576971651418,,,,
100.0,two_term native SG hold,6.104870637762994,0.09011649051613599,,,,
100.0,two_term native SG hold,6.187646244018271,0.08960313699225249,,,,
100.0,two_term native SG hold,6.270979261763484,0.08907497760234258,,,,
100.0,two_term native SG hold,6.354869690998631,0.08852991011708589,,,,
100.0,two_term native SG hold,6.439317531723711,0.08797246124974459,,,,
100.0,two_term native SG hold,6.5243227839387306,0.08739732768099448,,,,
100.0,two_term native SG hold,6.6098854476436815,0.08680911633817619,,,,
100.0,two_term native SG hold,6.696005522838566,0.08620661505039569,,,,
100.0,two_term native SG hold,6.782683009523385,0.08558840282004766,,,,
100.0,two_term native SG hold,6.869917907698139,0.08495799247837627,,,,
100.0,two_term native SG hold,6.957710217362828,0.08431155040406917,,,,
100.0,two_term native SG hold,7.04605993851745,0.08365214470913376,,,,
100.0,two_term native SG hold,7.134967071162008,0.08297977323926548,,,,
100.0,two_term native SG hold,7.2244316152965,0.08229212690930247,,,,
100.0,two_term native SG hold,7.3144535709209295,0.08159262305317497,,,,
100.0,two_term native SG hold,7.405032938035291,0.08087913244133467,,,,
100.0,two_term native SG hold,7.496169716639586,0.08015240707320977,,,,
100.0,two_term native SG hold,7.587863906733816,0.07941398164867487,,,,
100.0,two_term native SG hold,7.68011550831798,0.07866114207217957,,,,
100.0,two_term native SG hold,7.77292452139208,0.07789652363603607,,,,
100.0,two_term native SG hold,7.866290945956114,0.07711999134796227,,,,
100.0,two_term native SG hold,7.960214782010081,0.07632989989354896,,,,
100.0,two_term native SG hold,8.054696029553988,0.07552862275733427,,,,
100.0,two_term native SG hold,8.149734688587825,0.07471525214875377,,,,
100.0,two_term native SG hold,8.245330759111598,0.07388950705892428,,,,
100.0,two_term native SG hold,8.341484241125302,0.07305284455072077,,,,
100.0,two_term native SG hold,8.438195134628945,0.07220419796157597,,,,
100.0,two_term native SG hold,8.53546343962252,0.07134406352085387,,,,
100.0,two_term native SG hold,8.63328915610603,0.07047331169190087,,,,
100.0,two_term native SG hold,8.731672284079474,0.06959089182792726,,,,
100.0,two_term native SG hold,8.830612823542857,0.06869765655844096,,,,
100.0,two_term native SG hold,8.93011077449617,0.06779413618006636,,,,
100.0,two_term native SG hold,9.03016613693942,0.06687939356563426,,,,
100.0,two_term native SG hold,9.130778910872602,0.06595436569366915,,,,
100.0,two_term native SG hold,9.231949096295718,0.06501940668550525,,,,
100.0,two_term native SG hold,9.333676693208773,0.06407375159109506,,,,
100.0,two_term native SG hold,9.435961701611756,0.06311825121575836,,,,
100.0,two_term native SG hold,9.538804121504675,0.062153193231895956,,,,
100.0,two_term native SG hold,9.642203952887536,0.06117801058004185,,,,
100.0,two_term native SG hold,9.746161195760326,0.060193372349209955,,,,
100.0,two_term native SG hold,9.85067585012305,0.059199571950951255,,,,
100.0,two_term native SG hold,9.955747915975708,0.05819623413424645,,,,
100.0,two_term native SG hold,10.061377393318304,0.057183814471120746,,,,
100.0,two_term native SG hold,10.16756428215083,0.05616263757501385,,,,
100.0,two_term native SG hold,10.274308582473292,0.05513251830122925,,,,
100.0,two_term native SG hold,10.381610294285688,0.05409368094388665,,,,
100.0,two_term native SG hold,10.489469417588024,0.05304651459523095,,,,
100.0,two_term native SG hold,10.597885952380292,0.051990981296685945,,,,
100.0,two_term native SG hold,10.706859898662492,0.050927117434945046,,,,
100.0,two_term native SG hold,10.816391256434626,0.049855367144025844,,,,
100.0,two_term native SG hold,10.926480025696696,0.04877582674152394,,,,
100.0,two_term native SG hold,11.0371262064487,0.04768836518678614,,,,
100.0,two_term native SG hold,11.148329798690638,0.04659345976094144,,,,
100.0,two_term native SG hold,11.260090802422512,0.04549125174971194,,,,
100.0,two_term native SG hold,11.37240921764432,0.044381686676256145,,,,
100.0,two_term native SG hold,11.485285044356068,0.04326382367737254,,,,
100.0,two_term native SG hold,11.598718282557742,0.042136818130173934,,,,
100.0,two_term native SG hold,11.712708932249353,0.040996378395544236,,,,
100.0,two_term native SG hold,11.8272569934309,0.03984098409603014,,,,
100.0,two_term native SG hold,11.94236246610238,0.038674286722836036,,,,
100.0,two_term native SG hold,12.058025350263796,0.037499814774820936,,,,
100.0,two_term native SG hold,12.174245645915144,0.036320743677285834,,,,
100.0,two_term native SG hold,12.291023353056428,0.035140479788616626,,,,
100.0,two_term native SG hold,12.40835847168765,0.03396205898276373,,,,
100.0,two_term native SG hold,12.526251001808804,0.032788389222574425,,,,
100.0,two_term native SG hold,12.64470094341989,0.031622202678497725,,,,
100.0,two_term native SG hold,12.763708296520912,0.030466083470368627,,,,
100.0,two_term native SG hold,12.88327306111187,0.029322456312130228,,,,
100.0,two_term native SG hold,13.00339523719276,0.028193401328350125,,,,
100.0,two_term native SG hold,13.124074824763587,0.027081031848380423,,,,
100.0,two_term native SG hold,13.245311823824348,0.025987231729247124,,,,
100.0,two_term native SG hold,13.367106234375044,0.02491359655421262,,,,
100.0,two_term native SG hold,13.489458056415677,0.02386158711077922,,,,
100.0,two_term native SG hold,13.612367289946237,0.02283253517459912,,,,
100.0,two_term native SG hold,13.735833934966738,0.02182759612136012,,,,
100.0,two_term native SG hold,13.85985799147717,0.020847753571849016,,,,
100.0,two_term native SG hold,13.984439459477535,0.01989374700580652,,,,
100.0,two_term native SG hold,14.10957833896784,0.018966313492470518,,,,
100.0,two_term native SG hold,14.235274629948076,0.018065965066218617,,,,
100.0,two_term native SG hold,14.361528332418247,0.017193051030217114,,,,
100.0,two_term native SG hold,14.488339446378358,0.016347843945053914,,,,
100.0,two_term native SG hold,14.615707971828398,0.015530467433156813,,,,
100.0,two_term native SG hold,14.743633908768372,0.014740949449054614,,,,
100.0,two_term native SG hold,14.87211725719828,0.013979210243515613,,,,
100.0,two_term native SG hold,15.001158017118122,0.013245025819913112,,,,
100.0,two_term native SG hold,15.1307561885279,0.012538159941499311,,,,
100.0,two_term native SG hold,15.260911771427615,0.01185826632021001,,,,
100.0,two_term native SG hold,15.391624765817262,0.01120487624617391,,,,
100.0,two_term native SG hold,15.522895171696849,0.010577509621346109,,,,
100.0,two_term native SG hold,15.654722989066364,0.009975467554971609,,,,
100.0,two_term native SG hold,15.787108217925814,0.009397833464931808,,,,
100.0,two_term native SG hold,15.9200508582752,0.008842700249847608,,,,
100.0,two_term native SG hold,16.05355091011452,0.008308923658709206,,,,
100.0,two_term native SG hold,16.187608373443776,0.007796634266295707,,,,
100.0,two_term native SG hold,16.322223248262965,0.007306005975596706,,,,
100.0,two_term native SG hold,16.457395534572086,0.006837075531814806,,,,
100.0,two_term native SG hold,16.59312523237115,0.006389743954490406,,,,
100.0,two_term native SG hold,16.72941234166014,0.005963859026044605,,,,
100.0,two_term native SG hold,16.86625686243907,0.005559158654997305,,,,
100.0,two_term native SG hold,17.003658794707928,0.005175279320474005,,,,
100.0,two_term native SG hold,17.14161813846673,0.0048118119735524045,,,,
100.0,two_term native SG hold,17.28013489371546,0.004468282572808904,,,,
100.0,two_term native SG hold,17.419209060454122,0.004144145891612003,,,,
100.0,two_term native SG hold,17.55884063868272,0.0038388251057750035,,,,
100.0,two_term native SG hold,17.69902962840126,0.003551706529343603,,,,
100.0,two_term native SG hold,17.83977602960973,0.003282135542045403,,,,
100.0,two_term native SG hold,17.98107984230813,0.0030294403603826027,,,,
100.0,two_term native SG hold,18.122941066496477,0.0027929371840466027,,,,
100.0,two_term native SG hold,18.265359702174745,0.002571925431719702,,,,
100.0,two_term native SG hold,18.40833574934295,0.002365694298127002,,,,
100.0,two_term native SG hold,18.55186920800109,0.0021735416309652017,,,,
100.0,two_term native SG hold,18.695960078149167,0.0019947668340609018,,,,
100.0,two_term native SG hold,18.84060835978718,0.0018286718379761015,,,,
100.0,two_term native SG hold,18.985814052915128,0.0016745716640254014,,,,
100.0,two_term native SG hold,19.13157715753301,0.0015317974570006013,,,,
100.0,two_term native SG hold,19.277897673640823,0.0013996959967262012,,,,
100.0,two_term native SG hold,19.42477560123857,0.001277630162062001,,,,
100.0,two_term native SG hold,19.57221094032625,0.001164985422817701,,,,
100.0,two_term native SG hold,19.72020369090387,0.0010611693279367008,,,,
100.0,two_term native SG hold,19.868753852971423,0.0009656106820035009,,,,
100.0,two_term native SG hold,20.01786142652891,0.0008777631576625007,,,,
100.0,two_term native SG hold,20.167526411576336,0.0007971099012076008,,,,
100.0,two_term native SG hold,20.31774880811369,0.0007231496071197006,,,,
100.0,two_term native SG hold,20.468528616140983,0.0006554009578256005,,,,
100.0,two_term native SG hold,20.619865835658207,0.0005934107162419006,,,,
100.0,two_term native SG hold,20.771760466665366,0.0005367529437469004,,,,
100.0,two_term native SG hold,20.924212509162462,0.0004850274888426004,,,,
100.0,two_term native SG hold,21.07722196314949,0.0004378625026084004,,,,
100.0,two_term native SG hold,21.23078882862645,0.00039490858804700033,,,,
100.0,two_term native SG hold,21.384913105593355,0.0003558323296402003,,,,
100.0,two_term native SG hold,21.539594794050185,0.0003203203722753003,,,,
100.0,two_term native SG hold,21.69483389399695,0.00028808118388100025,,,,
100.0,two_term native SG hold,21.85063040543365,0.0002588439730156002,,,,
100.0,two_term native SG hold,22.00698432836029,0.00023235762751860022,,,,
100.0,two_term native SG hold,22.16389566277686,0.0002083913025952002,,,,
100.0,two_term native SG hold,22.321364408683365,0.00018672802252600015,,,,
100.0,two_term native SG hold,22.479390566079804,0.00016716550243060012,,,,
100.0,two_term native SG hold,22.637974134966186,0.00014951736318420013,,,,
100.0,two_term native SG hold,22.79711511534249,0.00013361207078410012,,,,
100.0,two_term native SG hold,22.95681350720873,0.0001192919073851001,,,,
100.0,two_term native SG hold,23.11706931056491,0.0001064126623928001,,,,
100.0,two_term native SG hold,23.277882525411023,9.484104606783056e-05,,,,
100.0,two_term native SG hold,23.439253151747067,8.445408600678705e-05,,,,
100.0,two_term native SG hold,23.601181189573047,7.513921137958426e-05,,,,
100.0,two_term native SG hold,23.763666638888964,6.67936512226453e-05,,,,
100.0,two_term native SG hold,23.926709499694816,5.932367982360975e-05,,,,
100.0,two_term native SG hold,24.090309771990608,5.264411394632601e-05,,,,
100.0,two_term native SG hold,24.254467455776325,4.66771409800793e-05,,,,
100.0,two_term native SG hold,24.41918255105198,4.1351585684315856e-05,,,,
100.0,two_term native SG hold,24.584455057817564,3.660275242900376e-05,,,,
100.0,two_term native SG hold,24.75028497607309,3.2372009417002234e-05,,,,
100.0,two_term native SG hold,24.916672305818544,2.8606282897617753e-05,,,,
100.0,two_term native SG hold,25.083617047053934,2.525765287443266e-05,,,,
100.0,two_term native SG hold,25.251119199779264,2.2282722822969357e-05,,,,
100.0,two_term native SG hold,25.419178763994523,1.9642109270600922e-05,,,,
100.0,two_term native SG hold,25.58779573969972,1.7300260300270556e-05,,,,
100.0,two_term native SG hold,25.75697012689485,1.5225175541837904e-05,,,,
100.0,two_term native SG hold,25.926701925579916,1.3388084980449176e-05,,,,
100.0,two_term native SG hold,26.096991135754923,1.17631899659758e-05,,,,
100.0,two_term native SG hold,26.26783775741985,1.0327282556467349e-05,,,,
100.0,two_term native SG hold,26.439241790574727,9.059456618817687e-06,,,,
100.0,two_term native SG hold,26.611203235219527,7.940966816843235e-06,,,,
100.0,two_term native SG hold,26.783722091354264,6.955048597683009e-06,,,,
100.0,two_term native SG hold,26.956798358978936,6.08672515499329e-06,,,,
100.0,two_term native SG hold,27.13043203809354,5.322659945523916e-06,,,,
100.0,two_term native SG hold,27.30462312869808,4.6509185933125744e-06,,,,
100.0,two_term native SG hold,27.47937163079256,4.060824378081789e-06,,,,
100.0,two_term native SG hold,27.65467754437697,3.542869290519929e-06,,,,
100.0,two_term native SG hold,27.830540869451312,3.0886017177303492e-06,,,,
100.0,two_term native SG hold,28.006961606015587,2.6905173553652896e-06,,,,
100.0,two_term native SG hold,28.1839397540698,2.3419775514417503e-06,,,,
100.0,two_term native SG hold,28.36147531361395,2.037068579035564e-06,,,,
100.0,two_term native SG hold,28.539568284648038,1.770534112119411e-06,,,,
100.0,two_term native SG hold,28.71821866717205,1.5377252194103362e-06,,,,
100.0,two_term native SG hold,28.897426461186,1.3345334159886538e-06,,,,
100.0,two_term native SG hold,29.0771916666899,1.157336024714643e-06,,,,
100.0,two_term native SG hold,29.25751428368372,1.002937259285189e-06,,,,
100.0,two_term native SG hold,29.43839431216747,8.685086590165573e-07,,,,
100.0,two_term native SG hold,29.619831752141163,7.515544735415814e-07,,,,
100.0,two_term native SG hold,29.801826603604788,6.49879535141299e-07,,,,
100.0,two_term native SG hold,29.984378866558345,5.615545538904866e-07,,,,
100.0,two_term native SG hold,30.16748854100184,4.848900263588606e-07,,,,
100.0,two_term native SG hold,30.351155626935267,4.1839896948886846e-07,,,,
100.0,two_term native SG hold,30.53538012435863,3.607730655223573e-07,,,,
100.0,two_term native SG hold,30.72016203327192,3.108663605205209e-07,,,,
100.0,two_term native SG hold,30.90550135367516,2.676762234074654e-07,,,,
100.0,two_term native SG hold,31.09139808556832,2.3032732566469318e-07,,,,
100.0,two_term native SG hold,31.27785222895142,1.9805487982340128e-07,,,,
100.0,two_term native SG hold,31.464863783824452,1.7018910137141448e-07,,,,
100.0,two_term native SG hold,31.652432750187423,1.4614501265242428e-07,,,,
100.0,two_term native SG hold,31.84055912804033,1.254129728345351e-07,,,,
100.0,two_term native SG hold,32.02924291738318,1.0754950053798202e-07,,,,
100.0,two_term native SG hold,32.218484118215954,9.216949003119176e-08,,,,
100.0,two_term native SG hold,32.408282730538666,7.893723325902903e-08,,,,
100.0,two_term native SG hold,32.598638754351306,6.756042704896288e-08,,,,
100.0,two_term native SG hold,32.78955218965388,5.778546985068862e-08,,,,
100.0,two_term native SG hold,32.981023036446395,4.939251409377797e-08,,,,
100.0,two_term native SG hold,33.17305129472884,4.2191481507066925e-08,,,,
100.0,two_term native SG hold,33.36563696450121,3.601748195025533e-08,,,,
100.0,two_term native SG hold,33.558780045763534,3.072748936152997e-08,,,,
100.0,two_term native SG hold,33.75248053851578,2.6197871257679965e-08,,,,
100.0,two_term native SG hold,33.94673844275797,2.232186293769394e-08,,,,
100.0,two_term native SG hold,34.14155375849008,1.9007463952410346e-08,,,,
100.0,two_term native SG hold,34.336926485712134,1.617525599895491e-08,,,,
100.0,two_term native SG hold,34.53285662442413,1.3756637388342109e-08,,,,
100.0,two_term native SG hold,34.72934417462605,1.1692505899390928e-08,,,,
100.0,two_term native SG hold,34.9263891363179,9.932015022833046e-09,,,,
100.0,two_term native SG hold,35.12399150949969,8.431498703732015e-09,,,,
100.0,two_term native SG hold,35.322151294171434,7.153419362070011e-09,,,,
100.0,two_term native SG hold,35.52086849033309,6.065481319719802e-09,,,,
100.0,two_term native SG hold,35.72014309798468,5.139957993448918e-09,,,,
100.0,two_term native SG hold,35.919975117126214,4.353082646359678e-09,,,,
100.0,two_term native SG hold,36.12036454775768,3.684513685947289e-09,,,,
100.0,two_term native SG hold,36.32131138987908,3.116829317960712e-09,,,,
100.0,two_term native SG hold,36.52281564349041,2.635097482325901e-09,,,,
100.0,two_term native SG hold,36.72487730859167,2.226543949835122e-09,,,,
100.0,two_term native SG hold,36.92749638518288,1.880256443172161e-09,,,,
100.0,two_term native SG hold,37.13067287326401,1.586927045429027e-09,,,,
100.0,two_term native SG hold,37.33440677283509,1.3386106731305594e-09,,,,
100.0,two_term native SG hold,37.53869808389609,1.128522287812921e-09,,,,
100.0,two_term native SG hold,37.74354680644703,9.508777361489866e-10,,,,
100.0,two_term native SG hold,37.9489529404879,8.007523876758955e-10,,,,
100.0,two_term native SG hold,38.15491648601871,6.739596672327129e-10,,,,
100.0,two_term native SG hold,38.36143744303945,5.669368558466258e-10,,,,
100.0,two_term native SG hold,38.56851581155014,4.76651902817774e-10,,,,
100.0,two_term native SG hold,38.77615159155076,4.0052903072890073e-10,,,,
100.0,two_term native SG hold,38.98434478304131,3.363822661038455e-10,,,,
100.0,two_term native SG hold,39.19309538602179,2.82359293541966e-10,,,,
100.0,two_term native SG hold,39.40240340049221,2.368882943969435e-10,,,,
100.0,two_term native SG hold,39.61226882645255,1.9863599273165194e-10,,,,
100.0,two_term native SG hold,39.82269166390284,1.6647360313511188e-10,,,,
100.0,two_term native SG hold,40.033671912843054,1.394462380670709e-10,,,,
100.0,two_term native SG hold,40.245209573273215,1.1674693628131133e-10,,,,
100.0,two_term native SG hold,40.4573046451933,9.769300130120282e-11,,,,
100.0,two_term native SG hold,40.66995712860332,8.170729565400575e-11,,,,
100.0,two_term native SG hold,40.88316702350328,6.830272323579326e-11,,,,
100.0,two_term native SG hold,41.09693432989317,5.706853005858266e-11,,,,
100.0,two_term native SG hold,41.311259047773,4.7658415255347866e-11,,,,
100.0,two_term native SG hold,41.52614117714276,3.978029935279293e-11,,,,
100.0,two_term native SG hold,41.74158071800246,3.318809198595928e-11,,,,
100.0,two_term native SG hold,41.957577670352094,2.767468666857277e-11,,,,
100.0,two_term native SG hold,42.17413203419167,2.3065975373095247e-11,,,,
100.0,two_term native SG hold,42.39124380952117,1.921550655931015e-11,,,,
100.0,two_term native SG hold,42.6089129963406,1.6000124094440458e-11,,,,
100.0,two_term native SG hold,42.82713959464997,1.3316396156076459e-11,,,,
100.0,two_term native SG hold,43.04592360444927,1.1077527498947046e-11,,,,
100.0,two_term native SG hold,43.26526502573851,9.210736514517496e-12,,,,
100.0,two_term native SG hold,43.48516385851767,7.65495873610616e-12,,,,
100.0,two_term native SG hold,43.70562010278679,6.358996632337373e-12,,,,
100.0,two_term native SG hold,43.92663375854583,5.279976386296484e-12,,,,
100.0,two_term native SG hold,44.1482048257948,4.382025509414281e-12,,,,
100.0,two_term native SG hold,44.37033330453372,3.6351254348210713e-12,,,,
100.0,two_term native SG hold,44.59301919476256,3.01415983732477e-12,,,,
100.0,two_term native SG hold,44.816262496481336,2.4981349615058117e-12,,,,
100.0,two_term native SG hold,45.04006320969005,2.0695173012095326e-12,,,,
100.0,two_term native SG hold,45.2644213343887,1.7136734872476622e-12,,,,
100.0,two_term native SG hold,45.48933687057728,1.418385864189806e-12,,,,
100.0,two_term native SG hold,45.714809818255816,1.1734600905161618e-12,,,,
100.0,two_term native SG hold,45.94084017742427,9.703988855971033e-13,,,,
100.0,two_term native SG hold,46.16742794808265,8.021250720972353e-13,,,,
100.0,two_term native SG hold,46.394573130230974,6.627435167099401e-13,,,,
100.0,two_term native SG hold,46.62227572386922,5.4734494206603e-13,,,,
100.0,two_term native SG hold,46.85053572899741,4.518448950258852e-13,,,,
100.0,two_term native SG hold,47.07935314561555,3.7284758641148397e-13,,,,
100.0,two_term native SG hold,47.3087279737236,3.075309923369684e-13,,,,
100.0,two_term native SG hold,47.5386602133216,2.535497205689183e-13,,,,
100.0,two_term native SG hold,47.76914986440952,2.0895580407740596e-13,,,,
100.0,two_term native SG hold,48.000196926987385,1.7213265522551476e-13,,,,
100.0,two_term native SG hold,48.23180140105519,1.417397455056286e-13,,,,
100.0,two_term native SG hold,48.46396328661291,1.16665088808093e-13,,,,
100.0,two_term native SG hold,48.69668258366058,9.598678552343355e-14,,,,
100.0,two_term native SG hold,48.92995929219818,7.894119880207246e-14,,,,
100.0,two_term native SG hold,49.16379341222572,6.48961928009044e-14,,,,
100.0,two_term native SG hold,49.39818494374319,5.332851454337683e-14,,,,
100.0,two_term native SG hold,49.633133886750606,4.3805156345650235e-14,,,,
100.0,two_term native SG hold,49.86864024124795,3.596805672966983e-14,,,,
100.0,two_term native SG hold,50.10470400723522,2.95213271632396e-14,,,,
100.0,two_term native SG hold,50.34132518471243,2.4220532110447026e-14,,,,
100.0,two_term native SG hold,50.57850377367957,1.9863764383578154e-14,,,,
100.0,two_term native SG hold,50.81623977413665,1.6284347850879327e-14,,,,
100.0,two_term native SG hold,51.05453318608365,1.3344782744590529e-14,,,,
100.0,two_term native SG hold,51.2933840095206,1.0931695713610293e-14,,,,
100.0,two_term native SG hold,51.532792244447485,8.951607451706003e-15,,,,
100.0,two_term native SG hold,51.7727578908643,7.328339843947873e-15,,,,
100.0,two_term native SG hold,52.01328094877105,5.996145431794585e-15,,,,
100.0,two_term native SG hold,52.254361418167726,4.904266741300109e-15,,,,
100.0,two_term native SG hold,52.495999299054354,4.009706103358763e-15,,,,
100.0,two_term native SG hold,52.73819459143091,3.2770877294289947e-15,,,,
100.0,two_term native SG hold,52.98094729529739,2.6773265618601986e-15,,,,
100.0,two_term native SG hold,53.22425741065381,2.1865231713850458e-15,,,,
100.0,two_term native SG hold,53.468124937500185,1.7850397784036034e-15,,,,
100.0,two_term native SG hold,53.71254987583648,1.4567464977889226e-15,,,,
100.0,two_term native SG hold,53.9575322256627,1.1884039316235444e-15,,,,
100.0,two_term native SG hold,54.20307198697886,9.691503166157697e-16,,,,
100.0,two_term native SG hold,54.44916915978495,7.900757668707315e-16,,,,
100.0,two_term native SG hold,54.69582374408099,6.438740185581229e-16,,,,
100.0,two_term native SG hold,54.94303573986696,5.245572031534473e-16,,,,
100.0,two_term native SG hold,55.19080514714285,4.2720369483030403e-16,,,,
100.0,two_term native SG hold,55.439131965908686,3.478070677574588e-16,,,,
100.0,two_term native SG hold,55.68801619616445,2.831052567462747e-16,,,,
100.0,two_term native SG hold,55.93745783791015,2.3038475212029057e-16,,,,
100.0,two_term native SG hold,56.18745689114579,1.8744308595346976e-16,,,,
100.0,two_term native SG hold,56.43801335587136,1.5247806581540035e-16,,,,
100.0,two_term native SG hold,56.68912723208687,1.2401981370625162e-16,,,,
100.0,two_term native SG hold,56.9407985197923,1.0086644182933584e-16,,,,
100.0,two_term native SG hold,57.19302721898768,8.203651595105879e-17,,,,
100.0,two_term native SG hold,57.445813329672994,6.672866733417931e-17,,,,
100.0,two_term native SG hold,57.69915685184825,5.4288625415453816e-17,,,,
100.0,two_term native SG hold,57.95305778551344,4.418233280986931e-17,,,,
100.0,two_term native SG hold,58.207516130668544,3.59738278902459e-17,,,,
100.0,two_term native SG hold,58.4625318873136,2.930720395627131e-17,,,,
100.0,two_term native SG hold,58.71810505544857,2.3892358884707983e-17,,,,
100.0,two_term native SG hold,58.97423563507349,1.94932067557405e-17,,,,
100.0,two_term native SG hold,59.230923626188336,1.591534006936826e-17,,,,
100.0,two_term native SG hold,59.48816902879312,1.3003506097261955e-17,,,,
100.0,two_term native SG hold,59.74597184288785,1.063195830789351e-17,,,,
100.0,two_term native SG hold,60.00433206847249,8.714275579318712e-18,,,,
100.0,two_term native SG hold,60.26324970554709,7.151641136079289e-18,,,,
100.0,two_term native SG hold,60.52272475411161,5.8772418026063364e-18,,,,
100.0,two_term native SG hold,60.78275721416607,4.836998527820434e-18,,,,
100.0,two_term native SG hold,61.04334708571047,3.987147140464938e-18,,,,
100.0,two_term native SG hold,61.30449436874479,3.292241502695647e-18,,,,
100.0,two_term native SG hold,61.56619906326905,2.7235380587723454e-18,,,,
100.0,two_term native SG hold,61.82846116928327,2.257703983103289e-18,,,,
100.0,two_term native SG hold,62.0912806867874,1.87577898042348e-18,,,,
100.0,two_term native SG hold,62.354657615781456,1.5612538492110582e-18,,,,
100.0,two_term native SG hold,62.61859195626546,1.3020306712271995e-18,,,,
100.0,two_term native SG hold,62.88308370823939,1.08803209651999e-18,,,,
100.0,two_term native SG hold,63.14813287170326,9.102989390855204e-19,,,,
100.0,two_term native SG hold,63.41373944665707,7.4790556145395e-19,,,,
100.0,two_term native SG hold,63.6799034331008,6.090708427367374e-19,,,,
100.0,two_term native SG hold,63.94662483103448,4.904680335734331e-19,,,,
100.0,two_term native SG hold,64.21390364045808,3.8954357975368756e-19,,,,
100.0,two_term native SG hold,64.48173986137162,3.0450939244759173e-19,,,,
100.0,two_term native SG hold,64.75013349377511,2.343757916742589e-19,,,,
100.0,two_term native SG hold,65.0190845376685,1.7903120221632167e-19,,,,
100.0,two_term native SG hold,65.28859299305186,1.3937723446441536e-19,,,,
100.0,two_term native SG hold,65.55865885992513,1.1770687224280824e-19,,,,
100.0,two_term native SG hold,65.82928213828835,1.1947574390961755e-19,,,,
100.0,two_term native SG hold,66.1004628281415,1.4979734391463987e-19,,,,
100.0,two_term native SG hold,66.3722009294846,2.1739226189730466e-19,,,,
100.0,two_term native SG hold,66.64449644231763,3.344687903364786e-19,,,,
100.0,two_term native SG hold,66.91734936664056,5.177880371485087e-19,,,,
100.0,two_term native SG hold,67.19075970245346,5.730375543593386e-19,,,,
100.0,two_term native SG hold,67.46472744975628,8.073072430084322e-19,,,,
100.0,two_term native SG hold,67.73925260854904,9.89194591719878e-19,,,,
100.0,two_term native SG hold,68.01433517883171,1.1375184766456492e-18,,,,
100.0,two_term native SG hold,68.28997516060436,1.2668230844001023e-18,,,,
100.0,two_term native SG hold,68.56617255386692,1.3885669236064112e-18,,,,
100.0,two_term native SG hold,68.8429273586194,1.5121218232326684e-18,,,,
100.0,two_term native SG hold,69.12023957486184,1.6456547806539538e-18,,,,
100.0,two_term native SG hold,69.3981092025942,1.791548374090815e-18,,,,
100.0,two_term native SG hold,69.67653624181649,1.9633288592329925e-18,,,,
100.0,two_term native SG hold,69.95552069252874,2.1074552434635725e-18,,,,
100.0,two_term native SG hold,70.23506255473089,2.1979999834315137e-18,,,,
100.0,two_term native SG hold,70.515161828423,2.233739356003969e-18,,,,
100.0,two_term native SG hold,70.79581851360504,2.2380858690210466e-18,,,,
100.0,two_term native SG hold,71.07703261027702,2.222614611210371e-18,,,,
100.0,two_term native SG hold,71.35880411843893,2.1141943862732797e-18,,,,
100.0,two_term native SG hold,71.64113303809077,1.989743337346567e-18,,,,
100.0,two_term native SG hold,71.92401936923252,1.8399148755596775e-18,,,,
100.0,two_term native SG hold,72.20746311186424,1.679734417136616e-18,,,,
100.0,two_term native SG hold,72.4914642659859,1.519722000407237e-18,,,,
100.0,two_term native SG hold,72.77602283159746,1.3671003405657843e-18,,,,
100.0,two_term native SG hold,73.06113880869898,1.2259642253734853e-18,,,,
100.0,two_term native SG hold,73.34681219729042,1.0980319704414778e-18,,,,
100.0,two_term native SG hold,73.6330429973718,9.885866250946736e-19,,,,
100.0,two_term native SG hold,73.91983120894312,8.9860631145314e-19,,,,
100.0,two_term native SG hold,74.20717683200436,8.288488964243855e-19,,,,
100.0,two_term native SG hold,74.49507986655556,7.800884980086368e-19,,,,
100.0,two_term native SG hold,74.78354031259667,7.533176053363526e-19,,,,
100.0,two_term native SG hold,75.07255817012773,5.553669411929778e-19,,,,
100.0,two_term native SG hold,75.36213343914872,3.724350123761774e-19,,,,
100.0,two_term native SG hold,75.65226611965966,1.9652266886959608e-19,,,,
100.0,two_term native SG hold,75.94295621166052,1.943905330057626e-20,,,,
100.0,two_term native SG hold,76.23420371515131,0.0,,,,
100.0,two_term native SG hold,76.52600863013204,0.0,,,,
100.0,two_term native SG hold,76.81837095660269,0.0,,,,
100.0,two_term native SG hold,77.1112906945633,0.0,,,,
100.0,two_term native SG hold,77.40476784401382,0.0,,,,
100.0,two_term native SG hold,77.69880240495428,0.0,,,,
100.0,two_term native SG hold,77.99339437738469,0.0,,,,
100.0,two_term native SG hold,78.28854376130501,0.0,,,,
100.0,two_term native SG hold,78.58425055671529,0.0,,,,
100.0,two_term native SG hold,78.88051476361548,5.229674686294075e-18,,,,
100.0,two_term native SG hold,79.17733638200562,4.565374351933978e-18,,,,
100.0,two_term native SG hold,79.4747154118857,4.091294412797419e-18,,,,
100.0,two_term native SG hold,79.7726518532557,3.7692054272914326e-18,,,,
100.0,two_term native SG hold,80.07114570611564,3.5655503670379e-18,,,,
100.0,two_term native SG hold,80.37019697046554,3.4488542226582965e-18,,,,
100.0,two_term native SG hold,80.66980564630535,3.3870217088302067e-18,,,,
100.0,two_term native SG hold,80.96997173363509,3.3443260628199063e-18,,,,
100.0,two_term native SG hold,81.27069523245477,6.938894395973841e-18,,,,
100.0,two_term native SG hold,81.57197614276438,8.673617994967302e-18,,,,
100.0,two_term native SG hold,81.87381446456394,8.673617994967302e-18,,,,
100.0,two_term native SG hold,82.17621019785342,6.938894395973841e-18,,,,
100.0,two_term native SG hold,82.47916334263283,6.938894395973841e-18,,,,
100.0,two_term native SG hold,82.78267389890219,8.673617994967302e-18,,,,
100.0,two_term native SG hold,83.08674186666147,6.999176032102228e-18,,,,
100.0,two_term native SG hold,83.39136724591069,5.647157511900831e-18,,,,
100.0,two_term native SG hold,83.69655003664985,4.556273153895255e-18,,,,
100.0,two_term native SG hold,84.00229023887893,3.676894899248135e-18,,,,
100.0,two_term native SG hold,84.30858785259797,2.968876349866879e-18,,,,
100.0,two_term native SG hold,84.61544287780691,2.399786070359797e-18,,,,
100.0,two_term native SG hold,84.92285531450581,1.94347460923315e-18,,,,
100.0,two_term native SG hold,85.23082516269464,1.578915706111477e-18,,,,
100.0,two_term native SG hold,85.53935242237343,1.2892736300666309e-18,,,,
100.0,two_term native SG hold,85.84843709354212,1.0611549154151662e-18,,,,
100.0,two_term native SG hold,86.15807917620074,8.840128965245686e-19,,,,
100.0,two_term native SG hold,86.46827867034932,7.496805142717796e-19,,,,
100.0,two_term native SG hold,86.7790355759878,6.5188361608932465e-19,,,,
100.0,two_term native SG hold,87.09034989311625,5.862546418094743e-19,,,,
100.0,two_term native SG hold,87.40222162173461,5.501275787824694e-19,,,,
100.0,two_term native SG hold,87.71465076184292,5.420950180569541e-19,,,,
100.0,two_term native SG hold,88.02763731344116,5.621809133840432e-19,,,,
100.0,two_term native SG hold,88.34118127652933,6.118708828307975e-19,,,,
100.0,two_term native SG hold,88.65528265110744,6.942204280098761e-19,,,,
100.0,two_term native SG hold,88.96994143717548,8.154114562688725e-19,,,,
100.0,two_term native SG hold,89.28515763473347,9.832621040472044e-19,,,,
100.0,two_term native SG hold,89.60093124378137,1.2074887530975165e-18,,,,
100.0,two_term native SG hold,89.91726226431922,1.5010778582085576e-18,,,,
100.0,two_term native SG hold,90.234150696347,1.8810502862158326e-18,,,,
100.0,two_term native SG hold,90.55159653986472,2.369463140594857e-18,,,,
100.0,two_term native SG hold,90.8695997948724,2.994708003421573e-18,,,,
100.0,two_term native SG hold,91.18816046136996,3.79318460081585e-18,,,,
100.0,two_term native SG hold,91.50727853935749,4.81144951318719e-18,,,,
100.0,two_term native SG hold,91.82695402883492,6.108966534261387e-18,,,,
100.0,two_term native SG hold,92.14718692980232,7.76162537834974e-18,,,,
100.0,two_term native SG hold,92.46797724225964,9.866240469275309e-18,,,,
100.0,two_term native SG hold,92.7893249662069,1.2143065192954223e-17,,,,
100.0,two_term native SG hold,93.1112301016441,9.542428545855522e-18,,,,
100.0,two_term native SG hold,93.4336926485712,7.497345072141323e-18,,,,
100.0,two_term native SG hold,93.75671260698827,5.8894721826624605e-18,,,,
100.0,two_term native SG hold,94.08028997689529,4.625610093360475e-18,,,,
100.0,two_term native SG hold,94.4044247582922,3.632375453554176e-18,,,,
100.0,two_term native SG hold,94.72911695117908,2.8520028266308163e-18,,,,
100.0,two_term native SG hold,95.05436655555586,2.239031381051051e-18,,,,
100.0,two_term native SG hold,95.3801735714226,1.7576927806178414e-18,,,,
100.0,two_term native SG hold,95.70653799877928,1.3798541802988676e-18,,,,
100.0,two_term native SG hold,96.03345983762588,1.0833962022757767e-18,,,,
100.0,two_term native SG hold,96.36093908796244,8.509353046485793e-19,,,,
100.0,two_term native SG hold,96.6889757497889,6.688190265716625e-19,,,,
100.0,two_term native SG hold,97.0175698231053,5.263348789849704e-19,,,,
100.0,two_term native SG hold,97.34672130791164,4.1508847026946754e-19,,,,
100.0,two_term native SG hold,97.67643020420792,3.285160026480211e-19,,,,
100.0,two_term native SG hold,98.00669651199412,2.6150215992391944e-19,,,,
100.0,two_term native SG hold,98.33752023127026,2.1008185067985392e-19,,,,
100.0,two_term native SG hold,98.66890136203637,1.7120905915599066e-19,,,,
100.0,two_term native SG hold,99.00083990429236,1.4257896495031712e-19,,,,
100.0,two_term native SG hold,99.33333585803832,1.224933145223982e-19,,,,
100.0,two_term native SG hold,99.66638922327418,1.0976149937235265e-19,,,,
100.0,two_term native SG hold,100.0,1.0363138712680897e-19,,,,
200.0,MCIG GUI actual,0.0007511,0.0015303228019114686,,,,
200.0,MCIG GUI actual,0.004089,0.0035409416122831527,,,,
200.0,MCIG GUI actual,0.01085,0.005876536983055816,,,,
200.0,MCIG GUI actual,0.02099,0.007842537128517771,,,,
200.0,MCIG GUI actual,0.0345,0.01015571714116312,,,,
200.0,MCIG GUI actual,0.0514,0.012343884580464256,,,,
200.0,MCIG GUI actual,0.07168,0.014529381545425407,,,,
200.0,MCIG GUI actual,0.09534,0.01737321566840957,,,,
200.0,MCIG GUI actual,0.1224,0.019221340755309853,,,,
200.0,MCIG GUI actual,0.1528,0.022072184795736388,,,,
200.0,MCIG GUI actual,0.1866,0.023661513457502233,,,,
200.0,MCIG GUI actual,0.2238,0.026049663138668605,,,,
200.0,MCIG GUI actual,0.2643,0.0286958693418144,,,,
200.0,MCIG GUI actual,0.3083,0.03161223088589126,,,,
200.0,MCIG GUI actual,0.3556,0.0335422564480517,,,,
200.0,MCIG GUI actual,0.4063,0.03597360402505342,,,,
200.0,MCIG GUI actual,0.4604,0.03889902915002907,,,,
200.0,MCIG GUI actual,0.5178,0.040703628743081005,,,,
200.0,MCIG GUI actual,0.5787,0.04259027996962459,,,,
200.0,MCIG GUI actual,0.6429,0.04530594777919234,,,,
200.0,MCIG GUI actual,0.7105,0.047624979626877104,,,,
200.0,MCIG GUI actual,0.7815,0.04981706524774551,,,,
200.0,MCIG GUI actual,0.8558,0.05188629565196727,,,,
200.0,MCIG GUI actual,0.9336,0.054068823459354765,,,,
200.0,MCIG GUI actual,1.015,0.055877979240139236,,,,
200.0,MCIG GUI actual,1.099,0.057616899505310085,,,,
200.0,MCIG GUI actual,1.187,0.06013529019755307,,,,
200.0,MCIG GUI actual,1.278,0.06215024981972992,,,,
200.0,MCIG GUI actual,1.373,0.06425359482795819,,,,
200.0,MCIG GUI actual,1.471,0.06574792425974146,,,,
200.0,MCIG GUI actual,1.572,0.0674184398391627,,,,
200.0,MCIG GUI actual,1.677,0.06911043635937686,,,,
200.0,MCIG GUI actual,1.785,0.0707653404461176,,,,
200.0,MCIG GUI actual,1.897,0.07178368036453492,,,,
200.0,MCIG GUI actual,2.012,0.07292323156591854,,,,
200.0,MCIG GUI actual,2.13,0.07438900490978637,,,,
200.0,MCIG GUI actual,2.252,0.07594798624446436,,,,
200.0,MCIG GUI actual,2.377,0.0765148406929836,,,,
200.0,MCIG GUI actual,2.505,0.07734825459885558,,,,
200.0,MCIG GUI actual,2.637,0.07838079881273216,,,,
200.0,MCIG GUI actual,2.772,0.07917498328648367,,,,
200.0,MCIG GUI actual,2.911,0.07987833387212509,,,,
200.0,MCIG GUI actual,3.053,0.08082315331320013,,,,
200.0,MCIG GUI actual,3.198,0.0809783911350954,,,,
200.0,MCIG GUI actual,3.347,0.08120231193511523,,,,
200.0,MCIG GUI actual,3.499,0.08183600415182642,,,,
200.0,MCIG GUI actual,3.654,0.0821494141902995,,,,
200.0,MCIG GUI actual,3.813,0.0820372461462734,,,,
200.0,MCIG GUI actual,3.976,0.0825121660671782,,,,
200.0,MCIG GUI actual,4.141,0.08288412161428732,,,,
200.0,MCIG GUI actual,4.31,0.08253849672864345,,,,
200.0,MCIG GUI actual,4.483,0.0827389296332263,,,,
200.0,MCIG GUI actual,4.658,0.08252976005055497,,,,
200.0,MCIG GUI actual,4.837,0.08220472828638667,,,,
200.0,MCIG GUI actual,5.02,0.08161904340406474,,,,
200.0,MCIG GUI actual,5.206,0.08156580844788794,,,,
200.0,MCIG GUI actual,5.395,0.08091022072922607,,,,
200.0,MCIG GUI actual,5.588,0.08067344910583495,,,,
200.0,MCIG GUI actual,5.784,0.07983459548046896,,,,
200.0,MCIG GUI actual,5.983,0.07891663587609743,,,,
200.0,MCIG GUI actual,6.186,0.07846592592473275,,,,
200.0,MCIG GUI actual,6.392,0.07771382827778545,,,,
200.0,MCIG GUI actual,6.602,0.07721231082261602,,,,
200.0,MCIG GUI actual,6.815,0.07593137140988426,,,,
200.0,MCIG GUI actual,7.031,0.07498543424193237,,,,
200.0,MCIG GUI actual,7.251,0.07414341313923704,,,,
200.0,MCIG GUI actual,7.474,0.07321627846400144,,,,
200.0,MCIG GUI actual,7.7,0.0719035961545249,,,,
200.0,MCIG GUI actual,7.93,0.07094202079095935,,,,
200.0,MCIG GUI actual,8.163,0.06949670384304135,,,,
200.0,MCIG GUI actual,8.4,0.06824636755232817,,,,
200.0,MCIG GUI actual,8.64,0.06679530938819973,,,,
200.0,MCIG GUI actual,8.883,0.06535565439580106,,,,
200.0,MCIG GUI actual,9.13,0.06380148519026708,,,,
200.0,MCIG GUI actual,9.38,0.06253132942185927,,,,
200.0,MCIG GUI actual,9.634,0.06075883047167107,,,,
200.0,MCIG GUI actual,9.891,0.05933408439231325,,,,
200.0,MCIG GUI actual,10.15,0.05778654545602678,,,,
200.0,MCIG GUI actual,10.41,0.05581819413743242,,,,
200.0,MCIG GUI actual,10.68,0.054233445575615234,,,,
200.0,MCIG GUI actual,10.95,0.05247257775044004,,,,
200.0,MCIG GUI actual,11.23,0.050659372397562435,,,,
200.0,MCIG GUI actual,11.5,0.048748480981413794,,,,
200.0,MCIG GUI actual,11.78,0.04660288076563546,,,,
200.0,MCIG GUI actual,12.07,0.044477029260748285,,,,
200.0,MCIG GUI actual,12.35,0.042435070904223354,,,,
200.0,MCIG GUI actual,12.65,0.04020515359158075,,,,
200.0,MCIG GUI actual,12.94,0.038148909232980324,,,,
200.0,MCIG GUI actual,13.24,0.03592832999593021,,,,
200.0,MCIG GUI actual,13.54,0.03384634468868277,,,,
200.0,MCIG GUI actual,13.84,0.03175272285800798,,,,
200.0,MCIG GUI actual,14.15,0.02969474881260794,,,,
200.0,MCIG GUI actual,14.46,0.027750733481718224,,,,
200.0,MCIG GUI actual,14.77,0.025781816431803512,,,,
200.0,MCIG GUI actual,15.09,0.02406252338691135,,,,
200.0,MCIG GUI actual,15.41,0.022247924351343068,,,,
200.0,MCIG GUI actual,15.74,0.020619403990957717,,,,
200.0,MCIG GUI actual,16.07,0.01902607204193041,,,,
200.0,MCIG GUI actual,16.4,0.017460822650138014,,,,
200.0,MCIG GUI actual,16.73,0.015949610133324268,,,,
200.0,MCIG GUI actual,17.07,0.014558199812765484,,,,
200.0,MCIG GUI actual,17.41,0.013299234451623492,,,,
200.0,MCIG GUI actual,17.76,0.012044057579968378,,,,
200.0,MCIG GUI actual,18.1,0.010957765895090853,,,,
200.0,MCIG GUI actual,18.46,0.009827935081145774,,,,
200.0,MCIG GUI actual,18.81,0.008874125515851837,,,,
200.0,MCIG GUI actual,19.17,0.007959054333431926,,,,
200.0,MCIG GUI actual,19.53,0.007134991908675187,,,,
200.0,MCIG GUI actual,19.9,0.0063917006210742824,,,,
200.0,MCIG GUI actual,20.26,0.005751576734017981,,,,
200.0,MCIG GUI actual,20.64,0.00510470783988241,,,,
200.0,MCIG GUI actual,21.01,0.004516148267796482,,,,
200.0,MCIG GUI actual,21.39,0.004049954811627932,,,,
200.0,MCIG GUI actual,21.77,0.003613443802041594,,,,
200.0,MCIG GUI actual,22.16,0.0031518983752895783,,,,
200.0,MCIG GUI actual,22.55,0.002796575289967895,,,,
200.0,MCIG GUI actual,22.94,0.0024732637598102484,,,,
200.0,MCIG GUI actual,23.33,0.0021703849253134457,,,,
200.0,MCIG GUI actual,23.73,0.0019029123147701686,,,,
200.0,MCIG GUI actual,24.13,0.0016732202791326064,,,,
200.0,MCIG GUI actual,24.54,0.0014893706845551106,,,,
200.0,MCIG GUI actual,24.95,0.0013037072968129703,,,,
200.0,MCIG GUI actual,25.36,0.0011323269149957555,,,,
200.0,MCIG GUI actual,25.78,0.0010048783957245266,,,,
200.0,MCIG GUI actual,26.2,0.000859881072969627,,,,
200.0,MCIG GUI actual,26.62,0.0007557648177008932,,,,
200.0,MCIG GUI actual,27.04,0.0006542704989901584,,,,
200.0,MCIG GUI actual,27.47,0.0005620176434950816,,,,
200.0,MCIG GUI actual,27.91,0.0004961623653946558,,,,
200.0,MCIG GUI actual,28.34,0.0004256685763403334,,,,
200.0,MCIG GUI actual,28.78,0.0003557582119724728,,,,
200.0,MCIG GUI actual,29.22,0.00032333634655192455,,,,
200.0,MCIG GUI actual,29.67,0.00027173261579964387,,,,
200.0,MCIG GUI actual,30.12,0.00024283743003386963,,,,
200.0,MCIG GUI actual,30.57,0.00020038452956994544,,,,
200.0,MCIG GUI actual,31.03,0.0001788468943533712,,,,
200.0,MCIG GUI actual,31.49,0.0001511834863636141,,,,
200.0,MCIG GUI actual,31.95,0.00012490870748286495,,,,
200.0,MCIG GUI actual,32.42,0.00010370892950388306,,,,
200.0,MCIG GUI actual,32.89,9.404314247784955e-05,,,,
200.0,MCIG GUI actual,33.36,7.958569900687779e-05,,,,
200.0,MCIG GUI actual,33.84,6.760835392978718e-05,,,,
200.0,MCIG GUI actual,34.32,5.936302127244975e-05,,,,
200.0,MCIG GUI actual,34.8,5.121990019739913e-05,,,,
200.0,MCIG GUI actual,35.29,4.191685740768105e-05,,,,
200.0,MCIG GUI actual,35.78,3.3821118598533846e-05,,,,
200.0,MCIG GUI actual,36.27,2.9238119380249488e-05,,,,
200.0,MCIG GUI actual,36.77,2.4718830630118977e-05,,,,
200.0,MCIG GUI actual,37.27,1.92801268963879e-05,,,,
200.0,MCIG GUI actual,37.77,1.9198222776748402e-05,,,,
200.0,MCIG GUI actual,38.28,1.6660124741996067e-05,,,,
200.0,MCIG GUI actual,38.79,1.3130341233241409e-05,,,,
200.0,MCIG GUI actual,39.3,1.0192821533400405e-05,,,,
200.0,MCIG GUI actual,39.82,9.381629617994724e-06,,,,
200.0,MCIG GUI actual,40.34,6.745230228706154e-06,,,,
200.0,MCIG GUI actual,40.86,6.18008756908528e-06,,,,
200.0,MCIG GUI actual,41.39,4.965493621897755e-06,,,,
200.0,MCIG GUI actual,41.92,4.414920660892778e-06,,,,
200.0,MCIG GUI actual,42.46,2.7637804528555252e-06,,,,
200.0,MCIG GUI actual,42.99,2.717113518652535e-06,,,,
200.0,MCIG GUI actual,43.54,2.559841572017955e-06,,,,
200.0,MCIG GUI actual,44.08,1.8066980223042816e-06,,,,
200.0,MCIG GUI actual,44.63,1.697081759359075e-06,,,,
200.0,MCIG GUI actual,45.18,1.474869647281203e-06,,,,
200.0,MCIG GUI actual,45.73,1.3520192671520645e-06,,,,
200.0,MCIG GUI actual,46.29,7.02418433525864e-07,,,,
200.0,MCIG GUI actual,46.85,7.870121115153584e-07,,,,
200.0,MCIG GUI actual,47.42,6.926915613521583e-07,,,,
200.0,MCIG GUI actual,47.98,2.7435782361186443e-07,,,,
200.0,MCIG GUI actual,48.55,6.368616926910211e-07,,,,
200.0,MCIG GUI actual,49.13,3.047524840269614e-07,,,,
200.0,MCIG GUI actual,49.71,4.797864107185972e-07,,,,
200.0,MCIG GUI actual,50.29,3.6289210757784213e-07,,,,
200.0,MCIG GUI actual,50.87,1.442169591181421e-07,,,,
200.0,MCIG GUI actual,51.46,1.8040971721127748e-07,,,,
200.0,MCIG GUI actual,52.05,7.472202915760129e-08,,,,
200.0,MCIG GUI actual,52.65,1.78151866628129e-07,,,,
200.0,MCIG GUI actual,53.25,1.812292463149445e-07,,,,
200.0,MCIG GUI actual,53.85,1.0346309798473301e-07,,,,
200.0,MCIG GUI actual,54.45,3.327087536571283e-08,,,,
200.0,MCIG GUI actual,55.06,6.897406601985605e-08,,,,
200.0,MCIG GUI actual,55.67,1.6713328254776875e-07,,,,
200.0,MCIG GUI actual,56.29,1.6409244226253386e-07,,,,
200.0,MCIG GUI actual,56.91,0.0,,,,
200.0,MCIG GUI actual,57.53,3.237020008505937e-08,,,,
200.0,MCIG GUI actual,58.15,3.260135192605655e-08,,,,
200.0,MCIG GUI actual,58.78,3.242710173630204e-08,,,,
200.0,"internal MC fixed warmup HP (768, warmup 600 + production 1200)",0.25,0.025486150633714368,11749.0,,5885.468591209293,0.0130349532174322
200.0,"internal MC fixed warmup HP (768, warmup 600 + production 1200)",0.75,0.045029235629811544,21048.0,,10559.895526985025,0.0097312849392913
200.0,"internal MC fixed warmup HP (768, warmup 600 + production 1200)",1.25,0.05711677544599027,26154.0,,13148.592253015806,0.0087208812146923
200.0,"internal MC fixed warmup HP (768, warmup 600 + production 1200)",1.75,0.06344675721271867,29297.0,,14571.259873893838,0.0082842166502892
200.0,"internal MC fixed warmup HP (768, warmup 600 + production 1200)",2.25,0.070135864723175,32415.0,,16040.729125043878,0.0078956510702085
200.0,"internal MC fixed warmup HP (768, warmup 600 + production 1200)",2.75,0.07410716280666475,34103.0,,16944.560955355086,0.0076821863844559
200.0,"internal MC fixed warmup HP (768, warmup 600 + production 1200)",3.25,0.07685960241749756,35568.0,,17872.249900699484,0.0074801513592371
200.0,"internal MC fixed warmup HP (768, warmup 600 + production 1200)",3.75,0.07914631689398534,36239.0,,18065.02546703905,0.0074401332030418
200.0,"internal MC fixed warmup HP (768, warmup 600 + production 1200)",4.25,0.08140741838097292,37264.0,,18746.389415084,0.0073036706812108
200.0,"internal MC fixed warmup HP (768, warmup 600 + production 1200)",4.75,0.08104664748190948,37525.0,,18629.874127470808,0.0073264744548921
200.0,"internal MC fixed warmup HP (768, warmup 600 + production 1200)",5.25,0.0797892988797383,36943.0,,18474.488869765177,0.0073572207010911
200.0,"internal MC fixed warmup HP (768, warmup 600 + production 1200)",5.75,0.08003247298665052,36708.0,,18348.41307437088,0.0073824539330118
200.0,"internal MC fixed warmup HP (768, warmup 600 + production 1200)",6.25,0.0792633639194994,36699.0,,18369.320150081625,0.0073782515601363
200.0,"internal MC fixed warmup HP (768, warmup 600 + production 1200)",6.75,0.0778741390518314,35802.0,,17816.265567483162,0.0074918946401893
200.0,"internal MC fixed warmup HP (768, warmup 600 + production 1200)",7.25,0.07439423604171672,34131.0,,17076.888116899558,0.0076523642386119
200.0,"internal MC fixed warmup HP (768, warmup 600 + production 1200)",7.75,0.07314389201452265,33890.0,,16758.886816687635,0.0077246251906193
200.0,"internal MC fixed warmup HP (768, warmup 600 + production 1200)",8.25,0.07113574799956844,32503.0,,16313.46368076211,0.007829371665455
200.0,"internal MC fixed warmup HP (768, warmup 600 + production 1200)",8.75,0.06922704718648982,31868.0,,15762.56154031464,0.007965015080753
200.0,"internal MC fixed warmup HP (768, warmup 600 + production 1200)",9.25,0.0653241369112603,29912.0,,14821.565551785396,0.0082139671270317
200.0,"internal MC fixed warmup HP (768, warmup 600 + production 1200)",9.75,0.06190128163666825,28504.0,,14156.656164494192,0.0084046504914679
200.0,"internal MC fixed warmup HP (768, warmup 600 + production 1200)",10.25,0.05935369195877805,27489.0,,13811.233243029264,0.0085091027939652
200.0,"internal MC fixed warmup HP (768, warmup 600 + production 1200)",10.75,0.05488287461556338,25532.0,,12826.517881622927,0.0088296932173716
200.0,"internal MC fixed warmup HP (768, warmup 600 + production 1200)",11.25,0.05227095975516065,23909.0,,11885.856634435024,0.0091724373948399
200.0,"internal MC fixed warmup HP (768, warmup 600 + production 1200)",11.75,0.047992282205325996,21987.0,,10976.764294096454,0.009544712045338
200.0,"internal MC fixed warmup HP (768, warmup 600 + production 1200)",12.25,0.04420954964227407,20335.0,,10168.461409130594,0.0099168187940823
200.0,"internal MC fixed warmup HP (768, warmup 600 + production 1200)",12.75,0.040638376473429785,18189.0,,9040.74743918461,0.0105171442710629
200.0,"internal MC fixed warmup HP (768, warmup 600 + production 1200)",13.25,0.03744435808361018,16939.0,,8402.283124784579,0.0109094120203277
200.0,"internal MC fixed warmup HP (768, warmup 600 + production 1200)",13.75,0.033954290247866885,15457.0,,7827.154412987305,0.0113031124749612
200.0,"internal MC fixed warmup HP (768, warmup 600 + production 1200)",14.25,0.030653786164560035,13813.0,,6895.661301570319,0.0120423720068724
200.0,"internal MC fixed warmup HP (768, warmup 600 + production 1200)",14.75,0.028228799779319847,12604.0,,6308.464472870204,0.0125903606087534
200.0,"internal MC fixed warmup HP (768, warmup 600 + production 1200)",15.25,0.024461204844980034,11116.0,,5567.030360149344,0.0134025737324753
200.0,"internal MC fixed warmup HP (768, warmup 600 + production 1200)",15.75,0.022646156983875513,10142.0,,4987.507659688084,0.0141598356349245
200.0,"internal MC fixed warmup HP (768, warmup 600 + production 1200)",16.25,0.019507545308647792,8809.0,,4429.884545658923,0.0150246303621276
200.0,"internal MC fixed warmup HP (768, warmup 600 + production 1200)",16.75,0.017579278355163232,7818.0,,3989.4069753149274,0.0158323662796677
200.0,"internal MC fixed warmup HP (768, warmup 600 + production 1200)",17.25,0.015545337087868377,6802.0,,3420.668060755609,0.0170979693294091
200.0,"internal MC fixed warmup HP (768, warmup 600 + production 1200)",17.75,0.013616248807593231,6097.0,,3070.039872598641,0.0180479546907236
200.0,"internal MC fixed warmup HP (768, warmup 600 + production 1200)",18.25,0.011779326511267412,5178.0,,2622.5330484036217,0.0195271793503304
200.0,"internal MC fixed warmup HP (768, warmup 600 + production 1200)",18.75,0.010441507664158063,4623.0,,2320.97792287354,0.0207569956957078
200.0,"internal MC fixed warmup HP (768, warmup 600 + production 1200)",19.25,0.008572354872349256,3744.0,,1856.141219660076,0.0232110342462647
200.0,"internal MC fixed warmup HP (768, warmup 600 + production 1200)",19.75,0.007522868923746259,3334.0,,1702.59195586512,0.0242350941598099
200.0,"internal MC fixed warmup HP (768, warmup 600 + production 1200)",20.25,0.006380742396611774,2788.0,,1366.1510820129051,0.0270551929027519
200.0,"internal MC fixed warmup HP (768, warmup 600 + production 1200)",20.75,0.005606690946700863,2395.0,,1219.855318335055,0.0286316144994961
200.0,"internal MC fixed warmup HP (768, warmup 600 + production 1200)",21.25,0.004627137218415414,2048.0,,1029.11379812694,0.031172260681523
200.0,"internal MC fixed warmup HP (768, warmup 600 + production 1200)",21.75,0.004165994488691515,1789.0,,864.4147116786277,0.0340125290081042
200.0,"internal MC fixed warmup HP (768, warmup 600 + production 1200)",22.25,0.003440919357418855,1457.0,,731.9869516468399,0.0369613929790525
200.0,"internal MC fixed warmup HP (768, warmup 600 + production 1200)",22.75,0.0030735579302190214,1264.0,,618.2219018031277,0.0402186794353726
200.0,"internal MC fixed warmup HP (768, warmup 600 + production 1200)",23.25,0.0028667193473519994,1217.0,,606.0471731359652,0.0406206421902451
200.0,"internal MC fixed warmup HP (768, warmup 600 + production 1200)",23.75,0.0024131596090283345,986.0,,477.4449027055261,0.0457655166447272
200.0,"internal MC fixed warmup HP (768, warmup 600 + production 1200)",24.25,0.0018528307523305936,860.0,,427.7759076788741,0.0483494835253844
200.0,"internal MC fixed warmup HP (768, warmup 600 + production 1200)",24.75,0.0015916375550592973,663.0,,325.8165128516357,0.0554004706682287
200.0,"internal MC fixed warmup HP (768, warmup 600 + production 1200)",25.25,0.0015435843005604552,603.0,,302.3350522079792,0.0575116396254044
200.0,"internal MC fixed warmup HP (768, warmup 600 + production 1200)",25.75,0.0011492150760835655,501.0,,251.3859206887592,0.063070972094362
200.0,"internal MC fixed warmup HP (768, warmup 600 + production 1200)",26.25,0.0010019315855982801,403.0,,222.84119372459992,0.0669888098299592
200.0,"internal MC fixed warmup HP (768, warmup 600 + production 1200)",26.75,0.0007794363236439476,332.0,,174.68274678363744,0.0756615081609664
200.0,"internal MC fixed warmup HP (768, warmup 600 + production 1200)",27.25,0.0007266146727335722,324.0,,166.43041549819603,0.0775146251692889
200.0,"internal MC fixed warmup HP (768, warmup 600 + production 1200)",27.75,0.0006565467934949077,269.0,,139.46559586213783,0.0846771937187226
200.0,"internal MC fixed warmup HP (768, warmup 600 + production 1200)",28.25,0.0006007277770914456,250.0,,118.21124732037804,0.0919751701788699
200.0,"internal MC fixed warmup HP (768, warmup 600 + production 1200)",28.75,0.0004282777509393794,161.0,,83.57500591880432,0.1093860127291989
200.0,"internal MC fixed warmup HP (768, warmup 600 + production 1200)",29.25,0.0003828698061088232,150.0,,78.84988727467902,0.1126158350808685
200.0,"internal MC fixed warmup HP (768, warmup 600 + production 1200)",29.75,0.0003034170692487659,113.0,,50.76582936914491,0.1403505946858513
200.0,"internal MC fixed warmup HP (768, warmup 600 + production 1200)",30.25,0.0002842099042350821,108.0,,60.34118326240854,0.1287339481559162
200.0,"internal MC fixed warmup HP (768, warmup 600 + production 1200)",30.75,0.00021450187699292687,90.0,,48.19071455247409,0.1440516765028699
200.0,"internal MC fixed warmup HP (768, warmup 600 + production 1200)",31.25,0.0002571323218593353,97.0,,46.840796441867006,0.1461126658418577
200.0,"internal MC fixed warmup HP (768, warmup 600 + production 1200)",31.75,0.0001926696821221613,82.0,,48.43891298501345,0.1436821459389596
200.0,"internal MC fixed warmup HP (768, warmup 600 + production 1200)",32.25,0.00018110284983018177,68.0,,37.45219940379935,0.1634034931862238
200.0,"internal MC fixed warmup HP (768, warmup 600 + production 1200)",32.75,0.00013026774394648508,76.0,,42.45867777768967,0.1534676232455377
200.0,"internal MC fixed warmup HP (768, warmup 600 + production 1200)",33.25,0.00010586787239124038,37.0,,23.711979398615632,0.2053601134144061
200.0,"internal MC fixed warmup HP (768, warmup 600 + production 1200)",33.75,0.00010340807132286672,35.0,,18.9774917498606,0.2295517427958731
200.0,"internal MC fixed warmup HP (768, warmup 600 + production 1200)",34.25,6.670813308143702e-05,26.0,,17.328738269496203,0.2402240744996841
200.0,"internal MC fixed warmup HP (768, warmup 600 + production 1200)",34.75,9.85706487629677e-05,35.0,,14.767741068982332,0.2602213738943932
200.0,"internal MC fixed warmup HP (768, warmup 600 + production 1200)",35.25,5.7068975277968577e-05,26.0,,12.015158955797297,0.2884929732624177
200.0,"internal MC fixed warmup HP (768, warmup 600 + production 1200)",35.75,5.1816786762497436e-05,20.0,,13.576650074021096,0.2713961532464827
200.0,"internal MC fixed warmup HP (768, warmup 600 + production 1200)",36.25,3.0023610984902497e-05,14.0,,8.172265256734972,0.3498072229457591
200.0,"internal MC fixed warmup HP (768, warmup 600 + production 1200)",36.75,6.593650564036678e-05,21.0,,8.851268750641479,0.3361222300703744
200.0,"internal MC fixed warmup HP (768, warmup 600 + production 1200)",37.25,4.485244512045352e-05,18.0,,13.006498757868547,0.2772807998191014
200.0,"internal MC fixed warmup HP (768, warmup 600 + production 1200)",37.75,3.28030461380226e-05,10.0,,6.5056414535180345,0.3920621686767758
200.0,"internal MC fixed warmup HP (768, warmup 600 + production 1200)",38.25,1.3832127393708937e-05,4.0,,3.72846701668736,0.5178868065129407
200.0,"internal MC fixed warmup HP (768, warmup 600 + production 1200)",38.75,1.2226084605752611e-05,6.0,,4.579814438904502,0.4672787796339598
200.0,"internal MC fixed warmup HP (768, warmup 600 + production 1200)",39.25,6.551889699848013e-06,3.0,,2.587178787872418,0.6217084627874843
200.0,"internal MC fixed warmup HP (768, warmup 600 + production 1200)",39.75,8.239773714981664e-06,4.0,,2.445530710056616,0.6394600827687917
200.0,"internal MC fixed warmup HP (768, warmup 600 + production 1200)",40.25,7.692396197805134e-06,4.0,,2.525576434003609,0.6292449542425446
200.0,"internal MC fixed warmup HP (768, warmup 600 + production 1200)",40.75,0.0,0.0,,0.0,
200.0,"internal MC fixed warmup HP (768, warmup 600 + production 1200)",41.25,9.549257855907051e-06,2.0,,1.96584387071224,0.7132232443186728
200.0,"internal MC fixed warmup HP (768, warmup 600 + production 1200)",41.75,0.0,0.0,,0.0,
200.0,"internal MC fixed warmup HP (768, warmup 600 + production 1200)",42.25,7.686015665628416e-06,2.0,,1.867200385737978,0.7318204407977916
200.0,"internal MC fixed warmup HP (768, warmup 600 + production 1200)",42.75,0.0,0.0,,0.0,
200.0,"internal MC fixed warmup HP (768, warmup 600 + production 1200)",43.25,0.0,0.0,,0.0,
200.0,"internal MC fixed warmup HP (768, warmup 600 + production 1200)",43.75,0.0,0.0,,0.0,
200.0,"internal MC fixed warmup HP (768, warmup 600 + production 1200)",44.25,0.0,0.0,,0.0,
200.0,"internal MC fixed warmup HP (768, warmup 600 + production 1200)",44.75,0.0,0.0,,0.0,
200.0,"internal MC fixed warmup HP (768, warmup 600 + production 1200)",45.25,0.0,0.0,,0.0,
200.0,"internal MC fixed warmup HP (768, warmup 600 + production 1200)",45.75,0.0,0.0,,0.0,
200.0,"internal MC fixed warmup HP (768, warmup 600 + production 1200)",46.25,0.0,0.0,,0.0,
200.0,"internal MC fixed warmup HP (768, warmup 600 + production 1200)",46.75,0.0,0.0,,0.0,
200.0,"internal MC fixed warmup HP (768, warmup 600 + production 1200)",47.25,0.0,0.0,,0.0,
200.0,"internal MC fixed warmup HP (768, warmup 600 + production 1200)",47.75,0.0,0.0,,0.0,
200.0,"internal MC fixed warmup HP (768, warmup 600 + production 1200)",48.25,0.0,0.0,,0.0,
200.0,"internal MC fixed warmup HP (768, warmup 600 + production 1200)",48.75,0.0,0.0,,0.0,
200.0,"internal MC fixed warmup HP (768, warmup 600 + production 1200)",49.25,0.0,0.0,,0.0,
200.0,"internal MC fixed warmup HP (768, warmup 600 + production 1200)",49.75,0.0,0.0,,0.0,
200.0,"internal MC fixed warmup HP (768, warmup 600 + production 1200)",50.25,0.0,0.0,,0.0,
200.0,"internal MC fixed warmup HP (768, warmup 600 + production 1200)",50.75,0.0,0.0,,0.0,
200.0,"internal MC fixed warmup HP (768, warmup 600 + production 1200)",51.25,0.0,0.0,,0.0,
200.0,"internal MC fixed warmup HP (768, warmup 600 + production 1200)",51.75,0.0,0.0,,0.0,
200.0,"internal MC fixed warmup HP (768, warmup 600 + production 1200)",52.25,0.0,0.0,,0.0,
200.0,"internal MC fixed warmup HP (768, warmup 600 + production 1200)",52.75,0.0,0.0,,0.0,
200.0,"internal MC fixed warmup HP (768, warmup 600 + production 1200)",53.25,0.0,0.0,,0.0,
200.0,"internal MC fixed warmup HP (768, warmup 600 + production 1200)",53.75,0.0,0.0,,0.0,
200.0,"internal MC fixed warmup HP (768, warmup 600 + production 1200)",54.25,0.0,0.0,,0.0,
200.0,"internal MC fixed warmup HP (768, warmup 600 + production 1200)",54.75,0.0,0.0,,0.0,
200.0,"internal MC fixed warmup HP (768, warmup 600 + production 1200)",55.25,0.0,0.0,,0.0,
200.0,"internal MC fixed warmup HP (768, warmup 600 + production 1200)",55.75,0.0,0.0,,0.0,
200.0,"internal MC fixed warmup HP (768, warmup 600 + production 1200)",56.25,0.0,0.0,,0.0,
200.0,"internal MC fixed warmup HP (768, warmup 600 + production 1200)",56.75,0.0,0.0,,0.0,
200.0,"internal MC fixed warmup HP (768, warmup 600 + production 1200)",57.25,0.0,0.0,,0.0,
200.0,"internal MC fixed warmup HP (768, warmup 600 + production 1200)",57.75,0.0,0.0,,0.0,
200.0,"internal MC fixed warmup HP (768, warmup 600 + production 1200)",58.25,0.0,0.0,,0.0,
200.0,"internal MC fixed warmup HP (768, warmup 600 + production 1200)",58.75,0.0,0.0,,0.0,
200.0,"internal MC fixed warmup HP (768, warmup 600 + production 1200)",59.25,0.0,0.0,,0.0,
200.0,"internal MC fixed warmup HP (768, warmup 600 + production 1200)",59.75,0.0,0.0,,0.0,
200.0,"internal MC fixed warmup HP (768, warmup 600 + production 1200)",60.25,0.0,0.0,,0.0,
200.0,"internal MC fixed warmup HP (768, warmup 600 + production 1200)",60.75,0.0,0.0,,0.0,
200.0,"internal MC fixed warmup HP (768, warmup 600 + production 1200)",61.25,0.0,0.0,,0.0,
200.0,"internal MC fixed warmup HP (768, warmup 600 + production 1200)",61.75,0.0,0.0,,0.0,
200.0,"internal MC fixed warmup HP (768, warmup 600 + production 1200)",62.25,0.0,0.0,,0.0,
200.0,"internal MC fixed warmup HP (768, warmup 600 + production 1200)",62.75,0.0,0.0,,0.0,
200.0,"internal MC fixed warmup HP (768, warmup 600 + production 1200)",63.25,0.0,0.0,,0.0,
200.0,"internal MC fixed warmup HP (768, warmup 600 + production 1200)",63.75,0.0,0.0,,0.0,
200.0,"internal MC fixed warmup HP (768, warmup 600 + production 1200)",64.25,0.0,0.0,,0.0,
200.0,"internal MC fixed warmup HP (768, warmup 600 + production 1200)",64.75,0.0,0.0,,0.0,
200.0,"internal MC fixed warmup HP (768, warmup 600 + production 1200)",65.25,0.0,0.0,,0.0,
200.0,"internal MC fixed warmup HP (768, warmup 600 + production 1200)",65.75,0.0,0.0,,0.0,
200.0,"internal MC fixed warmup HP (768, warmup 600 + production 1200)",66.25,0.0,0.0,,0.0,
200.0,"internal MC fixed warmup HP (768, warmup 600 + production 1200)",66.75,0.0,0.0,,0.0,
200.0,"internal MC fixed warmup HP (768, warmup 600 + production 1200)",67.25,0.0,0.0,,0.0,
200.0,"internal MC fixed warmup HP (768, warmup 600 + production 1200)",67.75,0.0,0.0,,0.0,
200.0,"internal MC fixed warmup HP (768, warmup 600 + production 1200)",68.25,0.0,0.0,,0.0,
200.0,"internal MC fixed warmup HP (768, warmup 600 + production 1200)",68.75,0.0,0.0,,0.0,
200.0,"internal MC fixed warmup HP (768, warmup 600 + production 1200)",69.25,0.0,0.0,,0.0,
200.0,"internal MC fixed warmup HP (768, warmup 600 + production 1200)",69.75,0.0,0.0,,0.0,
200.0,"internal MC fixed warmup HP (768, warmup 600 + production 1200)",70.25,0.0,0.0,,0.0,
200.0,"internal MC fixed warmup HP (768, warmup 600 + production 1200)",70.75,0.0,0.0,,0.0,
200.0,"internal MC fixed warmup HP (768, warmup 600 + production 1200)",71.25,0.0,0.0,,0.0,
200.0,"internal MC fixed warmup HP (768, warmup 600 + production 1200)",71.75,0.0,0.0,,0.0,
200.0,"internal MC fixed warmup HP (768, warmup 600 + production 1200)",72.25,0.0,0.0,,0.0,
200.0,"internal MC fixed warmup HP (768, warmup 600 + production 1200)",72.75,0.0,0.0,,0.0,
200.0,"internal MC fixed warmup HP (768, warmup 600 + production 1200)",73.25,0.0,0.0,,0.0,
200.0,"internal MC fixed warmup HP (768, warmup 600 + production 1200)",73.75,0.0,0.0,,0.0,
200.0,"internal MC fixed warmup HP (768, warmup 600 + production 1200)",74.25,0.0,0.0,,0.0,
200.0,"internal MC fixed warmup HP (768, warmup 600 + production 1200)",74.75,0.0,0.0,,0.0,
200.0,"internal MC fixed warmup HP (768, warmup 600 + production 1200)",75.25,0.0,0.0,,0.0,
200.0,"internal MC fixed warmup HP (768, warmup 600 + production 1200)",75.75,0.0,0.0,,0.0,
200.0,"internal MC fixed warmup HP (768, warmup 600 + production 1200)",76.25,0.0,0.0,,0.0,
200.0,"internal MC fixed warmup HP (768, warmup 600 + production 1200)",76.75,0.0,0.0,,0.0,
200.0,"internal MC fixed warmup HP (768, warmup 600 + production 1200)",77.25,0.0,0.0,,0.0,
200.0,"internal MC fixed warmup HP (768, warmup 600 + production 1200)",77.75,0.0,0.0,,0.0,
200.0,"internal MC fixed warmup HP (768, warmup 600 + production 1200)",78.25,0.0,0.0,,0.0,
200.0,"internal MC fixed warmup HP (768, warmup 600 + production 1200)",78.75,0.0,0.0,,0.0,
200.0,"internal MC fixed warmup HP (768, warmup 600 + production 1200)",79.25,0.0,0.0,,0.0,
200.0,"internal MC fixed warmup HP (768, warmup 600 + production 1200)",79.75,0.0,0.0,,0.0,
200.0,"internal MC fixed warmup HP (768, warmup 600 + production 1200)",85.0,0.0,0.0,,0.0,
200.0,"internal MC fixed warmup HP (768, warmup 600 + production 1200)",95.0,0.0,0.0,,0.0,
200.0,"internal MC fixed warmup HP (768, warmup 600 + production 1200)",105.0,0.0,0.0,,0.0,
200.0,"internal MC fixed warmup HP (768, warmup 600 + production 1200)",115.0,0.0,0.0,,0.0,
200.0,"internal MC fixed warmup HP (768, warmup 600 + production 1200)",125.0,0.0,0.0,,0.0,
200.0,"internal MC fixed warmup HP (768, warmup 600 + production 1200)",135.0,0.0,0.0,,0.0,
200.0,"internal MC fixed warmup HP (768, warmup 600 + production 1200)",145.0,0.0,0.0,,0.0,
200.0,"internal MC fixed warmup HP (768, warmup 600 + production 1200)",155.0,0.0,0.0,,0.0,
200.0,"internal MC fixed warmup HP (768, warmup 600 + production 1200)",165.0,0.0,0.0,,0.0,
200.0,"internal MC fixed warmup HP (768, warmup 600 + production 1200)",175.0,0.0,0.0,,0.0,
200.0,"internal MC fixed warmup HP (768, warmup 600 + production 1200)",185.0,0.0,0.0,,0.0,
200.0,"internal MC fixed warmup HP (768, warmup 600 + production 1200)",195.0,0.0,0.0,,0.0,
200.0,"internal MC fixed warmup HP (768, warmup 600 + production 1200)",205.0,0.0,0.0,,0.0,
200.0,"internal MC fixed warmup HP (768, warmup 600 + production 1200)",215.0,0.0,0.0,,0.0,
200.0,"internal MC fixed warmup HP (768, warmup 600 + production 1200)",225.0,0.0,0.0,,0.0,
200.0,"internal MC fixed warmup HP (768, warmup 600 + production 1200)",235.0,0.0,0.0,,0.0,
200.0,"internal MC fixed warmup HP (768, warmup 600 + production 1200)",245.0,0.0,0.0,,0.0,
200.0,"internal MC fixed warmup HP (768, warmup 600 + production 1200)",255.0,0.0,0.0,,0.0,
200.0,"internal MC fixed warmup HP (768, warmup 600 + production 1200)",270.0,0.0,0.0,,0.0,
200.0,"internal MC fixed warmup HP (768, warmup 600 + production 1200)",290.0,0.0,0.0,,0.0,
200.0,"internal MC fixed warmup HP (768, warmup 600 + production 1200)",310.0,0.0,0.0,,0.0,
200.0,"internal MC fixed warmup HP (768, warmup 600 + production 1200)",330.0,0.0,0.0,,0.0,
200.0,"internal MC fixed warmup HP (768, warmup 600 + production 1200)",350.0,0.0,0.0,,0.0,
200.0,"internal MC fixed warmup HP (768, warmup 600 + production 1200)",370.0,0.0,0.0,,0.0,
200.0,"internal MC fixed warmup HP (768, warmup 600 + production 1200)",390.0,0.0,0.0,,0.0,
200.0,"internal MC fixed warmup HP (768, warmup 600 + production 1200)",410.0,0.0,0.0,,0.0,
200.0,"internal MC fixed warmup HP (768, warmup 600 + production 1200)",430.0,0.0,0.0,,0.0,
200.0,"internal MC fixed warmup HP (768, warmup 600 + production 1200)",450.0,0.0,0.0,,0.0,
200.0,"internal MC fixed warmup HP (768, warmup 600 + production 1200)",470.0,0.0,0.0,,0.0,
200.0,"internal MC fixed warmup HP (768, warmup 600 + production 1200)",490.0,0.0,0.0,,0.0,
200.0,"internal MC fixed warmup HP (768, warmup 600 + production 1200)",510.0,0.0,0.0,,0.0,
200.0,"internal MC fixed warmup HP (768, warmup 600 + production 1200)",530.0,0.0,0.0,,0.0,
200.0,"internal MC fixed warmup HP (768, warmup 600 + production 1200)",550.0,0.0,0.0,,0.0,
200.0,"internal MC fixed warmup HP (768, warmup 600 + production 1200)",570.0,0.0,0.0,,0.0,
200.0,"internal MC fixed warmup HP (768, warmup 600 + production 1200)",590.0,0.0,0.0,,0.0,
200.0,"internal MC fixed warmup HP (768, warmup 600 + production 1200)",610.0,0.0,0.0,,0.0,
200.0,"internal MC fixed warmup HP (768, warmup 600 + production 1200)",630.0,0.0,0.0,,0.0,
200.0,"internal MC fixed warmup HP (768, warmup 600 + production 1200)",650.0,0.0,0.0,,0.0,
200.0,"internal MC fixed warmup HP (768, warmup 600 + production 1200)",670.0,0.0,0.0,,0.0,
200.0,"internal MC fixed warmup HP (768, warmup 600 + production 1200)",690.0,0.0,0.0,,0.0,
200.0,"internal MC fixed warmup HP (768, warmup 600 + production 1200)",710.0,0.0,0.0,,0.0,
200.0,"internal MC fixed warmup HP (768, warmup 600 + production 1200)",730.0,0.0,0.0,,0.0,
200.0,"internal MC fixed warmup HP (768, warmup 600 + production 1200)",750.0,0.0,0.0,,0.0,
200.0,"internal MC fixed warmup HP (768, warmup 600 + production 1200)",770.0,0.0,0.0,,0.0,
200.0,"internal MC fixed warmup HP (768, warmup 600 + production 1200)",790.0,0.0,0.0,,0.0,
200.0,"internal MC fixed warmup HP (768, warmup 600 + production 1200)",810.0,0.0,0.0,,0.0,
200.0,"internal MC fixed warmup HP (768, warmup 600 + production 1200)",830.0,0.0,0.0,,0.0,
200.0,"internal MC fixed warmup HP (768, warmup 600 + production 1200)",850.0,0.0,0.0,,0.0,
200.0,"internal MC fixed warmup HP (768, warmup 600 + production 1200)",870.0,0.0,0.0,,0.0,
200.0,"internal MC fixed warmup HP (768, warmup 600 + production 1200)",890.0,0.0,0.0,,0.0,
200.0,"internal MC fixed warmup HP (768, warmup 600 + production 1200)",910.0,0.0,0.0,,0.0,
200.0,"internal MC fixed warmup HP (768, warmup 600 + production 1200)",930.0,0.0,0.0,,0.0,
200.0,"internal MC fixed warmup HP (768, warmup 600 + production 1200)",950.0,0.0,0.0,,0.0,
200.0,"internal MC fixed warmup HP (768, warmup 600 + production 1200)",970.0,0.0,0.0,,0.0,
200.0,"internal MC fixed warmup HP (768, warmup 600 + production 1200)",990.0,0.0,0.0,,0.0,
200.0,two_term native SG hold,0.0001,0.0005740510283818008,,,,
200.0,two_term native SG hold,0.0004483822508855,0.0010297787626203016,,,,
200.0,two_term native SG hold,0.0014935290035423,0.0019493380565987028,,,,
200.0,two_term native SG hold,0.0032354402579702,0.0028962387393720044,,,,
200.0,two_term native SG hold,0.0056741160141694,0.0038489036643214055,,,,
200.0,two_term native SG hold,0.0088095562721397,0.004803598194528707,,,,
200.0,two_term native SG hold,0.0126417610318811,0.0057592057407697085,,,,
200.0,two_term native SG hold,0.0171707302933938,0.00671528310845121,,,,
200.0,two_term native SG hold,0.0223964640566776,0.007671622122681411,,,,
200.0,two_term native SG hold,0.0283189623217326,0.008627949478320412,,,,
200.0,two_term native SG hold,0.0349382250885588,0.009584336166183814,,,,
200.0,two_term native SG hold,0.0422542523571561,0.010540762256487616,,,,
200.0,two_term native SG hold,0.0502670441275247,0.011497207196597718,,,,
200.0,two_term native SG hold,0.0589766003996644,0.012453658561642118,,,,
200.0,two_term native SG hold,0.0683829211735753,0.013410108925580519,,,,
200.0,two_term native SG hold,0.0784860064492573,0.01436655402560192,,,,
200.0,two_term native SG hold,0.0892858562267106,0.015322991634489623,,,,
200.0,two_term native SG hold,0.100782470505935,0.016279224915299824,,,,
200.0,two_term native SG hold,0.1129758492869306,0.017235112629267923,,,,
200.0,two_term native SG hold,0.1258659925696973,0.018190684370100726,,,,
200.0,two_term native SG hold,0.1394529003542353,0.019146062580760726,,,,
200.0,two_term native SG hold,0.1537365726405444,0.020101412401159327,,,,
200.0,two_term native SG hold,0.1687170094286247,0.021056739960037832,,,,
200.0,two_term native SG hold,0.1843942107184762,0.022011264988543132,,,,
200.0,two_term native SG hold,0.2007681765100989,0.022965553692266934,,,,
200.0,two_term native SG hold,0.2178389068034927,0.023919940438962936,,,,
200.0,two_term native SG hold,0.2356064015986577,0.024874472324901836,,,,
200.0,two_term native SG hold,0.2540706608955939,0.02582801365695274,,,,
200.0,two_term native SG hold,0.2732316846943012,0.02678021922956904,,,,
200.0,two_term native SG hold,0.2930894729947798,0.02773235291730854,,,,
200.0,two_term native SG hold,0.3136440257970295,0.028684425279625243,,,,
200.0,two_term native SG hold,0.3348953431010504,0.029635775322460343,,,,
200.0,two_term native SG hold,0.3568434249068425,0.030586317365066045,,,,
200.0,two_term native SG hold,0.3794882712144057,0.03153629200758405,,,,
200.0,two_term native SG hold,0.4028298820237402,0.03248460947401795,,,,
200.0,two_term native SG hold,0.4268682573348458,0.033431076824744346,,,,
200.0,two_term native SG hold,0.4516033971477226,0.03437731253963155,,,,
200.0,two_term native SG hold,0.4770353014623705,0.03532279759445355,,,,
200.0,two_term native SG hold,0.5031639702787896,0.036265432534483555,,,,
200.0,two_term native SG hold,0.52998940359698,0.03720524275395286,,,,
200.0,two_term native SG hold,0.5575116014169413,0.038143553105743654,,,,
200.0,two_term native SG hold,0.5857305637386742,0.03907841227247565,,,,
200.0,two_term native SG hold,0.6146462905621779,0.04001209655296505,,,,
200.0,two_term native SG hold,0.644258781887453,0.04094119500844386,,,,
200.0,two_term native SG hold,0.674568037714499,0.04186504745721896,,,,
200.0,two_term native SG hold,0.7055740580433166,0.042787085209960066,,,,
200.0,two_term native SG hold,0.737276842873905,0.04370280586464876,,,,
200.0,two_term native SG hold,0.7696763922062648,0.04461565420181196,,,,
200.0,two_term native SG hold,0.8027727060403956,0.045519557666675065,,,,
200.0,two_term native SG hold,0.8365657843762979,0.04641899193323707,,,,
200.0,two_term native SG hold,0.871055627213971,0.04731416851824487,,,,
200.0,two_term native SG hold,0.9062422345534156,0.04820095832912097,,,,
200.0,two_term native SG hold,0.9421256063946308,0.04908062245246217,,,,
200.0,two_term native SG hold,0.9787057427376178,0.04995165628401217,,,,
200.0,two_term native SG hold,1.0159826435823756,0.050820265759866076,,,,
200.0,two_term native SG hold,1.053956308928905,0.05167435216116718,,,,
200.0,two_term native SG hold,1.092626738777205,0.05252366967856498,,,,
200.0,two_term native SG hold,1.1319939331272768,0.05336365126119717,,,,
200.0,two_term native SG hold,1.1720578919791194,0.054198082962908775,,,,
200.0,two_term native SG hold,1.2128186153327334,0.05501734690456528,,,,
200.0,two_term native SG hold,1.2542761031881182,0.055833698597218685,,,,
200.0,two_term native SG hold,1.2964303555452743,0.05663894130511438,,,,
200.0,two_term native SG hold,1.339281372404202,0.057432958053565984,,,,
200.0,two_term native SG hold,1.3828291537649005,0.058217212694770086,,,,
200.0,two_term native SG hold,1.42707369962737,0.05899697334521968,,,,
200.0,two_term native SG hold,1.4720150099916107,0.059758826177490385,,,,
200.0,two_term native SG hold,1.517653084857623,0.06051428812977219,,,,
200.0,two_term native SG hold,1.5639879242254062,0.06126259762845599,,,,
200.0,two_term native SG hold,1.6110195280949609,0.06199262550011409,,,,
200.0,two_term native SG hold,1.6587478964662865,0.0627178403450564,,,,
200.0,two_term native SG hold,1.7071730293393832,0.0634299400083576,,,,
200.0,two_term native SG hold,1.7562949267142511,0.0641281122468763,,,,
200.0,two_term native SG hold,1.8061135885908903,0.0648179984591984,,,,
200.0,two_term native SG hold,1.8566290149693003,0.06549420225869519,,,,
200.0,two_term native SG hold,1.907841205849482,0.06615832675009299,,,,
200.0,two_term native SG hold,1.9597501612314343,0.0668117362844155,,,,
200.0,two_term native SG hold,2.0123558811151585,0.06744887313094179,,,,
200.0,two_term native SG hold,2.065658365500654,0.0680763116221839,,,,
200.0,two_term native SG hold,2.11965761438792,0.0686904364919944,,,,
200.0,two_term native SG hold,2.174353627776957,0.0692880831808388,,,,
200.0,two_term native SG hold,2.2297464056677656,0.06987746525483,,,,
200.0,two_term native SG hold,2.2858359480603463,0.0704477125139497,,,,
200.0,two_term native SG hold,2.342622254954697,0.0710068212985972,,,,
200.0,two_term native SG hold,2.4001053263508183,0.0715542417880674,,,,
200.0,two_term native SG hold,2.458285162248712,0.0720814788576693,,,,
200.0,two_term native SG hold,2.5171617626483767,0.07260092915805251,,,,
200.0,two_term native SG hold,2.5767351275498123,0.07310092501390421,,,,
200.0,two_term native SG hold,2.6370052569530187,0.07358800248207291,,,,
200.0,two_term native SG hold,2.6979721508579964,0.07405966426410181,,,,
200.0,two_term native SG hold,2.759635809264746,0.07451674244817101,,,,
200.0,two_term native SG hold,2.821996232173267,0.0749607466312063,,,,
200.0,two_term native SG hold,2.8850534195835578,0.0753846240127797,,,,
200.0,two_term native SG hold,2.9488073714956204,0.07579998164625411,,,,
200.0,two_term native SG hold,3.013258087909455,0.07619288277569701,,,,
200.0,two_term native SG hold,3.07840556882506,0.07657556623452381,,,,
200.0,two_term native SG hold,3.1442498142424355,0.07693754788717211,,,,
200.0,two_term native SG hold,3.210790824161583,0.07728819637562001,,,,
200.0,two_term native SG hold,3.278028598582501,0.07762075126313321,,,,
200.0,two_term native SG hold,3.345963137505192,0.07793850892110162,,,,
200.0,two_term native SG hold,3.414594440929652,0.0782391516043005,,,,
200.0,two_term native SG hold,3.4839225088558843,0.07852431806558001,,,,
200.0,two_term native SG hold,3.553947341283887,0.07879418024127141,,,,
200.0,two_term native SG hold,3.624668938213663,0.0790471653444546,,,,
200.0,two_term native SG hold,3.696087299645208,0.07928427284147621,,,,
200.0,two_term native SG hold,3.768202425578524,0.0795038111567555,,,,
200.0,two_term native SG hold,3.841014316013612,0.07970911551161361,,,,
200.0,two_term native SG hold,3.914522970950472,0.07989647348565211,,,,
200.0,two_term native SG hold,3.988728390389102,0.08006946788476281,,,,
200.0,two_term native SG hold,4.063630574329502,0.0802238324068967,,,,
200.0,two_term native SG hold,4.139229522771675,0.08036327170657381,,,,
200.0,two_term native SG hold,4.21552523571562,0.08048546870513922,,,,
200.0,two_term native SG hold,4.292517713161335,0.0805920360645122,,,,
200.0,two_term native SG hold,4.37020695510882,0.08068227597197601,,,,
200.0,two_term native SG hold,4.448592961558078,0.0807557072360341,,,,
200.0,two_term native SG hold,4.527675732509107,0.0808136662586822,,,,
200.0,two_term native SG hold,4.607455267961907,0.0808532543676326,,,,
200.0,two_term native SG hold,4.687931567916477,0.08087951633643471,,,,
200.0,two_term native SG hold,4.76910463237282,0.08088580026947721,,,,
200.0,two_term native SG hold,4.850974461330933,0.08088070140485781,,,,
200.0,two_term native SG hold,4.933541054790818,0.08085362734437641,,,,
200.0,two_term native SG hold,5.016804412752473,0.0808156667484568,,,,
200.0,two_term native SG hold,5.100764535215899,0.0807568973707695,,,,
200.0,two_term native SG hold,5.185421422181098,0.08068511214191432,,,,
200.0,two_term native SG hold,5.270775073648068,0.08059546044060031,,,,
200.0,two_term native SG hold,5.356825489616807,0.0804903300636532,,,,
200.0,two_term native SG hold,5.443572670087318,0.08037037271472801,,,,
200.0,two_term native SG hold,5.531016615059602,0.0802320426410307,,,,
200.0,two_term native SG hold,5.619157324533656,0.0800820823452792,,,,
200.0,two_term native SG hold,5.70799479850948,0.07991074662802981,,,,
200.0,two_term native SG hold,5.797529036987076,0.07972779823617661,,,,
200.0,two_term native SG hold,5.887760039966443,0.07952696040840881,,,,
200.0,two_term native SG hold,5.978687807447582,0.07931120361955661,,,,
200.0,two_term native SG hold,6.070312339430492,0.07908129227950161,,,,
200.0,two_term native SG hold,6.1626336359151725,0.07883294528546061,,,,
200.0,two_term native SG hold,6.255651696901625,0.07857273441907771,,,,
200.0,two_term native SG hold,6.3493665223898486,0.07829377070512361,,,,
200.0,two_term native SG hold,6.443778112379843,0.0780014645671493,,,,
200.0,two_term native SG hold,6.538886466871608,0.07769449189293862,,,,
200.0,two_term native SG hold,6.634691585865145,0.0773704936574725,,,,
200.0,two_term native SG hold,6.731193469360454,0.07703452653271792,,,,
200.0,two_term native SG hold,6.828392117357533,0.07668061587965341,,,,
200.0,two_term native SG hold,6.926287529856382,0.07631348145949331,,,,
200.0,two_term native SG hold,7.024879706857004,0.07593265090277102,,,,
200.0,two_term native SG hold,7.124168648359397,0.07553483649284601,,,,
200.0,two_term native SG hold,7.224154354363561,0.07512511495785631,,,,
200.0,two_term native SG hold,7.324836824869496,0.07469948018934891,,,,
200.0,two_term native SG hold,7.426216059877201,0.07425974663704181,,,,
200.0,two_term native SG hold,7.52829205938668,0.07380814006398201,,,,
200.0,two_term native SG hold,7.631064823397928,0.07333916407985601,,,,
200.0,two_term native SG hold,7.7345343519109475,0.07285829697444542,,,,
200.0,two_term native SG hold,7.838700644925738,0.07236434089501531,,,,
200.0,two_term native SG hold,7.9435637024423,0.071854820684245,,,,
200.0,two_term native SG hold,8.049123524460633,0.0713337471302518,,,,
200.0,two_term native SG hold,8.15538011098074,0.07079876035161639,,,,
200.0,two_term native SG hold,8.262333462002616,0.0702499078750172,,,,
200.0,two_term native SG hold,8.369983577526261,0.0696896900852481,,,,
200.0,two_term native SG hold,8.47833045755168,0.0691152432715742,,,,
200.0,two_term native SG hold,8.587374102078869,0.0685281938148387,,,,
200.0,two_term native SG hold,8.697114511107829,0.0679300310681879,,,,
200.0,two_term native SG hold,8.80755168463856,0.067317738703249,,,,
200.0,two_term native SG hold,8.918685622671061,0.06669377015509989,,,,
200.0,two_term native SG hold,9.030516325205337,0.06605899865543549,,,,
200.0,two_term native SG hold,9.143043792241384,0.0654105287392967,,,,
200.0,two_term native SG hold,9.256268023779198,0.06475104002487339,,,,
200.0,two_term native SG hold,9.370189019818786,0.0640810980044552,,,,
200.0,two_term native SG hold,9.484806780360143,0.0633981469622114,,,,
200.0,two_term native SG hold,9.600121305403272,0.0627046227299809,,,,
200.0,two_term native SG hold,9.716132594948172,0.06200105713324029,,,,
200.0,two_term native SG hold,9.832840648994846,0.06128537332881259,,,,
200.0,two_term native SG hold,9.950245467543288,0.06055944447710279,,,,
200.0,two_term native SG hold,10.068347050593506,0.05982393708547908,,,,
200.0,two_term native SG hold,10.187145398145493,0.05907731318871939,,,,
200.0,two_term native SG hold,10.306640510199248,0.058320686678781083,,,,
200.0,two_term native SG hold,10.426832386754777,0.057554978081145486,,,,
200.0,two_term native SG hold,10.547721027812074,0.056779271253598385,,,,
200.0,two_term native SG hold,10.669306433371144,0.055993763462358785,,,,
200.0,two_term native SG hold,10.791588603431984,0.05519969593471088,,,,
200.0,two_term native SG hold,10.914567537994598,0.054396796304946475,,,,
200.0,two_term native SG hold,11.038243237058984,0.053584285575287674,,,,
200.0,two_term native SG hold,11.16261570062514,0.05276378917815998,,,,
200.0,two_term native SG hold,11.287684928693066,0.051935457272534076,,,,
200.0,two_term native SG hold,11.413450921262765,0.051097913606483476,,,,
200.0,two_term native SG hold,11.53991367833423,0.05025110426831447,,,,
200.0,two_term native SG hold,11.667073199907469,0.04939187886367557,,,,
200.0,two_term native SG hold,11.79492948598248,0.04851596993358517,,,,
200.0,two_term native SG hold,11.923482536559264,0.04762298331402637,,,,
200.0,two_term native SG hold,12.052732351637818,0.04671548814970137,,,,
200.0,two_term native SG hold,12.182678931218142,0.04579515756563757,,,,
200.0,two_term native SG hold,12.313322275300235,0.044862678309595665,,,,
200.0,two_term native SG hold,12.444662383884102,0.04392101556415996,,,,
200.0,two_term native SG hold,12.57669925696974,0.042971793042335865,,,,
200.0,two_term native SG hold,12.70943289455715,0.04201628326169366,,,,
200.0,two_term native SG hold,12.84286329664633,0.04105599344567986,,,,
200.0,two_term native SG hold,12.97699046323728,0.040093022345048156,,,,
200.0,two_term native SG hold,13.111814394330002,0.03912890896835926,,,,
200.0,two_term native SG hold,13.2473350899245,0.03816443081926525,,,,
200.0,two_term native SG hold,13.383552550020768,0.03720143403004276,,,,
200.0,two_term native SG hold,13.5204667746188,0.03624147328891376,,,,
200.0,two_term native SG hold,13.658077763718609,0.03528577124521915,,,,
200.0,two_term native SG hold,13.796385517320186,0.03433478275756305,,,,
200.0,two_term native SG hold,13.935390035423536,0.03339040529185005,,,,
200.0,two_term native SG hold,14.075091318028656,0.03245369725012185,,,,
200.0,two_term native SG hold,14.215489365135548,0.03152544108972505,,,,
200.0,two_term native SG hold,14.356584176744215,0.030606227074406845,,,,
200.0,two_term native SG hold,14.498375752854647,0.02969741833421434,,,,
200.0,two_term native SG hold,14.640864093466853,0.028799736609643842,,,,
200.0,two_term native SG hold,14.78404919858083,0.027913724860750843,,,,
200.0,two_term native SG hold,14.927931068196578,0.02703984854255294,,,,
200.0,two_term native SG hold,15.072509702314097,0.026179043110260238,,,,
200.0,two_term native SG hold,15.217785100933384,0.02533176289433584,,,,
200.0,two_term native SG hold,15.363757264054446,0.024498363657146235,,,,
200.0,two_term native SG hold,15.510426191677285,0.023679063883870234,,,,
200.0,two_term native SG hold,15.657791883801885,0.022874243914987435,,,,
200.0,two_term native SG hold,15.80585434042826,0.022083510465351633,,,,
200.0,two_term native SG hold,15.954613561556409,0.02130458666441663,,,,
200.0,two_term native SG hold,16.104069547186324,0.020536081034336632,,,,
200.0,two_term native SG hold,16.25422229731801,0.01977929743080633,,,,
200.0,two_term native SG hold,16.40507181195147,0.01903516087651103,,,,
200.0,two_term native SG hold,16.5566180910867,0.018304556926503127,,,,
200.0,two_term native SG hold,16.70886113472371,0.017588091036730823,,,,
200.0,two_term native SG hold,16.86180094286248,0.016886619378047824,,,,
200.0,two_term native SG hold,17.015437515503024,0.016200773193957223,,,,
200.0,two_term native SG hold,17.16977085264534,0.015531091317484322,,,,
200.0,two_term native SG hold,17.324800954289426,0.01487795534438442,,,,
200.0,two_term native SG hold,17.48052782043528,0.01424174609502142,,,,
200.0,two_term native SG hold,17.63695145108291,0.013622857925737919,,,,
200.0,two_term native SG hold,17.794071846232313,0.01302152319821372,,,,
200.0,two_term native SG hold,17.951889005883483,0.012437927693497117,,,,
200.0,two_term native SG hold,18.11040293003643,0.011872057236222618,,,,
200.0,two_term native SG hold,18.269613618691142,0.011324105348253916,,,,
200.0,two_term native SG hold,18.429521071847628,0.010794066080040216,,,,
200.0,two_term native SG hold,18.59012528950588,0.010281887671906416,,,,
200.0,two_term native SG hold,18.75142627166591,0.009787440663525614,,,,
200.0,two_term native SG hold,18.913424018327703,0.009310571419524113,,,,
200.0,two_term native SG hold,19.07611852949128,0.008851162263255812,,,,
200.0,two_term native SG hold,19.23950980515661,0.008408992491040611,,,,
200.0,two_term native SG hold,19.40359784532373,0.007983810499427212,,,,
200.0,two_term native SG hold,19.568382649992618,0.0075752941424973115,,,,
200.0,two_term native SG hold,19.733864219163276,0.00718316969454511,,,,
200.0,two_term native SG hold,19.900042552835693,0.006807134239757909,,,,
200.0,two_term native SG hold,20.06691765100989,0.00644684839958401,,,,
200.0,two_term native SG hold,20.23448951368586,0.006101963217173208,,,,
200.0,two_term native SG hold,20.4027581408636,0.005772042540365209,,,,
200.0,two_term native SG hold,20.571723532543107,0.005456694395519308,,,,
200.0,two_term native SG hold,20.741385688724392,0.0051555070489181076,,,,
200.0,two_term native SG hold,20.91174460940745,0.004868056197263307,,,,
200.0,two_term native SG hold,21.08280029459227,0.004593941434801907,,,,
200.0,two_term native SG hold,21.25455274427886,0.004332744827254306,,,,
200.0,two_term native SG hold,21.42700195846723,0.004084063478457206,,,,
200.0,two_term native SG hold,21.600147937157367,0.0038474672506767058,,,,
200.0,two_term native SG hold,21.77399068034927,0.0036225222287232053,,,,
200.0,two_term native SG hold,21.94853018804295,0.0034088022634841046,,,,
200.0,two_term native SG hold,22.123766460238407,0.0032058900111056046,,,,
200.0,two_term native SG hold,22.29969949693563,0.0030133877167353045,,,,
200.0,two_term native SG hold,22.476329298134623,0.002830893744351404,,,,
200.0,two_term native SG hold,22.653655863835382,0.0026579981772801037,,,,
200.0,two_term native SG hold,22.83167919403792,0.0024943020149770035,,,,
200.0,two_term native SG hold,23.010399288742228,0.0023394143324036035,,,,
200.0,two_term native SG hold,23.189816147948303,0.002192958552067603,,,,
200.0,two_term native SG hold,23.369929771656157,0.002054581533518103,,,,
200.0,two_term native SG hold,23.55074015986577,0.0019239165036301028,,,,
200.0,two_term native SG hold,23.73224731257717,0.0018006089419393026,,,,
200.0,two_term native SG hold,23.91445122979033,0.0016843164466327023,,,,
200.0,two_term native SG hold,24.097351911505264,0.0015747041462968023,,,,
200.0,two_term native SG hold,24.28094935772197,0.0014714609199241021,,,,
200.0,two_term native SG hold,24.46524356844045,0.0013742785803226019,,,,
200.0,two_term native SG hold,24.65023454366069,0.001282854380714502,,,,
200.0,two_term native SG hold,24.835922283382708,0.0011968976016448018,,,,
200.0,two_term native SG hold,25.0223067876065,0.0011161298157289015,,,,
200.0,two_term native SG hold,25.209388056332063,0.0010402801274928015,,,,
200.0,two_term native SG hold,25.397166089559395,0.0009690989701619014,,,,
200.0,two_term native SG hold,25.5856408872885,0.0009023360841976013,,,,
200.0,two_term native SG hold,25.774812449519374,0.0008397522821918012,,,,
200.0,two_term native SG hold,25.964680776252017,0.0007811191878948011,,,,
200.0,two_term native SG hold,26.155245867486432,0.0007262211081287011,,,,
200.0,two_term native SG hold,26.346507723222626,0.000674847447720201,,,,
200.0,two_term native SG hold,26.53846634346058,0.0006268021270320009,,,,
200.0,two_term native SG hold,26.731121728200318,0.0005818936041945008,,,,
200.0,two_term native SG hold,26.924473877441816,0.0005399398207520008,,,,
200.0,two_term native SG hold,27.11852279118509,0.0005007694639966008,,,,
200.0,two_term native SG hold,27.31326846943013,0.00046421946167200063,,,,
200.0,two_term native SG hold,27.508710912176944,0.0004301303119580006,,,,
200.0,two_term native SG hold,27.70485011942553,0.0003983554279094006,,,,
200.0,two_term native SG hold,27.90168609117589,0.0003687530830734005,,,,
200.0,two_term native SG hold,28.099218827428015,0.0003411902303055005,,,,
200.0,two_term native SG hold,28.29744832818192,0.0003155413033301004,,,,
200.0,two_term native SG hold,28.49637459343759,0.0002916860136836004,,,,
200.0,two_term native SG hold,28.695997623195037,0.0002695087357181004,,,,
200.0,two_term native SG hold,28.896317417454245,0.0002489025806849004,,,,
200.0,two_term native SG hold,29.09733397621523,0.00022976701771900034,,,,
200.0,two_term native SG hold,29.299047299477984,0.0002120071753464003,,,,
200.0,two_term native SG hold,29.50145738724251,0.00019553261398630028,,,,
200.0,two_term native SG hold,29.704564239508805,0.00018025760980640027,,,,
200.0,two_term native SG hold,29.908367856276875,0.00016610141698490024,,,,
200.0,two_term native SG hold,30.11286823754672,0.00015298855071760022,,,,
200.0,two_term native SG hold,30.31806538331833,0.0001408494863634002,,,,
200.0,two_term native SG hold,30.523959293591712,0.0001296174342310002,,,,
200.0,two_term native SG hold,30.730549968366866,0.00011922940251800018,,,,
200.0,two_term native SG hold,30.93783740764379,0.00010962641780340016,,,,
200.0,two_term native SG hold,31.145821611422488,0.00010075377865590015,,,,
200.0,two_term native SG hold,31.354502579702952,9.256000090979137e-05,,,,
200.0,two_term native SG hold,31.563880312485196,8.499665906026749e-05,,,,
200.0,two_term native SG hold,31.7739548097692,7.801860467195591e-05,,,,
200.0,two_term native SG hold,31.98472607155498,7.158342005571829e-05,,,,
200.0,two_term native SG hold,32.196194097842536,6.565195117540298e-05,,,,
200.0,two_term native SG hold,32.40835888863186,6.018750438535633e-05,,,,
200.0,two_term native SG hold,32.621220443922965,5.515548176579768e-05,,,,
200.0,two_term native SG hold,32.83477876371583,5.0523521008062665e-05,,,,
200.0,two_term native SG hold,33.04903384801047,4.626172413818427e-05,,,,
200.0,two_term native SG hold,33.26398569680688,4.234260026634929e-05,,,,
200.0,two_term native SG hold,33.47963431010505,3.874026850099971e-05,,,,
200.0,two_term native SG hold,33.695979687905,3.5430486587561643e-05,,,,
200.0,two_term native SG hold,33.91302183020672,3.2390756523514806e-05,,,,
200.0,two_term native SG hold,34.13076073701021,2.9600317526570414e-05,,,,
200.0,two_term native SG hold,34.34919640831548,2.703989967722211e-05,,,,
200.0,two_term native SG hold,34.56832884412251,2.4691461780920087e-05,,,,
200.0,two_term native SG hold,34.78815804443132,2.2538421031751272e-05,,,,
200.0,two_term native SG hold,35.0086840092419,2.056531568807614e-05,,,,
200.0,two_term native SG hold,35.22990673855424,1.8757944004040695e-05,,,,
200.0,two_term native SG hold,35.45182623236836,1.7103114475580828e-05,,,,
200.0,two_term native SG hold,35.67444249068425,1.55885358759138e-05,,,,
200.0,two_term native SG hold,35.897755513501906,1.4202857723982836e-05,,,,
200.0,two_term native SG hold,36.12176530082135,1.2935595810303096e-05,,,,
200.0,two_term native SG hold,36.34647185264256,1.1777158278727665e-05,,,,
200.0,two_term native SG hold,36.57187516896554,1.0718641689201112e-05,,,,
200.0,two_term native SG hold,36.79797524979029,9.751788261974501e-06,,,,
200.0,two_term native SG hold,37.0247720951168,8.868996126340102e-06,,,,
200.0,two_term native SG hold,37.25226570494509,8.063298865993313e-06,,,,
200.0,two_term native SG hold,37.48045607927515,7.32826083931123e-06,,,,
200.0,two_term native SG hold,37.70934321810697,6.65792746173832e-06,,,,
200.0,two_term native SG hold,37.938927121440585,6.046799309705088e-06,,,,
200.0,two_term native SG hold,38.16920778927595,5.48988880398086e-06,,,,
200.0,two_term native SG hold,38.40018522161309,4.982593339348929e-06,,,,
200.0,two_term native SG hold,38.63185941845202,4.520659706909304e-06,,,,
200.0,two_term native SG hold,38.86423037979269,4.100179166692285e-06,,,,
200.0,two_term native SG hold,39.09729810563516,3.7175730391017536e-06,,,,
200.0,two_term native SG hold,39.33106259597939,3.3695648381250716e-06,,,,
200.0,two_term native SG hold,39.565523850825386,3.053140830776476e-06,,,,
200.0,two_term native SG hold,39.80068187017316,2.7655233416315256e-06,,,,
200.0,two_term native SG hold,40.03653665402272,2.504185173879945e-06,,,,
200.0,two_term native SG hold,40.273088202374026,2.2668193656780044e-06,,,,
200.0,two_term native SG hold,40.51033651522712,2.0513045604336667e-06,,,,
200.0,two_term native SG hold,40.74828159258197,1.855693737009771e-06,,,,
200.0,two_term native SG hold,40.9869234344386,1.6782073442863133e-06,,,,
200.0,two_term native SG hold,41.226262040797,1.51722458859919e-06,,,,
200.0,two_term native SG hold,41.46629741165716,1.371262543369806e-06,,,,
200.0,two_term native SG hold,41.70702954701911,1.2389615113871688e-06,,,,
200.0,two_term native SG hold,41.94845844688282,1.1190773758912178e-06,,,,
200.0,two_term native SG hold,42.1905841112483,1.0104873206225576e-06,,,,
200.0,two_term native SG hold,42.43340654011556,9.121611269562323e-07,,,,
200.0,two_term native SG hold,42.67692573348458,8.231569448201143e-07,,,,
200.0,two_term native SG hold,42.92114169135538,7.42616109301543e-07,,,,
200.0,two_term native SG hold,43.16605441372794,6.69757995836604e-07,,,,
200.0,two_term native SG hold,43.41166390060228,6.038717372203058e-07,,,,
200.0,two_term native SG hold,43.6579701519784,5.443087780930803e-07,,,,
200.0,two_term native SG hold,43.90497316785628,4.904779636392365e-07,,,,
200.0,two_term native SG hold,44.15267294823594,4.418422125928507e-07,,,,
200.0,two_term native SG hold,44.40106949311737,3.9791603516715414e-07,,,,
200.0,two_term native SG hold,44.65016280250056,3.582554627331082e-07,,,,
200.0,two_term native SG hold,44.89995287638552,3.224568434656214e-07,,,,
200.0,two_term native SG hold,45.15043971477227,2.9015411662331534e-07,,,,
200.0,two_term native SG hold,45.40162331766077,2.610150281233863e-07,,,,
200.0,two_term native SG hold,45.65350368505106,2.3473753668765073e-07,,,,
200.0,two_term native SG hold,45.9060808169431,2.1104744450650902e-07,,,,
200.0,two_term native SG hold,46.15935471333693,1.8969641979691146e-07,,,,
200.0,two_term native SG hold,46.41332537423252,1.7045851040184114e-07,,,,
200.0,two_term native SG hold,46.66799279962988,1.5313043451822961e-07,,,,
200.0,two_term native SG hold,46.92335698952901,1.3752697391623757e-07,,,,
200.0,two_term native SG hold,47.17941794392993,1.2348060977470536e-07,,,,
200.0,two_term native SG hold,47.4361756628326,1.1083967659158232e-07,,,,
200.0,two_term native SG hold,47.693630146237055,9.946672782676913e-08,,,,
200.0,two_term native SG hold,47.95178139414327,8.923737699308163e-08,,,,
200.0,two_term native SG hold,48.21062940655128,8.003927802019006e-08,,,,
200.0,two_term native SG hold,48.47017418346104,7.177082733232869e-08,,,,
200.0,two_term native SG hold,48.73041572487257,6.433997384786375e-08,,,,
200.0,two_term native SG hold,48.99135403078587,5.766356351350798e-08,,,,
200.0,two_term native SG hold,49.25298910120095,5.166688953623425e-08,,,,
200.0,two_term native SG hold,49.5153209361178,4.628223456467071e-08,,,,
200.0,two_term native SG hold,49.778349535536414,4.1448400460029037e-08,,,,
200.0,two_term native SG hold,50.04207489945681,3.711018348568646e-08,,,,
200.0,two_term native SG hold,50.30649702787897,3.321783393898629e-08,,,,
200.0,two_term native SG hold,50.571615920802905,2.9726458806933267e-08,,,,
200.0,two_term native SG hold,50.8374315782286,2.659555103451341e-08,,,,
200.0,two_term native SG hold,51.10394400015608,2.3788624653961106e-08,,,,
200.0,two_term native SG hold,51.371153186585325,2.127280239438012e-08,,,,
200.0,two_term native SG hold,51.63905913751634,1.9018418428868636e-08,,,,
200.0,two_term native SG hold,51.907661852949126,1.6998887000961004e-08,,,,
200.0,two_term native SG hold,52.176961332883685,1.5190206408775005e-08,,,,
200.0,two_term native SG hold,52.44695757732001,1.3570779175079778e-08,,,,
200.0,two_term native SG hold,52.71765058625814,1.2121162307660125e-08,,,,
200.0,two_term native SG hold,52.98904035969801,1.08238666325932e-08,,,,
200.0,two_term native SG hold,53.26112689763965,9.663181265112721e-09,,,,
200.0,two_term native SG hold,53.53391020008307,8.624979926032108e-09,,,,
200.0,two_term native SG hold,53.807390267028254,7.69655989908332e-09,,,,
200.0,two_term native SG hold,54.081567098475205,6.866513564850712e-09,,,,
200.0,two_term native SG hold,54.35644069442394,6.1245824459744316e-09,,,,
200.0,two_term native SG hold,54.63201105487443,5.461579259946499e-09,,,,
200.0,two_term native SG hold,54.9082781798267,4.869257815993867e-09,,,,
200.0,two_term native SG hold,55.18524206928075,4.340209445047583e-09,,,,
200.0,two_term native SG hold,55.46290272323656,3.867788235274063e-09,,,,
200.0,two_term native SG hold,55.74126014169415,3.446031083049985e-09,,,,
200.0,two_term native SG hold,56.0203143246535,3.069591192901067e-09,,,,
200.0,two_term native SG hold,56.30006527211462,2.7336786514509463e-09,,,,
200.0,two_term native SG hold,56.58051298407752,2.4339999480183396e-09,,,,
200.0,two_term native SG hold,56.86165746054219,2.1667068984406153e-09,,,,
200.0,two_term native SG hold,57.14349870150865,1.92835409593845e-09,,,,
200.0,two_term native SG hold,57.42603670697687,1.7158529191477335e-09,,,,
200.0,two_term native SG hold,57.70927147694684,1.5264419023319577e-09,,,,
200.0,two_term native SG hold,57.9932030114186,1.3576535957854284e-09,,,,
200.0,two_term native SG hold,58.27783131039212,1.2072766020065408e-09,,,,
200.0,two_term native SG hold,58.563156373867415,1.073332496838484e-09,,,,
200.0,two_term native SG hold,58.84917820184449,9.54051399492362e-10,,,,
200.0,two_term native SG hold,59.13589679432332,8.478513726672779e-10,,,,
200.0,two_term native SG hold,59.423312151303925,7.533186672522832e-10,,,,
200.0,two_term native SG hold,59.71142427278632,6.691896535719352e-10,,,,
200.0,two_term native SG hold,60.00023315877046,5.943352916259873e-10,,,,
200.0,two_term native SG hold,60.289738809256384,5.277475619533164e-10,,,,
200.0,two_term native SG hold,60.57994122424408,4.685262259832675e-10,,,,
200.0,two_term native SG hold,60.870840403733546,4.158657171133732e-10,,,,
200.0,two_term native SG hold,61.16243634772479,3.690503197106523e-10,,,,
200.0,two_term native SG hold,61.454729056217786,3.2744045910502495e-10,,,,
200.0,two_term native SG hold,61.74771852921256,2.904649789892184e-10,,,,
200.0,two_term native SG hold,62.04140476670914,2.576144647506344e-10,,,,
200.0,two_term native SG hold,62.335787768707455,2.2843480090173645e-10,,,,
200.0,two_term native SG hold,62.63086753520754,2.0252111228790495e-10,,,,
200.0,two_term native SG hold,62.92664406620941,1.7951249164568062e-10,,,,
200.0,two_term native SG hold,63.22311736171304,1.5908742346224e-10,,,,
200.0,two_term native SG hold,63.52028742171846,1.4095948549886922e-10,,,,
200.0,two_term native SG hold,63.81815424622563,1.2487353706982614e-10,,,,
200.0,two_term native SG hold,64.11671783523458,1.1060240567565072e-10,,,,
200.0,two_term native SG hold,64.4159781887453,9.794362403519043e-11,,,,
200.0,two_term native SG hold,64.71593530675779,8.671726039495299e-11,,,,
200.0,two_term native SG hold,65.01658918927204,7.67634042589368e-11,,,,
200.0,two_term native SG hold,65.31793983628809,6.793954952019597e-11,,,,
200.0,two_term native SG hold,65.61998724780588,6.011893525125426e-11,,,,
200.0,two_term native SG hold,65.92273142382545,5.318882502438526e-11,,,,
200.0,two_term native SG hold,66.22617236434681,4.704900324522513e-11,,,,
200.0,two_term native SG hold,66.53031006936992,4.161039107905556e-11,,,,
200.0,two_term native SG hold,66.83514453889484,3.679381799312413e-11,,,,
200.0,two_term native SG hold,67.1406757729215,3.2528945078945176e-11,,,,
200.0,two_term native SG hold,67.44690377144993,2.875329334947257e-11,,,,
200.0,two_term native SG hold,67.75382853448014,2.5411370123359405e-11,,,,
200.0,two_term native SG hold,68.0614500620121,2.2453900734964447e-11,,,,
200.0,two_term native SG hold,68.36976835404585,1.9837088057375492e-11,,,,
200.0,two_term native SG hold,68.67878341058136,1.7522135449731084e-11,,,,
200.0,two_term native SG hold,68.98849523161864,1.547463924145905e-11,,,,
200.0,two_term native SG hold,69.29890381715771,1.3664030236186019e-11,,,,
200.0,two_term native SG hold,69.61000916719854,1.2063192406560574e-11,,,,
200.0,two_term native SG hold,69.92181128174113,1.0648076844442548e-11,,,,
200.0,two_term native SG hold,70.23431016078551,9.397361836102303e-12,,,,
200.0,two_term native SG hold,70.54750580433165,8.292146133334659e-12,,,,
200.0,two_term native SG hold,70.86139821237956,7.31567673839674e-12,,,,
200.0,two_term native SG hold,71.17598738492926,6.453108752596914e-12,,,,
200.0,two_term native SG hold,71.4912733219807,5.69129049019655e-12,,,,
200.0,two_term native SG hold,71.80725602353394,5.01857205602098e-12,,,,
200.0,two_term native SG hold,72.12393548958896,4.424636232801388e-12,,,,
200.0,two_term native SG hold,72.44131172014572,3.900347975398374e-12,,,,
200.0,two_term native SG hold,72.75938471520426,3.4376035198568e-12,,,,
200.0,two_term native SG hold,73.07815447476457,3.029263329844463e-12,,,,
200.0,two_term native SG hold,73.39762099882665,2.66899467735076e-12,,,,
200.0,two_term native SG hold,73.71778428739051,2.351192357187197e-12,,,,
200.0,two_term native SG hold,74.03864434045613,2.0708980139851205e-12,,,,
200.0,two_term native SG hold,74.36020115802353,1.823726452788356e-12,,,,
200.0,two_term native SG hold,74.68245474009271,1.6057999998363363e-12,,,,
200.0,two_term native SG hold,75.00540508666364,1.4136903847963582e-12,,,,
200.0,two_term native SG hold,75.32905219773636,1.2443672822104487e-12,,,,
200.0,two_term native SG hold,75.65339607331083,1.0951525705760445e-12,,,,
200.0,two_term native SG hold,75.97843671338708,9.636798191157474e-13,,,,
200.0,two_term native SG hold,76.30417411796512,8.478584062463624e-13,,,,
200.0,two_term native SG hold,76.63060828704491,7.458417053112409e-13,,,,
200.0,two_term native SG hold,76.95773922062646,6.559988990870129e-13,,,,
200.0,two_term native SG hold,77.28556691870983,5.768885397077612e-13,,,,
200.0,two_term native SG hold,77.61409138129494,5.072396364496265e-13,,,,
200.0,two_term native SG hold,77.94331260838182,4.45931940113231e-13,,,,
200.0,two_term native SG hold,78.27323059997047,3.919750390396146e-13,,,,
200.0,two_term native SG hold,78.60384535606089,3.4449505185973084e-13,,,,
200.0,two_term native SG hold,78.9351568766531,3.0272105554824534e-13,,,,
200.0,two_term native SG hold,79.26716516174704,2.659730537303906e-13,,,,
200.0,two_term native SG hold,79.59987021134278,2.3365136736024236e-13,,,,
200.0,two_term native SG hold,79.93327202544029,2.0522724405097421e-13,,,,
200.0,two_term native SG hold,80.26737060403957,1.8023453183275404e-13,,,,
200.0,two_term native SG hold,80.60216594714062,1.5826234735971604e-13,,,,
200.0,two_term native SG hold,80.93765805474344,1.389485890690383e-13,,,,
200.0,two_term native SG hold,81.27384692684802,1.2197418504375902e-13,,,,
200.0,two_term native SG hold,81.61073256345439,1.070580350489466e-13,,,,
200.0,two_term native SG hold,81.94831496456253,9.395253672252462e-14,,,,
200.0,two_term native SG hold,82.28659413017243,8.243953363890634e-14,,,,
200.0,two_term native SG hold,82.6255700602841,7.232676496110884e-14,,,,
200.0,two_term native SG hold,82.96524275489757,6.344558799853663e-14,,,,
200.0,two_term native SG hold,83.3056122140128,5.564715526117676e-14,,,,
200.0,two_term native SG hold,83.64667843762979,4.8800464144106304e-14,,,,
200.0,two_term native SG hold,83.98844142574855,4.2790237897111044e-14,,,,
200.0,two_term native SG hold,84.33090117836909,3.75150465726664e-14,,,,
200.0,two_term native SG hold,84.67405769549138,3.2885663516368934e-14,,,,
200.0,two_term native SG hold,85.01791097711545,2.8823610459173886e-14,,,,
200.0,two_term native SG hold,85.36246102324131,2.525986814642533e-14,,,,
200.0,two_term native SG hold,85.70770783386892,2.2133750052836013e-14,,,,
200.0,two_term native SG hold,86.0536514089983,1.9391904812253835e-14,,,,
200.0,two_term native SG hold,86.40029174862947,1.698743354450273e-14,,,,
200.0,two_term native SG hold,86.74762885276239,1.4879118736966902e-14,,,,
200.0,two_term native SG hold,87.09566272139709,1.3030741214263386e-14,,,,
200.0,two_term native SG hold,87.44439335453357,1.1410477141947697e-14,,,,
200.0,two_term native SG hold,87.79382075217181,9.990370730398558e-15,,,,
200.0,two_term native SG hold,88.14394491431183,8.745816687549796e-15,,,,
200.0,two_term native SG hold,88.49476584095363,7.655311601407338e-15,,,,
200.0,two_term native SG hold,88.84628353209719,6.699917946063437e-15,,,,
200.0,two_term native SG hold,89.19849798774253,5.863007844211426e-15,,,,
200.0,two_term native SG hold,89.55140920788962,5.129985007839844e-15,,,,
200.0,two_term native SG hold,89.9050171925385,4.48803907070002e-15,,,,
200.0,two_term native SG hold,90.25932194168914,3.925927977790209e-15,,,,
200.0,two_term native SG hold,90.61432345534156,3.4337877061353102e-15,,,,
200.0,two_term native SG hold,90.97002173349574,3.002964910138197e-15,,,,
200.0,two_term native SG hold,91.32641677615167,2.6258687360679647e-15,,,,
200.0,two_term native SG hold,91.68350858330942,2.295841773853989e-15,,,,
200.0,two_term native SG hold,92.04129715496892,2.0070461933064857e-15,,,,
200.0,two_term native SG hold,92.39978249113018,1.7543630924690615e-15,,,,
200.0,two_term native SG hold,92.75896459179322,1.5333049780885796e-15,,,,
200.0,two_term native SG hold,93.11884345695805,1.33993838471693e-15,,,,
200.0,two_term native SG hold,93.47941908662462,1.1708157436374182e-15,,,,
200.0,two_term native SG hold,93.84069148079296,1.0229160044886933e-15,,,,
200.0,two_term native SG hold,94.20266063946308,8.935879100832883e-16,,,,
200.0,two_term native SG hold,94.565326562635,7.805165302334241e-16,,,,
200.0,two_term native SG hold,94.9286892503087,6.816716365826604e-16,,,,
200.0,two_term native SG hold,95.29274870248412,5.952737726024232e-16,,,,
200.0,two_term native SG hold,95.65750491916133,5.197646599794782e-16,,,,
200.0,two_term native SG hold,96.02295790034032,4.537799290905444e-16,,,,
200.0,two_term native SG hold,96.38910764602106,3.96125027352531e-16,,,,
200.0,two_term native SG hold,96.7559541562036,3.4575431277074496e-16,,,,
200.0,two_term native SG hold,97.12349743088788,3.0175260052760314e-16,,,,
200.0,two_term native SG hold,97.49173747007394,2.633189340674687e-16,,,,
200.0,two_term native SG hold,97.8606742737618,2.2975247082808167e-16,,,,
200.0,two_term native SG hold,98.2303078419514,2.004400131490366e-16,,,,
200.0,two_term native SG hold,98.60063817464275,1.7484511174879455e-16,,,,
200.0,two_term native SG hold,98.97166527183592,1.524985386143334e-16,,,,
200.0,two_term native SG hold,99.34338913353083,1.3298987075303532e-16,,,,
200.0,two_term native SG hold,99.71580975972752,1.1596018427146731e-16,,,,
200.0,two_term native SG hold,100.088927150426,1.010944475139515e-16,,,,
200.0,two_term native SG hold,100.46274130562624,8.811483544072285e-17,,,,
200.0,two_term native SG hold,100.83725222532826,7.678189690337073e-17,,,,
200.0,two_term native SG hold,101.21245990953204,6.688926958293365e-17,,,,
200.0,two_term native SG hold,101.58836435823758,5.825636040928786e-17,,,,
200.0,two_term native SG hold,101.9649655714449,5.0724702849884715e-17,,,,
200.0,two_term native SG hold,102.342263549154,4.415551343287052e-17,,,,
200.0,two_term native SG hold,102.72025829136486,3.8427279100893995e-17,,,,
200.0,two_term native SG hold,103.0989497980775,3.3433635838933815e-17,,,,
200.0,two_term native SG hold,103.4783380692919,2.908150466656671e-17,,,,
200.0,two_term native SG hold,103.85842310500809,2.528945393604227e-17,,,,
200.0,two_term native SG hold,104.23920490522602,2.1986260764938688e-17,,,,
200.0,two_term native SG hold,104.62068346994572,1.9109647735415048e-17,,,,
200.0,two_term native SG hold,105.00285879916724,1.6605173809838588e-17,,,,
200.0,two_term native SG hold,105.38573089289048,1.4425260902913414e-17,,,,
200.0,two_term native SG hold,105.76929975111553,1.2528339750785761e-17,,,,
200.0,two_term native SG hold,106.15356537384233,1.0878100661154866e-17,,,,
200.0,two_term native SG hold,106.5385277610709,9.442836444642162e-18,,,,
200.0,two_term native SG hold,106.92418691280126,8.19486634271054e-18,,,,
200.0,two_term native SG hold,107.31054282903338,7.110031104479814e-18,,,,
200.0,two_term native SG hold,107.69759550976728,6.1672505443987925e-18,,,,
200.0,two_term native SG hold,108.08534495500292,5.348135953155023e-18,,,,
200.0,two_term native SG hold,108.47379116474036,4.636625092009386e-18,,,,
200.0,two_term native SG hold,108.86293413897955,4.018765122901424e-18,,,,
200.0,two_term native SG hold,109.25277387772051,3.482370315478745e-18,,,,
200.0,two_term native SG hold,109.64331038096329,3.016818778403182e-18,,,,
200.0,two_term native SG hold,110.03454364870778,2.612856737867236e-18,,,,
200.0,two_term native SG hold,110.42647368095408,2.2624242455885362e-18,,,,
200.0,two_term native SG hold,110.81910047770212,1.9585027626548795e-18,,,,
200.0,two_term native SG hold,111.21242403895197,1.694981899556305e-18,,,,
200.0,two_term native SG hold,111.60644436470356,1.4665429241426237e-18,,,,
200.0,two_term native SG hold,112.00116145495691,1.2685569404470856e-18,,,,
200.0,two_term native SG hold,112.39657530971208,1.0969958970455131e-18,,,,
200.0,two_term native SG hold,112.79268592896898,9.48354808037118e-19,,,,
200.0,two_term native SG hold,113.18949331272768,8.195837665029305e-19,,,,
200.0,two_term native SG hold,113.58699746098814,7.080285512954284e-19,,,,
200.0,two_term native SG hold,113.98519837375036,6.114287174205726e-19,,,,
200.0,two_term native SG hold,114.38409605101435,5.278854272475433e-19,,,,
200.0,two_term native SG hold,114.78369049278014,4.556545742670448e-19,,,,
200.0,two_term native SG hold,115.18398169904768,3.932227697571869e-19,,,,
200.0,two_term native SG hold,115.584969669817,3.392772215800435e-19,,,,
200.0,two_term native SG hold,115.98665440508807,2.926795067083952e-19,,,,
200.0,two_term native SG hold,116.38903590486092,2.524427417697144e-19,,,,
200.0,two_term native SG hold,116.79211416913554,2.1771171841236764e-19,,,,
200.0,two_term native SG hold,117.19588919791194,1.8774562507905898e-19,,,,
200.0,two_term native SG hold,117.6003609911901,1.6190302476527184e-19,,,,
200.0,two_term native SG hold,118.00552954897005,1.3962880038301677e-19,,,,
200.0,two_term native SG hold,118.41139487125174,1.2044281617892609e-19,,,,
200.0,two_term native SG hold,118.81795695803524,1.0393007591923146e-19,,,,
200.0,two_term native SG hold,119.22521580932047,8.973218682331104e-20,,,,
200.0,two_term native SG hold,119.6331714251075,7.753996300509429e-20,,,,
200.0,two_term native SG hold,120.04182380539632,6.708702391096011e-20,,,,
200.0,two_term native SG hold,120.45117295018689,5.814426231478039e-20,,,,
200.0,two_term native SG hold,120.86121885947922,5.051507319076815e-20,,,,
200.0,two_term native SG hold,121.27196153327334,4.4031249538564e-20,,,,
200.0,two_term native SG hold,121.6834009715692,3.8549464253553644e-20,,,,
200.0,two_term native SG hold,122.09553717436684,3.39482686603988e-20,,,,
200.0,two_term native SG hold,122.50837014166628,3.0125548575101633e-20,,,,
200.0,two_term native SG hold,122.92189987346748,2.6996387925097634e-20,,,,
200.0,two_term native SG hold,123.33612636977044,2.4491298214310504e-20,,,,
200.0,two_term native SG hold,123.75104963057515,2.2554779632534793e-20,,,,
200.0,two_term native SG hold,124.16666965588168,2.1144186526009868e-20,,,,
200.0,two_term native SG hold,124.58298644568995,2.022887641012764e-20,,,,
200.0,two_term native SG hold,125.0,1.9789627851558612e-20,,,,
400.0,MCIG GUI actual,0.001138,0.001320043622709203,,,,
400.0,MCIG GUI actual,0.006195,0.0032659040992787476,,,,
400.0,MCIG GUI actual,0.01643,0.004943454266441477,,,,
400.0,MCIG GUI actual,0.03179,0.006697851263737353,,,,
400.0,MCIG GUI actual,0.05227,0.008653644757699051,,,,
400.0,MCIG GUI actual,0.07787,0.010484705714344943,,,,
400.0,MCIG GUI actual,0.1086,0.012418775787015026,,,,
400.0,MCIG GUI actual,0.1444,0.01472448393887705,,,,
400.0,MCIG GUI actual,0.1854,0.016508744613158852,,,,
400.0,MCIG GUI actual,0.2315,0.018311209833990368,,,,
400.0,MCIG GUI actual,0.2827,0.0205099558167959,,,,
400.0,MCIG GUI actual,0.339,0.022595249005659138,,,,
400.0,MCIG GUI actual,0.4004,0.024796841830562643,,,,
400.0,MCIG GUI actual,0.467,0.02693632692794433,,,,
400.0,MCIG GUI actual,0.5387,0.02897730784148044,,,,
400.0,MCIG GUI actual,0.6155,0.030966245676680687,,,,
400.0,MCIG GUI actual,0.6974,0.03323273287546076,,,,
400.0,MCIG GUI actual,0.7844,0.035221676595524276,,,,
400.0,MCIG GUI actual,0.8766,0.037241685202432366,,,,
400.0,MCIG GUI actual,0.9739,0.039625244273814766,,,,
400.0,MCIG GUI actual,1.076,0.04102297014692992,,,,
400.0,MCIG GUI actual,1.184,0.04338400058125368,,,,
400.0,MCIG GUI actual,1.296,0.04505715592725911,,,,
400.0,MCIG GUI actual,1.414,0.046906720312209764,,,,
400.0,MCIG GUI actual,1.537,0.04869232059896355,,,,
400.0,MCIG GUI actual,1.665,0.050347672186182656,,,,
400.0,MCIG GUI actual,1.798,0.05220728597492526,,,,
400.0,MCIG GUI actual,1.936,0.05353785853744856,,,,
400.0,MCIG GUI actual,2.08,0.05448651525869059,,,,
400.0,MCIG GUI actual,2.228,0.05671260341055162,,,,
400.0,MCIG GUI actual,2.382,0.057689094523588266,,,,
400.0,MCIG GUI actual,2.541,0.0592613735152637,,,,
400.0,MCIG GUI actual,2.704,0.06002915121743729,,,,
400.0,MCIG GUI actual,2.873,0.06119521686154142,,,,
400.0,MCIG GUI actual,3.047,0.06183754360263373,,,,
400.0,MCIG GUI actual,3.227,0.06292644932514026,,,,
400.0,MCIG GUI actual,3.411,0.06366312415170271,,,,
400.0,MCIG GUI actual,3.6,0.06424945283257616,,,,
400.0,MCIG GUI actual,3.795,0.06463015908753558,,,,
400.0,MCIG GUI actual,3.995,0.0653179075241312,,,,
400.0,MCIG GUI actual,4.199,0.06582751160596413,,,,
400.0,MCIG GUI actual,4.409,0.06596471525708111,,,,
400.0,MCIG GUI actual,4.624,0.06622494815145102,,,,
400.0,MCIG GUI actual,4.845,0.06645951640643678,,,,
400.0,MCIG GUI actual,5.07,0.06631437518929778,,,,
400.0,MCIG GUI actual,5.3,0.06625243655588264,,,,
400.0,MCIG GUI actual,5.536,0.06648552858527654,,,,
400.0,MCIG GUI actual,5.776,0.06587088454144077,,,,
400.0,MCIG GUI actual,6.022,0.06584542999975733,,,,
400.0,MCIG GUI actual,6.273,0.06526752238691616,,,,
400.0,MCIG GUI actual,6.529,0.06499147665043757,,,,
400.0,MCIG GUI actual,6.79,0.06458917477278653,,,,
400.0,MCIG GUI actual,7.056,0.06381266053341023,,,,
400.0,MCIG GUI actual,7.328,0.06343917977350645,,,,
400.0,MCIG GUI actual,7.604,0.062380845544864366,,,,
400.0,MCIG GUI actual,7.886,0.061710051639898164,,,,
400.0,MCIG GUI actual,8.173,0.060927447176883275,,,,
400.0,MCIG GUI actual,8.464,0.059925297618359616,,,,
400.0,MCIG GUI actual,8.761,0.05923896182690882,,,,
400.0,MCIG GUI actual,9.063,0.05824324676958011,,,,
400.0,MCIG GUI actual,9.371,0.05701437070910446,,,,
400.0,MCIG GUI actual,9.683,0.05581785939513954,,,,
400.0,MCIG GUI actual,10.0,0.054510489869127446,,,,
400.0,MCIG GUI actual,10.32,0.05333578131675371,,,,
400.0,MCIG GUI actual,10.65,0.05221062590891769,,,,
400.0,MCIG GUI actual,10.98,0.050919062873830676,,,,
400.0,MCIG GUI actual,11.32,0.04956822037376156,,,,
400.0,MCIG GUI actual,11.66,0.048060161426080515,,,,
400.0,MCIG GUI actual,12.01,0.04657196299907638,,,,
400.0,MCIG GUI actual,12.37,0.04454245551751479,,,,
400.0,MCIG GUI actual,12.72,0.04313521064685359,,,,
400.0,MCIG GUI actual,13.09,0.04142435757497507,,,,
400.0,MCIG GUI actual,13.46,0.03966493989991107,,,,
400.0,MCIG GUI actual,13.83,0.03808285068671187,,,,
400.0,MCIG GUI actual,14.21,0.036241863917569936,,,,
400.0,MCIG GUI actual,14.59,0.03447832745238614,,,,
400.0,MCIG GUI actual,14.98,0.032827805820849106,,,,
400.0,MCIG GUI actual,15.38,0.031110867888805762,,,,
400.0,MCIG GUI actual,15.78,0.029580574174582593,,,,
400.0,MCIG GUI actual,16.18,0.027868624948283155,,,,
400.0,MCIG GUI actual,16.59,0.026252942945430187,,,,
400.0,MCIG GUI actual,17.0,0.024785450490880132,,,,
400.0,MCIG GUI actual,17.42,0.023310837661400848,,,,
400.0,MCIG GUI actual,17.85,0.0217453482662869,,,,
400.0,MCIG GUI actual,18.28,0.02035101523215127,,,,
400.0,MCIG GUI actual,18.71,0.018968146478024143,,,,
400.0,MCIG GUI actual,19.15,0.017594740215046915,,,,
400.0,MCIG GUI actual,19.6,0.016363140181599477,,,,
400.0,MCIG GUI actual,20.05,0.015290279625041014,,,,
400.0,MCIG GUI actual,20.51,0.014167582332971763,,,,
400.0,MCIG GUI actual,20.97,0.013077206805506466,,,,
400.0,MCIG GUI actual,21.43,0.012098144217618527,,,,
400.0,MCIG GUI actual,21.9,0.011161661411750417,,,,
400.0,MCIG GUI actual,22.38,0.010395791594404515,,,,
400.0,MCIG GUI actual,22.86,0.009546574874200292,,,,
400.0,MCIG GUI actual,23.35,0.008729709897783752,,,,
400.0,MCIG GUI actual,23.84,0.008045925877469667,,,,
400.0,MCIG GUI actual,24.34,0.007341446215719532,,,,
400.0,MCIG GUI actual,24.84,0.0067904543508741,,,,
400.0,MCIG GUI actual,25.35,0.00622186282391522,,,,
400.0,MCIG GUI actual,25.86,0.005724734233074705,,,,
400.0,MCIG GUI actual,26.37,0.005226286849643314,,,,
400.0,MCIG GUI actual,26.9,0.004777610663751037,,,,
400.0,MCIG GUI actual,27.42,0.004393482622503556,,,,
400.0,MCIG GUI actual,27.96,0.003988856079324964,,,,
400.0,MCIG GUI actual,28.49,0.0036231579490184625,,,,
400.0,MCIG GUI actual,29.04,0.0033207669898976996,,,,
400.0,MCIG GUI actual,29.58,0.003000739837331948,,,,
400.0,MCIG GUI actual,30.14,0.002740719589469078,,,,
400.0,MCIG GUI actual,30.7,0.002508906159914884,,,,
400.0,MCIG GUI actual,31.26,0.0022650920398920183,,,,
400.0,MCIG GUI actual,31.83,0.002067810334813732,,,,
400.0,MCIG GUI actual,32.4,0.0018679986215591026,,,,
400.0,MCIG GUI actual,32.98,0.0016841538007461227,,,,
400.0,MCIG GUI actual,33.56,0.0015362212490463618,,,,
400.0,MCIG GUI actual,34.15,0.001357513856628355,,,,
400.0,MCIG GUI actual,34.75,0.0012132245174823497,,,,
400.0,MCIG GUI actual,35.34,0.0011214643272409396,,,,
400.0,MCIG GUI actual,35.95,0.0010198143009575718,,,,
400.0,MCIG GUI actual,36.56,0.0009184397653027727,,,,
400.0,MCIG GUI actual,37.17,0.0008027891965864107,,,,
400.0,MCIG GUI actual,37.79,0.0007307673108130182,,,,
400.0,MCIG GUI actual,38.42,0.0006645572182569218,,,,
400.0,MCIG GUI actual,39.05,0.0005944550579725791,,,,
400.0,MCIG GUI actual,39.68,0.0005301510684796235,,,,
400.0,MCIG GUI actual,40.32,0.000471391261629748,,,,
400.0,MCIG GUI actual,40.97,0.00042003066019681616,,,,
400.0,MCIG GUI actual,41.62,0.0003782526052709324,,,,
400.0,MCIG GUI actual,42.27,0.00033347152742190997,,,,
400.0,MCIG GUI actual,42.93,0.0002976875715265789,,,,
400.0,MCIG GUI actual,43.6,0.0002557329671376161,,,,
400.0,MCIG GUI actual,44.27,0.00024526765412814295,,,,
400.0,MCIG GUI actual,44.94,0.00021599663938583612,,,,
400.0,MCIG GUI actual,45.63,0.0001903098721051473,,,,
400.0,MCIG GUI actual,46.31,0.00016452815999233212,,,,
400.0,MCIG GUI actual,47.0,0.00014522262944474963,,,,
400.0,MCIG GUI actual,47.7,0.00013786686097489557,,,,
400.0,MCIG GUI actual,48.4,0.00011806547709999542,,,,
400.0,MCIG GUI actual,49.11,0.0001000483451632142,,,,
400.0,MCIG GUI actual,49.82,9.52350024730471e-05,,,,
400.0,MCIG GUI actual,50.54,7.858786353277309e-05,,,,
400.0,MCIG GUI actual,51.26,7.250843210251729e-05,,,,
400.0,MCIG GUI actual,51.98,6.28158675811251e-05,,,,
400.0,MCIG GUI actual,52.72,5.845235112555808e-05,,,,
400.0,MCIG GUI actual,53.45,5.11174089097793e-05,,,,
400.0,MCIG GUI actual,54.2,4.794600710461642e-05,,,,
400.0,MCIG GUI actual,54.94,4.1776659963877446e-05,,,,
400.0,MCIG GUI actual,55.7,3.543399520331841e-05,,,,
400.0,MCIG GUI actual,56.45,3.14190365527989e-05,,,,
400.0,MCIG GUI actual,57.22,2.8154340687200065e-05,,,,
400.0,MCIG GUI actual,57.99,2.7322672919192736e-05,,,,
400.0,MCIG GUI actual,58.76,2.2843412754543138e-05,,,,
400.0,MCIG GUI actual,59.54,2.0377848529676615e-05,,,,
400.0,MCIG GUI actual,60.32,1.5601420747249075e-05,,,,
400.0,MCIG GUI actual,61.11,1.324617498608202e-05,,,,
400.0,MCIG GUI actual,61.9,1.3041191278840085e-05,,,,
400.0,MCIG GUI actual,62.7,1.2631068452194962e-05,,,,
400.0,MCIG GUI actual,63.5,9.993956016673851e-06,,,,
400.0,MCIG GUI actual,64.31,8.214569924679798e-06,,,,
400.0,MCIG GUI actual,65.13,7.682136492444846e-06,,,,
400.0,MCIG GUI actual,65.95,6.783319724337641e-06,,,,
400.0,MCIG GUI actual,66.77,6.169994875195151e-06,,,,
400.0,MCIG GUI actual,67.6,4.980640251748122e-06,,,,
400.0,MCIG GUI actual,68.43,4.529906632610713e-06,,,,
400.0,MCIG GUI actual,69.27,3.2438057148714054e-06,,,,
400.0,MCIG GUI actual,70.12,3.5435103223519392e-06,,,,
400.0,MCIG GUI actual,70.97,4.090288916413945e-06,,,,
400.0,MCIG GUI actual,71.82,2.388686432658655e-06,,,,
400.0,MCIG GUI actual,72.68,2.27429382059807e-06,,,,
400.0,MCIG GUI actual,73.55,2.276287029851923e-06,,,,
400.0,MCIG GUI actual,74.42,2.2654681345227586e-06,,,,
400.0,MCIG GUI actual,75.3,1.6125320198724753e-06,,,,
400.0,MCIG GUI actual,76.18,1.5453783316744486e-06,,,,
400.0,MCIG GUI actual,77.06,1.360268014737981e-06,,,,
400.0,MCIG GUI actual,77.95,7.753100008146908e-07,,,,
400.0,MCIG GUI actual,78.85,9.180276882099192e-07,,,,
400.0,MCIG GUI actual,79.75,9.971979399935758e-07,,,,
400.0,MCIG GUI actual,80.66,6.621769736699117e-07,,,,
400.0,MCIG GUI actual,81.57,6.235417612078791e-07,,,,
400.0,MCIG GUI actual,82.48,5.21756229652362e-07,,,,
400.0,MCIG GUI actual,83.41,3.476953901899337e-07,,,,
400.0,MCIG GUI actual,84.33,4.819698043931507e-07,,,,
400.0,MCIG GUI actual,85.26,1.727870843259351e-07,,,,
400.0,MCIG GUI actual,86.2,2.2186003188047932e-07,,,,
400.0,MCIG GUI actual,87.14,3.4408895280449333e-07,,,,
400.0,MCIG GUI actual,88.09,2.496776519719447e-07,,,,
400.0,MCIG GUI actual,89.04,2.456887336377837e-07,,,,
400.0,MCIG GUI actual,90.0,4.336045882076818e-08,,,,
400.0,MCIG GUI actual,90.96,1.6205504994222423e-07,,,,
400.0,MCIG GUI actual,91.93,8.060121443706968e-08,,,,
400.0,MCIG GUI actual,92.9,1.202642190196069e-07,,,,
400.0,MCIG GUI actual,93.88,1.2221467001300276e-07,,,,
400.0,MCIG GUI actual,94.86,1.1901333583834247e-07,,,,
400.0,MCIG GUI actual,95.85,3.946735606352762e-08,,,,
400.0,MCIG GUI actual,96.85,3.926525810330627e-08,,,,
400.0,MCIG GUI actual,97.84,0.0,,,,
400.0,MCIG GUI actual,98.85,7.773146468034046e-08,,,,
400.0,MCIG GUI actual,99.86,0.0,,,,
400.0,MCIG GUI actual,100.9,7.695823833188061e-08,,,,
400.0,"internal MC fixed warmup HP (768, warmup 600 + production 1200)",0.25,0.016552175774306545,7909.0,,3919.847333723532,0.0159722251510039
400.0,"internal MC fixed warmup HP (768, warmup 600 + production 1200)",0.75,0.02856039293739163,13429.0,,6707.801407715823,0.0122098380018717
400.0,"internal MC fixed warmup HP (768, warmup 600 + production 1200)",1.25,0.03804365415202182,17949.0,,9132.264874019624,0.0104643136958865
400.0,"internal MC fixed warmup HP (768, warmup 600 + production 1200)",1.75,0.04428311431257173,20684.0,,10436.310077024127,0.0097887336808686
400.0,"internal MC fixed warmup HP (768, warmup 600 + production 1200)",2.25,0.04935812069751709,23397.0,,11645.740030709356,0.0092665154562147
400.0,"internal MC fixed warmup HP (768, warmup 600 + production 1200)",2.75,0.05323998254832921,24893.0,,12386.06078269281,0.0089853168554868
400.0,"internal MC fixed warmup HP (768, warmup 600 + production 1200)",3.25,0.05685453034943402,26699.0,,13389.397059687806,0.0086421040262076
400.0,"internal MC fixed warmup HP (768, warmup 600 + production 1200)",3.75,0.05802384794238989,27018.0,,13406.059366205762,0.0086367317481392
400.0,"internal MC fixed warmup HP (768, warmup 600 + production 1200)",4.25,0.06031702824340357,28463.0,,14162.875577622028,0.0084028049011007
400.0,"internal MC fixed warmup HP (768, warmup 600 + production 1200)",4.75,0.06141346131842773,28655.0,,14418.045345252449,0.0083281167815929
400.0,"internal MC fixed warmup HP (768, warmup 600 + production 1200)",5.25,0.061406984761922606,28629.0,,14340.968793302756,0.008350466817959
400.0,"internal MC fixed warmup HP (768, warmup 600 + production 1200)",5.75,0.061497257662623185,28875.0,,14700.275474486483,0.0082477837080376
400.0,"internal MC fixed warmup HP (768, warmup 600 + production 1200)",6.25,0.06157041652283199,28512.0,,14211.471234063554,0.00838842604167
400.0,"internal MC fixed warmup HP (768, warmup 600 + production 1200)",6.75,0.06142257564178046,28770.0,,14447.815111586237,0.0083195323024335
400.0,"internal MC fixed warmup HP (768, warmup 600 + production 1200)",7.25,0.06189855263354375,28213.0,,14241.786784624845,0.0083794933413832
400.0,"internal MC fixed warmup HP (768, warmup 600 + production 1200)",7.75,0.060070986014100866,27871.0,,13930.481398880776,0.0084726045697778
400.0,"internal MC fixed warmup HP (768, warmup 600 + production 1200)",8.25,0.059798372357689505,27684.0,,13996.766454658606,0.0084525187323183
400.0,"internal MC fixed warmup HP (768, warmup 600 + production 1200)",8.75,0.0585345458448759,27057.0,,13620.86178734918,0.0085683600362276
400.0,"internal MC fixed warmup HP (768, warmup 600 + production 1200)",9.25,0.05737641803280728,26589.0,,13228.748985792654,0.0086944199263854
400.0,"internal MC fixed warmup HP (768, warmup 600 + production 1200)",9.75,0.05594429463558535,26105.0,,13096.245357903465,0.0087382929144598
400.0,"internal MC fixed warmup HP (768, warmup 600 + production 1200)",10.25,0.05615209979026067,25708.0,,12787.82249292466,0.0088430422583535
400.0,"internal MC fixed warmup HP (768, warmup 600 + production 1200)",10.75,0.05335881040090164,24752.0,,12228.48171082842,0.0090430249864372
400.0,"internal MC fixed warmup HP (768, warmup 600 + production 1200)",11.25,0.051772636630498574,24149.0,,12159.42190170426,0.0090686686956279
400.0,"internal MC fixed warmup HP (768, warmup 600 + production 1200)",11.75,0.049435342662122655,23000.0,,11476.959289641816,0.009334403696576
400.0,"internal MC fixed warmup HP (768, warmup 600 + production 1200)",12.25,0.04802509804207115,22265.0,,11085.101005918465,0.0094979564221161
400.0,"internal MC fixed warmup HP (768, warmup 600 + production 1200)",12.75,0.04553662380743648,20766.0,,10340.38225027164,0.009834033949457
400.0,"internal MC fixed warmup HP (768, warmup 600 + production 1200)",13.25,0.04354010624451437,19889.0,,9908.138895906046,0.0100462494364171
400.0,"internal MC fixed warmup HP (768, warmup 600 + production 1200)",13.75,0.040609217776779595,18639.0,,9207.509636862684,0.0104214682312238
400.0,"internal MC fixed warmup HP (768, warmup 600 + production 1200)",14.25,0.039398695020657286,17775.0,,8978.078921113132,0.0105537861685939
400.0,"internal MC fixed warmup HP (768, warmup 600 + production 1200)",14.75,0.03641655645607576,16575.0,,8290.751005779162,0.010982546831851
400.0,"internal MC fixed warmup HP (768, warmup 600 + production 1200)",15.25,0.033851404231449576,15354.0,,7728.390425729126,0.0113751065429938
400.0,"internal MC fixed warmup HP (768, warmup 600 + production 1200)",15.75,0.03192351770883093,14468.0,,7275.515942100904,0.0117237919176445
400.0,"internal MC fixed warmup HP (768, warmup 600 + production 1200)",16.25,0.030308081759355905,13760.0,,6838.541022145375,0.0120925605807076
400.0,"internal MC fixed warmup HP (768, warmup 600 + production 1200)",16.75,0.028103247880396243,12755.0,,6353.739912395896,0.0125454222544259
400.0,"internal MC fixed warmup HP (768, warmup 600 + production 1200)",17.25,0.026521847981778524,12092.0,,5968.042195455556,0.0129444635665258
400.0,"internal MC fixed warmup HP (768, warmup 600 + production 1200)",17.75,0.024991305564193378,11074.0,,5529.893684761515,0.0134475017379612
400.0,"internal MC fixed warmup HP (768, warmup 600 + production 1200)",18.25,0.02316783476280837,10219.0,,5149.978860641624,0.0139346888849279
400.0,"internal MC fixed warmup HP (768, warmup 600 + production 1200)",18.75,0.021514664859223643,9553.0,,4785.028551578997,0.0144563193410702
400.0,"internal MC fixed warmup HP (768, warmup 600 + production 1200)",19.25,0.01965160595272163,8710.0,,4345.029659792479,0.0151706303825586
400.0,"internal MC fixed warmup HP (768, warmup 600 + production 1200)",19.75,0.01806410575365294,7997.0,,4000.529262748121,0.0158103423572838
400.0,"internal MC fixed warmup HP (768, warmup 600 + production 1200)",20.25,0.017059913014923333,7534.0,,3757.084739101139,0.0163145276677084
400.0,"internal MC fixed warmup HP (768, warmup 600 + production 1200)",20.75,0.0154397976868633,6809.0,,3406.681941447804,0.0171330312025805
400.0,"internal MC fixed warmup HP (768, warmup 600 + production 1200)",21.25,0.0143261658841301,6242.0,,3123.177961136227,0.0178937610810908
400.0,"internal MC fixed warmup HP (768, warmup 600 + production 1200)",21.75,0.013919208090118672,5950.0,,2913.2142271509765,0.0185273706068072
400.0,"internal MC fixed warmup HP (768, warmup 600 + production 1200)",22.25,0.012724084574040244,5634.0,,2751.241644533661,0.0190649482908343
400.0,"internal MC fixed warmup HP (768, warmup 600 + production 1200)",22.75,0.010991381608820459,4898.0,,2419.0911474156296,0.0203317089403875
400.0,"internal MC fixed warmup HP (768, warmup 600 + production 1200)",23.25,0.01082138251563953,4690.0,,2343.8842464011022,0.0206553196357475
400.0,"internal MC fixed warmup HP (768, warmup 600 + production 1200)",23.75,0.009907592542024796,4300.0,,2119.6142425723674,0.0217205883785996
400.0,"internal MC fixed warmup HP (768, warmup 600 + production 1200)",24.25,0.009338844501148155,3979.0,,2021.8023471661656,0.0222397884491362
400.0,"internal MC fixed warmup HP (768, warmup 600 + production 1200)",24.75,0.008264515758369383,3592.0,,1829.1965720508192,0.0233813622532883
400.0,"internal MC fixed warmup HP (768, warmup 600 + production 1200)",25.25,0.0076562039463784455,3371.0,,1716.2978247409562,0.0241381328926434
400.0,"internal MC fixed warmup HP (768, warmup 600 + production 1200)",25.75,0.007233543093427462,3063.0,,1532.8812409972802,0.0255414615587274
400.0,"internal MC fixed warmup HP (768, warmup 600 + production 1200)",26.25,0.006529245858253934,2763.0,,1397.866712709717,0.0267465098133596
400.0,"internal MC fixed warmup HP (768, warmup 600 + production 1200)",26.75,0.005930280794002257,2549.0,,1295.5422171293735,0.0277826850156728
400.0,"internal MC fixed warmup HP (768, warmup 600 + production 1200)",27.25,0.005525353256298203,2357.0,,1153.1149684549569,0.0294485350464949
400.0,"internal MC fixed warmup HP (768, warmup 600 + production 1200)",27.75,0.005197619020639659,2227.0,,1144.987282508259,0.0295528703502981
400.0,"internal MC fixed warmup HP (768, warmup 600 + production 1200)",28.25,0.004891215735035673,2098.0,,1042.316255720964,0.0309742104309916
400.0,"internal MC fixed warmup HP (768, warmup 600 + production 1200)",28.75,0.004622647841453523,1920.0,,930.0237766660676,0.0327908726211088
400.0,"internal MC fixed warmup HP (768, warmup 600 + production 1200)",29.25,0.003794873928440198,1667.0,,828.8836793111795,0.0347338725001588
400.0,"internal MC fixed warmup HP (768, warmup 600 + production 1200)",29.75,0.0037382600916679486,1576.0,,789.9235931881665,0.0355801239998712
400.0,"internal MC fixed warmup HP (768, warmup 600 + production 1200)",30.25,0.003484216309372767,1469.0,,682.0380053125384,0.0382909121634836
400.0,"internal MC fixed warmup HP (768, warmup 600 + production 1200)",30.75,0.0031222614717013467,1313.0,,623.8785165517514,0.0400359358393208
400.0,"internal MC fixed warmup HP (768, warmup 600 + production 1200)",31.25,0.002756532103925153,1162.0,,595.5904375158743,0.0409756773886319
400.0,"internal MC fixed warmup HP (768, warmup 600 + production 1200)",31.75,0.002538163749653291,1063.0,,520.2406087364195,0.0438427589164741
400.0,"internal MC fixed warmup HP (768, warmup 600 + production 1200)",32.25,0.0023410508859730106,983.0,,497.2033451779283,0.0448469568806737
400.0,"internal MC fixed warmup HP (768, warmup 600 + production 1200)",32.75,0.0021904115574824935,884.0,,421.814632462713,0.0486899332852223
400.0,"internal MC fixed warmup HP (768, warmup 600 + production 1200)",33.25,0.0019262408913711213,788.0,,392.9653634040485,0.0504455502593382
400.0,"internal MC fixed warmup HP (768, warmup 600 + production 1200)",33.75,0.0017628606465696643,757.0,,347.7206023956996,0.0536271587940425
400.0,"internal MC fixed warmup HP (768, warmup 600 + production 1200)",34.25,0.0016869484741476321,693.0,,335.32480125326737,0.0546093694642108
400.0,"internal MC fixed warmup HP (768, warmup 600 + production 1200)",34.75,0.0016855328479782855,714.0,,332.88744565762653,0.0548089259546172
400.0,"internal MC fixed warmup HP (768, warmup 600 + production 1200)",35.25,0.00138906552219179,557.0,,286.6674155813426,0.0590623651719027
400.0,"internal MC fixed warmup HP (768, warmup 600 + production 1200)",35.75,0.0014099185555150504,575.0,,290.0026149560804,0.0587217572023843
400.0,"internal MC fixed warmup HP (768, warmup 600 + production 1200)",36.25,0.0012738411501560765,527.0,,279.2914429364741,0.0598371892521103
400.0,"internal MC fixed warmup HP (768, warmup 600 + production 1200)",36.75,0.0011753325427735508,514.0,,249.3472490404978,0.0633282824344937
400.0,"internal MC fixed warmup HP (768, warmup 600 + production 1200)",37.25,0.001086700997177554,461.0,,217.3650652794596,0.0678273933282819
400.0,"internal MC fixed warmup HP (768, warmup 600 + production 1200)",37.75,0.0009915896771326151,391.0,,198.959679719832,0.0708953030719175
400.0,"internal MC fixed warmup HP (768, warmup 600 + production 1200)",38.25,0.0009224642166552137,413.0,,201.89021271165652,0.0703788825839944
400.0,"internal MC fixed warmup HP (768, warmup 600 + production 1200)",38.75,0.0007800459639777657,342.0,,178.02333874067153,0.0749482555833855
400.0,"internal MC fixed warmup HP (768, warmup 600 + production 1200)",39.25,0.0007767230308256154,345.0,,177.25185621185065,0.0751111833271794
400.0,"internal MC fixed warmup HP (768, warmup 600 + production 1200)",39.75,0.0006905982479533967,283.0,,135.34139608129198,0.0859576777489591
400.0,"internal MC fixed warmup HP (768, warmup 600 + production 1200)",40.25,0.0006687081230987642,282.0,,145.9228318769525,0.0827824690386432
400.0,"internal MC fixed warmup HP (768, warmup 600 + production 1200)",40.75,0.0005036000238260068,212.0,,102.39386310561488,0.0988241382200363
400.0,"internal MC fixed warmup HP (768, warmup 600 + production 1200)",41.25,0.0005477526128841152,213.0,,112.8932260736111,0.0941165628115806
400.0,"internal MC fixed warmup HP (768, warmup 600 + production 1200)",41.75,0.00045281067203312706,186.0,,84.46828180288155,0.1088060814645428
400.0,"internal MC fixed warmup HP (768, warmup 600 + production 1200)",42.25,0.0004349925638592001,175.0,,92.88181859983536,0.1037611185724663
400.0,"internal MC fixed warmup HP (768, warmup 600 + production 1200)",42.75,0.0004504845957206423,170.0,,83.42485050774691,0.1094844097745764
400.0,"internal MC fixed warmup HP (768, warmup 600 + production 1200)",43.25,0.000356027165056322,155.0,,71.40515296480962,0.118340996802746
400.0,"internal MC fixed warmup HP (768, warmup 600 + production 1200)",43.75,0.0004185780405779257,174.0,,80.74828192670196,0.1112841606871417
400.0,"internal MC fixed warmup HP (768, warmup 600 + production 1200)",44.25,0.00046602664094530933,181.0,,87.48316720931264,0.1069147811117876
400.0,"internal MC fixed warmup HP (768, warmup 600 + production 1200)",44.75,0.00028960188992962273,121.0,,51.90481073469843,0.1388021502756709
400.0,"internal MC fixed warmup HP (768, warmup 600 + production 1200)",45.25,0.0002445193247448721,125.0,,65.5729156603578,0.1234916952848639
400.0,"internal MC fixed warmup HP (768, warmup 600 + production 1200)",45.75,0.0002348568658867008,107.0,,50.21102953883441,0.1411238567884809
400.0,"internal MC fixed warmup HP (768, warmup 600 + production 1200)",46.25,0.00024771797484225965,92.0,,57.32625891045015,0.1320757846881884
400.0,"internal MC fixed warmup HP (768, warmup 600 + production 1200)",46.75,0.00018417223782769642,86.0,,43.33347602303503,0.1519106549540708
400.0,"internal MC fixed warmup HP (768, warmup 600 + production 1200)",47.25,0.00017242422821452244,74.0,,39.31479917835862,0.1594857808978026
400.0,"internal MC fixed warmup HP (768, warmup 600 + production 1200)",47.75,0.00016701545532336897,64.0,,29.21790719259128,0.1850015842062033
400.0,"internal MC fixed warmup HP (768, warmup 600 + production 1200)",48.25,0.00016517611223868471,59.0,,31.16401157083501,0.1791320605221366
400.0,"internal MC fixed warmup HP (768, warmup 600 + production 1200)",48.75,0.0001660438514157115,68.0,,37.83639435181909,0.1625717678375674
400.0,"internal MC fixed warmup HP (768, warmup 600 + production 1200)",49.25,0.000130732630956824,66.0,,36.22359987742772,0.1661514730616849
400.0,"internal MC fixed warmup HP (768, warmup 600 + production 1200)",49.75,0.0001405823577748916,70.0,,33.44908988946413,0.1729051174376156
400.0,"internal MC fixed warmup HP (768, warmup 600 + production 1200)",50.25,0.00015511563405752523,66.0,,28.764658401181062,0.1864534353702887
400.0,"internal MC fixed warmup HP (768, warmup 600 + production 1200)",50.75,0.00014699712618111062,47.0,,22.788601375051247,0.2094793242064135
400.0,"internal MC fixed warmup HP (768, warmup 600 + production 1200)",51.25,8.801140871990499e-05,35.0,,17.63229648774903,0.2381472440631619
400.0,"internal MC fixed warmup HP (768, warmup 600 + production 1200)",51.75,0.00010488802330386932,34.0,,18.573630415094737,0.2320339857848322
400.0,"internal MC fixed warmup HP (768, warmup 600 + production 1200)",52.25,7.645977162901961e-05,35.0,,13.719088259522367,0.2699835943892765
400.0,"internal MC fixed warmup HP (768, warmup 600 + production 1200)",52.75,8.91064584387767e-05,35.0,,19.189482351111455,0.2282802661632822
400.0,"internal MC fixed warmup HP (768, warmup 600 + production 1200)",53.25,7.435950248736091e-05,31.0,,14.614161572623278,0.2615851270859924
400.0,"internal MC fixed warmup HP (768, warmup 600 + production 1200)",53.75,6.612497252343573e-05,29.0,,17.938394107513933,0.2361066500613073
400.0,"internal MC fixed warmup HP (768, warmup 600 + production 1200)",54.25,4.4678703557497446e-05,23.0,,11.862122063023456,0.2903479778220749
400.0,"internal MC fixed warmup HP (768, warmup 600 + production 1200)",54.75,8.920717144889469e-05,29.0,,16.32966636438065,0.2474636100296145
400.0,"internal MC fixed warmup HP (768, warmup 600 + production 1200)",55.25,4.8649515512258154e-05,25.0,,13.292735211547509,0.2742791678131103
400.0,"internal MC fixed warmup HP (768, warmup 600 + production 1200)",55.75,2.8281766542561382e-05,15.0,,8.185525681100874,0.3495237669688107
400.0,"internal MC fixed warmup HP (768, warmup 600 + production 1200)",56.25,4.75444715802323e-05,23.0,,10.229914251319286,0.3126540100886049
400.0,"internal MC fixed warmup HP (768, warmup 600 + production 1200)",56.75,5.95015004085605e-05,18.0,,9.249590413716469,0.3288052543735798
400.0,"internal MC fixed warmup HP (768, warmup 600 + production 1200)",57.25,2.998489774330951e-05,13.0,,7.501638706708284,0.3651084868002071
400.0,"internal MC fixed warmup HP (768, warmup 600 + production 1200)",57.75,2.059678640418216e-05,6.0,,3.73086456961202,0.5177203758439015
400.0,"internal MC fixed warmup HP (768, warmup 600 + production 1200)",58.25,3.616064301367775e-05,11.0,,5.874302671072026,0.412592985444982
400.0,"internal MC fixed warmup HP (768, warmup 600 + production 1200)",58.75,4.127891289776837e-05,18.0,,8.432301455947185,0.3443712903389721
400.0,"internal MC fixed warmup HP (768, warmup 600 + production 1200)",59.25,1.0674248019625516e-05,9.0,,4.391689356530102,0.4771821542940469
400.0,"internal MC fixed warmup HP (768, warmup 600 + production 1200)",59.75,1.656862754066681e-05,7.0,,4.996782274626311,0.4473575660457073
400.0,"internal MC fixed warmup HP (768, warmup 600 + production 1200)",60.25,8.369693426401008e-06,5.0,,2.415349768002162,0.6434428583869825
400.0,"internal MC fixed warmup HP (768, warmup 600 + production 1200)",60.75,2.2231303094766226e-05,6.0,,5.286496651435106,0.4349266495281539
400.0,"internal MC fixed warmup HP (768, warmup 600 + production 1200)",61.25,6.399934548054246e-06,5.0,,2.5540209556521587,0.6257311447882457
400.0,"internal MC fixed warmup HP (768, warmup 600 + production 1200)",61.75,5.824715755490625e-06,4.0,,2.250301752747923,0.6666219670518901
400.0,"internal MC fixed warmup HP (768, warmup 600 + production 1200)",62.25,2.4292341752427587e-06,1.0,,1.0,1.0
400.0,"internal MC fixed warmup HP (768, warmup 600 + production 1200)",62.75,1.9279660539256216e-05,5.0,,3.274138326068387,0.5526516719140522
400.0,"internal MC fixed warmup HP (768, warmup 600 + production 1200)",63.25,1.3565372453532884e-05,6.0,,4.197356669187602,0.4881036582013911
400.0,"internal MC fixed warmup HP (768, warmup 600 + production 1200)",63.75,1.941749162528919e-06,3.0,,2.1773841643640344,0.6776921732773008
400.0,"internal MC fixed warmup HP (768, warmup 600 + production 1200)",64.25,0.0,0.0,,0.0,
400.0,"internal MC fixed warmup HP (768, warmup 600 + production 1200)",64.75,1.7747964993258005e-05,3.0,,1.9267437324751608,0.7204237514716054
400.0,"internal MC fixed warmup HP (768, warmup 600 + production 1200)",65.25,0.0,0.0,,0.0,
400.0,"internal MC fixed warmup HP (768, warmup 600 + production 1200)",65.75,0.0,0.0,,0.0,
400.0,"internal MC fixed warmup HP (768, warmup 600 + production 1200)",66.25,2.4813804002716987e-06,2.0,,1.0549120956333684,0.9736253299138584
400.0,"internal MC fixed warmup HP (768, warmup 600 + production 1200)",66.75,2.1618770952864305e-05,6.0,,2.1359157588875384,0.6842391822728128
400.0,"internal MC fixed warmup HP (768, warmup 600 + production 1200)",67.25,8.115670496721788e-06,4.0,,2.2402719944310454,0.6681125428670361
400.0,"internal MC fixed warmup HP (768, warmup 600 + production 1200)",67.75,3.4099558431812477e-06,3.0,,1.9631780170129296,0.7137073328150237
400.0,"internal MC fixed warmup HP (768, warmup 600 + production 1200)",68.25,0.0,0.0,,0.0,
400.0,"internal MC fixed warmup HP (768, warmup 600 + production 1200)",68.75,0.0,0.0,,0.0,
400.0,"internal MC fixed warmup HP (768, warmup 600 + production 1200)",69.25,0.0,0.0,,0.0,
400.0,"internal MC fixed warmup HP (768, warmup 600 + production 1200)",69.75,0.0,0.0,,0.0,
400.0,"internal MC fixed warmup HP (768, warmup 600 + production 1200)",70.25,0.0,0.0,,0.0,
400.0,"internal MC fixed warmup HP (768, warmup 600 + production 1200)",70.75,0.0,0.0,,0.0,
400.0,"internal MC fixed warmup HP (768, warmup 600 + production 1200)",71.25,0.0,0.0,,0.0,
400.0,"internal MC fixed warmup HP (768, warmup 600 + production 1200)",71.75,0.0,0.0,,0.0,
400.0,"internal MC fixed warmup HP (768, warmup 600 + production 1200)",72.25,0.0,0.0,,0.0,
400.0,"internal MC fixed warmup HP (768, warmup 600 + production 1200)",72.75,8.726636689123397e-06,1.0,,1.0,1.0
400.0,"internal MC fixed warmup HP (768, warmup 600 + production 1200)",73.25,0.0,0.0,,0.0,
400.0,"internal MC fixed warmup HP (768, warmup 600 + production 1200)",73.75,1.4166809056844674e-06,1.0,,1.0,1.0
400.0,"internal MC fixed warmup HP (768, warmup 600 + production 1200)",74.25,0.0,0.0,,0.0,
400.0,"internal MC fixed warmup HP (768, warmup 600 + production 1200)",74.75,1.922920060525049e-06,1.0,,1.0,1.0
400.0,"internal MC fixed warmup HP (768, warmup 600 + production 1200)",75.25,0.0,0.0,,0.0,
400.0,"internal MC fixed warmup HP (768, warmup 600 + production 1200)",75.75,0.0,0.0,,0.0,
400.0,"internal MC fixed warmup HP (768, warmup 600 + production 1200)",76.25,2.448480997517703e-06,1.0,,1.0,1.0
400.0,"internal MC fixed warmup HP (768, warmup 600 + production 1200)",76.75,0.0,0.0,,0.0,
400.0,"internal MC fixed warmup HP (768, warmup 600 + production 1200)",77.25,0.0,0.0,,0.0,
400.0,"internal MC fixed warmup HP (768, warmup 600 + production 1200)",77.75,0.0,0.0,,0.0,
400.0,"internal MC fixed warmup HP (768, warmup 600 + production 1200)",78.25,0.0,0.0,,0.0,
400.0,"internal MC fixed warmup HP (768, warmup 600 + production 1200)",78.75,0.0,0.0,,0.0,
400.0,"internal MC fixed warmup HP (768, warmup 600 + production 1200)",79.25,0.0,0.0,,0.0,
400.0,"internal MC fixed warmup HP (768, warmup 600 + production 1200)",79.75,0.0,0.0,,0.0,
400.0,"internal MC fixed warmup HP (768, warmup 600 + production 1200)",85.0,0.0,0.0,,0.0,
400.0,"internal MC fixed warmup HP (768, warmup 600 + production 1200)",95.0,0.0,0.0,,0.0,
400.0,"internal MC fixed warmup HP (768, warmup 600 + production 1200)",105.0,0.0,0.0,,0.0,
400.0,"internal MC fixed warmup HP (768, warmup 600 + production 1200)",115.0,0.0,0.0,,0.0,
400.0,"internal MC fixed warmup HP (768, warmup 600 + production 1200)",125.0,0.0,0.0,,0.0,
400.0,"internal MC fixed warmup HP (768, warmup 600 + production 1200)",135.0,0.0,0.0,,0.0,
400.0,"internal MC fixed warmup HP (768, warmup 600 + production 1200)",145.0,0.0,0.0,,0.0,
400.0,"internal MC fixed warmup HP (768, warmup 600 + production 1200)",155.0,0.0,0.0,,0.0,
400.0,"internal MC fixed warmup HP (768, warmup 600 + production 1200)",165.0,0.0,0.0,,0.0,
400.0,"internal MC fixed warmup HP (768, warmup 600 + production 1200)",175.0,0.0,0.0,,0.0,
400.0,"internal MC fixed warmup HP (768, warmup 600 + production 1200)",185.0,0.0,0.0,,0.0,
400.0,"internal MC fixed warmup HP (768, warmup 600 + production 1200)",195.0,0.0,0.0,,0.0,
400.0,"internal MC fixed warmup HP (768, warmup 600 + production 1200)",205.0,0.0,0.0,,0.0,
400.0,"internal MC fixed warmup HP (768, warmup 600 + production 1200)",215.0,0.0,0.0,,0.0,
400.0,"internal MC fixed warmup HP (768, warmup 600 + production 1200)",225.0,0.0,0.0,,0.0,
400.0,"internal MC fixed warmup HP (768, warmup 600 + production 1200)",235.0,0.0,0.0,,0.0,
400.0,"internal MC fixed warmup HP (768, warmup 600 + production 1200)",245.0,0.0,0.0,,0.0,
400.0,"internal MC fixed warmup HP (768, warmup 600 + production 1200)",255.0,0.0,0.0,,0.0,
400.0,"internal MC fixed warmup HP (768, warmup 600 + production 1200)",270.0,0.0,0.0,,0.0,
400.0,"internal MC fixed warmup HP (768, warmup 600 + production 1200)",290.0,0.0,0.0,,0.0,
400.0,"internal MC fixed warmup HP (768, warmup 600 + production 1200)",310.0,0.0,0.0,,0.0,
400.0,"internal MC fixed warmup HP (768, warmup 600 + production 1200)",330.0,0.0,0.0,,0.0,
400.0,"internal MC fixed warmup HP (768, warmup 600 + production 1200)",350.0,0.0,0.0,,0.0,
400.0,"internal MC fixed warmup HP (768, warmup 600 + production 1200)",370.0,0.0,0.0,,0.0,
400.0,"internal MC fixed warmup HP (768, warmup 600 + production 1200)",390.0,0.0,0.0,,0.0,
400.0,"internal MC fixed warmup HP (768, warmup 600 + production 1200)",410.0,0.0,0.0,,0.0,
400.0,"internal MC fixed warmup HP (768, warmup 600 + production 1200)",430.0,0.0,0.0,,0.0,
400.0,"internal MC fixed warmup HP (768, warmup 600 + production 1200)",450.0,0.0,0.0,,0.0,
400.0,"internal MC fixed warmup HP (768, warmup 600 + production 1200)",470.0,0.0,0.0,,0.0,
400.0,"internal MC fixed warmup HP (768, warmup 600 + production 1200)",490.0,0.0,0.0,,0.0,
400.0,"internal MC fixed warmup HP (768, warmup 600 + production 1200)",510.0,0.0,0.0,,0.0,
400.0,"internal MC fixed warmup HP (768, warmup 600 + production 1200)",530.0,0.0,0.0,,0.0,
400.0,"internal MC fixed warmup HP (768, warmup 600 + production 1200)",550.0,0.0,0.0,,0.0,
400.0,"internal MC fixed warmup HP (768, warmup 600 + production 1200)",570.0,0.0,0.0,,0.0,
400.0,"internal MC fixed warmup HP (768, warmup 600 + production 1200)",590.0,0.0,0.0,,0.0,
400.0,"internal MC fixed warmup HP (768, warmup 600 + production 1200)",610.0,0.0,0.0,,0.0,
400.0,"internal MC fixed warmup HP (768, warmup 600 + production 1200)",630.0,0.0,0.0,,0.0,
400.0,"internal MC fixed warmup HP (768, warmup 600 + production 1200)",650.0,0.0,0.0,,0.0,
400.0,"internal MC fixed warmup HP (768, warmup 600 + production 1200)",670.0,0.0,0.0,,0.0,
400.0,"internal MC fixed warmup HP (768, warmup 600 + production 1200)",690.0,0.0,0.0,,0.0,
400.0,"internal MC fixed warmup HP (768, warmup 600 + production 1200)",710.0,0.0,0.0,,0.0,
400.0,"internal MC fixed warmup HP (768, warmup 600 + production 1200)",730.0,0.0,0.0,,0.0,
400.0,"internal MC fixed warmup HP (768, warmup 600 + production 1200)",750.0,0.0,0.0,,0.0,
400.0,"internal MC fixed warmup HP (768, warmup 600 + production 1200)",770.0,0.0,0.0,,0.0,
400.0,"internal MC fixed warmup HP (768, warmup 600 + production 1200)",790.0,0.0,0.0,,0.0,
400.0,"internal MC fixed warmup HP (768, warmup 600 + production 1200)",810.0,0.0,0.0,,0.0,
400.0,"internal MC fixed warmup HP (768, warmup 600 + production 1200)",830.0,0.0,0.0,,0.0,
400.0,"internal MC fixed warmup HP (768, warmup 600 + production 1200)",850.0,0.0,0.0,,0.0,
400.0,"internal MC fixed warmup HP (768, warmup 600 + production 1200)",870.0,0.0,0.0,,0.0,
400.0,"internal MC fixed warmup HP (768, warmup 600 + production 1200)",890.0,0.0,0.0,,0.0,
400.0,"internal MC fixed warmup HP (768, warmup 600 + production 1200)",910.0,0.0,0.0,,0.0,
400.0,"internal MC fixed warmup HP (768, warmup 600 + production 1200)",930.0,0.0,0.0,,0.0,
400.0,"internal MC fixed warmup HP (768, warmup 600 + production 1200)",950.0,0.0,0.0,,0.0,
400.0,"internal MC fixed warmup HP (768, warmup 600 + production 1200)",970.0,0.0,0.0,,0.0,
400.0,"internal MC fixed warmup HP (768, warmup 600 + production 1200)",990.0,0.0,0.0,,0.0,
400.0,two_term native SG hold,0.0001,0.0004195572021250009,,,,
400.0,two_term native SG hold,0.0005418591196239,0.0007535496280092017,,,,
400.0,two_term native SG hold,0.0018674364784959,0.0014557734519219032,,,,
400.0,two_term native SG hold,0.0040767320766159,0.002171984907706605,,,,
400.0,two_term native SG hold,0.0071697459139838,0.0028907339299252066,,,,
400.0,two_term native SG hold,0.0111464779905997,0.003610291178457308,,,,
400.0,two_term native SG hold,0.0160069283064636,0.00433011861678731,,,,
400.0,two_term native SG hold,0.0217510968615754,0.005050079978737612,,,,
400.0,two_term native SG hold,0.0283789836559353,0.005770106493949813,,,,
400.0,two_term native SG hold,0.0358905886895431,0.006490159918037815,,,,
400.0,two_term native SG hold,0.0442859119623989,0.007210220292462015,,,,
400.0,two_term native SG hold,0.0535649534745027,0.007930212200194417,,,,
400.0,two_term native SG hold,0.0637277132258544,0.00865017299220342,,,,
400.0,two_term native SG hold,0.0747741912164542,0.00937011651649762,,,,
400.0,two_term native SG hold,0.0867043874463019,0.010090042374412023,,,,
400.0,two_term native SG hold,0.0995183019153976,0.010809856150634223,,,,
400.0,two_term native SG hold,0.1132159346237413,0.011529539096858426,,,,
400.0,two_term native SG hold,0.1277972855713329,0.012249278023804728,,,,
400.0,two_term native SG hold,0.1432623547581726,0.012969008646921229,,,,
400.0,two_term native SG hold,0.1596111421842601,0.013688734579096432,,,,
400.0,two_term native SG hold,0.1768436478495957,0.014408459323522232,,,,
400.0,two_term native SG hold,0.1949598717541793,0.015127688112032533,,,,
400.0,two_term native SG hold,0.2139598138980108,0.015846701682044533,,,,
400.0,two_term native SG hold,0.2338434742810904,0.016565944202648838,,,,
400.0,two_term native SG hold,0.2546108529034179,0.01728519147364234,,,,
400.0,two_term native SG hold,0.2762619497649934,0.01800406737650714,,,,
400.0,two_term native SG hold,0.2987967648658168,0.01872263508367394,,,,
400.0,two_term native SG hold,0.3222152982058883,0.019441290059890343,,,,
400.0,two_term native SG hold,0.3465175497852077,0.020159963944284646,,,,
400.0,two_term native SG hold,0.3717035196037751,0.020877603098217245,,,,
400.0,two_term native SG hold,0.3977732076615904,0.021595072309974848,,,,
400.0,two_term native SG hold,0.4247266139586538,0.02231251316512855,,,,
400.0,two_term native SG hold,0.4525637384949652,0.023029336053046853,,,,
400.0,two_term native SG hold,0.4812845812705245,0.023745514956997452,,,,
400.0,two_term native SG hold,0.5108891422853318,0.024460862030624256,,,,
400.0,two_term native SG hold,0.5413774215393871,0.025174995239579057,,,,
400.0,two_term native SG hold,0.5727494190326904,0.02588832348400116,,,,
400.0,two_term native SG hold,0.6050051347652416,0.026601267692881857,,,,
400.0,two_term native SG hold,0.6381445687370406,0.02731154371859406,,,,
400.0,two_term native SG hold,0.672167720948088,0.028020441665521263,,,,
400.0,two_term native SG hold,0.707074591398383,0.028727801025349962,,,,
400.0,two_term native SG hold,0.7428651800879263,0.029432841836239065,,,,
400.0,two_term native SG hold,0.7795394870167173,0.030136849858324866,,,,
400.0,two_term native SG hold,0.8170975121847565,0.03083584757855457,,,,
400.0,two_term native SG hold,0.8555392555920435,0.03153373358757497,,,,
400.0,two_term native SG hold,0.8948647172385786,0.03222833582495397,,,,
400.0,two_term native SG hold,0.9350738971243616,0.032920029500513974,,,,
400.0,two_term native SG hold,0.9761667952493926,0.033607467363532074,,,,
400.0,two_term native SG hold,1.0181434116136716,0.03429168316483178,,,,
400.0,two_term native SG hold,1.0610037462171986,0.03497333034374188,,,,
400.0,two_term native SG hold,1.1047477990599737,0.03564902717508308,,,,
400.0,two_term native SG hold,1.1493755701419963,0.03632167310438708,,,,
400.0,two_term native SG hold,1.1948870594632677,0.03699002930718878,,,,
400.0,two_term native SG hold,1.2412822670237864,0.03765426028021148,,,,
400.0,two_term native SG hold,1.2885611928235532,0.03831266654384728,,,,
400.0,two_term native SG hold,1.3367238368625682,0.038967632088740184,,,,
400.0,two_term native SG hold,1.3857701991408309,0.03961777958249669,,,,
400.0,two_term native SG hold,1.4357002796583418,0.04026119559723399,,,,
400.0,two_term native SG hold,1.4865140784151003,0.04090158977381379,,,,
400.0,two_term native SG hold,1.5382115954111073,0.04153498503780549,,,,
400.0,two_term native SG hold,1.590792830646362,0.04216353400480249,,,,
400.0,two_term native SG hold,1.644257784120865,0.0427853835135223,,,,
400.0,two_term native SG hold,1.6986064558346154,0.0434022002779147,,,,
400.0,two_term native SG hold,1.7538388457876144,0.04401184003111,,,,
400.0,two_term native SG hold,1.809954953979861,0.044615805967680396,,,,
400.0,two_term native SG hold,1.866954780411355,0.0452134714333238,,,,
400.0,two_term native SG hold,1.9248383250820984,0.0458023914877034,,,,
400.0,two_term native SG hold,1.9836055879920884,0.046386825388717405,,,,
400.0,two_term native SG hold,2.043256569141328,0.0469621080398718,,,,
400.0,two_term native SG hold,2.1037912685298137,0.04752979995052731,,,,
400.0,two_term native SG hold,2.1652096861575485,0.04809081773966831,,,,
400.0,two_term native SG hold,2.227511822024531,0.048643345402127613,,,,
400.0,two_term native SG hold,2.290697676130762,0.04918839335382351,,,,
400.0,two_term native SG hold,2.35476724847624,0.04972356395222391,,,,
400.0,two_term native SG hold,2.419720539060967,0.05025226783213871,,,,
400.0,two_term native SG hold,2.4855575478849405,0.050770121549070714,,,,
400.0,two_term native SG hold,2.5522782749481627,0.05127987372875181,,,,
400.0,two_term native SG hold,2.619882720250634,0.051782742935265115,,,,
400.0,two_term native SG hold,2.688370883792352,0.05227198319054692,,,,
400.0,two_term native SG hold,2.7577427655733184,0.052754907303957016,,,,
400.0,two_term native SG hold,2.8279983655935323,0.05322649859174912,,,,
400.0,two_term native SG hold,2.899137683852995,0.053689541397600515,,,,
400.0,two_term native SG hold,2.9711607203517056,0.05414059936450432,,,,
400.0,two_term native SG hold,3.044067475089664,0.054582589598174316,,,,
400.0,two_term native SG hold,3.1178579480668693,0.05501494218212372,,,,
400.0,two_term native SG hold,3.1925321392833244,0.05543530335751092,,,,
400.0,two_term native SG hold,3.268090048739026,0.055845504487689025,,,,
400.0,two_term native SG hold,3.3445316764339763,0.056243754728284225,,,,
400.0,two_term native SG hold,3.421857022368174,0.05663338247557222,,,,
400.0,two_term native SG hold,3.500066086541621,0.057009526162427424,,,,
400.0,two_term native SG hold,3.579158868954315,0.057375599306952324,,,,
400.0,two_term native SG hold,3.6591353696062567,0.057727795581266124,,,,
400.0,two_term native SG hold,3.739995588497447,0.05807163352305253,,,,
400.0,two_term native SG hold,3.8217395256278857,0.058400971201789935,,,,
400.0,two_term native SG hold,3.904367180997571,0.058721347403107034,,,,
400.0,two_term native SG hold,3.987878554606505,0.05902562252559193,,,,
400.0,two_term native SG hold,4.072273646454686,0.05932105659888663,,,,
400.0,two_term native SG hold,4.157552456542116,0.05960155326491153,,,,
400.0,two_term native SG hold,4.243714984868794,0.059872644603716434,,,,
400.0,two_term native SG hold,4.330761231434721,0.06012891752836893,,,,
400.0,two_term native SG hold,4.418691196239895,0.06037454948426723,,,,
400.0,two_term native SG hold,4.507504879284316,0.06060500993351433,,,,
400.0,two_term native SG hold,4.597202280567986,0.060824473544431934,,,,
400.0,two_term native SG hold,4.687783400090904,0.06103014304120404,,,,
400.0,two_term native SG hold,4.77924823785307,0.06122372009794084,,,,
400.0,two_term native SG hold,4.871596793854483,0.06140432822354854,,,,
400.0,two_term native SG hold,4.9648290680951455,0.06157159032092534,,,,
400.0,two_term native SG hold,5.058945060575055,0.061726926607349436,,,,
400.0,two_term native SG hold,5.153944771294213,0.06186673380782974,,,,
400.0,two_term native SG hold,5.249828200252618,0.06199590166110154,,,,
400.0,two_term native SG hold,5.346595347450273,0.06210881171700044,,,,
400.0,two_term native SG hold,5.444246212887173,0.06221105373766514,,,,
400.0,two_term native SG hold,5.542780796563323,0.06229832935590604,,,,
400.0,two_term native SG hold,5.642199098478721,0.06237327529282564,,,,
400.0,two_term native SG hold,5.742501118633367,0.06243503181789014,,,,
400.0,two_term native SG hold,5.84368685702726,0.06248252408267614,,,,
400.0,two_term native SG hold,5.945756313660402,0.06251878125629824,,,,
400.0,two_term native SG hold,6.048709488532791,0.06253872514893224,,,,
400.0,two_term native SG hold,6.152546381644429,0.06254750478655774,,,,
400.0,two_term native SG hold,6.257266992995314,0.06254166581728714,,,,
400.0,two_term native SG hold,6.362871322585447,0.06252248743877084,,,,
400.0,two_term native SG hold,6.469359370414829,0.06249132490488424,,,,
400.0,two_term native SG hold,6.57673113648346,0.06244459301659254,,,,
400.0,two_term native SG hold,6.684986620791337,0.06238656824405874,,,,
400.0,two_term native SG hold,6.794125823338462,0.06231417019428534,,,,
400.0,two_term native SG hold,6.904148744124835,0.06222866791799874,,,,
400.0,two_term native SG hold,7.015055383150457,0.06213155418025324,,,,
400.0,two_term native SG hold,7.126845740415327,0.06201874241274754,,,,
400.0,two_term native SG hold,7.239519815919444,0.061894628636503836,,,,
400.0,two_term native SG hold,7.353077609662808,0.061757236458106636,,,,
400.0,two_term native SG hold,7.46751912164542,0.06160608675326734,,,,
400.0,two_term native SG hold,7.5828443518672835,0.06144368632246504,,,,
400.0,two_term native SG hold,7.699053300328392,0.06126680094648824,,,,
400.0,two_term native SG hold,7.816145967028749,0.06107775068021294,,,,
400.0,two_term native SG hold,7.9341223519683535,0.06087743678130913,,,,
400.0,two_term native SG hold,8.052982455147209,0.06066210261104263,,,,
400.0,two_term native SG hold,8.172726276565308,0.06043575747939313,,,,
400.0,two_term native SG hold,8.293353816222657,0.06019751663086733,,,,
400.0,two_term native SG hold,8.414865074119254,0.059945454916179135,,,,
400.0,two_term native SG hold,8.537260050255101,0.05968258316642423,,,,
400.0,two_term native SG hold,8.660538744630193,0.059407559101999935,,,,
400.0,two_term native SG hold,8.784701157244534,0.059119652375356234,,,,
400.0,two_term native SG hold,8.909747288098123,0.05882119320939253,,,,
400.0,two_term native SG hold,9.035677137190962,0.05851066411824983,,,,
400.0,two_term native SG hold,9.162490704523046,0.05818795874202303,,,,
400.0,two_term native SG hold,9.290187990094378,0.05785501137138483,,,,
400.0,two_term native SG hold,9.418768993904958,0.05751037136505172,,,,
400.0,two_term native SG hold,9.548233715954789,0.05715405650968752,,,,
400.0,two_term native SG hold,9.678582156243866,0.056787863906417324,,,,
400.0,two_term native SG hold,9.80981431477219,0.056410625742537926,,,,
400.0,two_term native SG hold,9.94193019153976,0.05602202009481502,,,,
400.0,two_term native SG hold,10.074929786546582,0.055623899354210825,,,,
400.0,two_term native SG hold,10.20881309979265,0.055215616626985424,,,,
400.0,two_term native SG hold,10.343580131277973,0.054796208055281626,,,,
400.0,two_term native SG hold,10.479230881002534,0.054367813743154116,,,,
400.0,two_term native SG hold,10.615765348966349,0.05393033227482952,,,,
400.0,two_term native SG hold,10.753183535169407,0.053481826753971715,,,,
400.0,two_term native SG hold,10.891485439611715,0.053024854475655116,,,,
400.0,two_term native SG hold,11.030671062293273,0.05255954896255292,,,,
400.0,two_term native SG hold,11.170740403214076,0.05208421007418822,,,,
400.0,two_term native SG hold,11.311693462374128,0.05160048657590992,,,,
400.0,two_term native SG hold,11.453530239773428,0.05110853962758611,,,,
400.0,two_term native SG hold,11.59625073541198,0.05060635108382631,,,,
400.0,two_term native SG hold,11.739854949289777,0.05008952909232741,,,,
400.0,two_term native SG hold,11.88434288140682,0.04955617974399141,,,,
400.0,two_term native SG hold,12.029714531763114,0.04900710476713051,,,,
400.0,two_term native SG hold,12.175969900358654,0.04844127049422161,,,,
400.0,two_term native SG hold,12.32310898719344,0.047861598648599804,,,,
400.0,two_term native SG hold,12.471131792267476,0.047269050963777606,,,,
400.0,two_term native SG hold,12.62003831558076,0.0466636792105526,,,,
400.0,two_term native SG hold,12.769828557133296,0.0460461868025879,,,,
400.0,two_term native SG hold,12.920502516925076,0.04541860890009591,,,,
400.0,two_term native SG hold,13.072060194956103,0.0447818150830542,,,,
400.0,two_term native SG hold,13.224501591226382,0.044135257533459794,,,,
400.0,two_term native SG hold,13.377826705735904,0.0434808588315857,,,,
400.0,two_term native SG hold,13.532035538484676,0.042819900409744795,,,,
400.0,two_term native SG hold,13.687128089472695,0.04215313459235529,,,,
400.0,two_term native SG hold,13.843104358699962,0.041479937778382193,,,,
400.0,two_term native SG hold,13.999964346166482,0.04080260527989929,,,,
400.0,two_term native SG hold,14.157708051872246,0.04012192774802949,,,,
400.0,two_term native SG hold,14.316335475817258,0.03943838853742989,,,,
400.0,two_term native SG hold,14.47584661800152,0.03875182761757588,,,,
400.0,two_term native SG hold,14.636241478425026,0.038064088924116585,,,,
400.0,two_term native SG hold,14.797520057087782,0.03737582147938298,,,,
400.0,two_term native SG hold,14.959682353989786,0.036687375056713586,,,,
400.0,two_term native SG hold,15.122728369131035,0.035998772844314485,,,,
400.0,two_term native SG hold,15.286658102511542,0.03531153031510487,,,,
400.0,two_term native SG hold,15.451471554131288,0.03462616779828698,,,,
400.0,two_term native SG hold,15.617168723990282,0.03394290550563438,,,,
400.0,two_term native SG hold,15.783749612088526,0.033260942324231074,,,,
400.0,two_term native SG hold,15.95121421842602,0.03257890866611117,,,,
400.0,two_term native SG hold,16.119562543002758,0.03189513964407417,,,,
400.0,two_term native SG hold,16.288794585818746,0.03121030362204467,,,,
400.0,two_term native SG hold,16.45891034687398,0.030524374929182068,,,,
400.0,two_term native SG hold,16.629909826168465,0.029839154688597366,,,,
400.0,two_term native SG hold,16.8017930237022,0.029155487643798366,,,,
400.0,two_term native SG hold,16.974559939475178,0.028474199231655364,,,,
400.0,two_term native SG hold,17.148210573487408,0.027795511973880062,,,,
400.0,two_term native SG hold,17.322744925738885,0.027120446548645857,,,,
400.0,two_term native SG hold,17.498162996229606,0.026449965279983258,,,,
400.0,two_term native SG hold,17.67446478495958,0.02578469008766286,,,,
400.0,two_term native SG hold,17.851650291928795,0.025125072425885256,,,,
400.0,two_term native SG hold,18.029719517137263,0.024471285017082855,,,,
400.0,two_term native SG hold,18.20867246058498,0.02382444859774355,,,,
400.0,two_term native SG hold,18.388509122271945,0.023185053403858652,,,,
400.0,two_term native SG hold,18.569229502198155,0.02255355514978125,,,,
400.0,two_term native SG hold,18.750833600363617,0.02192997877202645,,,,
400.0,two_term native SG hold,18.93332141676832,0.021314889975611047,,,,
400.0,two_term native SG hold,19.11669295141228,0.020708876116472746,,,,
400.0,two_term native SG hold,19.30094820429548,0.020112245974367244,,,,
400.0,two_term native SG hold,19.48608717541793,0.019525277266056143,,,,
400.0,two_term native SG hold,19.672109864779635,0.01894776753905614,,,,
400.0,two_term native SG hold,19.859016272380583,0.018380352764736943,,,,
400.0,two_term native SG hold,20.046806398220777,0.01782330870124694,,,,
400.0,two_term native SG hold,20.23548024230022,0.017276843348219037,,,,
400.0,two_term native SG hold,20.425037804618917,0.016741085504349638,,,,
400.0,two_term native SG hold,20.61547908517685,0.016215674817319434,,,,
400.0,two_term native SG hold,20.80680408397404,0.015701082421358436,,,,
400.0,two_term native SG hold,20.999012801010476,0.015197356889766133,,,,
400.0,two_term native SG hold,21.19210523628616,0.014704616848306033,,,,
400.0,two_term native SG hold,21.38608138980109,0.014222936709884832,,,,
400.0,two_term native SG hold,21.580941261555267,0.013751971020814031,,,,
400.0,two_term native SG hold,21.77668485154869,0.013291988381287529,,,,
400.0,two_term native SG hold,21.97331215978137,0.012842978697996828,,,,
400.0,two_term native SG hold,22.17082318625329,0.012404935232540128,,,,
400.0,two_term native SG hold,22.369217930964464,0.011977827930182625,,,,
400.0,two_term native SG hold,22.568496393914884,0.011561382850890527,,,,
400.0,two_term native SG hold,22.76865857510455,0.011155614471656824,,,,
400.0,two_term native SG hold,22.96970447453347,0.010760517882162025,,,,
400.0,two_term native SG hold,23.171634092201632,0.010376011404767623,,,,
400.0,two_term native SG hold,23.37444742810904,0.010001994570510323,,,,
400.0,two_term native SG hold,23.5781444822557,0.00963828270452492,,,,
400.0,two_term native SG hold,23.78272525464161,0.00928462645267262,,,,
400.0,two_term native SG hold,23.98818974526676,0.00894106328800242,,,,
400.0,two_term native SG hold,24.194537954131164,0.00860746693076642,,,,
400.0,two_term native SG hold,24.401769881234813,0.00828369370002262,,,,
400.0,two_term native SG hold,24.60988552657772,0.007969579861315117,,,,
400.0,two_term native SG hold,24.818884890159865,0.007664851460229917,,,,
400.0,two_term native SG hold,25.028767971981257,0.007369390932454417,,,,
400.0,two_term native SG hold,25.2395347720419,0.007083115010016116,,,,
400.0,two_term native SG hold,25.45118529034179,0.006805856945749915,,,,
400.0,two_term native SG hold,25.66371952688093,0.006537432720212215,,,,
400.0,two_term native SG hold,25.87713748165932,0.006277658357377014,,,,
400.0,two_term native SG hold,26.091439154676948,0.006026254995832513,,,,
400.0,two_term native SG hold,26.30662454593384,0.005783136344204013,,,,
400.0,two_term native SG hold,26.52269365542997,0.0055481523527139125,,,,
400.0,two_term native SG hold,26.739646483165348,0.005321111581243212,,,,
400.0,two_term native SG hold,26.95748302913997,0.005101823924124412,,,,
400.0,two_term native SG hold,27.176203293353847,0.0048901149905002115,,,,
400.0,two_term native SG hold,27.39580727580697,0.00468573777807961,,,,
400.0,two_term native SG hold,27.61629497649934,0.0044885544978776094,,,,
400.0,two_term native SG hold,27.837666395430954,0.0042984047842673095,,,,
400.0,two_term native SG hold,28.05992153260183,0.004115104998270509,,,,
400.0,two_term native SG hold,28.283060388011943,0.003938484339925308,,,,
400.0,two_term native SG hold,28.507082961661308,0.0037683653015936082,,,,
400.0,two_term native SG hold,28.731989253549912,0.003604530050873908,,,,
400.0,two_term native SG hold,28.95777926367777,0.003446789042182308,,,,
400.0,two_term native SG hold,29.184452992044875,0.0032950201562311075,,,,
400.0,two_term native SG hold,29.412010438651237,0.003149056377342007,,,,
400.0,two_term native SG hold,29.64045160349683,0.0030087216621959064,,,,
400.0,two_term native SG hold,29.86977648658168,0.0028738412837640065,,,,
400.0,two_term native SG hold,30.099985087905782,0.002744249738518406,,,,
400.0,two_term native SG hold,30.33107740746913,0.0026197427484370055,,,,
400.0,two_term native SG hold,30.563053445271727,0.0025002041939442055,,,,
400.0,two_term native SG hold,30.79591320131357,0.002385476858734505,,,,
400.0,two_term native SG hold,31.02965667559465,0.002275401827737705,,,,
400.0,two_term native SG hold,31.264283868115,0.002169831981357005,,,,
400.0,two_term native SG hold,31.499794778874577,0.002068619868769705,,,,
400.0,two_term native SG hold,31.73618940787341,0.0019716113761522043,,,,
400.0,two_term native SG hold,31.973467755111503,0.0018786261297190042,,,,
400.0,two_term native SG hold,32.21162982058884,0.0017895662538480038,,,,
400.0,two_term native SG hold,32.45067560430541,0.0017042969950369037,,,,
400.0,two_term native SG hold,32.69060510626124,0.0016226806049367036,,,,
400.0,two_term native SG hold,32.93141832645631,0.0015445824298378034,,,,
400.0,two_term native SG hold,33.17311526489063,0.0014698761848792033,,,,
400.0,two_term native SG hold,33.4156959215642,0.001398439722020603,,,,
400.0,two_term native SG hold,33.65916029647702,0.001330124802313603,,,,
400.0,two_term native SG hold,33.903508389629096,0.0012648371171203028,,,,
400.0,two_term native SG hold,34.14874020102041,0.0012024632127233027,,,,
400.0,two_term native SG hold,34.39485573065097,0.0011428932219089026,,,,
400.0,two_term native SG hold,34.641854978520776,0.0010860175064778023,,,,
400.0,two_term native SG hold,34.88973794462983,0.0010317282987954025,,,,
400.0,two_term native SG hold,35.13850462897814,0.0009799234576810022,,,,
400.0,two_term native SG hold,35.38815503156569,0.0009304954390122021,,,,
400.0,two_term native SG hold,35.638689152392494,0.0008833508872979019,,,,
400.0,two_term native SG hold,35.89010699145855,0.0008384032743752019,,,,
400.0,two_term native SG hold,36.142408548763854,0.0007955625206062017,,,,
400.0,two_term native SG hold,36.39559382430839,0.0007547425117003016,,,,
400.0,two_term native SG hold,36.64966281809219,0.0007158583858651016,,,,
400.0,two_term native SG hold,36.90461553011522,0.0006788272839799016,,,,
400.0,two_term native SG hold,37.16045196037752,0.0006435707869397014,,,,
400.0,two_term native SG hold,37.41717210887905,0.0006100043121892013,,,,
400.0,two_term native SG hold,37.67477597561984,0.0005780625427127013,,,,
400.0,two_term native SG hold,37.93326356059987,0.0005476759891228012,,,,
400.0,two_term native SG hold,38.19263486381916,0.0005187768607115012,,,,
400.0,two_term native SG hold,38.452889885277685,0.0004913000540217011,,,,
400.0,two_term native SG hold,38.71402862497547,0.00046518181735210104,,,,
400.0,two_term native SG hold,38.97605108291248,0.000440360628076701,,,,
400.0,two_term native SG hold,39.23895725908877,0.0004167784781836009,,,,
400.0,two_term native SG hold,39.50274715350428,0.00039437415002140086,,,,
400.0,two_term native SG hold,39.76742076615905,0.0003730970869766008,,,,
400.0,two_term native SG hold,40.03297809705307,0.00035289705940810075,,,,
400.0,two_term native SG hold,40.29941914618633,0.00033372458003440075,,,,
400.0,two_term native SG hold,40.56674391355884,0.0003155319173392007,,,,
400.0,two_term native SG hold,40.83495239917061,0.0002982726829113007,,,,
400.0,two_term native SG hold,41.104044603021606,0.00028190273079640066,,,,
400.0,two_term native SG hold,41.37402052511189,0.0002663801221798006,,,,
400.0,two_term native SG hold,41.64488016544139,0.00025166320374320054,,,,
400.0,two_term native SG hold,41.91662352401014,0.0002377109971804005,,,,
400.0,two_term native SG hold,42.18925060081815,0.0002244901243208005,,,,
400.0,two_term native SG hold,42.46276139586539,0.00021196522331160046,,,,
400.0,two_term native SG hold,42.73715590915189,0.00020010216845290044,,,,
400.0,two_term native SG hold,43.012434140677634,0.0001888682624012004,,,,
400.0,two_term native SG hold,43.288596090442624,0.0001782326175131004,,,,
400.0,two_term native SG hold,43.56564175844687,0.0001681656477966004,,,,
400.0,two_term native SG hold,43.84357114469035,0.00015863881355000035,,,,
400.0,two_term native SG hold,44.122384249173095,0.0001496239844495003,,,,
400.0,two_term native SG hold,44.40208107189508,0.00014109498614830034,,,,
400.0,two_term native SG hold,44.68266161285631,0.0001330289099951003,,,,
400.0,two_term native SG hold,44.96412587205678,0.00012540207905160027,,,,
400.0,two_term native SG hold,45.24647384949652,0.00011819210997600025,,,,
400.0,two_term native SG hold,45.52970554517549,0.00011137766227050024,,,,
400.0,two_term native SG hold,45.81382095909372,0.00010493825332280023,,,,
400.0,two_term native SG hold,46.098820091251206,9.885442049650238e-05,,,,
400.0,two_term native SG hold,46.38470294164792,9.3107724221035e-05,,,,
400.0,two_term native SG hold,46.6714695102839,8.768045499002046e-05,,,,
400.0,two_term native SG hold,46.959119797159104,8.255448011729177e-05,,,,
400.0,two_term native SG hold,47.247653802273575,7.77154466373607e-05,,,,
400.0,two_term native SG hold,47.53707152562729,7.314819469912152e-05,,,,
400.0,two_term native SG hold,47.82737296722025,6.88382302575335e-05,,,,
400.0,two_term native SG hold,48.11855812705246,6.477180702305328e-05,,,,
400.0,two_term native SG hold,48.41062700512391,6.0935906483838335e-05,,,,
400.0,two_term native SG hold,48.70357960143462,5.731812363589262e-05,,,,
400.0,two_term native SG hold,48.99741591598456,5.390664276769409e-05,,,,
400.0,two_term native SG hold,49.29213594877377,5.0690309669919574e-05,,,,
400.0,two_term native SG hold,49.58773969980221,4.765830054200246e-05,,,,
400.0,two_term native SG hold,49.88422716906991,4.480017070961897e-05,,,,
400.0,two_term native SG hold,50.18159835657685,4.210701780681936e-05,,,,
400.0,two_term native SG hold,50.47985326232305,3.9569777714689096e-05,,,,
400.0,two_term native SG hold,50.7789918863085,3.7179829881296154e-05,,,,
400.0,two_term native SG hold,51.07901422853319,3.492900079264327e-05,,,,
400.0,two_term native SG hold,51.37992028899713,3.280956765614259e-05,,,,
400.0,two_term native SG hold,51.68171006770031,3.081420076811955e-05,,,,
400.0,two_term native SG hold,51.98438356464274,2.8935939042235094e-05,,,,
400.0,two_term native SG hold,52.28794077982442,2.716821489978682e-05,,,,
400.0,two_term native SG hold,52.59238171324535,2.550480632217478e-05,,,,
400.0,two_term native SG hold,52.89770636490553,2.3939403332116545e-05,,,,
400.0,two_term native SG hold,53.20391473480495,2.246685799953141e-05,,,,
400.0,two_term native SG hold,53.51100682294362,2.1081911116348966e-05,,,,
400.0,two_term native SG hold,53.81898262932154,1.9779556083732584e-05,,,,
400.0,two_term native SG hold,54.12784215393871,1.855506020868557e-05,,,,
400.0,two_term native SG hold,54.43758539679512,1.7403955561041802e-05,,,,
400.0,two_term native SG hold,54.74821235789079,1.6322012546426873e-05,,,,
400.0,two_term native SG hold,55.059723037225694,1.5305230336674234e-05,,,,
400.0,two_term native SG hold,55.372117434799854,1.4349836448291389e-05,,,,
400.0,two_term native SG hold,55.68539555061326,1.34522638364815e-05,,,,
400.0,two_term native SG hold,55.999557384665934,1.2609120369780904e-05,,,,
400.0,two_term native SG hold,56.31460293695785,1.181705556580575e-05,,,,
400.0,two_term native SG hold,56.63053220748899,1.1073279981866949e-05,,,,
400.0,two_term native SG hold,56.94734519625939,1.0374950030499408e-05,,,,
400.0,two_term native SG hold,57.26504190326904,9.719387124232088e-06,,,,
400.0,two_term native SG hold,57.58362232851793,9.104063941324055e-06,,,,
400.0,two_term native SG hold,57.90308647200608,8.52659281752907e-06,,,,
400.0,two_term native SG hold,58.223434333733465,7.98472421973605e-06,,,,
400.0,two_term native SG hold,58.54466591370011,7.476337543776123e-06,,,,
400.0,two_term native SG hold,58.866781211906,6.999431203284115e-06,,,,
400.0,two_term native SG hold,59.18978022835113,6.552119495706359e-06,,,,
400.0,two_term native SG hold,59.51366296303551,6.132626130425253e-06,,,,
400.0,two_term native SG hold,59.83842941595915,5.739216581459625e-06,,,,
400.0,two_term native SG hold,60.16407958712202,5.370342019366881e-06,,,,
400.0,two_term native SG hold,60.49061347652415,5.024558428266038e-06,,,,
400.0,two_term native SG hold,60.81803108416552,4.700464409782971e-06,,,,
400.0,two_term native SG hold,61.14633241004617,4.396740499592337e-06,,,,
400.0,two_term native SG hold,61.475517454166045,4.1121453257362935e-06,,,,
400.0,two_term native SG hold,61.80558621652516,3.845509829798546e-06,,,,
400.0,two_term native SG hold,62.13653869712353,3.59573377735884e-06,,,,
400.0,two_term native SG hold,62.468374895961134,3.3617825586587174e-06,,,,
400.0,two_term native SG hold,62.801094813038006,3.142682426996318e-06,,,,
400.0,two_term native SG hold,63.13469844835411,2.9375174010580994e-06,,,,
400.0,two_term native SG hold,63.46918580190948,2.7454265186612908e-06,,,,
400.0,two_term native SG hold,63.80455687370408,2.5655802002043054e-06,,,,
400.0,two_term native SG hold,64.14081166373794,2.397216480117222e-06,,,,
400.0,two_term native SG hold,64.47795017201103,2.239645352182618e-06,,,,
400.0,two_term native SG hold,64.81597239852339,2.092193565604624e-06,,,,
400.0,two_term native SG hold,65.15487834327499,1.9542285040937195e-06,,,,
400.0,two_term native SG hold,65.49466800626583,1.8251560549785424e-06,,,,
400.0,two_term native SG hold,65.83534138749593,1.7044179907992855e-06,,,,
400.0,two_term native SG hold,66.17689848696527,1.591490058886984e-06,,,,
400.0,two_term native SG hold,66.51933930467386,1.485880101232468e-06,,,,
400.0,two_term native SG hold,66.86266384062172,1.3871259164608389e-06,,,,
400.0,two_term native SG hold,67.2068720948088,1.294793665492806e-06,,,,
400.0,two_term native SG hold,67.55196406723515,1.2084762231350717e-06,,,,
400.0,two_term native SG hold,67.89793975790072,1.1277914283693757e-06,,,,
400.0,two_term native SG hold,68.24479916680555,1.0523705091035654e-06,,,,
400.0,two_term native SG hold,68.59254229394963,9.818815131574694e-07,,,,
400.0,two_term native SG hold,68.94116913933296,9.160168372085947e-07,,,,
400.0,two_term native SG hold,69.29067970295554,8.544802909092621e-07,,,,
400.0,two_term native SG hold,69.64107398481735,7.969941399794768e-07,,,,
400.0,two_term native SG hold,69.99235198491843,7.432979312923233e-07,,,,
400.0,two_term native SG hold,70.34451370325874,6.931475658585395e-07,,,,
400.0,two_term native SG hold,70.69755913983832,6.463142412481224e-07,,,,
400.0,two_term native SG hold,71.05148829465712,6.025834936665129e-07,,,,
400.0,two_term native SG hold,71.40630116771518,5.617544013781243e-07,,,,
400.0,two_term native SG hold,71.76199775901249,5.236387104574315e-07,,,,
400.0,two_term native SG hold,72.11857806854906,4.880600554849012e-07,,,,
400.0,two_term native SG hold,72.47604209632489,4.548532619435824e-07,,,,
400.0,two_term native SG hold,72.83438984233993,4.2386363266379143e-07,,,,
400.0,two_term native SG hold,73.19362130659424,3.949403240120672e-07,,,,
400.0,two_term native SG hold,73.55373648908778,3.679538359795686e-07,,,,
400.0,two_term native SG hold,73.91473538982059,3.4277783551757714e-07,,,,
400.0,two_term native SG hold,74.27661800879262,3.192933711668217e-07,,,,
400.0,two_term native SG hold,74.63938434600392,2.97389123506734e-07,,,,
400.0,two_term native SG hold,75.00303440145447,2.769609229581689e-07,,,,
400.0,two_term native SG hold,75.36756817514426,2.57911310036866e-07,,,,
400.0,two_term native SG hold,75.7329856670733,2.4014911233687834e-07,,,,
400.0,two_term native SG hold,76.09928687724158,2.2358904789802583e-07,,,,
400.0,two_term native SG hold,76.46647180564912,2.0815135714957047e-07,,,,
400.0,two_term native SG hold,76.8345404522959,1.9376145467895029e-07,,,,
400.0,two_term native SG hold,77.20349281718192,1.8034960098496525e-07,,,,
400.0,two_term native SG hold,77.5733289003072,1.6785059633945664e-07,,,,
400.0,two_term native SG hold,77.94404870167173,1.562034943950328e-07,,,,
400.0,two_term native SG hold,78.3156522212755,1.4535049430736558e-07,,,,
400.0,two_term native SG hold,78.68813945911855,1.3523780740261474e-07,,,,
400.0,two_term native SG hold,79.06151041520083,1.2581736898286048e-07,,,,
400.0,two_term native SG hold,79.43576508952233,1.1704265359630152e-07,,,,
400.0,two_term native SG hold,79.8109034820831,1.0887019971498493e-07,,,,
400.0,two_term native SG hold,80.18692559288311,1.0125941156992824e-07,,,,
400.0,two_term native SG hold,80.56383142192237,9.417237287199268e-08,,,,
400.0,two_term native SG hold,80.94162096920088,8.757367743444903e-08,,,,
400.0,two_term native SG hold,81.32029423471865,8.143026307793432e-08,,,,
400.0,two_term native SG hold,81.69985121847566,7.571126205546671e-08,,,,
400.0,two_term native SG hold,82.08029192047191,7.038786033107596e-08,,,,
400.0,two_term native SG hold,82.46161634070741,6.543315989708575e-08,,,,
400.0,two_term native SG hold,82.84382447918215,6.08220578020919e-08,,,,
400.0,two_term native SG hold,83.22691633589615,5.653112781394374e-08,,,,
400.0,two_term native SG hold,83.61089191084939,5.2538509905147895e-08,,,,
400.0,two_term native SG hold,83.9957512040419,4.882381056571963e-08,,,,
400.0,two_term native SG hold,84.38149421547362,4.5367383709869036e-08,,,,
400.0,two_term native SG hold,84.76812094514464,4.215205749743626e-08,,,,
400.0,two_term native SG hold,85.15563139305489,3.9161412510566256e-08,,,,
400.0,two_term native SG hold,85.54402555920437,3.6379997502286774e-08,,,,
400.0,two_term native SG hold,85.9333034435931,3.37934061823516e-08,,,,
400.0,two_term native SG hold,86.32346504622107,3.1388205935238107e-08,,,,
400.0,two_term native SG hold,86.71451036708831,2.9151874299408698e-08,,,,
400.0,two_term native SG hold,87.10643940619478,2.7072739523049413e-08,,,,
400.0,two_term native SG hold,87.49925216354052,2.513992173990134e-08,,,,
400.0,two_term native SG hold,87.89294863912548,2.33432822462522e-08,,,,
400.0,two_term native SG hold,88.2875288329497,2.1673372983384183e-08,,,,
400.0,two_term native SG hold,88.68299274501318,2.0121389553986113e-08,,,,
400.0,two_term native SG hold,89.0793403753159,1.867912661905184e-08,,,,
400.0,two_term native SG hold,89.47657172385786,1.7338934958484384e-08,,,,
400.0,two_term native SG hold,89.87468679063907,1.6093690844171818e-08,,,,
400.0,two_term native SG hold,90.27368557565954,1.493676001803022e-08,,,,
400.0,two_term native SG hold,90.67356807891925,1.3861913032015093e-08,,,,
400.0,two_term native SG hold,91.0743343004182,1.2863289761414202e-08,,,,
400.0,two_term native SG hold,91.47598424015644,1.1935722710473148e-08,,,,
400.0,two_term native SG hold,91.87851789813388,1.1074222074619189e-08,,,,
400.0,two_term native SG hold,92.2819352743506,1.0274143189508331e-08,,,,
400.0,two_term native SG hold,92.68623636880652,9.531162896752643e-09,,,,
400.0,two_term native SG hold,93.09142118150172,8.84125820677594e-09,,,,
400.0,two_term native SG hold,93.49748971243616,8.200684957248631e-09,,,,
400.0,two_term native SG hold,93.90444196160986,7.605959514914128e-09,,,,
400.0,two_term native SG hold,94.3122779290228,7.05384054344288e-09,,,,
400.0,two_term native SG hold,94.720997614675,6.541312442556638e-09,,,,
400.0,two_term native SG hold,95.13060101856644,6.0655701831374755e-09,,,,
400.0,two_term native SG hold,95.54108814069713,5.62400428565173e-09,,,,
400.0,two_term native SG hold,95.95245898106704,5.214187894767481e-09,,,,
400.0,two_term native SG hold,96.36471353967625,4.833863761027391e-09,,,,
400.0,two_term native SG hold,96.77785181652466,4.480932765128582e-09,,,,
400.0,two_term native SG hold,97.19187381161233,4.153443103743266e-09,,,,
400.0,two_term native SG hold,97.60677952493926,3.8495797699133994e-09,,,,
400.0,two_term native SG hold,98.02256895650548,3.5676296054285397e-09,,,,
400.0,two_term native SG hold,98.43924210631089,3.3060220847823826e-09,,,,
400.0,two_term native SG hold,98.85679897435556,3.0633337660699607e-09,,,,
400.0,two_term native SG hold,99.27523956063946,2.8382078605083755e-09,,,,
400.0,two_term native SG hold,99.69456386516264,2.6293831777048877e-09,,,,
400.0,two_term native SG hold,100.11477188792504,2.4356675416335026e-09,,,,
400.0,two_term native SG hold,100.5358636289267,2.255912453049576e-09,,,,
400.0,two_term native SG hold,100.9578390881676,2.089092880114396e-09,,,,
400.0,two_term native SG hold,101.38069826564777,1.9343030720712434e-09,,,,
400.0,two_term native SG hold,101.80444116136717,1.7906988374230613e-09,,,,
400.0,two_term native SG hold,102.22906777532582,1.6574934952572041e-09,,,,
400.0,two_term native SG hold,102.65457810752372,1.5339540832955135e-09,,,,
400.0,two_term native SG hold,103.08097215796089,1.419397807049945e-09,,,,
400.0,two_term native SG hold,103.50824992663728,1.313188715370134e-09,,,,
400.0,two_term native SG hold,103.93641141355292,1.2147345896370098e-09,,,,
400.0,two_term native SG hold,104.3654566187078,1.1234840332681897e-09,,,,
400.0,two_term native SG hold,104.79538554210194,1.0389237441079124e-09,,,,
400.0,two_term native SG hold,105.22619818373536,9.605759636353415e-10,,,,
400.0,two_term native SG hold,105.65789454360798,8.879960922829685e-10,,,,
400.0,two_term native SG hold,106.09047462171988,8.207661644940619e-10,,,,
400.0,two_term native SG hold,106.523938418071,7.584977123343058e-10,,,,
400.0,two_term native SG hold,106.9582859326614,7.008425119744837e-10,,,,
400.0,two_term native SG hold,107.393517165491,6.474674185069701e-10,,,,
400.0,two_term native SG hold,107.82963211655988,5.980626866396109e-10,,,,
400.0,two_term native SG hold,108.26663078586802,5.523403762904907e-10,,,,
400.0,two_term native SG hold,108.7045131734154,5.100328632411615e-10,,,,
400.0,two_term native SG hold,109.143279279202,4.708914481807688e-10,,,,
400.0,two_term native SG hold,109.58292910322788,4.346850578789224e-10,,,,
400.0,two_term native SG hold,110.023462645493,4.0119903260730244e-10,,,,
400.0,two_term native SG hold,110.46487990599736,3.702339942897441e-10,,,,
400.0,two_term native SG hold,110.90718088474098,3.4160479019951206e-10,,,,
400.0,two_term native SG hold,111.35036558172382,3.151395073414941e-10,,,,
400.0,two_term native SG hold,111.79443399694593,2.906785529573626e-10,,,,
400.0,two_term native SG hold,112.23938613040733,2.680737968744395e-10,,,,
400.0,two_term native SG hold,112.68522198210792,2.4718777168489044e-10,,,,
400.0,two_term native SG hold,113.13194155204778,2.2789292699205334e-10,,,,
400.0,two_term native SG hold,113.57954484022687,2.1007093419604365e-10,,,,
400.0,two_term native SG hold,114.02803184664523,1.936120385632392e-10,,,,
400.0,two_term native SG hold,114.4774025713028,1.7841445571737838e-10,,,,
400.0,two_term native SG hold,114.92765701419964,1.6438380904969538e-10,,,,
400.0,two_term native SG hold,115.37879517533575,1.5143083917711257e-10,,,,
400.0,two_term native SG hold,115.8308170547111,1.394758138696527e-10,,,,
400.0,two_term native SG hold,116.28372265232566,1.2844429863759155e-10,,,,
400.0,two_term native SG hold,116.7375119681795,1.1826659750161369e-10,,,,
400.0,two_term native SG hold,117.1921850022726,1.0887814396826004e-10,,,,
400.0,two_term native SG hold,117.64774175460494,1.0021913365161649e-10,,,,
400.0,two_term native SG hold,118.10418222517652,9.22341824355994e-11,,,,
400.0,two_term native SG hold,118.56150641398732,8.48720084586385e-11,,,,
400.0,two_term native SG hold,119.0197143210374,7.80851363139842e-11,,,,
400.0,two_term native SG hold,119.47880594632672,7.182962196334749e-11,,,,
400.0,two_term native SG hold,119.93878128985531,6.606479695954394e-11,,,,
400.0,two_term native SG hold,120.39964035162316,6.075303066565799e-11,,,,
400.0,two_term native SG hold,120.86138313163022,5.58595092442947e-11,,,,
400.0,two_term native SG hold,121.32400962987654,5.135203027115112e-11,,,,
400.0,two_term native SG hold,121.78751984636207,4.720081190267387e-11,,,,
400.0,two_term native SG hold,122.25191378108693,4.3378315598339545e-11,,,,
400.0,two_term native SG hold,122.71719143405096,3.985908146435757e-11,,,,
400.0,two_term native SG hold,123.18335280525427,3.66195753476236e-11,,,,
400.0,two_term native SG hold,123.65039789469682,3.3638046866826703e-11,,,,
400.0,two_term native SG hold,124.11832670237862,3.089439762194449e-11,,,,
400.0,two_term native SG hold,124.58713922829968,2.837005887420918e-11,,,,
400.0,two_term native SG hold,125.05683547246,2.604787803622515e-11,,,,
400.0,two_term native SG hold,125.52741543485956,2.3911846313823155e-11,,,,
400.0,two_term native SG hold,125.99887911549833,2.1947322105856113e-11,,,,
400.0,two_term native SG hold,126.47122651437635,2.014103352051122e-11,,,,
400.0,two_term native SG hold,126.94445763149366,1.848050363344613e-11,,,,
400.0,two_term native SG hold,127.41857246685022,1.6954217232451357e-11,,,,
400.0,two_term native SG hold,127.89357102044602,1.5551548479350324e-11,,,,
400.0,two_term native SG hold,128.3694532922811,1.4262693871880346e-11,,,,
400.0,two_term native SG hold,128.84621928235535,1.3078610128525646e-11,,,,
400.0,two_term native SG hold,129.32386899066887,1.1990956645296215e-11,,,,
400.0,two_term native SG hold,129.80240241722163,1.0992042197745687e-11,,,,
400.0,two_term native SG hold,130.28181956201368,1.0074775584203368e-11,,,,
400.0,two_term native SG hold,130.76212042504494,9.232619927367996e-12,,,,
400.0,two_term native SG hold,131.24330500631547,8.459550371167329e-12,,,,
400.0,two_term native SG hold,131.72537330582523,7.750014928228889e-12,,,,
400.0,two_term native SG hold,132.20832532357426,7.098898250507528e-12,,,,
400.0,two_term native SG hold,132.69216105956252,6.5014881116698396e-12,,,,
400.0,two_term native SG hold,133.17688051379005,5.953444404809189e-12,,,,
400.0,two_term native SG hold,133.6624836862568,5.450770473039027e-12,,,,
400.0,two_term native SG hold,134.1489705769628,4.9897866035470465e-12,,,,
400.0,two_term native SG hold,134.6363411859081,4.567105527859231e-12,,,,
400.0,two_term native SG hold,135.12459551309257,4.179609782414737e-12,,,,
400.0,two_term native SG hold,135.61373355851637,3.824430794125487e-12,,,,
400.0,two_term native SG hold,136.10375532217938,3.4989295483633634e-12,,,,
400.0,two_term native SG hold,136.59466080408163,3.2006785400168275e-12,,,,
400.0,two_term native SG hold,137.0864500042231,2.9274324621053125e-12,,,,
400.0,two_term native SG hold,137.57912292260386,2.6771177567915807e-12,,,,
400.0,two_term native SG hold,138.07267955922384,2.447883330397617e-12,,,,
400.0,two_term native SG hold,138.5671199140831,2.2379905452512786e-12,,,,
400.0,two_term native SG hold,139.06244398718158,2.0458408631049814e-12,,,,
400.0,two_term native SG hold,139.5586517785193,1.869964728320754e-12,,,,
400.0,two_term native SG hold,140.05574328809632,1.7090112991893844e-12,,,,
400.0,two_term native SG hold,140.55371851591255,1.561738962542396e-12,,,,
400.0,two_term native SG hold,141.052577461968,1.4270065713911518e-12,,,,
400.0,two_term native SG hold,141.55232012626274,1.303765349560261e-12,,,,
400.0,two_term native SG hold,142.05294650879674,1.1910514111920058e-12,,,,
400.0,two_term native SG hold,142.55445660956997,1.0879788466054952e-12,,,,
400.0,two_term native SG hold,143.05685042858244,9.937333293154258e-13,,,,
400.0,two_term native SG hold,143.5601279658342,9.075662020670528e-13,,,,
400.0,two_term native SG hold,144.06428922132517,8.287890025406618e-13,,,,
400.0,two_term native SG hold,144.5693341950554,7.567683919334535e-13,,,,
400.0,two_term native SG hold,145.07526288702485,6.909214519514494e-13,,,,
400.0,two_term native SG hold,145.58207529723356,6.307113178479614e-13,,,,
400.0,two_term native SG hold,146.08977142568153,5.756431170383169e-13,,,,
400.0,two_term native SG hold,146.59835127236877,5.25260184509094e-13,,,,
400.0,two_term native SG hold,147.10781483729517,4.791406005257502e-13,,,,
400.0,two_term native SG hold,147.61816212046088,4.3696700109181176e-13,,,,
400.0,two_term native SG hold,148.12939312186586,3.986684853360291e-13,,,,
400.0,two_term native SG hold,148.64150784151005,3.639181600064078e-13,,,,
400.0,two_term native SG hold,149.15450627939347,3.3241847040735585e-13,,,,
400.0,two_term native SG hold,149.6683884355162,3.0389886214631677e-13,,,,
400.0,two_term native SG hold,150.18315430987815,2.781136498814636e-13,,,,
400.0,two_term native SG hold,150.69880390247934,2.5484007792379573e-13,,,,
400.0,two_term native SG hold,151.2153372133198,2.338765589083086e-13,,,,
400.0,two_term native SG hold,151.7327542423995,2.1504107802489e-13,,,,
400.0,two_term native SG hold,152.25105498971843,1.9816975149880958e-13,,,,
400.0,two_term native SG hold,152.77023945527662,1.8311552914133232e-13,,,,
400.0,two_term native SG hold,153.29030763907406,1.6974703186063576e-13,,,,
400.0,two_term native SG hold,153.81125954111073,1.5794751603982396e-13,,,,
400.0,two_term native SG hold,154.33309516138667,1.4761395765929864e-13,,,,
400.0,two_term native SG hold,154.85581449990187,1.386562499726894e-13,,,,
400.0,two_term native SG hold,155.37941755665625,1.309965094457997e-13,,,,
400.0,two_term native SG hold,155.90390433164993,1.2456848554381325e-13,,,,
400.0,two_term native SG hold,156.42927482488287,1.193170708104039e-13,,,,
400.0,two_term native SG hold,156.95552903635505,1.1519790853053978e-13,,,,
400.0,two_term native SG hold,157.48266696606643,1.1217709611411242e-13,,,,
400.0,two_term native SG hold,158.0106886140171,1.1023098318752249e-13,,,,
400.0,two_term native SG hold,158.53959398020703,1.0934606424293467e-13,,,,
600.0,MCIG GUI actual,0.00196,0.0010086722615166245,,,,
600.0,MCIG GUI actual,0.01067,0.00290474931605024,,,,
600.0,MCIG GUI actual,0.0283,0.004714655573437154,,,,
600.0,MCIG GUI actual,0.05476,0.006753659773218799,,,,
600.0,MCIG GUI actual,0.09004,0.008924811342153319,,,,
600.0,MCIG GUI actual,0.1341,0.01051743790343026,,,,
600.0,MCIG GUI actual,0.1871,0.012688763810069103,,,,
600.0,MCIG GUI actual,0.2488,0.014809708748677066,,,,
600.0,MCIG GUI actual,0.3194,0.017106545358007392,,,,
600.0,MCIG GUI actual,0.3987,0.01892182515310386,,,,
600.0,MCIG GUI actual,0.4869,0.02086840940534229,,,,
600.0,MCIG GUI actual,0.584,0.0232895592620595,,,,
600.0,MCIG GUI actual,0.6898,0.025590485246747643,,,,
600.0,MCIG GUI actual,0.8045,0.02763720026038569,,,,
600.0,MCIG GUI actual,0.9279,0.029397036871677308,,,,
600.0,MCIG GUI actual,1.06,0.03160015800981374,,,,
600.0,MCIG GUI actual,1.201,0.03388285378891457,,,,
600.0,MCIG GUI actual,1.351,0.03565989056003016,,,,
600.0,MCIG GUI actual,1.51,0.03765079860055277,,,,
600.0,MCIG GUI actual,1.678,0.03948537993698894,,,,
600.0,MCIG GUI actual,1.854,0.04160390262753279,,,,
600.0,MCIG GUI actual,2.039,0.04319330234405469,,,,
600.0,MCIG GUI actual,2.233,0.04476507490280942,,,,
600.0,MCIG GUI actual,2.436,0.04651054882601322,,,,
600.0,MCIG GUI actual,2.648,0.04751743331314537,,,,
600.0,MCIG GUI actual,2.868,0.048938816614248724,,,,
600.0,MCIG GUI actual,3.098,0.05037398324936648,,,,
600.0,MCIG GUI actual,3.336,0.05126490391071317,,,,
600.0,MCIG GUI actual,3.583,0.05228651028868327,,,,
600.0,MCIG GUI actual,3.839,0.05319147470285966,,,,
600.0,MCIG GUI actual,4.103,0.053823234110846205,,,,
600.0,MCIG GUI actual,4.377,0.05454945425519592,,,,
600.0,MCIG GUI actual,4.659,0.05515036508764851,,,,
600.0,MCIG GUI actual,4.95,0.055460495480031,,,,
600.0,MCIG GUI actual,5.25,0.055810328641689014,,,,
600.0,MCIG GUI actual,5.558,0.05604018818694963,,,,
600.0,MCIG GUI actual,5.876,0.05602841604794095,,,,
600.0,MCIG GUI actual,6.202,0.05608482888643767,,,,
600.0,MCIG GUI actual,6.537,0.05599694315398388,,,,
600.0,MCIG GUI actual,6.881,0.0557410836524024,,,,
600.0,MCIG GUI actual,7.234,0.055318619343393174,,,,
600.0,MCIG GUI actual,7.596,0.05484196870697049,,,,
600.0,MCIG GUI actual,7.966,0.0541916671457144,,,,
600.0,MCIG GUI actual,8.346,0.053721298928784605,,,,
600.0,MCIG GUI actual,8.734,0.05300527680896702,,,,
600.0,MCIG GUI actual,9.131,0.052174949817101614,,,,
600.0,MCIG GUI actual,9.536,0.05083664141231269,,,,
600.0,MCIG GUI actual,9.951,0.05009822523230891,,,,
600.0,MCIG GUI actual,10.37,0.04891360728165562,,,,
600.0,MCIG GUI actual,10.81,0.04790529631458039,,,,
600.0,MCIG GUI actual,11.25,0.046643337513324834,,,,
600.0,MCIG GUI actual,11.7,0.04536076163215345,,,,
600.0,MCIG GUI actual,12.16,0.04381328809162231,,,,
600.0,MCIG GUI actual,12.62,0.04245658472628083,,,,
600.0,MCIG GUI actual,13.1,0.04080607377139378,,,,
600.0,MCIG GUI actual,13.58,0.03913313470378418,,,,
600.0,MCIG GUI actual,14.08,0.037484136920015905,,,,
600.0,MCIG GUI actual,14.58,0.0358367649760049,,,,
600.0,MCIG GUI actual,15.09,0.03419143903237979,,,,
600.0,MCIG GUI actual,15.61,0.0324088870534738,,,,
600.0,MCIG GUI actual,16.14,0.030913152848248793,,,,
600.0,MCIG GUI actual,16.68,0.029202991694627135,,,,
600.0,MCIG GUI actual,17.23,0.027441911450759696,,,,
600.0,MCIG GUI actual,17.78,0.025884469617675723,,,,
600.0,MCIG GUI actual,18.35,0.02431013549222615,,,,
600.0,MCIG GUI actual,18.92,0.02281004275364553,,,,
600.0,MCIG GUI actual,19.5,0.02133234040298086,,,,
600.0,MCIG GUI actual,20.09,0.019992410974532106,,,,
600.0,MCIG GUI actual,20.69,0.018541585240079667,,,,
600.0,MCIG GUI actual,21.3,0.017249723383126535,,,,
600.0,MCIG GUI actual,21.92,0.016068623911376853,,,,
600.0,MCIG GUI actual,22.55,0.014820547866738787,,,,
600.0,MCIG GUI actual,23.18,0.013875439715233712,,,,
600.0,MCIG GUI actual,23.82,0.012786454820352473,,,,
600.0,MCIG GUI actual,24.48,0.011845656244001926,,,,
600.0,MCIG GUI actual,25.14,0.010968363387751067,,,,
600.0,MCIG GUI actual,25.81,0.010158428842272709,,,,
600.0,MCIG GUI actual,26.49,0.009371613211107278,,,,
600.0,MCIG GUI actual,27.18,0.008528891913998686,,,,
600.0,MCIG GUI actual,27.87,0.007933791861269548,,,,
600.0,MCIG GUI actual,28.58,0.007314086415282426,,,,
600.0,MCIG GUI actual,29.29,0.006706210400896148,,,,
600.0,MCIG GUI actual,30.02,0.006109298473852704,,,,
600.0,MCIG GUI actual,30.75,0.005613618942038396,,,,
600.0,MCIG GUI actual,31.49,0.005203316616823289,,,,
600.0,MCIG GUI actual,32.24,0.004729009909988569,,,,
600.0,MCIG GUI actual,33.0,0.004304281336680624,,,,
600.0,MCIG GUI actual,33.76,0.003942239455317556,,,,
600.0,MCIG GUI actual,34.54,0.0035402050992523458,,,,
600.0,MCIG GUI actual,35.33,0.00324985361474946,,,,
600.0,MCIG GUI actual,36.12,0.0029658867166633494,,,,
600.0,MCIG GUI actual,36.92,0.0027178248015678344,,,,
600.0,MCIG GUI actual,37.73,0.0024397922107251063,,,,
600.0,MCIG GUI actual,38.55,0.0021870665367449966,,,,
600.0,MCIG GUI actual,39.38,0.00201977271677666,,,,
600.0,MCIG GUI actual,40.22,0.0018352730086804861,,,,
600.0,MCIG GUI actual,41.07,0.0016563420211649054,,,,
600.0,MCIG GUI actual,41.92,0.001500907528490046,,,,
600.0,MCIG GUI actual,42.79,0.0013686281648803951,,,,
600.0,MCIG GUI actual,43.66,0.0012438411254637577,,,,
600.0,MCIG GUI actual,44.54,0.0010945360909547577,,,,
600.0,MCIG GUI actual,45.43,0.000996897884667368,,,,
600.0,MCIG GUI actual,46.33,0.0009089105222133745,,,,
600.0,MCIG GUI actual,47.24,0.0008047274027946299,,,,
600.0,MCIG GUI actual,48.16,0.0007292466374966659,,,,
600.0,MCIG GUI actual,49.09,0.0006673160874572393,,,,
600.0,MCIG GUI actual,50.02,0.0005877878182225601,,,,
600.0,MCIG GUI actual,50.96,0.0005466829541425711,,,,
600.0,MCIG GUI actual,51.92,0.00048612791603330784,,,,
600.0,MCIG GUI actual,52.88,0.0004235678233453082,,,,
600.0,MCIG GUI actual,53.85,0.00038437302108573616,,,,
600.0,MCIG GUI actual,54.83,0.00035809443069420067,,,,
600.0,MCIG GUI actual,55.81,0.0003101204025105974,,,,
600.0,MCIG GUI actual,56.81,0.00027686502845715677,,,,
600.0,MCIG GUI actual,57.82,0.0002441385591199714,,,,
600.0,MCIG GUI actual,58.83,0.00021995261415367752,,,,
600.0,MCIG GUI actual,59.85,0.00019890481024249077,,,,
600.0,MCIG GUI actual,60.89,0.00017126131830392754,,,,
600.0,MCIG GUI actual,61.93,0.00015693882039563597,,,,
600.0,MCIG GUI actual,62.98,0.0001438038964111668,,,,
600.0,MCIG GUI actual,64.04,0.0001316765037310809,,,,
600.0,MCIG GUI actual,65.1,0.00011121039479640435,,,,
600.0,MCIG GUI actual,66.18,9.865699679873802e-05,,,,
600.0,MCIG GUI actual,67.26,8.743544141428976e-05,,,,
600.0,MCIG GUI actual,68.36,7.659846758902894e-05,,,,
600.0,MCIG GUI actual,69.46,7.186989005166318e-05,,,,
600.0,MCIG GUI actual,70.57,6.329758723704912e-05,,,,
600.0,MCIG GUI actual,71.69,5.155261890693487e-05,,,,
600.0,MCIG GUI actual,72.82,4.721515730548451e-05,,,,
600.0,MCIG GUI actual,73.96,4.70440658421994e-05,,,,
600.0,MCIG GUI actual,75.1,3.9584819857646575e-05,,,,
600.0,MCIG GUI actual,76.26,3.197646361304077e-05,,,,
600.0,MCIG GUI actual,77.42,2.8345385635964155e-05,,,,
600.0,MCIG GUI actual,78.6,2.6071040121124642e-05,,,,
600.0,MCIG GUI actual,79.78,2.3829307209209808e-05,,,,
600.0,MCIG GUI actual,80.97,2.154886080809945e-05,,,,
600.0,MCIG GUI actual,82.17,1.979614550100129e-05,,,,
600.0,MCIG GUI actual,83.38,1.6878662812378845e-05,,,,
600.0,MCIG GUI actual,84.59,1.4854911256780937e-05,,,,
600.0,MCIG GUI actual,85.82,1.2973509950172946e-05,,,,
600.0,MCIG GUI actual,87.06,1.039921449969487e-05,,,,
600.0,MCIG GUI actual,88.3,9.55116043646433e-06,,,,
600.0,MCIG GUI actual,89.55,9.353743396300052e-06,,,,
600.0,MCIG GUI actual,90.81,7.299443145927911e-06,,,,
600.0,MCIG GUI actual,92.08,7.886728952284569e-06,,,,
600.0,MCIG GUI actual,93.36,5.768636310148727e-06,,,,
600.0,MCIG GUI actual,94.65,4.984787603187246e-06,,,,
600.0,MCIG GUI actual,95.95,5.139683885804961e-06,,,,
600.0,MCIG GUI actual,97.25,4.415125281692364e-06,,,,
600.0,MCIG GUI actual,98.57,4.275210822170273e-06,,,,
600.0,MCIG GUI actual,99.89,3.1864277376397816e-06,,,,
600.0,MCIG GUI actual,101.2,2.4814190698041774e-06,,,,
600.0,MCIG GUI actual,102.6,2.624331545323722e-06,,,,
600.0,MCIG GUI actual,103.9,3.1686172161295336e-06,,,,
600.0,MCIG GUI actual,105.3,2.1481113564117376e-06,,,,
600.0,MCIG GUI actual,106.6,1.7587591801075443e-06,,,,
600.0,MCIG GUI actual,108.0,1.5191860623607294e-06,,,,
600.0,MCIG GUI actual,109.4,1.1551707696867406e-06,,,,
600.0,MCIG GUI actual,110.8,1.147906941655018e-06,,,,
600.0,MCIG GUI actual,112.2,5.665517177761641e-07,,,,
600.0,MCIG GUI actual,113.6,7.489907110095158e-07,,,,
600.0,MCIG GUI actual,115.0,9.343247612861274e-07,,,,
600.0,MCIG GUI actual,116.5,3.7008678885302824e-07,,,,
600.0,MCIG GUI actual,117.9,4.725165264065921e-07,,,,
600.0,MCIG GUI actual,119.3,3.6067959645092486e-07,,,,
600.0,MCIG GUI actual,120.8,3.6111545083551855e-07,,,,
600.0,MCIG GUI actual,122.3,2.464656992007651e-07,,,,
600.0,MCIG GUI actual,123.7,2.807833536506811e-07,,,,
600.0,MCIG GUI actual,125.2,3.738434467545255e-07,,,,
600.0,MCIG GUI actual,126.7,2.0004870486998717e-07,,,,
600.0,MCIG GUI actual,128.2,1.076280673753659e-07,,,,
600.0,MCIG GUI actual,129.7,1.303229847813559e-07,,,,
600.0,MCIG GUI actual,131.2,1.9432644848226702e-07,,,,
600.0,MCIG GUI actual,132.8,1.0357820998261884e-07,,,,
600.0,MCIG GUI actual,134.3,9.826153167840825e-08,,,,
600.0,MCIG GUI actual,135.8,0.0,,,,
600.0,MCIG GUI actual,137.4,1.30982466855322e-07,,,,
600.0,MCIG GUI actual,138.9,3.1474209932679425e-08,,,,
600.0,MCIG GUI actual,140.5,6.474895947189539e-08,,,,
600.0,MCIG GUI actual,142.1,6.439299596616333e-08,,,,
600.0,MCIG GUI actual,143.7,3.095849545319558e-08,,,,
600.0,MCIG GUI actual,145.3,6.157605081507461e-08,,,,
600.0,MCIG GUI actual,146.9,3.061891243462737e-08,,,,
600.0,MCIG GUI actual,148.5,0.0,,,,
600.0,MCIG GUI actual,150.1,0.0,,,,
600.0,MCIG GUI actual,151.7,0.0,,,,
600.0,MCIG GUI actual,153.4,3.4168686705629074e-08,,,,
600.0,MCIG GUI actual,155.0,0.0,,,,
600.0,MCIG GUI actual,156.7,0.0,,,,
600.0,MCIG GUI actual,158.4,2.756466164303643e-08,,,,
600.0,MCIG GUI actual,160.0,0.0,,,,
600.0,MCIG GUI actual,161.7,0.0,,,,
600.0,MCIG GUI actual,163.4,0.0,,,,
600.0,MCIG GUI actual,165.1,0.0,,,,
600.0,MCIG GUI actual,166.8,2.872522673155065e-08,,,,
600.0,"internal MC fixed warmup HP (768, warmup 600 + production 1200)",0.25,0.011703318880356799,5466.0,,2810.7688170638025,0.0188619868007191
600.0,"internal MC fixed warmup HP (768, warmup 600 + production 1200)",0.75,0.02195268458696842,10291.0,,5157.378192346265,0.0139246891922338
600.0,"internal MC fixed warmup HP (768, warmup 600 + production 1200)",1.25,0.02873830056623541,13303.0,,6576.5093900121055,0.0123311130046791
600.0,"internal MC fixed warmup HP (768, warmup 600 + production 1200)",1.75,0.03404728325046995,16255.0,,8035.309940591293,0.0111557476942537
600.0,"internal MC fixed warmup HP (768, warmup 600 + production 1200)",2.25,0.038030311317960704,18171.0,,9136.86687932788,0.0104616780608718
600.0,"internal MC fixed warmup HP (768, warmup 600 + production 1200)",2.75,0.04149519929983397,19496.0,,9808.751396629244,0.0100970181346936
600.0,"internal MC fixed warmup HP (768, warmup 600 + production 1200)",3.25,0.04316218100658172,20354.0,,10200.26201140312,0.009901348260674
600.0,"internal MC fixed warmup HP (768, warmup 600 + production 1200)",3.75,0.04605259643143066,21791.0,,10916.996806646224,0.0095708036901245
600.0,"internal MC fixed warmup HP (768, warmup 600 + production 1200)",4.25,0.047913391389019414,22413.0,,11170.536368481617,0.0094615652025696
600.0,"internal MC fixed warmup HP (768, warmup 600 + production 1200)",4.75,0.04882866377027245,23160.0,,11653.272597107029,0.009263520077636
600.0,"internal MC fixed warmup HP (768, warmup 600 + production 1200)",5.25,0.0504866687287179,24012.0,,12089.78673299568,0.0090947482107822
600.0,"internal MC fixed warmup HP (768, warmup 600 + production 1200)",5.75,0.05078966946399667,24117.0,,12058.43659183348,0.0091065630327171
600.0,"internal MC fixed warmup HP (768, warmup 600 + production 1200)",6.25,0.050360470344828615,23786.0,,11859.63770080139,0.0091825708728696
600.0,"internal MC fixed warmup HP (768, warmup 600 + production 1200)",6.75,0.050985509081305835,23913.0,,11979.743217940006,0.0091364239884198
600.0,"internal MC fixed warmup HP (768, warmup 600 + production 1200)",7.25,0.05145562848222845,24148.0,,12015.418680725208,0.0091228502434065
600.0,"internal MC fixed warmup HP (768, warmup 600 + production 1200)",7.75,0.050734213163915125,23565.0,,11930.373176935547,0.0091553085587315
600.0,"internal MC fixed warmup HP (768, warmup 600 + production 1200)",8.25,0.0501249047389523,23381.0,,11660.32483066525,0.0092607183380249
600.0,"internal MC fixed warmup HP (768, warmup 600 + production 1200)",8.75,0.04952043442602135,23403.0,,11829.28884441444,0.0091943425868645
600.0,"internal MC fixed warmup HP (768, warmup 600 + production 1200)",9.25,0.04833381350171698,22648.0,,11368.102145270208,0.0093789887819756
600.0,"internal MC fixed warmup HP (768, warmup 600 + production 1200)",9.75,0.04896776725700259,22718.0,,11351.765656019574,0.009385735074513
600.0,"internal MC fixed warmup HP (768, warmup 600 + production 1200)",10.25,0.04803357043977969,22383.0,,11242.773627741391,0.0094311199149861
600.0,"internal MC fixed warmup HP (768, warmup 600 + production 1200)",10.75,0.04773719506544961,22057.0,,10946.029346460307,0.0095581027726161
600.0,"internal MC fixed warmup HP (768, warmup 600 + production 1200)",11.25,0.045288762611402314,21341.0,,10719.516940306024,0.0096585602333222
600.0,"internal MC fixed warmup HP (768, warmup 600 + production 1200)",11.75,0.04444260137960469,20827.0,,10386.788735480484,0.0098120409233424
600.0,"internal MC fixed warmup HP (768, warmup 600 + production 1200)",12.25,0.04383397897540914,20426.0,,10227.96660687502,0.0098879292268994
600.0,"internal MC fixed warmup HP (768, warmup 600 + production 1200)",12.75,0.04157509580309105,19500.0,,9829.124964495566,0.0100865482813538
600.0,"internal MC fixed warmup HP (768, warmup 600 + production 1200)",13.25,0.04060405765899711,18793.0,,9365.72383899085,0.0103330689196422
600.0,"internal MC fixed warmup HP (768, warmup 600 + production 1200)",13.75,0.040061660647083545,18605.0,,9240.917135508444,0.0104026134784467
600.0,"internal MC fixed warmup HP (768, warmup 600 + production 1200)",14.25,0.03750297636316953,17435.0,,8781.211862957449,0.0106714337433325
600.0,"internal MC fixed warmup HP (768, warmup 600 + production 1200)",14.75,0.036628774190737366,16857.0,,8469.992654526171,0.0108657193418755
600.0,"internal MC fixed warmup HP (768, warmup 600 + production 1200)",15.25,0.03612155175501062,16310.0,,8170.999834211972,0.0110627321943625
600.0,"internal MC fixed warmup HP (768, warmup 600 + production 1200)",15.75,0.03450542749999545,15636.0,,7828.6872535226175,0.011302005857939
600.0,"internal MC fixed warmup HP (768, warmup 600 + production 1200)",16.25,0.032279925807201175,14747.0,,7416.220242220024,0.011612044477442
600.0,"internal MC fixed warmup HP (768, warmup 600 + production 1200)",16.75,0.03109395163495893,14126.0,,7075.496649681641,0.0118883487047082
600.0,"internal MC fixed warmup HP (768, warmup 600 + production 1200)",17.25,0.029153747541328576,13403.0,,6801.89745544159,0.0121250896920594
600.0,"internal MC fixed warmup HP (768, warmup 600 + production 1200)",17.75,0.028644265717851138,12949.0,,6500.53092141612,0.0124029669307434
600.0,"internal MC fixed warmup HP (768, warmup 600 + production 1200)",18.25,0.027146096616934345,12197.0,,6086.209161593522,0.0128181858256324
600.0,"internal MC fixed warmup HP (768, warmup 600 + production 1200)",18.75,0.02515961306690687,11296.0,,5675.542975661805,0.013273831236853
600.0,"internal MC fixed warmup HP (768, warmup 600 + production 1200)",19.25,0.02477212698046933,11128.0,,5554.82023993589,0.0134172958296295
600.0,"internal MC fixed warmup HP (768, warmup 600 + production 1200)",19.75,0.023275314146516395,10431.0,,5289.165230841528,0.0137501182415153
600.0,"internal MC fixed warmup HP (768, warmup 600 + production 1200)",20.25,0.022233645104662386,10035.0,,5007.505141776252,0.0141315336843103
600.0,"internal MC fixed warmup HP (768, warmup 600 + production 1200)",20.75,0.02099190315544335,9396.0,,4736.349385257421,0.0145304188821966
600.0,"internal MC fixed warmup HP (768, warmup 600 + production 1200)",21.25,0.02071591725019216,9279.0,,4648.27497312415,0.0146674323690211
600.0,"internal MC fixed warmup HP (768, warmup 600 + production 1200)",21.75,0.019153471609208494,8536.0,,4308.187324982995,0.0152353596470418
600.0,"internal MC fixed warmup HP (768, warmup 600 + production 1200)",22.25,0.018348824114481934,8206.0,,4052.984429103439,0.0157076976218043
600.0,"internal MC fixed warmup HP (768, warmup 600 + production 1200)",22.75,0.017475308581490087,7623.0,,3794.848477956476,0.016233149190327
600.0,"internal MC fixed warmup HP (768, warmup 600 + production 1200)",23.25,0.01648992042315748,7407.0,,3563.413655092525,0.0167520083209302
600.0,"internal MC fixed warmup HP (768, warmup 600 + production 1200)",23.75,0.015155992381567165,6750.0,,3436.170678978344,0.0170593561526049
600.0,"internal MC fixed warmup HP (768, warmup 600 + production 1200)",24.25,0.014502688208409428,6299.0,,3245.185136586178,0.0175541684247375
600.0,"internal MC fixed warmup HP (768, warmup 600 + production 1200)",24.75,0.013601264051038467,6048.0,,3048.631826412525,0.0181112118414846
600.0,"internal MC fixed warmup HP (768, warmup 600 + production 1200)",25.25,0.01299854799099098,5636.0,,2781.045185273875,0.0189625167501706
600.0,"internal MC fixed warmup HP (768, warmup 600 + production 1200)",25.75,0.011857146729783821,5244.0,,2658.908880180961,0.0193931462561012
600.0,"internal MC fixed warmup HP (768, warmup 600 + production 1200)",26.25,0.011489688001819388,4980.0,,2488.833942441481,0.0200448144063062
600.0,"internal MC fixed warmup HP (768, warmup 600 + production 1200)",26.75,0.010619003132530395,4692.0,,2338.5162907916715,0.0206790127107334
600.0,"internal MC fixed warmup HP (768, warmup 600 + production 1200)",27.25,0.010660932396173012,4509.0,,2266.250081697549,0.021006131681191
600.0,"internal MC fixed warmup HP (768, warmup 600 + production 1200)",27.75,0.009647672631914263,4150.0,,2117.151199059623,0.0217332193148245
600.0,"internal MC fixed warmup HP (768, warmup 600 + production 1200)",28.25,0.009154443593285959,3954.0,,1985.26200068022,0.0224435258475474
600.0,"internal MC fixed warmup HP (768, warmup 600 + production 1200)",28.75,0.008886555316029932,3842.0,,1895.0103518658257,0.022971756632849
600.0,"internal MC fixed warmup HP (768, warmup 600 + production 1200)",29.25,0.008414420752929171,3726.0,,1859.1275210216183,0.0231923849067618
600.0,"internal MC fixed warmup HP (768, warmup 600 + production 1200)",29.75,0.008040705937869182,3390.0,,1719.2864148208714,0.024117144428916
600.0,"internal MC fixed warmup HP (768, warmup 600 + production 1200)",30.25,0.007256414301959211,3127.0,,1528.631080776206,0.0255769442706791
600.0,"internal MC fixed warmup HP (768, warmup 600 + production 1200)",30.75,0.007005113554260407,3013.0,,1476.107552293554,0.0260280120351616
600.0,"internal MC fixed warmup HP (768, warmup 600 + production 1200)",31.25,0.00684392774023748,2911.0,,1476.3018483366052,0.0260262992058523
600.0,"internal MC fixed warmup HP (768, warmup 600 + production 1200)",31.75,0.006460014028919795,2753.0,,1362.2246751351154,0.0270941561001555
600.0,"internal MC fixed warmup HP (768, warmup 600 + production 1200)",32.25,0.0061318121362551065,2569.0,,1283.552180701788,0.0279121464784194
600.0,"internal MC fixed warmup HP (768, warmup 600 + production 1200)",32.75,0.005770513278033508,2450.0,,1214.9623500789498,0.0286892100356354
600.0,"internal MC fixed warmup HP (768, warmup 600 + production 1200)",33.25,0.005576114025504319,2404.0,,1206.7130051639049,0.0287871057605753
600.0,"internal MC fixed warmup HP (768, warmup 600 + production 1200)",33.75,0.005175875250093117,2243.0,,1144.2148073662663,0.0295628444416376
600.0,"internal MC fixed warmup HP (768, warmup 600 + production 1200)",34.25,0.004875640257840292,2107.0,,1060.5994887793615,0.0307060740752242
600.0,"internal MC fixed warmup HP (768, warmup 600 + production 1200)",34.75,0.004647517972035764,1962.0,,1008.4068087542112,0.031490685551223
600.0,"internal MC fixed warmup HP (768, warmup 600 + production 1200)",35.25,0.004431258460757921,1873.0,,928.2099109018455,0.0328228962029859
600.0,"internal MC fixed warmup HP (768, warmup 600 + production 1200)",35.75,0.003864158723426714,1728.0,,861.2189139032879,0.0340755771550434
600.0,"internal MC fixed warmup HP (768, warmup 600 + production 1200)",36.25,0.00396785261732331,1758.0,,893.9073144328428,0.0334467369468908
600.0,"internal MC fixed warmup HP (768, warmup 600 + production 1200)",36.75,0.003979805689344114,1653.0,,820.4803891173605,0.0349112900639324
600.0,"internal MC fixed warmup HP (768, warmup 600 + production 1200)",37.25,0.003296105450680648,1414.0,,693.8121650606405,0.0379646189148066
600.0,"internal MC fixed warmup HP (768, warmup 600 + production 1200)",37.75,0.0035501406196020435,1441.0,,726.4207414050815,0.0371027313684375
600.0,"internal MC fixed warmup HP (768, warmup 600 + production 1200)",38.25,0.0031042470049629065,1361.0,,648.981000680648,0.0392540081789858
600.0,"internal MC fixed warmup HP (768, warmup 600 + production 1200)",38.75,0.002952240871146164,1248.0,,624.775888967228,0.0400071734822942
600.0,"internal MC fixed warmup HP (768, warmup 600 + production 1200)",39.25,0.002710690503062145,1149.0,,588.415647167623,0.0412247369845197
600.0,"internal MC fixed warmup HP (768, warmup 600 + production 1200)",39.75,0.002758192972987953,1203.0,,584.1335201377244,0.0413755648450266
600.0,"internal MC fixed warmup HP (768, warmup 600 + production 1200)",40.25,0.002459952558543353,1097.0,,532.2834470284073,0.0433439532894083
600.0,"internal MC fixed warmup HP (768, warmup 600 + production 1200)",40.75,0.0026174044848393517,1058.0,,555.9242872196504,0.0424123343123064
600.0,"internal MC fixed warmup HP (768, warmup 600 + production 1200)",41.25,0.0022543720776853123,962.0,,456.3015224196673,0.0468138157080743
600.0,"internal MC fixed warmup HP (768, warmup 600 + production 1200)",41.75,0.0022391293077786726,967.0,,503.55843582134185,0.0445630658796723
600.0,"internal MC fixed warmup HP (768, warmup 600 + production 1200)",42.25,0.001993364796827069,864.0,,440.7089601856456,0.0476347685967142
600.0,"internal MC fixed warmup HP (768, warmup 600 + production 1200)",42.75,0.00209437341957503,847.0,,418.7768733373992,0.0488662097698957
600.0,"internal MC fixed warmup HP (768, warmup 600 + production 1200)",43.25,0.0017984046249010126,803.0,,420.9524661785681,0.0487397694896258
600.0,"internal MC fixed warmup HP (768, warmup 600 + production 1200)",43.75,0.0018238836268840044,789.0,,375.0983192457104,0.0516330097016123
600.0,"internal MC fixed warmup HP (768, warmup 600 + production 1200)",44.25,0.001765197286319612,750.0,,372.213356382337,0.0518327228319295
600.0,"internal MC fixed warmup HP (768, warmup 600 + production 1200)",44.75,0.001645363864958078,684.0,,324.12138627657805,0.0555451515621323
600.0,"internal MC fixed warmup HP (768, warmup 600 + production 1200)",45.25,0.001426786525603631,652.0,,321.2158194521148,0.0557958036416182
600.0,"internal MC fixed warmup HP (768, warmup 600 + production 1200)",45.75,0.0015048528472254585,644.0,,324.3403628711777,0.0555263978959504
600.0,"internal MC fixed warmup HP (768, warmup 600 + production 1200)",46.25,0.0014110442441016017,561.0,,271.915901899158,0.0606432819559783
600.0,"internal MC fixed warmup HP (768, warmup 600 + production 1200)",46.75,0.0011718923986568633,473.0,,236.35646291501612,0.0650453506036508
600.0,"internal MC fixed warmup HP (768, warmup 600 + production 1200)",47.25,0.001133393625289217,464.0,,242.6490233057833,0.0641964076561203
600.0,"internal MC fixed warmup HP (768, warmup 600 + production 1200)",47.75,0.0011704689911181546,481.0,,241.46310483059037,0.0643538612280422
600.0,"internal MC fixed warmup HP (768, warmup 600 + production 1200)",48.25,0.0010230545234637498,420.0,,202.35304546081744,0.0702983493283224
600.0,"internal MC fixed warmup HP (768, warmup 600 + production 1200)",48.75,0.00101894569109724,425.0,,213.1819732674296,0.0684896207028283
600.0,"internal MC fixed warmup HP (768, warmup 600 + production 1200)",49.25,0.000939928926742531,382.0,,177.82229079983836,0.0749906122972825
600.0,"internal MC fixed warmup HP (768, warmup 600 + production 1200)",49.75,0.001045215482414758,419.0,,212.872169814516,0.0685394407582027
600.0,"internal MC fixed warmup HP (768, warmup 600 + production 1200)",50.25,0.0008434325250860891,371.0,,175.1484446022076,0.0755608539638929
600.0,"internal MC fixed warmup HP (768, warmup 600 + production 1200)",50.75,0.0008090534075788835,328.0,,165.24372270296698,0.0777924617107156
600.0,"internal MC fixed warmup HP (768, warmup 600 + production 1200)",51.25,0.0007040946480980722,307.0,,159.60227575190498,0.0791553840175194
600.0,"internal MC fixed warmup HP (768, warmup 600 + production 1200)",51.75,0.0007530293558079426,310.0,,163.3759629534825,0.078235870619542
600.0,"internal MC fixed warmup HP (768, warmup 600 + production 1200)",52.25,0.0007407515806804694,297.0,,159.9291140260348,0.0790744599138354
600.0,"internal MC fixed warmup HP (768, warmup 600 + production 1200)",52.75,0.000572189373821973,280.0,,137.66565522675205,0.0852289615491379
600.0,"internal MC fixed warmup HP (768, warmup 600 + production 1200)",53.25,0.0006127979622256058,285.0,,142.16500845281803,0.0838694205294256
600.0,"internal MC fixed warmup HP (768, warmup 600 + production 1200)",53.75,0.0005890064860576593,253.0,,125.55033956100364,0.0892464714128984
600.0,"internal MC fixed warmup HP (768, warmup 600 + production 1200)",54.25,0.0005563255291703438,230.0,,115.092167719646,0.093213135078771
600.0,"internal MC fixed warmup HP (768, warmup 600 + production 1200)",54.75,0.0005614397126518829,205.0,,96.31930591897716,0.1018927603622052
600.0,"internal MC fixed warmup HP (768, warmup 600 + production 1200)",55.25,0.0005679655238133676,240.0,,114.1188890211486,0.0936097817054797
600.0,"internal MC fixed warmup HP (768, warmup 600 + production 1200)",55.75,0.0004525476799822231,177.0,,94.0675691691724,0.1031050742391945
600.0,"internal MC fixed warmup HP (768, warmup 600 + production 1200)",56.25,0.0004522660876939492,196.0,,106.03845219049728,0.0971109740136104
600.0,"internal MC fixed warmup HP (768, warmup 600 + production 1200)",56.75,0.00044579217922935014,200.0,,106.2905247698156,0.0969957542221576
600.0,"internal MC fixed warmup HP (768, warmup 600 + production 1200)",57.25,0.0005019383643841453,183.0,,90.8077081932298,0.1049394158765747
600.0,"internal MC fixed warmup HP (768, warmup 600 + production 1200)",57.75,0.00037080529231792864,161.0,,69.56217274300242,0.1198984118975936
600.0,"internal MC fixed warmup HP (768, warmup 600 + production 1200)",58.25,0.00032425453085830323,144.0,,72.63513251291407,0.117334744886105
600.0,"internal MC fixed warmup HP (768, warmup 600 + production 1200)",58.75,0.0003544330784055667,153.0,,70.80846099036897,0.1188385714152582
600.0,"internal MC fixed warmup HP (768, warmup 600 + production 1200)",59.25,0.00034801289393412386,147.0,,80.19164509840579,0.1116697229154395
600.0,"internal MC fixed warmup HP (768, warmup 600 + production 1200)",59.75,0.00032746155830591097,126.0,,62.03032055604286,0.1269690842366831
600.0,"internal MC fixed warmup HP (768, warmup 600 + production 1200)",60.25,0.00033034446200368357,141.0,,67.22345915733801,0.1219662221012434
600.0,"internal MC fixed warmup HP (768, warmup 600 + production 1200)",60.75,0.00032275931287714833,117.0,,61.01966058521718,0.1280162514767163
600.0,"internal MC fixed warmup HP (768, warmup 600 + production 1200)",61.25,0.0002669413264076423,106.0,,52.0646611433015,0.138588909313584
600.0,"internal MC fixed warmup HP (768, warmup 600 + production 1200)",61.75,0.00018928430093834614,85.0,,44.35100815067696,0.1501579227921839
600.0,"internal MC fixed warmup HP (768, warmup 600 + production 1200)",62.25,0.000273555906533857,89.0,,52.84585018745888,0.1375607564569471
600.0,"internal MC fixed warmup HP (768, warmup 600 + production 1200)",62.75,0.0002249098546851945,76.0,,43.77870271959318,0.1511362199548651
600.0,"internal MC fixed warmup HP (768, warmup 600 + production 1200)",63.25,0.00027439776154013066,107.0,,48.74088995900068,0.1432363589111684
600.0,"internal MC fixed warmup HP (768, warmup 600 + production 1200)",63.75,0.00018876221046078973,93.0,,41.76783573917432,0.1547315991084704
600.0,"internal MC fixed warmup HP (768, warmup 600 + production 1200)",64.25,0.0002061583807102542,80.0,,34.537497321014605,0.1701588602294455
600.0,"internal MC fixed warmup HP (768, warmup 600 + production 1200)",64.75,0.0002545261597298614,86.0,,42.34977889566975,0.1536648110840453
600.0,"internal MC fixed warmup HP (768, warmup 600 + production 1200)",65.25,0.00017915191531945584,77.0,,40.85555222855928,0.1564496001296924
600.0,"internal MC fixed warmup HP (768, warmup 600 + production 1200)",65.75,0.00011511198324201948,49.0,,21.435719674837834,0.2159886676797609
600.0,"internal MC fixed warmup HP (768, warmup 600 + production 1200)",66.25,0.00014860133872557268,59.0,,28.43635849450729,0.1875266561530902
600.0,"internal MC fixed warmup HP (768, warmup 600 + production 1200)",66.75,0.0001803100905559712,64.0,,32.24206571327802,0.1761118465029493
600.0,"internal MC fixed warmup HP (768, warmup 600 + production 1200)",67.25,0.00012623087436581908,63.0,,31.05468337585041,0.1794471012249937
600.0,"internal MC fixed warmup HP (768, warmup 600 + production 1200)",67.75,0.00011235987917704147,44.0,,21.291413426564585,0.2167193819680553
600.0,"internal MC fixed warmup HP (768, warmup 600 + production 1200)",68.25,0.00015226395924674616,57.0,,32.670823448759606,0.1749524221993773
600.0,"internal MC fixed warmup HP (768, warmup 600 + production 1200)",68.75,0.00010483477904382476,49.0,,21.2402122826327,0.216980434001404
600.0,"internal MC fixed warmup HP (768, warmup 600 + production 1200)",69.25,0.00017246535896227943,52.0,,19.59647899793356,0.2258972670647991
600.0,"internal MC fixed warmup HP (768, warmup 600 + production 1200)",69.75,0.00013052297851780375,50.0,,21.485632783137493,0.2157376409989584
600.0,"internal MC fixed warmup HP (768, warmup 600 + production 1200)",70.25,8.826600045680493e-05,43.0,,16.809105249933427,0.2439089304115362
600.0,"internal MC fixed warmup HP (768, warmup 600 + production 1200)",70.75,6.979226246294177e-05,31.0,,19.99953624469793,0.2236093902660159
600.0,"internal MC fixed warmup HP (768, warmup 600 + production 1200)",71.25,0.00012012877520752446,33.0,,20.87944562941248,0.2188469600134048
600.0,"internal MC fixed warmup HP (768, warmup 600 + production 1200)",71.75,8.558753901159982e-05,33.0,,19.051799958231097,0.2291036422538564
600.0,"internal MC fixed warmup HP (768, warmup 600 + production 1200)",72.25,9.193130694057005e-05,35.0,,15.71822655704013,0.2522308641955038
600.0,"internal MC fixed warmup HP (768, warmup 600 + production 1200)",72.75,6.457525459630436e-05,19.0,,7.567686727904431,0.3635117280493603
600.0,"internal MC fixed warmup HP (768, warmup 600 + production 1200)",73.25,7.602923366111704e-05,35.0,,19.811441413002186,0.2246683846458085
600.0,"internal MC fixed warmup HP (768, warmup 600 + production 1200)",73.75,6.581231889178185e-05,23.0,,10.216258559776929,0.3128628967826148
600.0,"internal MC fixed warmup HP (768, warmup 600 + production 1200)",74.25,6.226136896660746e-05,23.0,,11.398821558996476,0.29618974814116
600.0,"internal MC fixed warmup HP (768, warmup 600 + production 1200)",74.75,4.87868889738308e-05,18.0,,8.37308891944777,0.3455868019875987
600.0,"internal MC fixed warmup HP (768, warmup 600 + production 1200)",75.25,6.231876863387063e-05,25.0,,10.744001750979926,0.3050822669325846
600.0,"internal MC fixed warmup HP (768, warmup 600 + production 1200)",75.75,7.244556142241104e-05,22.0,,14.879343293792608,0.2592436444080414
600.0,"internal MC fixed warmup HP (768, warmup 600 + production 1200)",76.25,4.1203370601718806e-05,17.0,,10.485572902137095,0.3088189328978039
600.0,"internal MC fixed warmup HP (768, warmup 600 + production 1200)",76.75,6.815946456576452e-05,21.0,,11.37499992710734,0.2964997276144472
600.0,"internal MC fixed warmup HP (768, warmup 600 + production 1200)",77.25,6.024840337984326e-05,18.0,,5.863367663199487,0.4129775431097817
600.0,"internal MC fixed warmup HP (768, warmup 600 + production 1200)",77.75,5.368652143828842e-05,17.0,,10.188523907288806,0.3132884366698256
600.0,"internal MC fixed warmup HP (768, warmup 600 + production 1200)",78.25,6.185791393481428e-05,24.0,,12.859578457493638,0.2788602637338364
600.0,"internal MC fixed warmup HP (768, warmup 600 + production 1200)",78.75,7.540259511023902e-05,24.0,,11.849795719596516,0.2904989508321537
600.0,"internal MC fixed warmup HP (768, warmup 600 + production 1200)",79.25,4.943686638443317e-05,22.0,,10.909634396354525,0.3027574938650911
600.0,"internal MC fixed warmup HP (768, warmup 600 + production 1200)",79.75,2.9340903223349765e-05,18.0,,7.638360297055789,0.3618261324375079
600.0,"internal MC fixed warmup HP (768, warmup 600 + production 1200)",85.0,2.31121323576512e-05,192.0,,98.51576395083886,0.1007504826353493
600.0,"internal MC fixed warmup HP (768, warmup 600 + production 1200)",95.0,8.810658177959368e-06,64.0,,35.81917887946663,0.167086817492448
600.0,"internal MC fixed warmup HP (768, warmup 600 + production 1200)",105.0,4.62995417756123e-06,44.0,,22.35812113348214,0.211486352795267
600.0,"internal MC fixed warmup HP (768, warmup 600 + production 1200)",115.0,1.311812407257559e-06,13.0,,5.045651214639339,0.4451858857118104
600.0,"internal MC fixed warmup HP (768, warmup 600 + production 1200)",125.0,0.0,0.0,,0.0,
600.0,"internal MC fixed warmup HP (768, warmup 600 + production 1200)",135.0,0.0,0.0,,0.0,
600.0,"internal MC fixed warmup HP (768, warmup 600 + production 1200)",145.0,0.0,0.0,,0.0,
600.0,"internal MC fixed warmup HP (768, warmup 600 + production 1200)",155.0,0.0,0.0,,0.0,
600.0,"internal MC fixed warmup HP (768, warmup 600 + production 1200)",165.0,0.0,0.0,,0.0,
600.0,"internal MC fixed warmup HP (768, warmup 600 + production 1200)",175.0,0.0,0.0,,0.0,
600.0,"internal MC fixed warmup HP (768, warmup 600 + production 1200)",185.0,0.0,0.0,,0.0,
600.0,"internal MC fixed warmup HP (768, warmup 600 + production 1200)",195.0,0.0,0.0,,0.0,
600.0,"internal MC fixed warmup HP (768, warmup 600 + production 1200)",205.0,0.0,0.0,,0.0,
600.0,"internal MC fixed warmup HP (768, warmup 600 + production 1200)",215.0,0.0,0.0,,0.0,
600.0,"internal MC fixed warmup HP (768, warmup 600 + production 1200)",225.0,0.0,0.0,,0.0,
600.0,"internal MC fixed warmup HP (768, warmup 600 + production 1200)",235.0,0.0,0.0,,0.0,
600.0,"internal MC fixed warmup HP (768, warmup 600 + production 1200)",245.0,0.0,0.0,,0.0,
600.0,"internal MC fixed warmup HP (768, warmup 600 + production 1200)",255.0,0.0,0.0,,0.0,
600.0,"internal MC fixed warmup HP (768, warmup 600 + production 1200)",270.0,0.0,0.0,,0.0,
600.0,"internal MC fixed warmup HP (768, warmup 600 + production 1200)",290.0,0.0,0.0,,0.0,
600.0,"internal MC fixed warmup HP (768, warmup 600 + production 1200)",310.0,0.0,0.0,,0.0,
600.0,"internal MC fixed warmup HP (768, warmup 600 + production 1200)",330.0,0.0,0.0,,0.0,
600.0,"internal MC fixed warmup HP (768, warmup 600 + production 1200)",350.0,0.0,0.0,,0.0,
600.0,"internal MC fixed warmup HP (768, warmup 600 + production 1200)",370.0,0.0,0.0,,0.0,
600.0,"internal MC fixed warmup HP (768, warmup 600 + production 1200)",390.0,0.0,0.0,,0.0,
600.0,"internal MC fixed warmup HP (768, warmup 600 + production 1200)",410.0,0.0,0.0,,0.0,
600.0,"internal MC fixed warmup HP (768, warmup 600 + production 1200)",430.0,0.0,0.0,,0.0,
600.0,"internal MC fixed warmup HP (768, warmup 600 + production 1200)",450.0,0.0,0.0,,0.0,
600.0,"internal MC fixed warmup HP (768, warmup 600 + production 1200)",470.0,0.0,0.0,,0.0,
600.0,"internal MC fixed warmup HP (768, warmup 600 + production 1200)",490.0,0.0,0.0,,0.0,
600.0,"internal MC fixed warmup HP (768, warmup 600 + production 1200)",510.0,0.0,0.0,,0.0,
600.0,"internal MC fixed warmup HP (768, warmup 600 + production 1200)",530.0,0.0,0.0,,0.0,
600.0,"internal MC fixed warmup HP (768, warmup 600 + production 1200)",550.0,0.0,0.0,,0.0,
600.0,"internal MC fixed warmup HP (768, warmup 600 + production 1200)",570.0,0.0,0.0,,0.0,
600.0,"internal MC fixed warmup HP (768, warmup 600 + production 1200)",590.0,0.0,0.0,,0.0,
600.0,"internal MC fixed warmup HP (768, warmup 600 + production 1200)",610.0,0.0,0.0,,0.0,
600.0,"internal MC fixed warmup HP (768, warmup 600 + production 1200)",630.0,0.0,0.0,,0.0,
600.0,"internal MC fixed warmup HP (768, warmup 600 + production 1200)",650.0,0.0,0.0,,0.0,
600.0,"internal MC fixed warmup HP (768, warmup 600 + production 1200)",670.0,0.0,0.0,,0.0,
600.0,"internal MC fixed warmup HP (768, warmup 600 + production 1200)",690.0,0.0,0.0,,0.0,
600.0,"internal MC fixed warmup HP (768, warmup 600 + production 1200)",710.0,0.0,0.0,,0.0,
600.0,"internal MC fixed warmup HP (768, warmup 600 + production 1200)",730.0,0.0,0.0,,0.0,
600.0,"internal MC fixed warmup HP (768, warmup 600 + production 1200)",750.0,0.0,0.0,,0.0,
600.0,"internal MC fixed warmup HP (768, warmup 600 + production 1200)",770.0,0.0,0.0,,0.0,
600.0,"internal MC fixed warmup HP (768, warmup 600 + production 1200)",790.0,0.0,0.0,,0.0,
600.0,"internal MC fixed warmup HP (768, warmup 600 + production 1200)",810.0,0.0,0.0,,0.0,
600.0,"internal MC fixed warmup HP (768, warmup 600 + production 1200)",830.0,0.0,0.0,,0.0,
600.0,"internal MC fixed warmup HP (768, warmup 600 + production 1200)",850.0,0.0,0.0,,0.0,
600.0,"internal MC fixed warmup HP (768, warmup 600 + production 1200)",870.0,0.0,0.0,,0.0,
600.0,"internal MC fixed warmup HP (768, warmup 600 + production 1200)",890.0,0.0,0.0,,0.0,
600.0,"internal MC fixed warmup HP (768, warmup 600 + production 1200)",910.0,0.0,0.0,,0.0,
600.0,"internal MC fixed warmup HP (768, warmup 600 + production 1200)",930.0,0.0,0.0,,0.0,
600.0,"internal MC fixed warmup HP (768, warmup 600 + production 1200)",950.0,0.0,0.0,,0.0,
600.0,"internal MC fixed warmup HP (768, warmup 600 + production 1200)",970.0,0.0,0.0,,0.0,
600.0,"internal MC fixed warmup HP (768, warmup 600 + production 1200)",990.0,0.0,0.0,,0.0,
600.0,two_term native SG hold,0.0001,0.000372708645934901,,,,
600.0,two_term native SG hold,0.0007878790169414,0.0006686040786322018,,,,
600.0,two_term native SG hold,0.0028515160677658,0.0013300073462147036,,,,
600.0,two_term native SG hold,0.0062909111524731,0.0019953438556383056,,,,
600.0,two_term native SG hold,0.0111060642710633,0.0026606331068732073,,,,
600.0,two_term native SG hold,0.0172969754235364,0.0033256893426286092,,,,
600.0,two_term native SG hold,0.0248636446098924,0.003990545858143912,,,,
600.0,two_term native SG hold,0.0338060718301314,0.004655242156685013,,,,
600.0,two_term native SG hold,0.0441242570842532,0.005319807816531715,,,,
600.0,two_term native SG hold,0.055818200372258,0.0059842642255189165,,,,
600.0,two_term native SG hold,0.0688879016941457,0.006648594447949218,,,,
600.0,two_term native SG hold,0.0833333610499163,0.00731266030868622,,,,
600.0,two_term native SG hold,0.0991545784395698,0.007976607176314323,,,,
600.0,two_term native SG hold,0.1163515538631063,0.008640638458633124,,,,
600.0,two_term native SG hold,0.1349242873205256,0.009304709800173425,,,,
600.0,two_term native SG hold,0.1548727788118279,0.009968747024428027,,,,
600.0,two_term native SG hold,0.1761970283370131,0.01063266993279143,,,,
600.0,two_term native SG hold,0.1988970358960811,0.011296282714545731,,,,
600.0,two_term native SG hold,0.2229728014890322,0.011960083349548734,,,,
600.0,two_term native SG hold,0.248424325115866,0.012624084049694935,,,,
600.0,two_term native SG hold,0.2752516067765829,0.013287940815482537,,,,
600.0,two_term native SG hold,0.3034546464711827,0.013951244208692738,,,,
600.0,two_term native SG hold,0.3330334441996653,0.01461478619153374,,,,
600.0,two_term native SG hold,0.3639879999620309,0.015278523840782142,,,,
600.0,two_term native SG hold,0.3963183137582794,0.015941955755702644,,,,
600.0,two_term native SG hold,0.4300243855884108,0.016605008017408746,,,,
600.0,two_term native SG hold,0.4651062154524252,0.01726795134798495,,,,
600.0,two_term native SG hold,0.5015638033503225,0.01793040338515705,,,,
600.0,two_term native SG hold,0.5393971492821026,0.01859201979825855,,,,
600.0,two_term native SG hold,0.5786062532477657,0.019253560074509353,,,,
600.0,two_term native SG hold,0.6191911152473116,0.019914071593319156,,,,
600.0,two_term native SG hold,0.6611517352807406,0.020572889437717356,,,,
600.0,two_term native SG hold,0.7044881133480524,0.02123133905461106,,,,
600.0,two_term native SG hold,0.7492002494492471,0.02188736495237976,,,,
600.0,two_term native SG hold,0.7952881435843248,0.022542784033407662,,,,
600.0,two_term native SG hold,0.8427517957532854,0.023195248489182568,,,,
600.0,two_term native SG hold,0.8915912059561288,0.023845744016282366,,,,
600.0,two_term native SG hold,0.9418063741928552,0.02449461596983137,,,,
600.0,two_term native SG hold,0.9933973004634644,0.02514048816481687,,,,
600.0,two_term native SG hold,1.046363984767957,0.025783704914389274,,,,
600.0,two_term native SG hold,1.1007064271063318,0.02642331683104107,,,,
600.0,two_term native SG hold,1.15642462747859,0.027061651307279375,,,,
600.0,two_term native SG hold,1.2135185858847308,0.027694676339599877,,,,
600.0,two_term native SG hold,1.271988302324755,0.028325591471480678,,,,
600.0,two_term native SG hold,1.3318337767986614,0.02895251941759128,,,,
600.0,two_term native SG hold,1.3930550093064515,0.029576071767623783,,,,
600.0,two_term native SG hold,1.4556519998481237,0.030195011283224785,,,,
600.0,two_term native SG hold,1.5196247484236796,0.030810573434805085,,,,
600.0,two_term native SG hold,1.5849732550331177,0.03142207827629349,,,,
600.0,two_term native SG hold,1.6516975196764394,0.03202747607310879,,,,
600.0,two_term native SG hold,1.7197975423536431,0.03263068638488629,,,,
600.0,two_term native SG hold,1.7892733230647309,0.03322631243243339,,,,
600.0,two_term native SG hold,1.8601248618097008,0.0338177525437788,,,,
600.0,two_term native SG hold,1.932352158588554,0.0344053387531712,,,,
600.0,two_term native SG hold,2.00595521340129,0.0349839584600029,,,,
600.0,two_term native SG hold,2.080934026247909,0.035559102947457094,,,,
600.0,two_term native SG hold,2.1572885971284106,0.0361274999014347,,,,
600.0,two_term native SG hold,2.2350189260427955,0.0366882101806303,,,,
600.0,two_term native SG hold,2.314125012991063,0.0372447052667886,,,,
600.0,two_term native SG hold,2.394606857973214,0.03779189675384981,,,,
600.0,two_term native SG hold,2.4764644609892468,0.038332419029756,,,,
600.0,two_term native SG hold,2.559697822039164,0.03886606981339051,,,,
600.0,two_term native SG hold,2.6443069411229625,0.03939195146899501,,,,
600.0,two_term native SG hold,2.7302918182406453,0.03990930306055971,,,,
600.0,two_term native SG hold,2.81765245339221,0.04041779101302661,,,,
600.0,two_term native SG hold,2.906388846577657,0.04092030709790261,,,,
600.0,two_term native SG hold,2.9965009977969888,0.041411000453284316,,,,
600.0,two_term native SG hold,3.0879889070502022,0.04189399273061612,,,,
600.0,two_term native SG hold,3.1808525743372997,0.04236718116229832,,,,
600.0,two_term native SG hold,3.2750919996582786,0.04283229776616372,,,,
600.0,two_term native SG hold,3.370707183013142,0.04328617924645392,,,,
600.0,two_term native SG hold,3.4676981244018865,0.043729911233162715,,,,
600.0,two_term native SG hold,3.566064823824516,0.04416378362333963,,,,
600.0,two_term native SG hold,3.6658072812810265,0.04458752341653852,,,,
600.0,two_term native SG hold,3.766925496771421,0.045001112748325724,,,,
600.0,two_term native SG hold,3.869419470295698,0.04540202712071033,,,,
600.0,two_term native SG hold,3.9732892018538575,0.045792185039322926,,,,
600.0,two_term native SG hold,4.078534691445902,0.046171010277014625,,,,
600.0,two_term native SG hold,4.1851559390718265,0.046538651200565835,,,,
600.0,two_term native SG hold,4.293152944731635,0.04689466995995943,,,,
600.0,two_term native SG hold,4.402525708425327,0.04723844618003583,,,,
600.0,two_term native SG hold,4.513274230152903,0.04756930556720353,,,,
600.0,two_term native SG hold,4.625398509914359,0.047887279229998435,,,,
600.0,two_term native SG hold,4.7388985477097,0.048193812217400135,,,,
600.0,two_term native SG hold,4.853774343538923,0.04848633350645993,,,,
600.0,two_term native SG hold,4.970025897402031,0.04876782698598634,,,,
600.0,two_term native SG hold,5.0876532092990185,0.04903402274047234,,,,
600.0,two_term native SG hold,5.2066562792298905,0.04928903359841434,,,,
600.0,two_term native SG hold,5.327035107194646,0.04952847700671824,,,,
600.0,two_term native SG hold,5.448789693193285,0.04975502759268294,,,,
600.0,two_term native SG hold,5.571920037225806,0.04996744823322094,,,,
600.0,two_term native SG hold,5.696426139292208,0.05016588628097784,,,,
600.0,two_term native SG hold,5.822307999392494,0.05035138991558284,,,,
600.0,two_term native SG hold,5.949565617526666,0.050521118661768435,,,,
600.0,two_term native SG hold,6.078198993694718,0.05067845039079704,,,,
600.0,two_term native SG hold,6.208208127896653,0.05081981913829154,,,,
600.0,two_term native SG hold,6.339593020132471,0.05094764076706474,,,,
600.0,two_term native SG hold,6.472353670402171,0.05106124317593204,,,,
600.0,two_term native SG hold,6.606490078705757,0.05115918099077864,,,,
600.0,two_term native SG hold,6.742002245043224,0.051244109200678636,,,,
600.0,two_term native SG hold,6.878890169414573,0.051312594049157445,,,,
600.0,two_term native SG hold,7.017153851819805,0.05136717969182625,,,,
600.0,two_term native SG hold,7.156793292258923,0.05140756962908625,,,,
600.0,two_term native SG hold,7.297808490731922,0.05143166961817255,,,,
600.0,two_term native SG hold,7.440199447238803,0.05144242319279874,,,,
600.0,two_term native SG hold,7.583966161779566,0.05143754159978144,,,,
600.0,two_term native SG hold,7.729108634354216,0.05141771153483675,,,,
600.0,two_term native SG hold,7.875626864962746,0.051384472550407845,,,,
600.0,two_term native SG hold,8.02352085360516,0.05133463426507295,,,,
600.0,two_term native SG hold,8.172790600281456,0.05127093757996195,,,,
600.0,two_term native SG hold,8.323436104991636,0.05119360170745854,,,,
600.0,two_term native SG hold,8.475457367735697,0.05109971172732824,,,,
600.0,two_term native SG hold,8.628854388513641,0.05099255494600744,,,,
600.0,two_term native SG hold,8.783627167325468,0.05087148960364394,,,,
600.0,two_term native SG hold,8.939775704171181,0.05073465370215354,,,,
600.0,two_term native SG hold,9.097299999050774,0.05058479393561254,,,,
600.0,two_term native SG hold,9.256200051964251,0.05042118800287914,,,,
600.0,two_term native SG hold,9.416475862911607,0.05024239769698074,,,,
600.0,two_term native SG hold,9.578127431892854,0.05005092421630344,,,,
600.0,two_term native SG hold,9.741154758907978,0.049846256001588936,,,,
600.0,two_term native SG hold,9.905557843956986,0.04962685351622874,,,,
600.0,two_term native SG hold,10.071336687039878,0.04939524141808044,,,,
600.0,two_term native SG hold,10.238491288156654,0.049151340112035535,,,,
600.0,two_term native SG hold,10.407021647307308,0.048893001592979136,,,,
600.0,two_term native SG hold,10.576927764491847,0.04862303027226983,,,,
600.0,two_term native SG hold,10.748209639710272,0.04834163008094113,,,,
600.0,two_term native SG hold,10.92086727296258,0.04804677564339753,,,,
600.0,two_term native SG hold,11.094900664248769,0.04774061213198513,,,,
600.0,two_term native SG hold,11.270309813568838,0.04742373995829113,,,,
600.0,two_term native SG hold,11.447094720922792,0.04709458797473373,,,,
600.0,two_term native SG hold,11.625255386310627,0.046751731078460534,,,,
600.0,two_term native SG hold,11.804791809732352,0.04639172953912463,,,,
600.0,two_term native SG hold,11.985703991187954,0.04601158691870912,,,,
600.0,two_term native SG hold,12.167991930677438,0.04561040803573443,,,,
600.0,two_term native SG hold,12.351655628200808,0.04519124394707742,,,,
600.0,two_term native SG hold,12.536695083758062,0.04475503459619463,,,,
600.0,two_term native SG hold,12.723110297349196,0.04430151932110773,,,,
600.0,two_term native SG hold,12.910901268974213,0.043831927439935726,,,,
600.0,two_term native SG hold,13.100067998633111,0.04334821854160872,,,,
600.0,two_term native SG hold,13.2906104863259,0.042851119854804116,,,,
600.0,two_term native SG hold,13.482528732052566,0.04233996652884532,,,,
600.0,two_term native SG hold,13.675822735813115,0.04181738934122502,,,,
600.0,two_term native SG hold,13.870492497607543,0.041284559030413816,,,,
600.0,two_term native SG hold,14.066538017435864,0.04074221447737121,,,,
600.0,two_term native SG hold,14.26395929529806,0.04018973823292781,,,,
600.0,two_term native SG hold,14.46275633119414,0.03962977280829831,,,,
600.0,two_term native SG hold,14.662929125124103,0.03906314701582581,,,,
600.0,two_term native SG hold,14.864477677087956,0.0384902108023622,,,,
600.0,two_term native SG hold,15.067401987085685,0.037910878759021605,,,,
600.0,two_term native SG hold,15.271702055117297,0.0373273958920187,,,,
600.0,two_term native SG hold,15.477377881182791,0.0367405013871769,,,,
600.0,two_term native SG hold,15.684429465282168,0.0361504431839384,,,,
600.0,two_term native SG hold,15.892856807415429,0.035554575200700794,,,,
600.0,two_term native SG hold,16.10265990758258,0.034951601444311996,,,,
600.0,two_term native SG hold,16.313838765783608,0.034340862998306,,,,
600.0,two_term native SG hold,16.526393382018515,0.03372357803718469,,,,
600.0,two_term native SG hold,16.740323756287307,0.03309959448823989,,,,
600.0,two_term native SG hold,16.955629888589986,0.03247103961436869,,,,
600.0,two_term native SG hold,17.17231177892654,0.03183908104439669,,,,
600.0,two_term native SG hold,17.39036942729698,0.031204613477054485,,,,
600.0,two_term native SG hold,17.60980283370131,0.030567892396897584,,,,
600.0,two_term native SG hold,17.830611998139513,0.029929942686420984,,,,
600.0,two_term native SG hold,18.052796920611613,0.02929225006869778,,,,
600.0,two_term native SG hold,18.276357601117585,0.02865559985857228,,,,
600.0,two_term native SG hold,18.50129403965744,0.028020735809728577,,,,
600.0,two_term native SG hold,18.72760623623118,0.027387235890413076,,,,
600.0,two_term native SG hold,18.9552941908388,0.026756846767613474,,,,
600.0,two_term native SG hold,19.184357903480304,0.026130294372604973,,,,
600.0,two_term native SG hold,19.414797374155693,0.02550816266222617,,,,
600.0,two_term native SG hold,19.64661260286496,0.02489080965691977,,,,
600.0,two_term native SG hold,19.879803589608123,0.024278131693037466,,,,
600.0,two_term native SG hold,20.11437033438516,0.023671435471477667,,,,
600.0,two_term native SG hold,20.350312837196075,0.023071249262514564,,,,
600.0,two_term native SG hold,20.58763109804088,0.022477918233554463,,,,
600.0,two_term native SG hold,20.826325116919563,0.021891496794810863,,,,
600.0,two_term native SG hold,21.066394893832133,0.02131187550162006,,,,
600.0,two_term native SG hold,21.307840428778583,0.02074007598340746,,,,
600.0,two_term native SG hold,21.550661721758917,0.020176444123195456,,,,
600.0,two_term native SG hold,21.79485877277314,0.019621163899749855,,,,
600.0,two_term native SG hold,22.04043158182124,0.019074347794670852,,,,
600.0,two_term native SG hold,22.287380148903225,0.01853567307317495,,,,
600.0,two_term native SG hold,22.535704474019088,0.01800601200798515,,,,
600.0,two_term native SG hold,22.78540455716883,0.01748549227126035,,,,
600.0,two_term native SG hold,23.036480398352467,0.01697422323333785,,,,
600.0,two_term native SG hold,23.28893199756998,0.016472339848958746,,,,
600.0,two_term native SG hold,23.542759354821374,0.015979494294360446,,,,
600.0,two_term native SG hold,23.797962470106665,0.015496081765488643,,,,
600.0,two_term native SG hold,24.054541343425825,0.015022303899904242,,,,
600.0,two_term native SG hold,24.312495974778876,0.01455822770377824,,,,
600.0,two_term native SG hold,24.5718263641658,0.01410385381097904,,,,
600.0,two_term native SG hold,24.832532511586614,0.013659144004683838,,,,
600.0,two_term native SG hold,25.094614417041303,0.013223765940514836,,,,
600.0,two_term native SG hold,25.358072080529883,0.012798159570351735,,,,
600.0,two_term native SG hold,25.622905502052344,0.012382285839003134,,,,
600.0,two_term native SG hold,25.889114681608685,0.011976089768894733,,,,
600.0,two_term native SG hold,26.15669961919892,0.011579554937599733,,,,
600.0,two_term native SG hold,26.42566031482303,0.011192556901057832,,,,
600.0,two_term native SG hold,26.69599676848102,0.01081483576284023,,,,
600.0,two_term native SG hold,26.967708980172898,0.01044658782165063,,,,
600.0,two_term native SG hold,27.24079694989865,0.010087772548175628,,,,
600.0,two_term native SG hold,27.515260677658294,0.009738316403128628,,,,
600.0,two_term native SG hold,27.79110016345182,0.009398103582698327,,,,
600.0,two_term native SG hold,28.068315407279226,0.009066991126752926,,,,
600.0,two_term native SG hold,28.346906409140523,0.008744665221468025,,,,
600.0,two_term native SG hold,28.626873169035694,0.008431303273289822,,,,
600.0,two_term native SG hold,28.90821568696475,0.008126762045635923,,,,
600.0,two_term native SG hold,29.190933962927687,0.007830914370921123,,,,
600.0,two_term native SG hold,29.475027996924503,0.007543659524627121,,,,
600.0,two_term native SG hold,29.760497788955213,0.00726485405997822,,,,
600.0,two_term native SG hold,30.0473433390198,0.0069942100008175195,,,,
600.0,two_term native SG hold,30.335564647118265,0.006731655166863319,,,,
600.0,two_term native SG hold,30.62516171325063,0.006477153307391418,,,,
600.0,two_term native SG hold,30.916134537416863,0.006230538280115217,,,,
600.0,two_term native SG hold,31.208483119616982,0.005991659905728616,,,,
600.0,two_term native SG hold,31.502207459850982,0.005760375520336115,,,,
600.0,two_term native SG hold,31.797307558118867,0.005536527127414516,,,,
600.0,two_term native SG hold,32.09378341442064,0.0053198190820636145,,,,
600.0,two_term native SG hold,32.39163502875629,0.005110209165830714,,,,
600.0,two_term native SG hold,32.69086240112583,0.004907577581821914,,,,
600.0,two_term native SG hold,32.99146553152925,0.004711753577206613,,,,
600.0,two_term native SG hold,33.29344441996655,0.004522585350648712,,,,
600.0,two_term native SG hold,33.59679906643773,0.004339912649013512,,,,
600.0,two_term native SG hold,33.90152947094279,0.004163570211913511,,,,
600.0,two_term native SG hold,34.207635633481736,0.003993322179861711,,,,
600.0,two_term native SG hold,34.51511755405457,0.003829054350227111,,,,
600.0,two_term native SG hold,34.82397523266128,0.00367064780081471,,,,
600.0,two_term native SG hold,35.13420866930188,0.00351794533595771,,,,
600.0,two_term native SG hold,35.44581786397636,0.0033707952339801094,,,,
600.0,two_term native SG hold,35.75880281668473,0.003229038094862409,,,,
600.0,two_term native SG hold,36.07316352742698,0.0030925175088820085,,,,
600.0,two_term native SG hold,36.3888999962031,0.0029610801954390083,,,,
600.0,two_term native SG hold,36.70601222301312,0.002834505435268208,,,,
600.0,two_term native SG hold,37.02450020785701,0.0027127232905284075,,,,
600.0,two_term native SG hold,37.34436395073478,0.0025955939237922074,,,,
600.0,two_term native SG hold,37.66560345164644,0.0024829753879391067,,,,
600.0,two_term native SG hold,37.98821871059198,0.0023747195836317063,,,,
600.0,two_term native SG hold,38.31220972757142,0.0022706912716240063,,,,
600.0,two_term native SG hold,38.63757650258473,0.002170757099096406,,,,
600.0,two_term native SG hold,38.96431903563192,0.0020747733435056057,,,,
600.0,two_term native SG hold,39.29243732671299,0.0019825631898685056,,,,
600.0,two_term native SG hold,39.62193137582795,0.0018940593849928052,,,,
600.0,two_term native SG hold,39.95280118297679,0.001809133402719005,,,,
600.0,two_term native SG hold,40.28504674815952,0.0017276625692772048,,,,
600.0,two_term native SG hold,40.61866807137611,0.0016495291635024046,,,,
600.0,two_term native SG hold,40.95366515262662,0.0015746144499709043,,,,
600.0,two_term native SG hold,41.290037991910985,0.0015028049419205042,,,,
600.0,two_term native SG hold,41.62778658922924,0.001433990321667204,,,,
600.0,two_term native SG hold,41.96691094458138,0.001368035887809004,,,,
600.0,two_term native SG hold,42.3074110579674,0.0013048516999153038,,,,
600.0,two_term native SG hold,42.6492869293873,0.0012443497352632035,,,,
600.0,two_term native SG hold,42.99253855884109,0.0011864295887246033,,,,
600.0,two_term native SG hold,43.33716594632875,0.001130995197003503,,,,
600.0,two_term native SG hold,43.68316909185032,0.0010779526250358031,,,,
600.0,two_term native SG hold,44.03054799540576,0.0010272096643350029,,,,
600.0,two_term native SG hold,44.37930265699507,0.0009786787432208028,,,,
600.0,two_term native SG hold,44.72943307661827,0.0009322742120198026,,,,
600.0,two_term native SG hold,45.08093925427536,0.0008878949000506025,,,,
600.0,two_term native SG hold,45.43382118996632,0.0008454724162551024,,,,
600.0,two_term native SG hold,45.78807888369117,0.0008049371257383023,,,,
600.0,two_term native SG hold,46.14371233544991,0.0007662128095502022,,,,
600.0,two_term native SG hold,46.50072154524252,0.000729227258718602,,,,
600.0,two_term native SG hold,46.85910651306903,0.0006939098036050019,,,,
600.0,two_term native SG hold,47.21886723892941,0.0006601919894295018,,,,
600.0,two_term native SG hold,47.58000372282367,0.0006280085282160017,,,,
600.0,two_term native SG hold,47.94251596475182,0.0005972957404495016,,,,
600.0,two_term native SG hold,48.30640396471385,0.0005679899363760017,,,,
600.0,two_term native SG hold,48.67166772270976,0.0005400222758172016,,,,
600.0,two_term native SG hold,49.03830723873956,0.0005133495661907014,,,,
600.0,two_term native SG hold,49.40632251280324,0.00048791695357180135,,,,
600.0,two_term native SG hold,49.77571354490081,0.0004636715292868013,,,,
600.0,two_term native SG hold,50.14648033503225,0.00044056228306090124,,,,
600.0,two_term native SG hold,50.51862288319758,0.00041854026698140114,,,,
600.0,two_term native SG hold,50.89214118939679,0.0003975581484051011,,,,
600.0,two_term native SG hold,51.267035253629885,0.000377570676194101,,,,
600.0,two_term native SG hold,51.643305075896855,0.000358534305427501,,,,
600.0,two_term native SG hold,52.02095065619772,0.0003404068342003009,,,,
600.0,two_term native SG hold,52.39997199453246,0.00032313944552890095,,,,
600.0,two_term native SG hold,52.7803690909011,0.00030670314597640086,,,,
600.0,two_term native SG hold,53.1621419453036,0.00029106054342490083,,,,
600.0,two_term native SG hold,53.54529055773999,0.0002761760389998008,,,,
600.0,two_term native SG hold,53.92981492821027,0.0002620153181442007,,,,
600.0,two_term native SG hold,54.31571505671442,0.0002485454636327007,,,,
600.0,two_term native SG hold,54.70299094325247,0.00023573502158290066,,,,
600.0,two_term native SG hold,55.09164258782438,0.00022355372736010062,,,,
600.0,two_term native SG hold,55.48166999043018,0.0002119726207688006,,,,
600.0,two_term native SG hold,55.87307315106989,0.00020096396929730057,,,,
600.0,two_term native SG hold,56.26585206974346,0.00019050035665670053,,,,
600.0,two_term native SG hold,56.66000674645092,0.00018055322698900048,,,,
600.0,two_term native SG hold,57.05553718119225,0.00017110263056300049,,,,
600.0,two_term native SG hold,57.45244337396747,0.00016212524180680046,,,,
600.0,two_term native SG hold,57.85072532477657,0.00015359869406930042,,,,
600.0,two_term native SG hold,58.25038303361956,0.0001455015971950004,,,,
600.0,two_term native SG hold,58.65141650049642,0.00013781353561990038,,,,
600.0,two_term native SG hold,59.05382572540717,0.00013051493668540036,,,,
600.0,two_term native SG hold,59.45761070835182,0.00012358713367370034,,,,
600.0,two_term native SG hold,59.86277144933034,0.00011701229302790032,,,,
600.0,two_term native SG hold,60.269307948342735,0.00011077335095450032,,,,
600.0,two_term native SG hold,60.67722020538903,0.00010485402889970028,,,,
600.0,two_term native SG hold,61.086508220469184,9.923731666113931e-05,,,,
600.0,two_term native SG hold,61.49717199358323,9.390890414524462e-05,,,,
600.0,two_term native SG hold,61.90921152473117,8.885579972594636e-05,,,,
600.0,two_term native SG hold,62.32262681391298,8.406446648883442e-05,,,,
600.0,two_term native SG hold,62.73741786112868,7.952198357373018e-05,,,,
600.0,two_term native SG hold,63.15358466637826,7.521602092377087e-05,,,,
600.0,two_term native SG hold,63.57112722966172,7.113483887056494e-05,,,,
600.0,two_term native SG hold,63.99004555097907,6.726722944204576e-05,,,,
600.0,two_term native SG hold,64.41033963033033,6.360251775368189e-05,,,,
600.0,two_term native SG hold,64.83200946771544,6.013053667411466e-05,,,,
600.0,two_term native SG hold,65.25505506313444,5.68415881314278e-05,,,,
600.0,two_term native SG hold,65.6794764165873,5.372644000784927e-05,,,,
600.0,two_term native SG hold,66.10527352807406,5.077616846963654e-05,,,,
600.0,two_term native SG hold,66.5324463975947,4.7981437652429976e-05,,,,
600.0,two_term native SG hold,66.96099502514923,4.533550045602301e-05,,,,
600.0,two_term native SG hold,67.39091941073765,4.283075879726251e-05,,,,
600.0,two_term native SG hold,67.82221955435995,4.045997896627596e-05,,,,
600.0,two_term native SG hold,68.25489545601611,3.821627851780185e-05,,,,
600.0,two_term native SG hold,68.68894711570617,3.609311427920748e-05,,,,
600.0,two_term native SG hold,69.12437453343011,3.408425904343335e-05,,,,
600.0,two_term native SG hold,69.56117770918793,3.21837940988337e-05,,,,
600.0,two_term native SG hold,69.99935664297963,3.0386092534088627e-05,,,,
600.0,two_term native SG hold,70.43891133480524,2.8685804332280647e-05,,,,
600.0,two_term native SG hold,70.87984178466469,2.707784616351699e-05,,,,
600.0,two_term native SG hold,71.32214799255806,2.5557387606900982e-05,,,,
600.0,two_term native SG hold,71.76582995848533,2.4119838409280038e-05,,,,
600.0,two_term native SG hold,72.21088768244645,2.2760446507530828e-05,,,,
600.0,two_term native SG hold,72.65732116444146,2.147533722248176e-05,,,,
600.0,two_term native SG hold,73.10513040447034,2.026076105835743e-05,,,,
600.0,two_term native SG hold,73.55431540253312,1.911297893028798e-05,,,,
600.0,two_term native SG hold,74.00487615862976,1.80284412818341e-05,,,,
600.0,two_term native SG hold,74.4568126727603,1.700377852833255e-05,,,,
600.0,two_term native SG hold,74.91012494492472,1.6035794360506618e-05,,,,
600.0,two_term native SG hold,75.36481297512302,1.5121455757840428e-05,,,,
600.0,two_term native SG hold,75.8208767633552,1.4257885001123469e-05,,,,
600.0,two_term native SG hold,76.27831630962127,1.3442353526417846e-05,,,,
600.0,two_term native SG hold,76.73713161392122,1.2672273304766737e-05,,,,
600.0,two_term native SG hold,77.19732267625506,1.194518994920131e-05,,,,
600.0,two_term native SG hold,77.65888949662278,1.1258777324012173e-05,,,,
600.0,two_term native SG hold,78.12183207502437,1.0610830017507785e-05,,,,
600.0,two_term native SG hold,78.58615041145984,9.999210096254876e-06,,,,
600.0,two_term native SG hold,79.05184450592925,9.421803108684754e-06,,,,
600.0,two_term native SG hold,79.5189143584325,8.876938735034396e-06,,,,
600.0,two_term native SG hold,79.98735996896961,8.362835810656527e-06,,,,
600.0,two_term native SG hold,80.45718133754063,7.877807398684248e-06,,,,
600.0,two_term native SG hold,80.92837846414554,7.420255710028967e-06,,,,
600.0,two_term native SG hold,81.4009513487843,6.988667787721602e-06,,,,
600.0,two_term native SG hold,81.87489999145697,6.581611304934072e-06,,,,
600.0,two_term native SG hold,82.35022439216353,6.1977301555254435e-06,,,,
600.0,two_term native SG hold,82.82692455090395,5.835740824432827e-06,,,,
600.0,two_term native SG hold,83.30500046767825,5.494428622875636e-06,,,,
600.0,two_term native SG hold,83.78445214248646,5.172643999437156e-06,,,,
600.0,two_term native SG hold,84.26527957532853,4.869299430809956e-06,,,,
600.0,two_term native SG hold,84.74748276620448,4.583366042667803e-06,,,,
600.0,two_term native SG hold,85.23106171511434,4.313870550083543e-06,,,,
600.0,two_term native SG hold,85.71601642205806,4.059892515301223e-06,,,,
600.0,two_term native SG hold,86.20234688703566,3.8205172274731645e-06,,,,
600.0,two_term native SG hold,86.69005311004716,3.594926514227098e-06,,,,
600.0,two_term native SG hold,87.17913509109256,3.3823909806551494e-06,,,,
600.0,two_term native SG hold,87.66959283017184,3.182173837115001e-06,,,,
600.0,two_term native SG hold,88.16142632728496,2.9935787325013744e-06,,,,
600.0,two_term native SG hold,88.654635582432,2.8159476320940812e-06,,,,
600.0,two_term native SG hold,89.1492205956129,2.648657490265317e-06,,,,
600.0,two_term native SG hold,89.64518136682767,2.4911188823107263e-06,,,,
600.0,two_term native SG hold,90.14251789607636,2.342774956921202e-06,,,,
600.0,two_term native SG hold,90.64123018335891,2.203099821670389e-06,,,,
600.0,two_term native SG hold,91.14131822867532,2.0715969418967864e-06,,,,
600.0,two_term native SG hold,91.64278203202566,1.9477975085739932e-06,,,,
600.0,two_term native SG hold,92.14562159340989,1.831258936957676e-06,,,,
600.0,two_term native SG hold,92.64983691282796,1.7215634541844208e-06,,,,
600.0,two_term native SG hold,93.15542799027992,1.6183167409270604e-06,,,,
600.0,two_term native SG hold,93.66239482576576,1.521146635312308e-06,,,,
600.0,two_term native SG hold,94.17073741928552,1.4297019556130448e-06,,,,
600.0,two_term native SG hold,94.68045577083912,1.3436387931976534e-06,,,,
600.0,two_term native SG hold,95.19154988042666,1.2626401885539838e-06,,,,
600.0,two_term native SG hold,95.70401974804804,1.1864312300562002e-06,,,,
600.0,two_term native SG hold,96.2178653737033,1.114733206011508e-06,,,,
600.0,two_term native SG hold,96.73308675739246,1.0472832240453423e-06,,,,
600.0,two_term native SG hold,97.2496838991155,9.838333267919432e-07,,,,
600.0,two_term native SG hold,97.7676567988724,9.241496619848525e-07,,,,
600.0,two_term native SG hold,98.2870054566632,8.680116918702275e-07,,,,
600.0,two_term native SG hold,98.8077298724879,8.152114601922466e-07,,,,
600.0,two_term native SG hold,99.32983004634646,7.655528666439028e-07,,,,
600.0,two_term native SG hold,99.8533059782389,7.188510278649295e-07,,,,
600.0,two_term native SG hold,100.37815766816524,6.749163914591061e-07,,,,
600.0,two_term native SG hold,100.90438511612544,6.335705669031605e-07,,,,
600.0,two_term native SG hold,101.43198832211954,5.946622840388818e-07,,,,
600.0,two_term native SG hold,101.96096728614752,5.580539488401478e-07,,,,
600.0,two_term native SG hold,102.49132200820938,5.23615357926556e-07,,,,
600.0,two_term native SG hold,103.02305248830513,4.912233253680276e-07,,,,
600.0,two_term native SG hold,103.55615872643476,4.6076132327750206e-07,,,,
600.0,two_term native SG hold,104.0906407225983,4.321191444083858e-07,,,,
600.0,two_term native SG hold,104.62649847679567,4.0518573440158777e-07,,,,
600.0,two_term native SG hold,105.16373198902696,3.798677328490416e-07,,,,
600.0,two_term native SG hold,105.70234125929213,3.560746921351403e-07,,,,
600.0,two_term native SG hold,106.24232628759115,3.337184700487213e-07,,,,
600.0,two_term native SG hold,106.78368707392409,3.127157846802557e-07,,,,
600.0,two_term native SG hold,107.3264236182909,2.929879620201099e-07,,,,
600.0,two_term native SG hold,107.8705359206916,2.7446069310732957e-07,,,,
600.0,two_term native SG hold,108.41602398112616,2.57063805201442e-07,,,,
600.0,two_term native SG hold,108.96288779959464,2.407310438696574e-07,,,,
600.0,two_term native SG hold,109.51112737609697,2.2539986485570583e-07,,,,
600.0,two_term native SG hold,110.06074271063318,2.1101123762700512e-07,,,,
600.0,two_term native SG hold,110.61173380320328,1.975094578913026e-07,,,,
600.0,two_term native SG hold,111.16410065380728,1.848419694195077e-07,,,,
600.0,two_term native SG hold,111.71784326244516,1.7295919567597658e-07,,,,
600.0,two_term native SG hold,112.27296162911688,1.6181437892281541e-07,,,,
600.0,two_term native SG hold,112.82945575382256,1.5136342798505397e-07,,,,
600.0,two_term native SG hold,113.3873256365621,1.4156477401912718e-07,,,,
600.0,two_term native SG hold,113.9465712773355,1.3237923294065867e-07,,,,
600.0,two_term native SG hold,114.50719267614278,1.2376987550199265e-07,,,,
600.0,two_term native SG hold,115.06918983298397,1.1570190389151805e-07,,,,
600.0,two_term native SG hold,115.632562747859,1.0814195076587531e-07,,,,
600.0,two_term native SG hold,116.19731142076792,1.0105798180510725e-07,,,,
600.0,two_term native SG hold,116.76343585171075,9.44229382199779e-08,,,,
600.0,two_term native SG hold,117.33093604068746,8.820939700350694e-08,,,,
600.0,two_term native SG hold,117.89981198769804,8.239154300830815e-08,,,,
600.0,two_term native SG hold,118.4700636927425,7.69450788014429e-08,,,,
600.0,two_term native SG hold,119.04169115582086,7.184713926768295e-08,,,,
600.0,two_term native SG hold,119.61469437693307,6.707621099327281e-08,,,,
600.0,two_term native SG hold,120.1890733560792,6.261205598268156e-08,,,,
600.0,two_term native SG hold,120.7648280932592,5.843563945352081e-08,,,,
600.0,two_term native SG hold,121.34195858847306,5.452906150540089e-08,,,,
600.0,two_term native SG hold,121.92046484172084,5.087549246784546e-08,,,,
600.0,two_term native SG hold,122.50034685300253,4.7459111741467146e-08,,,,
600.0,two_term native SG hold,123.08160462231804,4.426504995533581e-08,,,,
600.0,two_term native SG hold,123.66423814966748,4.1279334271762755e-08,,,,
600.0,two_term native SG hold,124.24824743505076,3.848883667763523e-08,,,,
600.0,two_term native SG hold,124.83363247846796,3.588122510902056e-08,,,,
600.0,two_term native SG hold,125.420393279919,3.3444917263055534e-08,,,,
600.0,two_term native SG hold,126.00852983940396,3.116903695809982e-08,,,,
600.0,two_term native SG hold,126.59804215692276,2.904337290981132e-08,,,,
600.0,two_term native SG hold,127.18893023247549,2.70583397971776e-08,,,,
600.0,two_term native SG hold,127.78119406606208,2.5204941498644793e-08,,,,
600.0,two_term native SG hold,128.37483365768256,2.347473638431847e-08,,,,
600.0,two_term native SG hold,128.9698490073369,2.1859481023122436e-08,,,,
600.0,two_term native SG hold,129.56624011502515,2.0351941251490008e-08,,,,
600.0,two_term native SG hold,130.16400698074727,1.8945336279095685e-08,,,,
600.0,two_term native SG hold,130.7631496045033,1.763312421100837e-08,,,,
600.0,two_term native SG hold,131.36366798629317,1.6409172140186246e-08,,,,
600.0,two_term native SG hold,131.965562126117,1.5267731593393218e-08,,,,
600.0,two_term native SG hold,132.56883202397464,1.4203415384384984e-08,,,,
600.0,two_term native SG hold,133.17347767986618,1.3211175871368777e-08,,,,
600.0,two_term native SG hold,133.7794990937916,1.2286284383104483e-08,,,,
600.0,two_term native SG hold,134.38689626575092,1.1424311795937883e-08,,,,
600.0,two_term native SG hold,134.99566919574409,1.0621110274760653e-08,,,,
600.0,two_term native SG hold,135.60581788377115,9.872796094658684e-09,,,,
600.0,two_term native SG hold,136.21734232983212,9.175733465944408e-09,,,,
600.0,two_term native SG hold,136.8302425339269,8.526519306932243e-09,,,,
600.0,two_term native SG hold,137.44451849605565,7.921968911716426e-09,,,,
600.0,two_term native SG hold,138.06017021621827,7.359102462970859e-09,,,,
600.0,two_term native SG hold,138.67719769441476,6.835132342415177e-09,,,,
600.0,two_term native SG hold,139.29560093064512,6.347451194090521e-09,,,,
600.0,two_term native SG hold,139.91537992490936,5.893620697959221e-09,,,,
600.0,two_term native SG hold,140.5365346772075,5.471361013596465e-09,,,,
600.0,two_term native SG hold,141.1590651875395,5.078540855903616e-09,,,,
600.0,two_term native SG hold,141.78297145590545,4.7131681668205296e-09,,,,
600.0,two_term native SG hold,142.40825348230524,4.3733813489473e-09,,,,
600.0,two_term native SG hold,143.0349112667389,4.057441028823118e-09,,,,
600.0,two_term native SG hold,143.66294480920646,3.76372231935964e-09,,,,
600.0,two_term native SG hold,144.2923541097079,3.4906600027139875e-09,,,,
600.0,two_term native SG hold,144.9231391682432,3.2368602886892254e-09,,,,
600.0,two_term native SG hold,145.5552999848124,3.0010336451246486e-09,,,,
600.0,two_term native SG hold,146.18883655941548,2.7819432460980218e-09,,,,
600.0,two_term native SG hold,146.82374889205246,2.5784347468947934e-09,,,,
600.0,two_term native SG hold,147.46003698272327,2.389430971506214e-09,,,,
600.0,two_term native SG hold,148.09770083142803,2.213926929194274e-09,,,,
600.0,two_term native SG hold,148.73674043816663,2.050985140628539e-09,,,,
600.0,two_term native SG hold,149.37715580293911,1.8997312551954375e-09,,,,
600.0,two_term native SG hold,150.0189469257455,1.7593499421198944e-09,,,,
600.0,two_term native SG hold,150.66211380658575,1.6290810390219615e-09,,,,
600.0,two_term native SG hold,151.3066564454599,1.5082159510867114e-09,,,,
600.0,two_term native SG hold,151.9525748423679,1.396094268155638e-09,,,,
600.0,two_term native SG hold,152.59986899730987,1.2921005893704246e-09,,,,
600.0,two_term native SG hold,153.24853891028567,1.1956615530413012e-09,,,,
600.0,two_term native SG hold,153.89858458129535,1.1062430580638722e-09,,,,
600.0,two_term native SG hold,154.5500060103389,1.0233476623607804e-09,,,,
600.0,two_term native SG hold,155.20280319741636,9.465121475304336e-10,,,,
600.0,two_term native SG hold,155.85697614252766,8.753052395152072e-10,,,,
600.0,two_term native SG hold,156.51252484567289,8.093254756968243e-10,,,,
600.0,two_term native SG hold,157.16944930685196,7.481992093892454e-10,,,,
600.0,two_term native SG hold,157.8277495260649,6.91578743230542e-10,,,,
600.0,two_term native SG hold,158.48742550331178,6.391405834771932e-10,,,,
600.0,two_term native SG hold,159.14847723859253,5.9058380767779e-10,,,,
600.0,two_term native SG hold,159.81090473190716,5.456285386504286e-10,,,,
600.0,two_term native SG hold,160.47470798325566,5.040145181099673e-10,,,,
600.0,two_term native SG hold,161.13988699263805,4.654997736895097e-10,,,,
600.0,two_term native SG hold,161.80644176005433,4.2985937347544963e-10,,,,
600.0,two_term native SG hold,162.47437228550444,3.9687829717906146e-10,,,,
600.0,two_term native SG hold,163.1436785689885,3.663662023333087e-10,,,,
600.0,two_term native SG hold,163.81436061050647,3.38145784496026e-10,,,,
600.0,two_term native SG hold,164.48641841005826,3.120491921556402e-10,,,,
600.0,two_term native SG hold,165.15985196764393,2.8792053772197923e-10,,,,
600.0,two_term native SG hold,165.83466128326353,2.656150697649765e-10,,,,
600.0,two_term native SG hold,166.51084635691694,2.449984006752857e-10,,,,
600.0,two_term native SG hold,167.1884071886043,2.2594578616960854e-10,,,,
600.0,two_term native SG hold,167.8673437783255,2.083414532850675e-10,,,,
600.0,two_term native SG hold,168.54765612608062,1.9207797371527653e-10,,,,
600.0,two_term native SG hold,169.2293442318696,1.7705567953691229e-10,,,,
600.0,two_term native SG hold,169.91240809569246,1.6318211855995174e-10,,,,
600.0,two_term native SG hold,170.5968477175492,1.5037154670820316e-10,,,,
600.0,two_term native SG hold,171.28266309743984,1.3854445499977453e-10,,,,
600.0,two_term native SG hold,171.96985423536435,1.2762712885040983e-10,,,,
600.0,two_term native SG hold,172.65842113132274,1.175512378493958e-10,,,,
600.0,two_term native SG hold,173.348363785315,1.0825345396762638e-10,,,,
600.0,two_term native SG hold,174.03968219734116,9.967509521518816e-11,,,,
600.0,two_term native SG hold,174.7323763674013,9.176179357603988e-11,,,,
600.0,two_term native SG hold,175.42644629549525,8.446318656214357e-11,,,,
600.0,two_term native SG hold,176.121891981623,7.773263016033131e-11,,,,
600.0,two_term native SG hold,176.8187134257847,7.152693173747466e-11,,,,
600.0,two_term native SG hold,177.51691062798028,6.580610156211871e-11,,,,
600.0,two_term native SG hold,178.21648358820974,6.053312168763502e-11,,,,
600.0,two_term native SG hold,178.91743230647307,5.567373102344887e-11,,,,
600.0,two_term native SG hold,179.6197567827703,5.119622549732164e-11,,,,
600.0,two_term native SG hold,180.32345701710145,4.707127228332481e-11,,,,
600.0,two_term native SG hold,181.0285330094664,4.3271737137310764e-11,,,,
600.0,two_term native SG hold,181.73498475986528,3.977252394463751e-11,,,,
600.0,two_term native SG hold,182.44281226829804,3.655042564388559e-11,,,,
600.0,two_term native SG hold,183.15201553476467,3.3583985745559007e-11,,,,
600.0,two_term native SG hold,183.8625945592652,3.0853165600448513e-11,,,,
600.0,two_term native SG hold,184.5745493417996,2.8339408159485747e-11,,,,
600.0,two_term native SG hold,185.2878798823679,2.602629841371453e-11,,,,
600.0,two_term native SG hold,186.00258618097007,2.3898168001515177e-11,,,,
600.0,two_term native SG hold,186.71866823760615,2.194054365573896e-11,,,,
600.0,two_term native SG hold,187.4361260522761,2.0140058333897043e-11,,,,
600.0,two_term native SG hold,188.15495962497997,1.848436877689968e-11,,,,
600.0,two_term native SG hold,188.87516895571764,1.6962079045158498e-11,,,,
600.0,two_term native SG hold,189.5967540444892,1.556266961160801e-11,,,,
600.0,two_term native SG hold,190.31971489129467,1.4276431619751325e-11,,,,
600.0,two_term native SG hold,191.04405149613405,1.3094405941541735e-11,,,,
600.0,two_term native SG hold,191.76976385900727,1.2008326694892742e-11,,,,
600.0,two_term native SG hold,192.4968519799144,1.101056890394283e-11,,,,
600.0,two_term native SG hold,193.2253158588554,1.009410000699693e-11,,,,
600.0,two_term native SG hold,193.95515549583027,9.252434937412124e-12,,,,
600.0,two_term native SG hold,194.68637089083904,8.47959452168975e-12,,,,
600.0,two_term native SG hold,195.4189620438817,7.77006695676534e-12,,,,
600.0,two_term native SG hold,196.1529289549582,7.118772145028348e-12,,,,
600.0,two_term native SG hold,196.88827162406864,6.5210286810360005e-12,,,,
600.0,two_term native SG hold,197.62499005121293,5.972523298281246e-12,,,,
600.0,two_term native SG hold,198.3630842363912,5.469282597796363e-12,,,,
600.0,two_term native SG hold,199.10255417960323,5.007646923138137e-12,,,,
600.0,two_term native SG hold,199.8433998808492,4.584246180809374e-12,,,,
600.0,two_term native SG hold,200.585621340129,4.195977421871261e-12,,,,
600.0,two_term native SG hold,201.32921855744272,3.83998414520818e-12,,,,
600.0,two_term native SG hold,202.0741915327903,3.5136371740813084e-12,,,,
600.0,two_term native SG hold,202.82054026617175,3.2145169799304712e-12,,,,
600.0,two_term native SG hold,203.56826475758717,2.940397346853915e-12,,,,
600.0,two_term native SG hold,204.3173650070364,2.6892302778115562e-12,,,,
600.0,two_term native SG hold,205.06784101451956,2.459132050685855e-12,,,,
600.0,two_term native SG hold,205.81969278003652,2.2483703389318616e-12,,,,
600.0,two_term native SG hold,206.5729203035874,2.0553523176859255e-12,,,,
600.0,two_term native SG hold,207.3275235851722,1.8786136819129296e-12,,,,
600.0,two_term native SG hold,208.08350262479087,1.7168085084825893e-12,,,,
600.0,two_term native SG hold,208.8408574224434,1.5686998990030415e-12,,,,
600.0,two_term native SG hold,209.59958797812985,1.4331513448306515e-12,,,,
600.0,two_term native SG hold,210.35969429185013,1.3090945564744281e-12,,,,
600.0,two_term native SG hold,211.1211763636044,1.1955933857556377e-12,,,,
600.0,two_term native SG hold,211.88403419339244,1.0917724758283306e-12,,,,
600.0,two_term native SG hold,212.6482677812144,9.968223680557145e-13,,,,
600.0,two_term native SG hold,213.41387712707024,9.099999765559016e-13,,,,
600.0,two_term native SG hold,214.18086223095997,8.306232621751369e-13,,,,
600.0,two_term native SG hold,214.9492230928836,7.580663243624695e-13,,,,
600.0,two_term native SG hold,215.71895971284107,6.917548793922579e-13,,,,
600.0,two_term native SG hold,216.49007209083243,6.311620954001947e-13,,,,
600.0,two_term native SG hold,217.2625602268577,5.758047569049967e-13,,,,
600.0,two_term native SG hold,218.0364241209168,5.25239733559167e-13,,,,
600.0,two_term native SG hold,218.81166377300983,4.790607297964021e-13,,,,
600.0,two_term native SG hold,219.58827918313676,4.368952938314185e-13,,,,
600.0,two_term native SG hold,220.36627035129752,3.98402066130643e-13,,,,
600.0,two_term native SG hold,221.1456372774922,3.632682490189621e-13,,,,
600.0,two_term native SG hold,221.92637996172076,3.312072805278903e-13,,,,
600.0,two_term native SG hold,222.7084984039832,3.019566969328837e-13,,,,
600.0,two_term native SG hold,223.49199260427957,2.752761696803925e-13,,,,
600.0,two_term native SG hold,224.2768625626097,2.5094570354371394e-13,,,,
600.0,two_term native SG hold,225.06310827897383,2.2876395120753106e-13,,,,
600.0,two_term native SG hold,225.8507297533718,2.085465109408607e-13,,,,
600.0,two_term native SG hold,226.6397269858037,1.901243823400752e-13,,,,
600.0,two_term native SG hold,227.43009997626936,1.7334267413047162e-13,,,,
600.0,two_term native SG hold,228.221848724769,1.5805941097501754e-13,,,,
600.0,two_term native SG hold,229.0149732313025,1.441444308890458e-13,,,,
600.0,two_term native SG hold,229.80947349586987,1.3147836539722945e-13,,,,
600.0,two_term native SG hold,230.60534951847112,1.1995169505404933e-13,,,,
600.0,two_term native SG hold,231.4026012991063,1.0946387338292312e-13,,,,
600.0,two_term native SG hold,232.2012288377753,9.992251267380169e-14,,,,
600.0,two_term native SG hold,233.00123213447824,9.124262541541794e-14,,,,
600.0,two_term native SG hold,233.802611189215,8.334591542727297e-14,,,,
600.0,two_term native SG hold,234.6053660019857,7.616011299813564e-14,,,,
600.0,two_term native SG hold,235.40949657279023,6.961836597318753e-14,,,,
600.0,two_term native SG hold,236.21500290162868,6.367690002272032e-14,,,,
600.0,two_term native SG hold,237.02188498850109,5.837158673596201e-14,,,,
600.0,two_term native SG hold,237.83014283340728,5.365165367077353e-14,,,,
600.0,two_term native SG hold,238.63977643634735,4.9471860899096135e-14,,,,
600.0,two_term native SG hold,239.45078579732132,4.579210599658721e-14,,,,
600.0,two_term native SG hold,240.2631709163292,4.2577075139633186e-14,,,,
600.0,two_term native SG hold,241.07693179337093,3.979593764600929e-14,,,,
600.0,two_term native SG hold,241.89206842844655,3.742208167229885e-14,,,,
600.0,two_term native SG hold,242.7085808215561,3.5432889144988984e-14,,,,
600.0,two_term native SG hold,243.52646897269943,3.380954835611586e-14,,,,
600.0,two_term native SG hold,244.34573288187676,3.25369030016511e-14,,,,
600.0,two_term native SG hold,245.1663725490879,3.160333678474745e-14,,,,
600.0,two_term native SG hold,245.9883879743329,3.100069304982383e-14,,,,
600.0,two_term native SG hold,246.81177915761185,3.072422926070166e-14,,,,
