quantity,x_m,external_value,reference_value,unit
electron_density,0.016,436104426413.834,346056531780.6307,m$^{-3}$
electron_density,0.0160363439637097,443630552901.0504,349355729040.9884,m$^{-3}$
electron_density,0.0160726879274195,450815994755.7398,352714000986.541,m$^{-3}$
electron_density,0.0161090318911293,457640127709.926,356132444032.04675,m$^{-3}$
electron_density,0.0161453758548391,464083143427.708,359612179380.7598,m$^{-3}$
electron_density,0.0161831847166212,470562849756.854,363300424499.9918,m$^{-3}$
electron_density,0.0162209935784033,476906318775.6819,367055561339.8527,m$^{-3}$
electron_density,0.0162588024401854,483105645101.4962,370878879109.06354,m$^{-3}$
electron_density,0.0162966113019675,489153025515.2499,374771696675.1946,m$^{-3}$
electron_density,0.0163359441067401,495279415365.01605,378896352290.8848,m$^{-3}$
electron_density,0.0163752769115128,501367161687.0734,383095615609.294,m$^{-3}$
electron_density,0.0164146097162854,507412971127.2257,387370957519.4695,m$^{-3}$
electron_density,0.016453942521058,513413539356.6025,391723882771.1514,m$^{-3}$
electron_density,0.0164948606936334,519641539527.42206,396335358494.05927,m$^{-3}$
electron_density,0.0165357788662088,525847925553.03217,401030639780.90247,m$^{-3}$
electron_density,0.0165766970387842,532030132447.1688,405811414796.9071,m$^{-3}$
electron_density,0.0166176152113596,538185578309.236,410679410761.6989,m$^{-3}$
electron_density,0.0166601826523694,544626857366.2826,415837150383.1439,m$^{-3}$
electron_density,0.0167027500933793,551103609385.2496,421090228838.8686,m$^{-3}$
electron_density,0.0167453175343891,557615272218.0366,426440617905.2527,m$^{-3}$
electron_density,0.0167878849753989,564161269097.464,431890335664.0624,m$^{-3}$
electron_density,0.0168321681610859,571006061406.8832,437666637439.2116,m$^{-3}$
electron_density,0.0168764513467729,577889840764.1804,443552892294.5974,m$^{-3}$
electron_density,0.0169207345324598,584812021285.11,449551452762.7615,m$^{-3}$
electron_density,0.0169650177181468,591772001209.8964,455664728110.5084,m$^{-3}$
electron_density,0.0170110858041783,599083262210.746,462148451327.1703,m$^{-3}$
electron_density,0.0170571538902099,606467173333.0944,468760702543.3502,m$^{-3}$
electron_density,0.0171032219762414,613924196868.9211,475504351329.3302,m$^{-3}$
electron_density,0.017149290062273,621454794368.1426,482382339146.86487,m$^{-3}$
electron_density,0.0171972149917398,629368742104.1158,489683476876.6869,m$^{-3}$
electron_density,0.0172451399212065,637364680628.1562,497136796016.2837,m$^{-3}$
electron_density,0.0172930648506733,645443177180.1389,504745872094.08905,m$^{-3}$
electron_density,0.0173409897801401,653604798850.4866,512514374686.4344,m$^{-3}$
electron_density,0.017390846395907,662185147693.6675,520769951415.86383,m$^{-3}$
electron_density,0.017440703011674,670857577721.8693,529208007603.5546,m$^{-3}$
electron_density,0.017490559627441,679622759872.2181,537833091391.1436,m$^{-3}$
electron_density,0.017540416243208,688481365275.4904,546649877742.6029,m$^{-3}$
electron_density,0.0175922824047942,697797572913.4202,556032048428.4836,m$^{-3}$
electron_density,0.0176441485663805,707216795827.8544,565635783811.9062,m$^{-3}$
electron_density,0.0176960147279668,716739806526.7758,575466984427.1576,m$^{-3}$
electron_density,0.0177478808895531,726367377718.2168,585531726720.0912,m$^{-3}$
electron_density,0.0178018375947228,736495232407.2393,596259085751.0886,m$^{-3}$
electron_density,0.0178557942998924,746737928794.9904,607258840448.4564,m$^{-3}$
electron_density,0.0179097510050621,757096335536.4938,618538789973.7839,m$^{-3}$
electron_density,0.0179637077102317,767571321007.6929,630106983862.6519,m$^{-3}$
electron_density,0.0180198392214854,778593354076.5809,642459907986.4545,m$^{-3}$
electron_density,0.018075970732739,789742941719.053,655152225047.5315,m$^{-3}$
electron_density,0.0181321022439927,801021037018.6931,668194444712.176,m$^{-3}$
electron_density,0.0181882337552464,812428591586.9374,681597442411.2307,m$^{-3}$
electron_density,0.0182466277314114,824432546601.3363,695940982433.0063,m$^{-3}$
electron_density,0.0183050217075764,836580113623.9991,710713251634.8407,m$^{-3}$
electron_density,0.0183634156837414,848872421349.9381,725928681880.4099,m$^{-3}$
electron_density,0.0184218096599065,861310597435.4497,741602252618.63,m$^{-3}$
electron_density,0.0184825572930309,874413689100.2213,758418137836.0996,m$^{-3}$
electron_density,0.0185433049261554,887683308611.8727,775783625930.5361,m$^{-3}$
electron_density,0.0186040525592799,901120994799.314,793718923734.7388,m$^{-3}$
electron_density,0.0186648001924044,914728291039.2548,812245078213.5162,m$^{-3}$
electron_density,0.0187279963501691,929065723676.7365,832179475844.9976,m$^{-3}$
electron_density,0.0187911925079337,943589245965.696,852829730009.4392,m$^{-3}$
electron_density,0.0188543886656983,958300568363.7076,874224718216.8418,m$^{-3}$
electron_density,0.018917584823463,973201404784.2108,896394639781.1393,m$^{-3}$
electron_density,0.0189833281973328,988905417813.1088,920330025165.5388,m$^{-3}$
electron_density,0.0190490715712026,1004816484417.048,945214061435.5226,m$^{-3}$
electron_density,0.0191148149450725,1020936456264.8154,971088921812.1052,m$^{-3}$
electron_density,0.0191805583189423,1037267185632.6882,997998913929.61,m$^{-3}$
electron_density,0.0192489515782903,1054480888598.7168,1027164256712.2334,m$^{-3}$
electron_density,0.0193173448376382,1071923673433.3762,1057610611884.3812,m$^{-3}$
electron_density,0.0193857380969862,1089597472872.8196,1089401008238.1118,m$^{-3}$
electron_density,0.0194541313563341,1107504214688.5198,1122602015539.789,m$^{-3}$
electron_density,0.0195252813087764,1126380371841.2683,1158745470281.5977,m$^{-3}$
electron_density,0.0195964312612187,1145508084309.6182,1196654565903.0913,m$^{-3}$
electron_density,0.019667581213661,1164889260833.003,1236425849180.3777,m$^{-3}$
electron_density,0.0197387311661033,1184525795536.3962,1278161908866.031,m$^{-3}$
electron_density,0.0198127489242976,1205224269434.0244,1323827809209.4785,m$^{-3}$
electron_density,0.019886766682492,1226196182246.6086,1371982631393.9463,m$^{-3}$
electron_density,0.0199607844406864,1247443247363.9993,1422778229891.6855,m$^{-3}$
electron_density,0.0200348021988807,1268967148010.728,1476377077588.89,m$^{-3}$
electron_density,0.0201118033540475,1291650339953.8955,1535363720669.3198,m$^{-3}$
electron_density,0.0201888045092143,1314626623574.7698,1597945959359.0588,m$^{-3}$
electron_density,0.0202658056643811,1337897249740.327,1664369444732.5437,m$^{-3}$
electron_density,0.0203428068195479,1361463415369.3423,1734899066432.5752,m$^{-3}$
electron_density,0.0204229116219854,1386288764560.191,1813030660529.8408,m$^{-3}$
electron_density,0.0205030164244228,1411422113276.7593,1896496532138.032,m$^{-3}$
electron_density,0.0205831212268602,1436863846922.7522,1985705900180.7605,m$^{-3}$
electron_density,0.0206632260292976,1462614262194.7292,2081103926432.8289,m$^{-3}$
electron_density,0.0207465595761729,1489722487512.5913,2187570298156.454,m$^{-3}$
electron_density,0.0208298931230481,1517145115881.5728,2302178315437.9214,m$^{-3}$
electron_density,0.0209132266699234,1544881075986.5833,2425630199879.066,m$^{-3}$
electron_density,0.0209965602167986,1572929159314.886,2558697322169.608,m$^{-3}$
electron_density,0.0210832526475082,1602426414234.9692,2708430294481.864,m$^{-3}$
electron_density,0.0211699450782177,1632230451266.002,2870962484759.22,m$^{-3}$
electron_density,0.0212566375089272,1662337896316.1658,3047533432847.4966,m$^{-3}$
electron_density,0.0213433299396368,1692745174157.1277,3239519111293.961,m$^{-3}$
electron_density,0.021433516639041,1724676593223.2698,3457484530419.19,m$^{-3}$
electron_density,0.0215237033384453,1756885157391.5918,3696169196660.814,m$^{-3}$
electron_density,0.0216138900378495,1789364009669.4624,3957813627330.782,m$^{-3}$
electron_density,0.0217040767372538,1822106014210.7,4244931965424.634,m$^{-3}$
electron_density,0.0217978985471034,1856417198594.7288,4573934618184.115,m$^{-3}$
electron_density,0.0218917203569531,1890942430596.14,4937376086284.362,m$^{-3}$
electron_density,0.0219855421668027,1925669771051.204,5339363703555.505,m$^{-3}$
electron_density,0.0220793639766524,1960586920379.0432,5784553461137.942,m$^{-3}$
electron_density,0.0221769674155365,1997068645560.528,6299244606795.313,m$^{-3}$
electron_density,0.0222745708544206,2033651590722.777,6872306089635.595,m$^{-3}$
electron_density,0.0223721742933047,2070316644440.878,7511244592685.69,m$^{-3}$
electron_density,0.0224697777321888,2107044277413.147,8224636301990.667,m$^{-3}$
electron_density,0.0225713152243483,2145253924498.461,9055491507754.762,m$^{-3}$
electron_density,0.0226728527165079,2183379149406.4563,9985956418081.258,m$^{-3}$
electron_density,0.0227743902086675,2221391073687.724,11029342375041.309,m$^{-3}$
electron_density,0.022875927700827,2259260432970.0176,12200900455408.69,m$^{-3}$
electron_density,0.0229815578141911,2298410912804.5464,13571124486190.922,m$^{-3}$
electron_density,0.0230871879275552,2337185499476.705,15109197252087.346,m$^{-3}$
electron_density,0.0231928180409192,2375542589222.7524,16837148956750.758,m$^{-3}$
electron_density,0.0232984481542833,2413440455454.507,18780075050277.9,m$^{-3}$
electron_density,0.0234083358480996,2452235182974.959,21051133893205.04,m$^{-3}$
electron_density,0.023518223541916,2490252401740.865,23594316623530.023,m$^{-3}$
electron_density,0.0236281112357323,2527436970671.6606,26441923977641.2,m$^{-3}$
electron_density,0.0237379989295486,2563734324940.76,29630053862753.152,m$^{-3}$
electron_density,0.0238523158119953,2600385268176.8657,33332670737011.52,m$^{-3}$
electron_density,0.023966632694442,2635661701443.988,37447118177564.31,m$^{-3}$
electron_density,0.0240809495768887,2669493851192.536,42012382200765.11,m$^{-3}$
electron_density,0.0241952664593354,2701814162015.411,47070285425186.23,m$^{-3}$
electron_density,0.0243141910555161,2733577425775.64,52873162450385.24,m$^{-3}$
electron_density,0.0244331156516968,2763073127386.35,59240404950152.11,m$^{-3}$
electron_density,0.0245520402478774,2790220164733.1367,66205645746164.19,m$^{-3}$
electron_density,0.0246709648440581,2814943362234.4014,73801690370975.47,m$^{-3}$
electron_density,0.0247946828747989,2837703585239.063,82373204259110.95,m$^{-3}$
electron_density,0.0249184009055397,2856789917861.955,91627753380285.52,m$^{-3}$
electron_density,0.0250421189362805,2872125996165.249,101575634449599.64,m$^{-3}$
electron_density,0.0251658369670213,2883650211674.3057,112220829951503.02,m$^{-3}$
electron_density,0.0252945416389054,2890281730239.512,124012077808185.23,m$^{-3}$
electron_density,0.0254232463107895,2893169121577.0986,136524167682690.12,m$^{-3}$
electron_density,0.0255519509826736,2892301147558.4497,149730452334722.34,m$^{-3}$
electron_density,0.0256806556545578,2887681187245.3447,163593401015377.4,m$^{-3}$
electron_density,0.02581454796165,2772263524303.7964,178678702779178.25,m$^{-3}$
electron_density,0.0259484402687423,2870210097157.827,194431346023334.16,m$^{-3}$
electron_density,0.0260823325758346,3204695531374.4395,210788181471424.62,m$^{-3}$
electron_density,0.0262162248829268,3858813341819.8193,227673620493617.5,m$^{-3}$
electron_density,0.0263555139206599,5992202363173.352,245780338000357.56,m$^{-3}$
electron_density,0.026494802958393,9320123744769.764,264443850617915.03,m$^{-3}$
electron_density,0.026634091996126,14519758485657.574,283577467387757.6,m$^{-3}$
electron_density,0.0267733810338591,22656854388379.72,303083210226457.0,m$^{-3}$
electron_density,0.0269182843255713,34252421725111.613,323778294968099.75,m$^{-3}$
electron_density,0.0270631876172834,49966720549540.24,344910060587881.06,m$^{-3}$
electron_density,0.0272080909089956,70334483943974.62,366383806638675.4,m$^{-3}$
electron_density,0.0273529942007077,95533053472459.56,388095812043039.7,m$^{-3}$
electron_density,0.0275037380373423,126714315165096.94,410972077283213.5,m$^{-3}$
electron_density,0.0276544818739769,163259853838234.7,434184449130388.0,m$^{-3}$
electron_density,0.0278052257106114,204321856913235.7,457640870834601.7,m$^{-3}$
electron_density,0.027955969547246,248388766826860.25,481242453004036.3,m$^{-3}$
electron_density,0.0281127893407428,296198823003919.2,506004399695578.3,m$^{-3}$
electron_density,0.0282696091342396,343990501153952.8,531028406883363.8,m$^{-3}$
electron_density,0.0284264289277364,389064241258796.06,556229879315079.0,m$^{-3}$
electron_density,0.0285832487212332,428556343636073.5,581519087740915.1,m$^{-3}$
electron_density,0.0287463893721641,468577101403068.5,607984778671079.6,m$^{-3}$
electron_density,0.0289095300230949,507753847551913.25,634660910188132.2,m$^{-3}$
electron_density,0.0290726706740258,545286081613038.8,661471452151321.6,m$^{-3}$
electron_density,0.0292358113249567,580356202138784.6,688336457915356.9,m$^{-3}$
electron_density,0.029405527604979,615698956858019.1,716408149532259.4,m$^{-3}$
electron_density,0.0295752438850014,650322176828083.0,744654577973030.4,m$^{-3}$
electron_density,0.0297449601650237,683872388618467.6,773007684804513.4,m$^{-3}$
electron_density,0.029914676445046,715991610013593.1,801396350761035.8,m$^{-3}$
electron_density,0.0300912333947717,748525418491563.5,831030940138170.6,m$^{-3}$
electron_density,0.0302677903444974,780348589544186.9,860814995465090.5,m$^{-3}$
electron_density,0.0304443472942232,811249093029894.8,890687283879922.8,m$^{-3}$
electron_density,0.0306209042439489,841014098698700.6,920584117622993.8,m$^{-3}$
electron_density,0.03080457758685,871498471366629.5,951772213863067.2,m$^{-3}$
electron_density,0.0309882509297511,901485761031756.2,983091292545348.0,m$^{-3}$
electron_density,0.0311719242726522,930850639797465.6,1014485773075359.6,m$^{-3}$
electron_density,0.0313555976155534,959466951372844.8,1045898057162564.4,m$^{-3}$
electron_density,0.0315466741885508,988583296044136.0,1078651359923203.8,m$^{-3}$
electron_density,0.0317377507615483,1017120663803840.8,1111521552199625.6,m$^{-3}$
electron_density,0.0319288273345457,1044979206649760.6,1144457670396706.2,m$^{-3}$
electron_density,0.0321199039075432,1072059233753837.8,1177407055677562.2,m$^{-3}$
electron_density,0.032318682108951,1099536698704628.2,1211750631217094.2,m$^{-3}$
electron_density,0.0325174603103589,1126677868719214.0,1246199870026401.8,m$^{-3}$
electron_density,0.0327162385117668,1153423737579433.2,1280707565452217.5,m$^{-3}$
electron_density,0.0329150167131746,1179714978132275.2,1315225058711780.8,m$^{-3}$
electron_density,0.0331218069686994,1206705164858713.8,1351192722215958.2,m$^{-3}$
electron_density,0.0333285972242242,1233351346938661.5,1387256596943927.2,m$^{-3}$
electron_density,0.0335353874797489,1259603956265877.0,1423372526200060.8,m$^{-3}$
electron_density,0.0337421777352737,1285413279757026.0,1459495088274824.0,m$^{-3}$
electron_density,0.0339573029827965,1311850985347278.5,1497126013352008.0,m$^{-3}$
electron_density,0.0341724282303193,1337912298124337.5,1534844843352869.5,m$^{-3}$
electron_density,0.0343875534778421,1363553562099765.0,1572609904227345.8,m$^{-3}$
electron_density,0.0346026787253649,1388731143905621.8,1610378403739087.2,m$^{-3}$
electron_density,0.0348264749192634,1414484338874498.2,1649715626251066.5,m$^{-3}$
electron_density,0.0350502711131619,1439983525713311.5,1689133199094959.2,m$^{-3}$
electron_density,0.0352740673070604,1465197995300178.0,1728591475714336.5,m$^{-3}$
electron_density,0.0354978635009589,1490096930478186.2,1768049808585934.0,m$^{-3}$
electron_density,0.0357306801367568,1515739679216131.2,1809139196824276.0,m$^{-3}$
electron_density,0.0359634967725548,1541129093878390.2,1850301808491760.0,m$^{-3}$
electron_density,0.0361963134083527,1566237862775619.2,1891499653232263.5,m$^{-3}$
electron_density,0.0364291300441507,1591038605456252.8,1932693834762122.5,m$^{-3}$
electron_density,0.0366713307043141,1616544831879530.0,1975583249160384.8,m$^{-3}$
electron_density,0.0369135313644775,1641777950807497.2,2018538943941161.2,m$^{-3}$
electron_density,0.0371557320246408,1666712580466302.5,2061524279273816.0,m$^{-3}$
electron_density,0.0373979326848042,1691323322953353.8,2104501787544996.0,m$^{-3}$
electron_density,0.0376498956065367,1716618928699814.5,2149240460934124.0,m$^{-3}$
electron_density,0.0379018585282693,1741735540739085.5,2194038434975544.0,m$^{-3}$
electron_density,0.0381538214500018,1766654354188355.0,2238860164363684.0,m$^{-3}$
electron_density,0.0384057843717343,1791356483273640.8,2283669341095697.0,m$^{-3}$
electron_density,0.0386679030376584,1816857140452948.0,2330307085444575.5,m$^{-3}$
electron_density,0.0389300217035826,1842170788564078.5,2376996776449043.0,m$^{-3}$
electron_density,0.0391921403695068,1867279605415051.2,2423703738152068.5,m$^{-3}$
electron_density,0.039454259035431,1892165707891197.0,2470392586783527.5,m$^{-3}$
electron_density,0.0397269427880777,1917839631026340.8,2518978774054137.0,m$^{-3}$
electron_density,0.0399996265407245,1943312354203076.0,2567609192639725.0,m$^{-3}$
electron_density,0.0402723102933713,1968566706429156.8,2616249854391195.0,m$^{-3}$
electron_density,0.0405449940460181,1993585477542494.5,2664866110195635.0,m$^{-3}$
electron_density,0.0408286687270842,2019383515355491.0,2715449831978157.0,m$^{-3}$
electron_density,0.0411123434081504,2044966123636642.5,2766069594954614.5,m$^{-3}$
electron_density,0.0413960180892166,2070316747105056.8,2816691943711116.5,m$^{-3}$
electron_density,0.0416796927702828,2095418811058647.5,2867282802307081.0,m$^{-3}$
electron_density,0.0419748013856546,2121289615152169.5,2919912478114177.0,m$^{-3}$
electron_density,0.0422699100010265,2146930888707137.0,2972569415345211.5,m$^{-3}$
electron_density,0.0425650186163984,2172326669130435.5,3025220557081512.0,m$^{-3}$
electron_density,0.0428601272317702,2197460992335765.2,3077832261162351.0,m$^{-3}$
electron_density,0.0431671306433521,2223333349382881.5,3132555223040711.0,m$^{-3}$
electron_density,0.0434741340549339,2248991274576604.5,3187295968932125.0,m$^{-3}$
electron_density,0.0437811374665157,2274420384494313.0,3242021723252156.5,m$^{-3}$
electron_density,0.0440881408780975,2299606290701251.0,3296699156298673.0,m$^{-3}$
electron_density,0.0444075185235252,2325656485649968.5,3353561234346754.5,m$^{-3}$
electron_density,0.0447268961689528,2351545149373311.5,3410430811030489.0,m$^{-3}$
electron_density,0.0450462738143804,2377260375454703.0,3467275288743181.0,m$^{-3}$
electron_density,0.0453656514598081,2402790227684277.0,3524061543519391.0,m$^{-3}$
electron_density,0.0456979021011717,2429166884546729.0,3583106544073897.0,m$^{-3}$
electron_density,0.0460301527425354,2455370982944268.0,3642147600214948.0,m$^{-3}$
electron_density,0.0463624033838991,2481390746720311.5,3701152188893537.0,m$^{-3}$
electron_density,0.0466946540252628,2507214378422687.0,3760087285770521.5,m$^{-3}$
electron_density,0.0470402965280083,2533885430743654.0,3821355393356185.0,m$^{-3}$
electron_density,0.0473859390307539,2560372707084475.5,3882606947355916.0,m$^{-3}$
electron_density,0.0477315815334994,2586664565056340.0,3943809413097831.0,m$^{-3}$
electron_density,0.0480772240362449,2612749349225149.0,4004929777561128.0,m$^{-3}$
electron_density,0.0484367981794696,2639680712335626.0,4068457704929724.0,m$^{-3}$
electron_density,0.0487963723226943,2666416982990647.0,4131955289437938.0,m$^{-3}$
electron_density,0.049155946465919,2692946659453143.0,4195389912265226.0,m$^{-3}$
electron_density,0.0495155206091436,2719258234926359.5,4258728497498012.0,m$^{-3}$
electron_density,0.0498895879285524,2746401074901399.0,4324549203602123.0,m$^{-3}$
electron_density,0.0502636552479611,2773358032708664.5,4390324492777210.0,m$^{-3}$
electron_density,0.0506377225673699,2800118361294061.0,4456021597140996.0,m$^{-3}$
electron_density,0.0510117898867786,2826671306633105.0,4521607311663232.0,m$^{-3}$
electron_density,0.0514009345516168,2854159996737618.0,4589749448190233.0,m$^{-3}$
electron_density,0.0517900792164551,2881507512428172.5,4657829705206887.0,m$^{-3}$
electron_density,0.0521792238812933,2908704711171318.5,4725815107691566.0,m$^{-3}$
electron_density,0.0525683685461315,2935742427712829.0,4793672262429916.0,m$^{-3}$
electron_density,0.0529731982714638,2963711846589997.0,4864159599074193.0,m$^{-3}$
electron_density,0.0533780279967961,2991530560648875.5,4934567102510511.0,m$^{-3}$
electron_density,0.0537828577221284,3019189361224793.0,5004861538751836.0,m$^{-3}$
electron_density,0.0541876874474608,3046679021069264.5,5075009273862106.0,m$^{-3}$
electron_density,0.0546088344432208,3075108653639882.5,5147860127986031.0,m$^{-3}$
electron_density,0.0550299814389808,3103377743182797.0,5220611569640999.0,m$^{-3}$
electron_density,0.0554511284347408,3131477021371455.0,5293230058452426.0,m$^{-3}$
electron_density,0.0558722754305008,3159397205531193.0,5365681671880021.0,m$^{-3}$
electron_density,0.0563103973887934,3188264484368259.5,5440907848381956.0,m$^{-3}$
electron_density,0.0567485193470861,3216961116400061.0,5516012805417460.0,m$^{-3}$
electron_density,0.0571866413053787,3245477781694404.0,5590962634436978.0,m$^{-3}$
electron_density,0.0576247632636713,3273805150291271.5,5665723062377586.0,m$^{-3}$
electron_density,0.0580805443858702,3303085558569296.5,5743327415035298.0,m$^{-3}$
electron_density,0.0585363255080691,3332185000998108.5,5820786765276717.0,m$^{-3}$
electron_density,0.058992106630268,3361094115675981.0,5898066797800701.0,m$^{-3}$
electron_density,0.0594478877524669,3389803535058864.5,5975132850492489.0,m$^{-3}$
electron_density,0.0599220398177102,3419470746988667.0,6055110043004639.0,m$^{-3}$
electron_density,0.0603961918829534,3448946516906311.0,6134916412371519.0,m$^{-3}$
electron_density,0.0608703439481967,3478221452117546.5,6214517205386459.0,m$^{-3}$
electron_density,0.06134449601344,3507286158712059.0,6293877339954129.0,m$^{-3}$
electron_density,0.0618377594901935,3537312217679364.0,6376213201882534.0,m$^{-3}$
electron_density,0.062331022966947,3567136266790898.0,6458350270849538.0,m$^{-3}$
electron_density,0.0628242864437006,3596748895201026.5,6540253329704718.0,m$^{-3}$
electron_density,0.0633175499204541,3626140695286405.0,6621886850729659.0,m$^{-3}$
electron_density,0.063830695122878,3656496228403392.0,6706557582586652.0,m$^{-3}$
electron_density,0.064343840325302,3686639163970093.0,6790999292894347.0,m$^{-3}$
electron_density,0.0648569855277259,3716560086978000.0,6875176279660175.0,m$^{-3}$
electron_density,0.0653701307301498,3746249590058132.0,6959052549199098.0,m$^{-3}$
electron_density,0.0659039590210741,3776885914878425.0,7046023902342724.0,m$^{-3}$
electron_density,0.0664377873119984,3807384002999769.0,7132733638370182.0,m$^{-3}$
electron_density,0.0669716156029227,3837736485271111.0,7219145554739723.0,m$^{-3}$
electron_density,0.0675054438938469,3867935978194508.0,7305223176795249.0,m$^{-3}$
electron_density,0.0680607889362346,3899261343236217.0,7394449666636504.0,m$^{-3}$
electron_density,0.0686161339786222,3930476525059560.0,7483379362537776.0,m$^{-3}$
electron_density,0.0691714790210098,3961574839276379.0,7571975547091875.0,m$^{-3}$
electron_density,0.0697268240633974,3992549580884427.0,7660201251228234.0,m$^{-3}$
electron_density,0.07030455312225,4024649943794370.0,7751624189243896.0,m$^{-3}$
electron_density,0.0708822821811024,4056633045249050.0,7842711629462330.0,m$^{-3}$
electron_density,0.0714600112399549,4088492011788519.0,7933426302757262.0,m$^{-3}$
electron_density,0.0720377402988074,4120219950242699.0,8023730710076140.0,m$^{-3}$
electron_density,0.0726387555955455,4153096277800158.0,8117274527865140.0,m$^{-3}$
electron_density,0.0732397708922835,4185847895258481.0,8210441158521274.0,m$^{-3}$
electron_density,0.0738407861890215,4218467739152998.0,8303192777396114.0,m$^{-3}$
electron_density,0.0744418014857596,4250948727338761.0,8395491352937609.0,m$^{-3}$
electron_density,0.0750670416071939,4284600469615882.0,8491065101346394.0,m$^{-3}$
electron_density,0.0756922817286283,4318119640022445.5,8586216911539781.0,m$^{-3}$
electron_density,0.0763175218500627,4351498983824357.0,8680908407469087.0,m$^{-3}$
electron_density,0.076942761971497,4384731228775545.0,8775101030618665.0,m$^{-3}$
electron_density,0.0775932033355904,4419156071527821.5,8872597372869137.0,m$^{-3}$
electron_density,0.0782436446996838,4453440006423840.0,8969623832103748.0,m$^{-3}$
electron_density,0.0788940860637772,4487575585552063.0,9066141491074476.0,m$^{-3}$
electron_density,0.0795445274278705,4521555344814132.0,9162111276060220.0,m$^{-3}$
electron_density,0.0802211858085788,4556748871236283.0,9261405305601806.0,m$^{-3}$
electron_density,0.0808978441892872,4591792592627106.0,9360178179901280.0,m$^{-3}$
electron_density,0.0815745025699955,4626678864920208.0,9458390457030368.0,m$^{-3}$
electron_density,0.0822511609507038,4661400029369583.0,9556002566279316.0,m$^{-3}$
electron_density,0.0829550930642787,4697355254492231.0,9656950569958318.0,m$^{-3}$
electron_density,0.0836590251778536,4733151092622189.0,9757322681215338.0,m$^{-3}$
electron_density,0.0843629572914285,4768779698901620.0,9857078956497398.0,m$^{-3}$
electron_density,0.0850668894050034,4804233215519074.0,9956179353004436.0,m$^{-3}$
electron_density,0.085799194560233,4840939941039846.0,1.0058617692382594e+16,m$^{-3}$
electron_density,0.0865314997154626,4877476837348443.0,1.0160421327425848e+16,m$^{-3}$
electron_density,0.0872638048706923,4913835851684384.0,1.0261549828698356e+16,m$^{-3}$
electron_density,0.0879961100259219,4950008920330716.0,1.036196269923832e+16,m$^{-3}$
electron_density,0.0887579318408871,4987452835681301.0,1.0465702959311712e+16,m$^{-3}$
electron_density,0.0895197536558522,5024715369949142.0,1.0568744395524e+16,m$^{-3}$
electron_density,0.0902815754708174,5061788251747480.0,1.0671046087621038e+16,m$^{-3}$
electron_density,0.0910433972857825,5098663201078513.0,1.0772567082416194e+16,m$^{-3}$
electron_density,0.0918359254738093,5136817633157937.0,1.0877391998689452e+16,m$^{-3}$
electron_density,0.0926284536618361,5174788575689582.0,1.0981449568998934e+16,m$^{-3}$
electron_density,0.0934209818498629,5212567764664486.0,1.1084698422765926e+16,m$^{-3}$
electron_density,0.0942135100378897,5250146927689345.0,1.118709719374426e+16,m$^{-3}$
electron_density,0.0950379822654876,5289251952776414.0,1.1292762683680938e+16,m$^{-3}$
electron_density,0.0958624544930855,5328364166393698.0,1.1397587761014286e+16,m$^{-3}$
electron_density,0.0966869267206834,5367479435990294.0,1.1501530656128846e+16,m$^{-3}$
electron_density,0.0975113989482813,5406593598077474.0,1.1604549643877672e+16,m$^{-3}$
electron_density,0.0983691027679685,5447280225030632.0,1.1710783094089406e+16,m$^{-3}$
electron_density,0.0992268065876555,5487958913462505.0,1.1816098328418308e+16,m$^{-3}$
electron_density,0.1000845104073427,5528624930226129.0,1.1920453239644734e+16,m$^{-3}$
electron_density,0.1009422142270298,5569273509149688.0,1.2023805808254392e+16,m$^{-3}$
electron_density,0.1018344890880632,5611537772428866.0,1.2130304169973818e+16,m$^{-3}$
electron_density,0.1027267639490966,5653773541524172.0,1.2235801577814268e+16,m$^{-3}$
electron_density,0.1036190388101301,5695975364899040.0,1.2340255659430926e+16,m$^{-3}$
electron_density,0.1045113136711635,5738137756469249.0,1.2443624176775922e+16,m$^{-3}$
electron_density,0.1054395530113155,5781948176983711.0,1.2550051982551138e+16,m$^{-3}$
electron_density,0.1063677923514676,5825708424302780.0,1.2655390922712648e+16,m$^{-3}$
electron_density,0.1072960316916196,5869412318347291.0,1.275959844353417e+16,m$^{-3}$
electron_density,0.1082242710317716,5913053643674896.0,1.2862632175828146e+16,m$^{-3}$
electron_density,0.1091899244534178,5958389245408503.0,1.2968619096062048e+16,m$^{-3}$
electron_density,0.1101555778750641,6003644558294265.0,1.3073421666290344e+16,m$^{-3}$
electron_density,0.1111212312967103,6048812497809652.0,1.3176997196899766e+16,m$^{-3}$
electron_density,0.1120868847183566,6093885944629265.0,1.3279303238292064e+16,m$^{-3}$
electron_density,0.1130914602522748,6140618755671447.0,1.3384431042253744e+16,m$^{-3}$
electron_density,0.114096035786193,6187092697576035.0,1.3488271663884058e+16,m$^{-3}$
electron_density,0.1151006113201112,6233296504062622.0,1.3590782361929996e+16,m$^{-3}$
electron_density,0.1161051868540294,6279218905297426.0,1.369192069615404e+16,m$^{-3}$
electron_density,0.117150253314444,6326689281478822.0,1.3795725586195888e+16,m$^{-3}$
electron_density,0.1181953197748585,6373844020979836.0,1.3898133894255522e+16,m$^{-3}$
electron_density,0.1192403862352731,6420670754878765.0,1.3999102959549122e+16,m$^{-3}$
electron_density,0.1202854526956876,6467157127231973.0,1.4098590488744592e+16,m$^{-3}$
electron_density,0.1213726421302377,6515162883834877.0,1.420056323992522e+16,m$^{-3}$
electron_density,0.1224598315647878,6562746484442862.0,1.4301023232500256e+16,m$^{-3}$
electron_density,0.1235470209993379,6609893516781228.0,1.439992804243763e+16,m$^{-3}$
electron_density,0.1246342104338881,6656589620084254.0,1.4497235685533062e+16,m$^{-3}$
electron_density,0.1257652206723455,6704640142700319.0,1.4596819058732234e+16,m$^{-3}$
electron_density,0.126896230910803,6752162323680918.0,1.4694766520928644e+16,m$^{-3}$
electron_density,0.1280272411492605,6799140056759374.0,1.4791036068725466e+16,m$^{-3}$
electron_density,0.129158251387718,6845557334984719.0,1.4885586217429886e+16,m$^{-3}$
electron_density,0.130334848693435,6893243351300854.0,1.4982172322112692e+16,m$^{-3}$
electron_density,0.1315114459991521,6940304861361415.0,1.5076992181320636e+16,m$^{-3}$
electron_density,0.1326880433048691,6986724584661257.0,1.5170004427561954e+16,m$^{-3}$
electron_density,0.1338646406105861,7032485390178269.0,1.5261168298076032e+16,m$^{-3}$
electron_density,0.1350886624388134,7079379724981058.0,1.5354096338439018e+16,m$^{-3}$
electron_density,0.1363126842670407,7125536863113843.0,1.5445117649637806e+16,m$^{-3}$
electron_density,0.137536706095268,7170938353883276.0,1.5534191703680344e+16,m$^{-3}$
electron_density,0.1387607279234953,7215565962711424.0,1.5621278673360576e+16,m$^{-3}$
electron_density,0.1400340857908787,7261158218814591.0,1.5709815690521756e+16,m$^{-3}$
electron_density,0.1413074436582622,7305885478334337.0,1.5796294030126882e+16,m$^{-3}$
electron_density,0.1425808015256456,7349728253361607.0,1.588067425190274e+16,m$^{-3}$
electron_density,0.143854159393029,7392667357487932.0,1.5962917724549734e+16,m$^{-3}$
electron_density,0.1451788418627653,7436363392467265.0,1.6046257872085038e+16,m$^{-3}$
electron_density,0.1465035243325017,7479050307980543.0,1.6127378457332388e+16,m$^{-3}$
electron_density,0.147828206802238,7520707804928049.0,1.6206241490439254e+16,m$^{-3}$
electron_density,0.1491528892719743,7561315994137720.0,1.6282809910041216e+16,m$^{-3}$
electron_density,0.1505309650592881,7602431062088168.0,1.6360079430271426e+16,m$^{-3}$
electron_density,0.1519090408466019,7642376548213398.0,1.6434959578993206e+16,m$^{-3}$
electron_density,0.1532871166339157,7681131708057371.0,1.6507414252820952e+16,m$^{-3}$
electron_density,0.1546651924212295,7718676342584092.0,1.6577408408904056e+16,m$^{-3}$
electron_density,0.1560988136240214,7756432283834962.0,1.6647663291842354e+16,m$^{-3}$
electron_density,0.1575324348268132,7792842562258839.0,1.6715350115115396e+16,m$^{-3}$
electron_density,0.158966056029605,7827886529902655.0,1.6780435184767542e+16,m$^{-3}$
electron_density,0.1603996772323969,7861544250547183.0,1.6842886013356294e+16,m$^{-3}$
electron_density,0.1618910826921071,7895070548263271.0,1.690510986617923e+16,m$^{-3}$
electron_density,0.1633824881518173,7927065378789643.0,1.6964577927910238e+16,m$^{-3}$
electron_density,0.1648738936115275,7957508994705920.0,1.7021259539140184e+16,m$^{-3}$
electron_density,0.1663652990712377,7986382555370789.0,1.707512540875727e+16,m$^{-3}$
electron_density,0.1679168178691753,8014734271281252.0,1.7128224902240922e+16,m$^{-3}$
electron_density,0.1694683366671129,8041347703975725.0,1.7178365230405114e+16,m$^{-3}$
electron_density,0.1710198554650506,8066204891790920.0,1.7225519468952362e+16,m$^{-3}$
electron_density,0.1725713742629882,8089289021994001.0,1.7269662248487236e+16,m$^{-3}$
electron_density,0.1741854293575843,8111405207170027.0,1.7312434816165164e+16,m$^{-3}$
electron_density,0.1757994844521804,8131576014073357.0,1.7352031648737336e+16,m$^{-3}$
electron_density,0.1774135395467765,8149786643967822.0,1.7388430491040138e+16,m$^{-3}$
electron_density,0.1790275946413727,8166023715044730.0,1.7421610855178746e+16,m$^{-3}$
electron_density,0.180706706652039,8180813707610533.0,1.7452758687274944e+16,m$^{-3}$
electron_density,0.1823858186627054,8193467191235049.0,1.748050404895272e+16,m$^{-3}$
electron_density,0.1840649306733718,8203974176199330.0,1.7504830546912264e+16,m$^{-3}$
electron_density,0.1857440426840382,8212326359570667.0,1.7525723793550224e+16,m$^{-3}$
electron_density,0.1874908338275397,8218740576379970.0,1.7543860272181278e+16,m$^{-3}$
electron_density,0.1892376249710413,8222852845678766.0,1.755835808647048e+16,m$^{-3}$
electron_density,0.1909844161145429,8224659708321258.0,1.7569208188443908e+16,m$^{-3}$
electron_density,0.1927312072580445,8224159644051366.0,1.7576403803375082e+16,m$^{-3}$
electron_density,0.1945484054435333,8221216047856702.0,1.7580054149454304e+16,m$^{-3}$
electron_density,0.1963656036290222,8215846745766917.0,1.7579820823643442e+16,m$^{-3}$
electron_density,0.1981828018145111,8208056491966200.0,1.7575703980575016e+16,m$^{-3}$
electron_density,0.2,8197852180556709.0,1.7567706348388146e+16,m$^{-3}$
electron_density,0.2018171981854889,8185284760474013.0,1.7555867218646428e+16,m$^{-3}$
electron_density,0.2036343963709777,8170426815567514.0,1.7540198030527458e+16,m$^{-3}$
electron_density,0.2054515945564666,8153290894328416.0,1.752070905519252e+16,m$^{-3}$
electron_density,0.2072687927419555,8133891450181544.0,1.7497413059129996e+16,m$^{-3}$
electron_density,0.2090155838854571,8113183695555301.0,1.747145264174522e+16,m$^{-3}$
electron_density,0.2107623750289586,8090543751718982.0,1.744200047265947e+16,m$^{-3}$
electron_density,0.2125091661724602,8065988101074653.0,1.740907434783126e+16,m$^{-3}$
electron_density,0.2142559573159618,8039534585568759.0,1.7372694138466866e+16,m$^{-3}$
electron_density,0.2159350693266282,8012403057385697.0,1.7334479926555654e+16,m$^{-3}$
electron_density,0.2176141813372945,7983690527085824.0,1.7293085546462194e+16,m$^{-3}$
electron_density,0.2192932933479609,7953414666552479.0,1.7248534197888e+16,m$^{-3}$
electron_density,0.2209724053586273,7921594063008036.0,1.7200850808087956e+16,m$^{-3}$
electron_density,0.2225864604532234,7889634763692275.0,1.7152067974627036e+16,m$^{-3}$
electron_density,0.2242005155478195,7856476965696199.0,1.7100391443249912e+16,m$^{-3}$
electron_density,0.2258145706424157,7822136885259817.0,1.7045848226777232e+16,m$^{-3}$
electron_density,0.2274286257370118,7786631266993559.0,1.6988466776467558e+16,m$^{-3}$
electron_density,0.2289801445349494,7751471551660262.0,1.6930633218828118e+16,m$^{-3}$
electron_density,0.230531663332887,7715453282878662.0,1.6870168764271682e+16,m$^{-3}$
electron_density,0.2320831821308246,7678589925023732.0,1.6807103039058266e+16,m$^{-3}$
electron_density,0.2336347009287622,7640895212474439.0,1.6741466866621108e+16,m$^{-3}$
electron_density,0.2351261063884724,7604084893715859.0,1.667594675823415e+16,m$^{-3}$
electron_density,0.2366175118481826,7566764121013944.0,1.660803606822794e+16,m$^{-3}$
electron_density,0.2381089173078928,7528942167030254.0,1.6537766131758766e+16,m$^{-3}$
electron_density,0.239600322767603,7490628394811886.0,1.6465169279412058e+16,m$^{-3}$
electron_density,0.2410339439703949,7453398885322536.0,1.6393183164310978e+16,m$^{-3}$
electron_density,0.2424675651731867,7415833346989496.0,1.6319021690665476e+16,m$^{-3}$
electron_density,0.2439011863759785,7377938738741019.0,1.6242717277260196e+16,m$^{-3}$
electron_density,0.2453348075787704,7339722053373133.0,1.6164303172303248e+16,m$^{-3}$
electron_density,0.2467128833660842,7302734458768317.0,1.608692558549677e+16,m$^{-3}$
electron_density,0.248090959153398,7265538830579096.0,1.6007568191345704e+16,m$^{-3}$
electron_density,0.2494690349407119,7228140256411293.0,1.5926263997713868e+16,m$^{-3}$
electron_density,0.2508471107280257,7190543830786269.0,1.5843046702426568e+16,m$^{-3}$
electron_density,0.252171793197762,7154249503157103.0,1.5761235537982534e+16,m$^{-3}$
electron_density,0.2534964756674983,7117579342905907.0,1.567762345389004e+16,m$^{-3}$
electron_density,0.2548211581372346,7080541021495719.0,1.559224365314185e+16,m$^{-3}$
electron_density,0.2561458406069709,7043142257286353.0,1.5505129910203414e+16,m$^{-3}$
electron_density,0.2574191984743543,7006858440349683.0,1.5419740845689984e+16,m$^{-3}$
electron_density,0.2586925563417378,6970258027952472.0,1.5332714435910224e+16,m$^{-3}$
electron_density,0.2599659142091212,6933347947519950.0,1.5244083775825238e+16,m$^{-3}$
electron_density,0.2612392720765046,6896135156971044.0,1.5153882430917626e+16,m$^{-3}$
electron_density,0.262463293904732,6860086709345499.0,1.5065678345608868e+16,m$^{-3}$
electron_density,0.2636873157329593,6823771021519250.0,1.4975986375143806e+16,m$^{-3}$
electron_density,0.2649113375611865,6787194345215705.0,1.488483927451476e+16,m$^{-3}$
electron_density,0.2661353593894139,6750362950997559.0,1.4792270183059766e+16,m$^{-3}$
electron_density,0.2673119566951309,6714723115929093.0,1.4701929582425244e+16,m$^{-3}$
electron_density,0.2684885540008479,6678855064581962.0,1.4610237531093036e+16,m$^{-3}$
electron_density,0.2696651513065649,6642764476080729.0,1.4517226268437248e+16,m$^{-3}$
electron_density,0.2708417486122819,6606457040544970.0,1.4422928344522136e+16,m$^{-3}$
electron_density,0.2719727588507394,6571354456975630.0,1.4331052992760148e+16,m$^{-3}$
electron_density,0.2731037690891969,6536055144856200.0,1.4237950601339142e+16,m$^{-3}$
electron_density,0.2742347793276544,6500564289144104.0,1.4143652763077688e+16,m$^{-3}$
electron_density,0.2753657895661119,6464887080394220.0,1.4048191318489022e+16,m$^{-3}$
electron_density,0.276452979000662,6430417638431968.0,1.3955313415646776e+16,m$^{-3}$
electron_density,0.2775401684352121,6395777255189749.0,1.3861320677648338e+16,m$^{-3}$
electron_density,0.2786273578697622,6360970683437012.0,1.3766243978263214e+16,m$^{-3}$
electron_density,0.2797145473043123,6326002677784533.0,1.3670114385576992e+16,m$^{-3}$
electron_density,0.2807596137647269,6292237471026138.0,1.3576697113820484e+16,m$^{-3}$
electron_density,0.2818046802251415,6258322665372916.0,1.3482266127244718e+16,m$^{-3}$
electron_density,0.282849746685556,6224262632039745.0,1.3386851536202008e+16,m$^{-3}$
electron_density,0.2838948131459706,6190061741464336.0,1.3290483600061576e+16,m$^{-3}$
electron_density,0.2848993886798888,6157052623574278.0,1.3196931050396728e+16,m$^{-3}$
electron_density,0.285903964213807,6123911700969738.0,1.3102456941178206e+16,m$^{-3}$
electron_density,0.2869085397477252,6090643005740957.0,1.300709057144402e+16,m$^{-3}$
electron_density,0.2879131152816434,6057250567389501.0,1.291086135033506e+16,m$^{-3}$
electron_density,0.2888787687032896,6025069669649312.0,1.2817527533040808e+16,m$^{-3}$
electron_density,0.2898444221249359,5992694793565495.0,1.2723356095134386e+16,m$^{-3}$
electron_density,0.2908100755465821,5960130913810665.0,1.2628375492839508e+16,m$^{-3}$
electron_density,0.2917757289682283,5927383012611149.0,1.2532614259070296e+16,m$^{-3}$
electron_density,0.2927039683083803,5895641826830199.0,1.243980795659529e+16,m$^{-3}$
electron_density,0.2936322076485324,5863672362534360.0,1.2346240430326066e+16,m$^{-3}$
electron_density,0.2945604469886844,5831480188156063.0,1.2251939275610096e+16,m$^{-3}$
electron_density,0.2954886863288364,5799070886996354.0,1.2156932135829754e+16,m$^{-3}$
electron_density,0.2963809611898699,5767708747609129.0,1.2064921277292378e+16,m$^{-3}$
electron_density,0.2972732360509034,5736138145157470.0,1.1972218663992162e+16,m$^{-3}$
electron_density,0.2981655109119368,5704364370727851.0,1.1878851023308604e+16,m$^{-3}$
electron_density,0.2990577857729702,5672392726332269.0,1.1784845106125152e+16,m$^{-3}$
electron_density,0.2999154895926573,5641469478184331.0,1.169386073775686e+16,m$^{-3}$
electron_density,0.3007731934123444,5610355697783188.0,1.1602247720420214e+16,m$^{-3}$
electron_density,0.3016308972320315,5579056407816168.0,1.1510031915336978e+16,m$^{-3}$
electron_density,0.3024886010517186,5547576638631423.0,1.1417239186281422e+16,m$^{-3}$
electron_density,0.3033130732793165,5517142681071031.0,1.13274790920761e+16,m$^{-3}$
electron_density,0.3041375455069145,5486534462472275.0,1.1237147613276086e+16,m$^{-3}$
electron_density,0.3049620177345125,5455756746015560.0,1.1146269753909678e+16,m$^{-3}$
electron_density,0.3057864899621104,5424814299843063.0,1.10548705027169e+16,m$^{-3}$
electron_density,0.3065790181501371,5394911799423222.0,1.0966502516094376e+16,m$^{-3}$
electron_density,0.3073715463381639,5364849834443279.0,1.0877615051942844e+16,m$^{-3}$
electron_density,0.3081640745261906,5334632917486306.0,1.0788232271739864e+16,m$^{-3}$
electron_density,0.3089566027142174,5304265563873554.0,1.0698378306534916e+16,m$^{-3}$
electron_density,0.3097184245291826,5274929471045300.0,1.0611543413136542e+16,m$^{-3}$
electron_density,0.3104802463441477,5245447390439979.0,1.0524235647719204e+16,m$^{-3}$
electron_density,0.3112420681591129,5215823592994540.0,1.043647835810619e+16,m$^{-3}$
electron_density,0.312003889974078,5186062350561883.0,1.0348294848996902e+16,m$^{-3}$
electron_density,0.3127361951293076,5157321265981979.0,1.0263107930054612e+16,m$^{-3}$
electron_density,0.3134685002845373,5128446483127755.0,1.0177489956035426e+16,m$^{-3}$
electron_density,0.314200805439767,5099442040276511.0,1.0091463492466614e+16,m$^{-3}$
electron_density,0.3149331105949966,5070311975139722.0,1.0005051051139356e+16,m$^{-3}$
electron_density,0.3156370427085715,5042188897839730.0,9921604828194566.0,m$^{-3}$
electron_density,0.3163409748221464,5013943339311766.0,9837765395683296.0,m$^{-3}$
electron_density,0.3170449069357213,4985579114172519.0,9753554560332412.0,m$^{-3}$
electron_density,0.3177488390492962,4957100035279721.0,9668994066225342.0,m$^{-3}$
electron_density,0.3184254974300045,4929599236408222.0,9587362593044090.0,m$^{-3}$
electron_density,0.3191021558107128,4901921919559334.0,9505372136983270.0,m$^{-3}$
electron_density,0.3197788141914212,4874072781295063.0,9423043771040636.0,m$^{-3}$
electron_density,0.3204554725721295,4846056526157048.0,9340398498142166.0,m$^{-3}$
electron_density,0.3211059139362228,4818964145027444.0,9260639237268954.0,m$^{-3}$
electron_density,0.3217563553003162,4791709259325251.0,9180551925266134.0,m$^{-3}$
electron_density,0.3224067966644096,4764296349448924.0,9100156927551870.0,m$^{-3}$
electron_density,0.3230572380285029,4736729901283290.0,9019474533325430.0,m$^{-3}$
electron_density,0.3236824781499373,4710082912601741.0,8941630241026189.0,m$^{-3}$
electron_density,0.3243077182713717,4683286395904511.0,8863485832548065.0,m$^{-3}$
electron_density,0.3249329583928061,4656344618475896.0,8785060992529148.0,m$^{-3}$
electron_density,0.3255581985142404,4629261850968331.0,8706375324349473.0,m$^{-3}$
electron_density,0.3261592138109784,4603091832455997.0,8630475762662164.0,m$^{-3}$
electron_density,0.3267602291077165,4576784285250913.0,8554301297573255.0,m$^{-3}$
electron_density,0.3273612444044545,4550343267587309.0,8477870960027956.0,m$^{-3}$
electron_density,0.3279622597011925,4523772839282273.0,8401203695631998.0,m$^{-3}$
electron_density,0.328539988760045,4498106414888148.0,8327267186876848.0,m$^{-3}$
electron_density,0.3291177178188975,4472313543548704.0,8253078518259452.0,m$^{-3}$
electron_density,0.32969544687775,4446398079324650.0,8178656094107018.0,m$^{-3}$
electron_density,0.3302731759366025,4420363876368103.0,8104018230149671.0,m$^{-3}$
electron_density,0.3308285209789902,4395223141412253.5,8032053067095102.0,m$^{-3}$
electron_density,0.3313838660213778,4369966182613640.0,7959856251241513.0,m$^{-3}$
electron_density,0.3319392110637654,4344596655372186.0,7887445587113583.0,m$^{-3}$
electron_density,0.3324945561061531,4319118213947167.0,7814838788089487.0,m$^{-3}$
electron_density,0.3330283843970774,4294525566916033.5,7744844511308346.0,m$^{-3}$
electron_density,0.3335622126880016,4269770885000909.5,7674637066213362.0,m$^{-3}$
electron_density,0.3340960409789258,4244858594386487.0,7604233683886531.0,m$^{-3}$
electron_density,0.3346298692698501,4219793128938864.0,7533651502320259.0,m$^{-3}$
electron_density,0.335143014472274,4195535935613652.0,7465620079647742.0,m$^{-3}$
electron_density,0.335656159674698,4171120572083218.5,7397392088096071.0,m$^{-3}$
electron_density,0.336169304877122,4146551432503413.0,7328984212669682.0,m$^{-3}$
electron_density,0.3366824500795459,4121832918120473.5,7260413043865601.0,m$^{-3}$
electron_density,0.3371757135562994,4097927471657550.0,7194329514055245.0,m$^{-3}$
electron_density,0.337668977033053,4073876387450608.0,7128064196678030.0,m$^{-3}$
electron_density,0.3381622405098065,4049683866832421.0,7061633260710219.0,m$^{-3}$
electron_density,0.33865550398656,4025354115851957.5,6995052779660788.0,m$^{-3}$
electron_density,0.3391296560518033,4001834023369091.0,6930896066316459.0,m$^{-3}$
electron_density,0.3396038081170465,3978179924796072.0,6866570893643944.0,m$^{-3}$
electron_density,0.3400779601822897,3954395830326500.0,6802092938589130.0,m$^{-3}$
electron_density,0.3405521122475329,3930485752842847.0,6737477782029694.0,m$^{-3}$
electron_density,0.3410078933697318,3907379866440842.5,6675222190407037.0,m$^{-3}$
electron_density,0.3414636744919307,3884150747741178.0,6612810168986294.0,m$^{-3}$
electron_density,0.3419194556141297,3860802218585780.0,6550256925595379.0,m$^{-3}$
electron_density,0.3423752367363286,3837338101789639.0,6487577571693253.0,m$^{-3}$
electron_density,0.3428133586946212,3814670874509309.5,6427193538966305.0,m$^{-3}$
electron_density,0.3432514806529139,3791890376772488.0,6366663939391196.0,m$^{-3}$
electron_density,0.3436896026112065,3769000245743671.0,6306003533716675.0,m$^{-3}$
electron_density,0.3441277245694992,3746004118122113.0,6245226986271816.0,m$^{-3}$
electron_density,0.3445488715652592,3723795956007837.5,6186681732240932.0,m$^{-3}$
electron_density,0.3449700185610191,3701483720778341.0,6128000727284064.0,m$^{-3}$
electron_density,0.3453911655567792,3679070869294680.0,6069198306235651.0,m$^{-3}$
electron_density,0.3458123125525392,3656560856760341.0,6010288707666243.0,m$^{-3}$
electron_density,0.3462171422778715,3634828461937255.0,5953546812192288.0,m$^{-3}$
electron_density,0.3466219720032038,3613000474699745.0,5896678042692966.0,m$^{-3}$
electron_density,0.3470268017285361,3591080176520143.0,5839696328391308.0,m$^{-3}$
electron_density,0.3474316314538684,3569070846237857.0,5782615502570348.0,m$^{-3}$
electron_density,0.3478207761187066,3547840292548020.0,5727639416554286.0,m$^{-3}$
electron_density,0.3482099207835449,3526502040776408.0,5672544491803493.0,m$^{-3}$
electron_density,0.3485990654483831,3505059561600708.5,5617344271391581.0,m$^{-3}$
electron_density,0.3489882101132214,3483516325392884.0,5562052202910916.0,m$^{-3}$
electron_density,0.3493622774326301,3462663573720175.5,5508802699070637.0,m$^{-3}$
electron_density,0.3497363447520388,3441676341965273.0,5455441637878531.0,m$^{-3}$
electron_density,0.3501104120714475,3420558597885278.5,5401982194909416.0,m$^{-3}$
electron_density,0.3504844793908563,3399314314447939.0,5348437450821170.0,m$^{-3}$
electron_density,0.350844053534081,3378770475428197.0,5296874020018592.0,m$^{-3}$
electron_density,0.3512036276773057,3358102996554264.5,5245205638160298.0,m$^{-3}$
electron_density,0.3515632018205303,3337315674700145.0,5193445131196487.0,m$^{-3}$
electron_density,0.351922775963755,3316412309822188.0,5141605230804897.0,m$^{-3}$
electron_density,0.3522684184665005,3296206246105945.0,5091686429226373.0,m$^{-3}$
electron_density,0.3526140609692461,3275886583189883.5,5041668678514962.0,m$^{-3}$
electron_density,0.3529597034719916,3255456948624741.0,4991564472134469.0,m$^{-3}$
electron_density,0.3533053459747371,3234920971232401.0,4941386209978533.0,m$^{-3}$
electron_density,0.3536375966161008,3215077363271689.0,4893069969609726.0,m$^{-3}$
electron_density,0.3539698472574645,3195129437301668.5,4844660223178529.0,m$^{-3}$
electron_density,0.3543020978988282,3175080654076721.0,4796169148637749.0,m$^{-3}$
electron_density,0.3546343485401919,3154934474095034.5,4747608831112269.0,m$^{-3}$
electron_density,0.3549537261856196,3135474142407277.0,4700852601117346.0,m$^{-3}$
electron_density,0.3552731038310472,3115918057137623.5,4654007768823881.0,m$^{-3}$
electron_density,0.3555924814764749,3096269515538065.0,4607086214210109.0,m$^{-3}$
electron_density,0.3559118591219025,3076531813329547.0,4560099725192941.0,m$^{-3}$
electron_density,0.3562188625334843,3057479778107327.5,4514860653190366.0,m$^{-3}$
electron_density,0.3565258659450661,3038292183021209.0,4469537457526105.5,m$^{-3}$
electron_density,0.3568328693566479,3018973070862275.0,4424141735351040.0,m$^{-3}$
electron_density,0.3571398727682297,2999526491701352.0,4378684992523527.0,m$^{-3}$
electron_density,0.3574349813836016,2980688577592325.0,4334920328824909.0,m$^{-3}$
electron_density,0.3577300899989735,2961713109226813.0,4291075641643050.5,m$^{-3}$
electron_density,0.3580251986143453,2942604230151128.5,4247162259822999.0,m$^{-3}$
electron_density,0.3583203072297172,2923366091817859.0,4203191421675125.0,m$^{-3}$
electron_density,0.3586039819107833,2904748009381865.0,4160858686118432.0,m$^{-3}$
electron_density,0.3588876565918495,2886003547921673.0,4118449687744200.0,m$^{-3}$
electron_density,0.3591713312729158,2867136694338365.0,4075975501119567.0,m$^{-3}$
electron_density,0.3594550059539819,2848151440698148.5,4033447111011469.0,m$^{-3}$
electron_density,0.3597276897066287,2829786847833220.5,3992504228922646.0,m$^{-3}$
electron_density,0.3600003734592755,2811306241943323.5,3951488539748672.0,m$^{-3}$
electron_density,0.3602730572119222,2792713452439523.0,3910410877362057.5,m$^{-3}$
electron_density,0.360545740964569,2774012311534905.0,3869281986535984.0,m$^{-3}$
electron_density,0.3608078596304932,2755930447856476.0,3829687402976275.0,m$^{-3}$
electron_density,0.3610699782964174,2737742160721575.5,3790023193804758.0,m$^{-3}$
electron_density,0.3613320969623416,2719451122526700.5,3750299965387287.0,m$^{-3}$
electron_density,0.3615942156282657,2701061006449901.0,3710528235647717.0,m$^{-3}$
electron_density,0.3618461785499982,2683286999141609.0,3672241010546497.0,m$^{-3}$
electron_density,0.3620981414717307,2665415419565887.5,3633887094234578.0,m$^{-3}$
electron_density,0.3623501043934632,2647449784644060.5,3595476878412691.5,m$^{-3}$
electron_density,0.3626020673151957,2629393610366149.0,3557020666944138.5,m$^{-3}$
electron_density,0.3628442679753591,2611948786318998.0,3520000553448863.5,m$^{-3}$
electron_density,0.3630864686355225,2594414544113343.5,3482916460146852.5,m$^{-3}$
electron_density,0.3633286692956858,2576794247579102.5,3445778576617187.5,m$^{-3}$
electron_density,0.3635708699558492,2559091258176635.5,3408597005144675.0,m$^{-3}$
electron_density,0.3638036865916472,2542008063029537.0,3372804513270681.0,m$^{-3}$
electron_density,0.3640365032274452,2524820132792412.5,3336950551299821.0,m$^{-3}$
electron_density,0.3642693198632431,2507531143953526.5,3301045118983420.0,m$^{-3}$
electron_density,0.364502136499041,2490144774162715.5,3265098129252214.0,m$^{-3}$
electron_density,0.3647259326929395,2473273140603823.5,3230494576699528.0,m$^{-3}$
electron_density,0.3649497288868381,2456252733832675.5,3195831880902077.0,m$^{-3}$
electron_density,0.3651735250807366,2439088210780198.0,3161119863876985.0,m$^{-3}$
electron_density,0.3653973212746351,2421784242224678.0,3126368261216835.5,m$^{-3}$
electron_density,0.3656124465221579,2405015418882656.5,3092915814694447.0,m$^{-3}$
electron_density,0.3658275717696807,2388110012362497.0,3059406382448280.0,m$^{-3}$
electron_density,0.3660426970172035,2371072547412855.5,3025849620805578.0,m$^{-3}$
electron_density,0.3662578222647262,2353907558507215.0,2992255099979419.0,m$^{-3}$
electron_density,0.3664646125202511,2337283744105434.5,2959916778911216.0,m$^{-3}$
electron_density,0.3666714027757758,2320534706464091.5,2927523458087545.0,m$^{-3}$
electron_density,0.3668781930313005,2303664832424729.0,2895084640675172.0,m$^{-3}$
electron_density,0.3670849832868254,2286678514926863.0,2862609743944309.0,m$^{-3}$
electron_density,0.3672837614882332,2270237046678169.0,2831349403355089.0,m$^{-3}$
electron_density,0.367482539689641,2253680895458009.0,2800035912659206.5,m$^{-3}$
electron_density,0.3676813178910489,2237014306662284.8,2768678633671847.0,m$^{-3}$
electron_density,0.3678800960924568,2220241528618187.2,2737286842425184.0,m$^{-3}$
electron_density,0.3680711726654542,2204015127238930.8,2707069264792634.5,m$^{-3}$
electron_density,0.3682622492384517,2187683787242610.5,2676800262900363.5,m$^{-3}$
electron_density,0.3684533258114491,2171251610824363.2,2646489068987488.0,m$^{-3}$
electron_density,0.3686444023844465,2154722700365868.5,2616144829510358.5,m$^{-3}$
electron_density,0.3688280757273476,2138739752534228.0,2586935734043883.0,m$^{-3}$
electron_density,0.3690117490702488,2122660847514244.5,2557676826083560.0,m$^{-3}$
electron_density,0.3691954224131499,2106489943981944.5,2528377220139720.5,m$^{-3}$
electron_density,0.369379095756051,2090230998437475.5,2499045944817263.0,m$^{-3}$
electron_density,0.3695556527057768,2074515860606328.0,2470811988462760.0,m$^{-3}$
electron_density,0.3697322096555025,2058713023402183.2,2442529725848203.0,m$^{-3}$
electron_density,0.3699087666052282,2042826302798177.2,2414208165738035.5,m$^{-3}$
electron_density,0.370085323554954,2026859510573642.5,2385856230734480.5,m$^{-3}$
electron_density,0.3702550398349763,2011432821142929.5,2358565004935065.0,m$^{-3}$
electron_density,0.3704247561149987,1995926010957199.0,2331226881090397.0,m$^{-3}$
electron_density,0.3705944723950209,1980342754954583.2,2303850774406196.0,m$^{-3}$
electron_density,0.3707641886750433,1964686722168933.0,2276445513523187.5,m$^{-3}$
electron_density,0.3709273293259741,1949508113724232.0,2250065537436392.0,m$^{-3}$
electron_density,0.371090469976905,1934194089069408.0,2223639980096024.8,m$^{-3}$
electron_density,0.3712536106278358,1918749696934645.5,2197177675616373.5,m$^{-3}$
electron_density,0.3714167512787666,1903179996948433.0,2170687370984556.8,m$^{-3}$
electron_density,0.3715735710722634,1888091627481452.0,2145188081772942.5,m$^{-3}$
electron_density,0.3717303908657603,1872879745956906.0,2119644442460288.8,m$^{-3}$
electron_density,0.3718872106592572,1857549280592584.5,2094065218901012.8,m$^{-3}$
electron_density,0.3720440304527539,1842105165573401.2,2068459089085124.0,m$^{-3}$
electron_density,0.3721947742893885,1827148620051184.5,2043810829827568.0,m$^{-3}$
electron_density,0.3723455181260231,1812079556903602.5,2019119371047864.8,m$^{-3}$
electron_density,0.3724962619626576,1796902778623721.2,1994393423630681.0,m$^{-3}$
electron_density,0.3726470057992922,1781623089332011.5,1969641609666447.0,m$^{-3}$
electron_density,0.3727919090910043,1766834815829450.2,1945815615378536.5,m$^{-3}$
electron_density,0.3729368123827166,1751944132625891.5,1921947496005696.5,m$^{-3}$
electron_density,0.3730817156744287,1736955713687144.5,1898045921318328.0,m$^{-3}$
electron_density,0.3732266189661409,1721874230808245.5,1874119471149508.0,m$^{-3}$
electron_density,0.373365908003874,1707285846497261.2,1851087854500136.8,m$^{-3}$
electron_density,0.373505197041607,1692604311401086.5,1828015111746466.0,m$^{-3}$
electron_density,0.37364448607934,1677834170044538.2,1804909886207104.5,m$^{-3}$
electron_density,0.3737837751170731,1662979961472813.5,1781780729883682.5,m$^{-3}$
electron_density,0.3739176674241654,1648627595035174.2,1759516445752431.5,m$^{-3}$
electron_density,0.3740515597312576,1634176476906214.8,1737211960891460.8,m$^{-3}$
electron_density,0.3741854520383499,1619631392190475.5,1714875907741720.2,m$^{-3}$
electron_density,0.3743193443454422,1604997121953856.5,1692516825782757.2,m$^{-3}$
electron_density,0.3744480490173262,1590802309521061.8,1670993660534767.2,m$^{-3}$
electron_density,0.3745767536892104,1576485185829830.8,1649431155153403.2,m$^{-3}$
electron_density,0.3747054583610945,1562051332535306.8,1627837947561969.0,m$^{-3}$
electron_density,0.3748341630329786,1547506335421679.8,1606222580779630.5,m$^{-3}$
electron_density,0.3749578810637194,1533416337581663.0,1585415151866830.8,m$^{-3}$
electron_density,0.3750815990944602,1519215817810871.2,1564569181176362.8,m$^{-3}$
electron_density,0.375205317125201,1504910242710368.2,1543693329655359.2,m$^{-3}$
electron_density,0.3753290351559418,1490505077134970.0,1522796161066951.5,m$^{-3}$
electron_density,0.3754479597521225,1476560399580903.2,1502679899179256.8,m$^{-3}$
electron_density,0.3755668843483032,1462515896577852.8,1482525833855696.8,m$^{-3}$
electron_density,0.3756858089444839,1448376918787507.5,1462342668015988.5,m$^{-3}$
electron_density,0.3758047335406645,1434148809968855.2,1442139004732390.0,m$^{-3}$
electron_density,0.3759190504231112,1420394624594379.2,1422690136465479.0,m$^{-3}$
electron_density,0.3760333673055579,1406503688692823.5,1403204145139929.2,m$^{-3}$
electron_density,0.3761476841880046,1392482619363004.2,1383689796269246.8,m$^{-3}$
electron_density,0.3762620010704513,1378338042555606.5,1364155752416431.8,m$^{-3}$
electron_density,0.3763718887642676,1364594452300507.8,1345351284039815.5,m$^{-3}$
electron_density,0.376481776458084,1350712238948275.0,1326510316996482.5,m$^{-3}$
electron_density,0.3765916641519004,1336698449105805.2,1307641702002397.2,m$^{-3}$
electron_density,0.3767015518457167,1322560137112628.5,1288754183213117.5,m$^{-3}$
electron_density,0.3768071819590808,1308847993939443.8,1270571886123820.5,m$^{-3}$
electron_density,0.3769128120724448,1295011747737957.8,1252353660822964.5,m$^{-3}$
electron_density,0.3770184421858089,1281058368976116.0,1234108468202161.0,m$^{-3}$
electron_density,0.377124072299173,1266994825578778.2,1215845158393491.2,m$^{-3}$
electron_density,0.3772256097913325,1253367948746936.2,1198263556997206.8,m$^{-3}$
electron_density,0.377327147283492,1239629940241642.5,1180646546215913.8,m$^{-3}$
electron_density,0.3774286847756516,1225787697354624.5,1163003224907039.2,m$^{-3}$
electron_density,0.3775302222678111,1211848105701772.2,1145342576279475.0,m$^{-3}$
electron_density,0.3776278257066952,1198360485370306.2,1128340939278113.0,m$^{-3}$
electron_density,0.3777254291455794,1184760505470412.0,1111304362923294.8,m$^{-3}$
electron_density,0.3778230325844635,1171055431558990.8,1094242115191434.8,m$^{-3}$
electron_density,0.3779206360233476,1157252515377039.0,1077163342706673.6,m$^{-3}$
electron_density,0.3780144578331972,1143821060170765.2,1060721679199143.8,m$^{-3}$
electron_density,0.3781082796430469,1130227715352541.0,1044245499504920.0,m$^{-3}$
electron_density,0.3782021014528965,1116482001209352.8,1027744275981458.8,m$^{-3}$
electron_density,0.3782959232627461,1102593451282795.0,1011227352960184.8,m$^{-3}$
electron_density,0.3783861099621504,1089103017723752.4,995326406641957.6,m$^{-3}$
electron_density,0.3784762966615547,1075468727920599.4,979391326460385.4,m$^{-3}$
electron_density,0.3785664833609589,1061700164061396.6,963431829221195.2,m$^{-3}$
electron_density,0.3786566700603632,1047806901962080.4,947457495864348.2,m$^{-3}$
electron_density,0.3787433624910727,1034356795465127.8,932078763320454.2,m$^{-3}$
electron_density,0.3788300549217823,1020715828341318.2,916666247447514.0,m$^{-3}$
electron_density,0.3789167473524919,1006896166169886.8,901229955293161.6,m$^{-3}$
electron_density,0.3790034397832014,992910001535960.8,885779748784749.6,m$^{-3}$
electron_density,0.3790867733300767,979236916036876.4,870905507999444.1,m$^{-3}$
electron_density,0.3791701068769518,965355509978130.0,855997813734589.1,m$^{-3}$
electron_density,0.379253440423827,951280057096281.2,841067016032953.6,m$^{-3}$
electron_density,0.3793367739707022,937024863257256.2,826123308828925.4,m$^{-3}$
electron_density,0.3794168787731397,923144757294662.4,811736661855281.5,m$^{-3}$
electron_density,0.3794969835755771,909080518355340.4,797316887151799.4,m$^{-3}$
electron_density,0.3795770883780146,894846913899845.0,782874738869152.0,m$^{-3}$
electron_density,0.379657193180452,880458699355170.1,768420801914639.4,m$^{-3}$
electron_density,0.3797341943356188,866497171237288.1,754505743687885.4,m$^{-3}$
electron_density,0.3798111954907857,852335627497543.6,740557904308469.9,m$^{-3}$
electron_density,0.3798881966459524,837991219062758.1,726588513161002.6,m$^{-3}$
electron_density,0.3799651978011192,823481081252715.0,712608614563062.8,m$^{-3}$
electron_density,0.3800392155593136,809247775528220.5,699150139388223.5,m$^{-3}$
electron_density,0.3801132333175079,794928764261747.0,685659288076096.1,m$^{-3}$
electron_density,0.3801872510757023,780537403734388.4,672147848287833.6,m$^{-3}$
electron_density,0.3802612688338966,766086900905451.6,658627403387317.9,m$^{-3}$
electron_density,0.3803324187863389,752245683634747.6,645611666097770.8,m$^{-3}$
electron_density,0.3804035687387812,738398670951752.2,632564072994372.0,m$^{-3}$
electron_density,0.3804747186912235,724555474475786.4,619497067062677.5,m$^{-3}$
electron_density,0.3805458686436658,710725523351963.0,606422863391955.8,m$^{-3}$
electron_density,0.3806142619030137,697435993490567.4,593837420290803.8,m$^{-3}$
electron_density,0.3806826551623617,684141403228346.0,581220842684102.9,m$^{-3}$
electron_density,0.3807510484217096,670851605920494.1,568586342042983.2,m$^{-3}$
electron_density,0.3808194416810576,657576260047887.8,555946872671656.5,m$^{-3}$
electron_density,0.3808851850549274,644820830702015.0,543781036494094.9,m$^{-3}$
electron_density,0.3809509284287973,632061224928706.0,531585117441783.2,m$^{-3}$
electron_density,0.3810166718026672,619307579177326.4,519373226424634.6,m$^{-3}$
electron_density,0.3810824151765369,606569820318826.2,507159180462712.2,m$^{-3}$
electron_density,0.3811456113343016,594332457505935.2,495404545185956.94,m$^{-3}$
electron_density,0.3812088074920663,582092098132344.5,483621404566685.44,m$^{-3}$
electron_density,0.3812720036498309,569859200362894.9,471824917985440.0,m$^{-3}$
electron_density,0.3813351998075956,557643995295691.0,460029904309262.5,m$^{-3}$
electron_density,0.3813959474407201,545910623574633.1,448681113284072.3,m$^{-3}$
electron_density,0.3814566950738445,534175841690719.3,437306208329635.1,m$^{-3}$
electron_density,0.381517442706969,522450466645493.75,425921561982850.06,m$^{-3}$
electron_density,0.3815781903400935,510745067520686.4,414543146372969.6,m$^{-3}$
electron_density,0.3816365843162586,499503922672658.4,403598987857036.9,m$^{-3}$
electron_density,0.3816949782924236,488263503393436.06,392632336382423.2,m$^{-3}$
electron_density,0.3817533722685886,477035017831548.5,381660950033002.6,m$^{-3}$
electron_density,0.3818117662447536,465829401310530.56,370702108717054.8,m$^{-3}$
electron_density,0.3818678977560072,455071486126423.4,360167039302334.4,m$^{-3}$
electron_density,0.381924029267261,444317165592834.4,349614903746274.25,m$^{-3}$
electron_density,0.3819801607785146,433578061021136.8,339065008369071.0,m$^{-3}$
electron_density,0.3820362922897682,422865491160188.7,328536079521655.5,m$^{-3}$
electron_density,0.3820902489949379,412585151734323.9,318422240867232.4,m$^{-3}$
electron_density,0.3821442057001075,402312237231179.9,308299315992895.94,m$^{-3}$
electron_density,0.3821981624052772,392058785642854.8,298188280648945.06,m$^{-3}$
electron_density,0.3822521191104469,381836497010537.06,288109396945026.7,m$^{-3}$
electron_density,0.3823039852720331,372032110981191.1,278439069186190.7,m$^{-3}$
electron_density,0.3823558514336194,362240205822419.3,268771054208572.5,m$^{-3}$
electron_density,0.3824077175952057,352473209807768.5,259128026752621.03,m$^{-3}$
electron_density,0.3824595837567919,342743171493812.8,249531773193569.88,m$^{-3}$
electron_density,0.3825094403725589,333417897566256.0,240339933431193.75,m$^{-3}$
electron_density,0.3825592969883259,324111661945906.25,231166039455600.03,m$^{-3}$
electron_density,0.3826091536040928,314837212392731.9,222034335995760.75,m$^{-3}$
electron_density,0.3826590102198599,305606868423319.44,212967954633767.03,m$^{-3}$
electron_density,0.3827069351493266,296769335640114.94,204304155715717.25,m$^{-3}$
electron_density,0.3827548600787934,287959134427629.94,195678601653041.6,m$^{-3}$
electron_density,0.3828027850082602,279189200858790.62,187116750367483.7,m$^{-3}$
electron_density,0.3828507099377269,270471987858445.75,178642666136877.06,m$^{-3}$
electron_density,0.3828967780237585,262136705330155.7,170570916357633.06,m$^{-3}$
electron_density,0.3829428461097901,253838891092632.8,162561965869287.9,m$^{-3}$
electron_density,0.3829889141958216,245591464247286.5,154641862462900.8,m$^{-3}$
electron_density,0.3830349822818532,237406801202452.62,146834926307361.7,m$^{-3}$
electron_density,0.3830792654675401,229593968778934.1,139429996568296.95,m$^{-3}$
electron_density,0.383123548653227,221830456438391.8,132115008027795.12,m$^{-3}$
electron_density,0.383167831838914,214128881641569.72,124915746030243.72,m$^{-3}$
electron_density,0.3832121150246009,206501258712862.0,117855894474288.8,m$^{-3}$
electron_density,0.3832546824656108,199235612734773.03,111195012033383.22,m$^{-3}$
electron_density,0.3832972499066207,192032385789557.7,104650797586147.12,m$^{-3}$
electron_density,0.3833398173476305,184903540303536.1,98247841483701.02,m$^{-3}$
electron_density,0.3833823847886404,177860380375845.06,92008241692043.72,m$^{-3}$
electron_density,0.3834233029612158,171168794145089.94,86158722145851.16,m$^{-3}$
electron_density,0.3834642211337912,164553117533762.66,80448347359569.89,m$^{-3}$
electron_density,0.3835051393063665,158024267966533.8,74899749366820.39,m$^{-3}$
electron_density,0.3835460574789419,151592462861902.2,69532678901469.22,m$^{-3}$
electron_density,0.3835853902837145,145500293946017.94,64538224602768.01,m$^{-3}$
electron_density,0.3836247230884871,139496730585461.86,59697515758735.34,m$^{-3}$
electron_density,0.3836640558932598,133591271662612.44,55030910207312.66,m$^{-3}$
electron_density,0.3837033886980324,127792696853812.64,50555490197801.28,m$^{-3}$
electron_density,0.3837411975598145,122319301047988.9,46425405155046.586,m$^{-3}$
electron_density,0.3837790064215967,116945071611397.31,42453562091181.11,m$^{-3}$
electron_density,0.3838168152833788,111677796263354.84,38658377774654.58,m$^{-3}$
electron_density,0.3838546241451609,106524554011831.28,35054531903546.586,m$^{-3}$
electron_density,0.3838909681088707,101678820143063.94,31759828619347.91,m$^{-3}$
electron_density,0.3839273120725804,96939431286127.72,28617781027798.777,m$^{-3}$
electron_density,0.3839636560362902,92312312980077.08,25645879086792.94,m$^{-3}$
electron_density,0.384,87802724858865.55,22857201265103.05,m$^{-3}$
mean_electron_energy,0.016,6.826925209239602,6.890808408798439,eV
mean_electron_energy,0.0160363439637097,7.233516504712928,7.317715294639003,eV
mean_electron_energy,0.0160726879274195,7.640778780159772,7.73394541473429,eV
mean_electron_energy,0.0161090318911293,8.046177199122113,8.134801435962538,eV
mean_electron_energy,0.0161453758548391,8.447056071299388,8.515557207683383,eV
mean_electron_energy,0.0161831847166212,8.859164985174026,8.898001999845604,eV
mean_electron_energy,0.0162209935784033,9.266553449360597,9.27020234744485,eV
mean_electron_energy,0.0162588024401854,9.666777293265858,9.629488427056902,eV
mean_electron_energy,0.0162966113019675,10.057342131103066,9.973199439720304,eV
mean_electron_energy,0.0163359441067401,10.456983110977362,10.318730274493603,eV
mean_electron_energy,0.0163752769115128,10.849160546196533,10.654584503071886,eV
mean_electron_energy,0.0164146097162854,11.231878899147851,10.97906300470389,eV
mean_electron_energy,0.016453942521058,11.603132072856898,11.290483433197927,eV
mean_electron_energy,0.0164948606936334,11.979660710798766,11.60357811758045,eV
mean_electron_energy,0.0165357788662088,12.348823270222756,11.90751021213305,eV
mean_electron_energy,0.0165766970387842,12.709205651193972,12.201118207576927,eV
mean_electron_energy,0.0166176152113596,13.059393674190934,12.48325800183514,eV
mean_electron_energy,0.0166601826523694,13.41337275777456,12.7667377317254,eV
mean_electron_energy,0.0167027500933793,13.759002580771217,13.04148483603557,eV
mean_electron_energy,0.0167453175343891,14.095156062499765,13.30666607447174,eV
mean_electron_energy,0.0167878849753989,14.420715328973811,13.56146446182737,eV
mean_electron_energy,0.0168321681610859,14.750392857970745,13.817133614211238,eV
mean_electron_energy,0.0168764513467729,15.072326907572515,14.064419047135214,eV
mean_electron_energy,0.0169207345324598,15.385689262618833,14.302702695772084,eV
mean_electron_energy,0.0169650177181468,15.689660382770064,14.53138127835221,eV
mean_electron_energy,0.0170110858041783,15.99671895648988,14.760358915383636,eV
mean_electron_energy,0.0170571538902099,16.29574678237993,14.981228294434638,eV
mean_electron_energy,0.0171032219762414,16.586074098966176,15.193520302847078,eV
mean_electron_energy,0.017149290062273,16.867041593295394,15.396779249066178,eV
mean_electron_energy,0.0171972149917398,17.15077176472268,15.599677827084609,eV
mean_electron_energy,0.0172451399212065,17.42684117818699,15.794679507444362,eV
mean_electron_energy,0.0172930648506733,17.694729698968032,15.981423108014395,eV
mean_electron_energy,0.0173409897801401,17.953926644077466,16.159559723644488,eV
mean_electron_energy,0.017390846395907,18.215478326328217,16.336596048403788,eV
mean_electron_energy,0.017440703011674,18.46969233785152,16.505887452334168,eV
mean_electron_energy,0.017490559627441,18.71615744257433,16.667154109274946,eV
mean_electron_energy,0.017540416243208,18.954470909435283,16.820127563575728,eV
mean_electron_energy,0.0175922824047942,19.19469735288444,16.971185846845568,eV
mean_electron_energy,0.0176441485663805,19.42787596956997,17.1145966409736,eV
mean_electron_energy,0.0176960147279668,19.65367753297789,17.250143865937016,eV
mean_electron_energy,0.0177478808895531,19.871780462559563,17.37762212817661,eV
mean_electron_energy,0.0178018375947228,20.091332921411706,17.50228624092834,eV
mean_electron_energy,0.0178557942998924,20.304103635716896,17.61935301296226,eV
mean_electron_energy,0.0179097510050621,20.509826878157195,17.728658464611364,eV
mean_electron_energy,0.0179637077102317,20.708243800960105,17.830048811270608,eV
mean_electron_energy,0.0180198392214854,20.90763308980371,17.927647893326156,eV
mean_electron_energy,0.018075970732739,21.100489653275996,18.01764909803289,eV
mean_electron_energy,0.0181321022439927,21.28659807064154,18.099932872357147,eV
mean_electron_energy,0.0181882337552464,21.465749120419037,18.174389559752917,eV
mean_electron_energy,0.0182466277314114,21.64540852622448,18.24398822122741,eV
mean_electron_energy,0.0183050217075764,21.8187393087217,18.30594722201609,eV
mean_electron_energy,0.0183634156837414,21.985565895032558,18.360187029917643,eV
mean_electron_energy,0.0184218096599065,22.145718367313595,18.40663787265645,eV
mean_electron_energy,0.0184825572930309,22.30571631150292,18.447080751052,eV
mean_electron_energy,0.0185433049261554,22.45947065729208,18.479807301933995,eV
mean_electron_energy,0.0186040525592799,22.606836739057957,18.5047761781259,eV
mean_electron_energy,0.0186648001924044,22.74767525108872,18.521955800692897,eV
mean_electron_energy,0.0187279963501691,22.887758882301043,18.53189429210201,eV
mean_electron_energy,0.0187911925079337,23.021731539263605,18.53401431035029,eV
mean_electron_energy,0.0188543886656983,23.14947607403024,18.528313171813902,eV
mean_electron_energy,0.018917584823463,23.270880344859314,18.51479809281098,eV
mean_electron_energy,0.0189833281973328,23.39090589198249,18.49273441720316,eV
mean_electron_energy,0.0190490715712026,23.504949999526616,18.46274254128032,eV
mean_electron_energy,0.0191148149450725,23.612919316219788,18.42486113449061,eV
mean_electron_energy,0.0191805583189423,23.714725177039146,18.37913897852412,eV
mean_electron_energy,0.0192489515782903,23.814515620596328,18.323508662396584,eV
mean_electron_energy,0.0193173448376382,23.908450676805916,18.259863831404083,eV
mean_electron_energy,0.0193857380969862,23.99645785446591,18.18828924161773,eV
mean_electron_energy,0.0194541313563341,24.078469061274745,18.108879971779945,eV
mean_electron_energy,0.0195252813087764,24.1578136720947,18.018193530317948,eV
mean_electron_energy,0.0195964312612187,24.2314236547268,17.91947977838909,eV
mean_electron_energy,0.019667581213661,24.29924505929733,17.812875838285343,eV
mean_electron_energy,0.0197387311661033,24.36122808053956,17.69852921463218,eV
mean_electron_energy,0.0198127489242976,24.419875252750877,17.571601011992353,eV
mean_electron_energy,0.019886766682492,24.47289954696416,17.43677532625649,eV
mean_electron_energy,0.0199607844406864,24.520263755204564,17.294248371174795,eV
mean_electron_energy,0.0200348021988807,24.56193459551728,17.14422642369101,eV
mean_electron_energy,0.0201118033540475,24.59957584234941,16.98047490496438,eV
mean_electron_energy,0.0201888045092143,24.631690539155624,16.80920384089595,eV
mean_electron_energy,0.0202658056643811,24.658256903427635,16.630673151187683,eV
mean_electron_energy,0.0203428068195479,24.679256901591625,16.44515176608035,eV
mean_electron_energy,0.0204229116219854,24.69549846360781,16.24507948007203,eV
mean_electron_energy,0.0205030164244228,24.70628400285702,16.038253435337698,eV
mean_electron_energy,0.0205831212268602,24.711606363493352,15.824994943952849,eV
mean_electron_energy,0.0206632260292976,24.711462013539823,15.605632112928191,eV
mean_electron_energy,0.0207465595761729,24.705778362314582,15.371423817790715,eV
mean_electron_energy,0.0208298931230481,24.694667019274902,15.131790366141598,eV
mean_electron_energy,0.0209132266699234,24.678135308881885,14.887097120297405,eV
mean_electron_energy,0.0209965602167986,24.656194124568135,14.637712532569743,eV
mean_electron_energy,0.0210832526475082,24.62785412808171,14.373962960883569,eV
mean_electron_energy,0.0211699450782177,24.59404675302566,14.10685813971073,eV
mean_electron_energy,0.0212566375089272,24.554794611521537,13.836764416514244,eV
mean_electron_energy,0.0213433299396368,24.510123931363484,13.564046330292022,eV
mean_electron_energy,0.021433516639041,24.458074434904027,13.278472003556466,eV
mean_electron_energy,0.0215237033384453,24.40040872837113,12.992467625867686,eV
mean_electron_energy,0.0216138900378495,24.33716708317911,12.706322903637664,eV
mean_electron_energy,0.0217040767372538,24.268393591224022,12.420321440206637,eV
mean_electron_energy,0.0217978985471034,24.191074350424746,12.12416064937683,eV
mean_electron_energy,0.0218917203569531,24.107813851388464,11.831275020432502,eV
mean_electron_energy,0.0219855421668027,24.0186751980307,11.541770594404603,eV
mean_electron_energy,0.0220793639766524,23.92372578580813,11.255747628465578,eV
mean_electron_energy,0.0221769674155365,23.818769136831023,10.963363367800593,eV
mean_electron_energy,0.0222745708544206,23.707256536508638,10.678311117110356,eV
mean_electron_energy,0.0223721742933047,23.58928451055686,10.400414104223112,eV
mean_electron_energy,0.0224697777321888,23.46495483811892,10.129499633263782,eV
mean_electron_energy,0.0225713152243483,23.328681981869064,9.85662892969337,eV
mean_electron_energy,0.0226728527165079,23.184746993132286,9.594657873530393,eV
mean_electron_energy,0.0227743902086675,23.033301746447847,9.343105474428036,eV
mean_electron_energy,0.022875927700827,22.87450533762989,9.101514853061122,eV
mean_electron_energy,0.0229815578141911,22.70104111456328,8.862054005845811,eV
mean_electron_energy,0.0230871879275552,22.51793211509418,8.635575360858143,eV
mean_electron_energy,0.0231928180409192,22.325433579921583,8.421400868751462,eV
mean_electron_energy,0.0232984481542833,22.123812275965072,8.218897780298358,eV
mean_electron_energy,0.0234083358480996,21.903476269222143,8.021270958506674,eV
mean_electron_energy,0.023518223541916,21.669635330204745,7.836672475139666,eV
mean_electron_energy,0.0236281112357323,21.42277041268928,7.664416670745293,eV
mean_electron_energy,0.0237379989295486,21.1633852929789,7.503872023368504,eV
mean_electron_energy,0.0238523158119953,20.87823988851863,7.349118000232082,eV
mean_electron_energy,0.023966632694442,20.57183232412837,7.20572369784886,eV
mean_electron_energy,0.0240809495768887,20.24521607569941,7.073145179176255,eV
mean_electron_energy,0.0241952664593354,19.89950184992984,6.950885297034732,eV
mean_electron_energy,0.0243141910555161,19.51579196324071,6.833844002099776,eV
mean_electron_energy,0.0244331156516968,19.09333251411404,6.725697338400919,eV
mean_electron_energy,0.0245520402478774,18.634977503454262,6.626083415393112,eV
mean_electron_energy,0.0246709648440581,18.14377244741267,6.534672066645179,eV
mean_electron_energy,0.0247946828747989,17.591875489948407,6.44722105456554,eV
mean_electron_energy,0.0249184009055397,16.948923842522607,6.366255269205406,eV
mean_electron_energy,0.0250421189362805,16.226227009351962,6.291558814652264,eV
mean_electron_energy,0.0251658369670213,15.436129043182463,6.222934038279973,eV
mean_electron_energy,0.0252945416389054,14.579147560690824,6.156985683247222,eV
mean_electron_energy,0.0254232463107895,13.31349677252908,6.095594849827622,eV
mean_electron_energy,0.0255519509826736,11.754885891823246,6.038638710734457,eV
mean_electron_energy,0.0256806556545578,10.034852022042372,5.986004011808463,eV
mean_electron_energy,0.02581454796165,7.389961848216122,5.935034978119526,eV
mean_electron_energy,0.0259484402687423,4.567081936398383,5.887242798251176,eV
mean_electron_energy,0.0260823325758346,2.368649458558825,5.842557516274289,eV
mean_electron_energy,0.0262162248829268,1.030927599842855,5.800914051167585,eV
mean_electron_energy,0.0263555139206599,0.6061118647422541,5.760237907936635,eV
mean_electron_energy,0.026494802958393,0.3990968493663114,5.721805378722225,eV
mean_electron_energy,0.026634091996126,0.2943097895085048,5.685575264368947,eV
mean_electron_energy,0.0267733810338591,0.2430703643040046,5.651508888546287,eV
mean_electron_energy,0.0269182843255713,0.2284625285549467,5.6179595510396085,eV
mean_electron_energy,0.0270631876172834,0.22912563581595,5.586037090104026,eV
mean_electron_energy,0.0272080909089956,0.2451930319039305,5.555715985772875,eV
mean_electron_energy,0.0273529942007077,0.279974386338403,5.526972084636049,eV
mean_electron_energy,0.0275037380373423,0.3285782067658064,5.498463607846855,eV
mean_electron_energy,0.0276544818739769,0.3833662326819465,5.471173895323207,eV
mean_electron_energy,0.0278052257106114,0.4446759150237785,5.445086231354926,eV
mean_electron_energy,0.027955969547246,0.5127763728401461,5.420184686385471,eV
mean_electron_energy,0.0281127893407428,0.5848481677212213,5.395343690855976,eV
mean_electron_energy,0.0282696091342396,0.6566403916687816,5.371446677230133,eV
mean_electron_energy,0.0284264289277364,0.7257405449907459,5.348482093285315,eV
mean_electron_energy,0.0285832487212332,0.7895952221881608,5.326438868518707,eV
mean_electron_energy,0.0287463893721641,0.8525303725506646,5.304346585524905,eV
mean_electron_energy,0.0289095300230949,0.9137255654716204,5.283008335174329,eV
mean_electron_energy,0.0290726706740258,0.9721253315250404,5.262415743325869,eV
mean_electron_energy,0.0292358113249567,1.0266663111016583,5.242560748965614,eV
mean_electron_energy,0.029405527604979,1.0807126841240038,5.2225869755495165,eV
mean_electron_energy,0.0295752438850014,1.1331080007035388,5.203232030175795,eV
mean_electron_energy,0.0297449601650237,1.1833480060129589,5.184489588842515,eV
mean_electron_energy,0.029914676445046,1.2309312022497645,5.166353541991752,eV
mean_electron_energy,0.0300912333947717,1.2783776353838234,5.148053724910487,eV
mean_electron_energy,0.0302677903444974,1.3242454034810225,5.130273702163449,eV
mean_electron_energy,0.0304443472942232,1.3682381963633148,5.113008530069799,eV
mean_electron_energy,0.0306209042439489,1.410064154535717,5.096253418561748,eV
mean_electron_energy,0.03080457758685,1.452502594462209,5.079305106162791,eV
mean_electron_energy,0.0309882509297511,1.4938442111048131,5.062802035967157,eV
mean_electron_energy,0.0311719242726522,1.5339247237935207,5.046740230041176,eV
mean_electron_energy,0.0313555976155534,1.572581396807805,5.031115824750731,eV
mean_electron_energy,0.0315466741885508,1.6114763305397188,5.015278792764479,eV
mean_electron_energy,0.0317377507615483,1.6491757685109527,4.999829517050549,eV
mean_electron_energy,0.0319288273345457,1.685552080859056,4.984764718002391,eV
mean_electron_energy,0.0321199039075432,1.7204799823821777,4.970081203845086,eV
mean_electron_energy,0.032318682108951,1.7554681323345285,4.955172215829289,eV
mean_electron_energy,0.0325174603103589,1.7897590673916155,4.940605712624953,eV
mean_electron_energy,0.0327162385117668,1.823284702232723,4.926378934124315,eV
mean_electron_energy,0.0329150167131746,1.855977471944412,4.91248918958931,eV
mean_electron_energy,0.0331218069686994,1.8892821178616237,4.898365528896791,eV
mean_electron_energy,0.0333285972242242,1.921899983825306,4.884548064688213,eV
mean_electron_energy,0.0335353874797489,1.9537752684199483,4.8710344326634205,eV
mean_electron_energy,0.0337421777352737,1.9848527262426805,4.85782232462247,eV
mean_electron_energy,0.0339573029827965,2.0164126980337205,4.844370903375217,eV
mean_electron_energy,0.0341724282303193,2.047253816310989,4.831196107756948,eV
mean_electron_energy,0.0343875534778421,2.0773280491227606,4.818295881583111,eV
mean_electron_energy,0.0346026787253649,2.1065880256311256,4.80566821497102,eV
mean_electron_energy,0.0348264749192634,2.136231889160422,4.792797885494218,eV
mean_electron_energy,0.0350502711131619,2.165381560386487,4.7801797281686245,eV
mean_electron_energy,0.0352740673070604,2.1940056025255408,4.767811931217127,eV
mean_electron_energy,0.0354978635009589,2.2220728243793912,4.755692721755072,eV
mean_electron_energy,0.0357306801367568,2.2507852623742397,4.743328925537496,eV
mean_electron_energy,0.0359634967725548,2.279015906551629,4.731196826941456,eV
mean_electron_energy,0.0361963134083527,2.3067374617942877,4.719294811190162,eV
mean_electron_energy,0.0364291300441507,2.3339228706227915,4.707621296681009,eV
mean_electron_energy,0.0366713307043141,2.361675759254493,4.695702264915671,eV
mean_electron_energy,0.0369135313644775,2.3889273131305564,4.683997598367248,eV
mean_electron_energy,0.0371557320246408,2.415652677431271,4.672505843292261,eV
mean_electron_energy,0.0373979326848042,2.4418272671823344,4.661225574629228,eV
mean_electron_energy,0.0376498956065367,2.468519572108061,4.649699547468174,eV
mean_electron_energy,0.0379018585282693,2.4948705685067,4.638373073757759,eV
mean_electron_energy,0.0381538214500018,2.5208631715288656,4.627244832992292,eV
mean_electron_energy,0.0384057843717343,2.5464803903442554,4.616313529763994,eV
mean_electron_energy,0.0386679030376584,2.5727731618722154,4.605136731469142,eV
mean_electron_energy,0.0389300217035826,2.598718494023526,4.594146743743554,eV
mean_electron_energy,0.0391921403695068,2.624300465277534,4.58334235735814,eV
mean_electron_energy,0.039454259035431,2.649503256316147,4.572722385287848,eV
mean_electron_energy,0.0397269427880777,2.6753438461304677,4.561857523377984,eV
mean_electron_energy,0.0399996265407245,2.700822013322137,4.551168398098702,eV
mean_electron_energy,0.0402723102933713,2.7259226611407765,4.540653894246102,eV
mean_electron_energy,0.0405449940460181,2.750630809613142,4.53031291644856,eV
mean_electron_energy,0.0408286687270842,2.775942643177401,4.519727868217151,eV
mean_electron_energy,0.0411123434081504,2.8008777139114964,4.50930886347135,eV
mean_electron_energy,0.0413960180892166,2.8254217355462123,4.499054867158887,eV
mean_electron_energy,0.0416796927702828,2.8495605514986124,4.488964862093226,eV
mean_electron_energy,0.0419748013856546,2.8742667111886098,4.478631742017843,eV
mean_electron_energy,0.0422699100010265,2.8985826760743105,4.468456126653659,eV
mean_electron_energy,0.0425650186163984,2.9224949638392195,4.458437049805429,eV
mean_electron_energy,0.0428601272317702,2.945990233046984,4.448573561496515,eV
mean_electron_energy,0.0431671306433521,2.969986131726879,4.4384679910588485,eV
mean_electron_energy,0.0434741340549339,2.993623130883956,4.428512359650175,eV
mean_electron_energy,0.0437811374665157,3.0168895868667223,4.41870576064245,eV
mean_electron_energy,0.0440881408780975,3.0397739710632368,4.409047302234305,eV
mean_electron_energy,0.0444075185235252,3.063323476206766,4.399147828194273,eV
mean_electron_energy,0.0447268961689528,3.086596814264872,4.389391554739157,eV
mean_electron_energy,0.0450462738143804,3.1095849459143565,4.379777627090502,eV
mean_electron_energy,0.0453656514598081,3.132278891420909,4.370305204110504,eV
mean_electron_energy,0.0456979021011717,3.15559085224374,4.360592840547441,eV
mean_electron_energy,0.0460301527425354,3.178615420975019,4.351017671126681,eV
mean_electron_energy,0.0463624033838991,3.2013438002808066,4.341578886297944,eV
mean_electron_energy,0.0466946540252628,3.2237672585671704,4.332275689137566,eV
mean_electron_energy,0.0470402965280083,3.2467867272022666,4.32273364177188,eV
mean_electron_energy,0.0473859390307539,3.269507810101016,4.313323397901007,eV
mean_electron_energy,0.0477315815334994,3.2919219657997054,4.304044187713421,eV
mean_electron_energy,0.0480772240362449,3.314020724427804,4.294895253149586,eV
mean_electron_energy,0.0484367981794696,3.336691626135473,4.2855085171179885,eV
mean_electron_energy,0.0487963723226943,3.359053519750454,4.276248717645483,eV
mean_electron_energy,0.049155946465919,3.3810981353263725,4.267115120053754,eV
mean_electron_energy,0.0495155206091436,3.402817279994496,4.2581070006552375,eV
mean_electron_energy,0.0498895879285524,3.4250634347971185,4.248862078121121,eV
mean_electron_energy,0.0502636552479611,3.447020468639257,4.239739681116787,eV
mean_electron_energy,0.0506377225673699,3.468680974879451,4.2307391061532975,eV
mean_electron_energy,0.0510117898867786,3.49003761235339,4.221859660066204,eV
mean_electron_energy,0.0514009345516168,3.5120472852112963,4.212744348951244,eV
mean_electron_energy,0.0517900792164551,3.533836135639598,4.20374755112591,eV
mean_electron_energy,0.0521792238812933,3.5553983456107443,4.1948685908930585,eV
mean_electron_energy,0.0525683685461315,3.5767281306987435,4.186106802293181,eV
mean_electron_energy,0.0529731982714638,3.598681613030384,4.177110019134181,eV
mean_electron_energy,0.0533780279967961,3.620404983698133,4.168228087387314,eV
mean_electron_energy,0.0537828577221284,3.641892462364273,4.159460356202207,eV
mean_electron_energy,0.0541876874474608,3.663138305616212,4.150806183947633,eV
mean_electron_energy,0.0546088344432208,3.684995004543372,4.141917812522001,eV
mean_electron_energy,0.0550299814389808,3.706612276029011,4.133140942084652,eV
mean_electron_energy,0.0554511284347408,3.7279843894364735,4.1244749440511965,eV
mean_electron_energy,0.0558722754305008,3.749105654389536,4.1159191985959405,eV
mean_electron_energy,0.0563103973887934,3.770823317460582,4.107129993231635,eV
mean_electron_energy,0.0567485193470861,3.7922922817294777,4.098449246772632,eV
mean_electron_energy,0.0571866413053787,3.813506879301453,4.089876350437455,eV
mean_electron_energy,0.0576247632636713,3.834461485857511,4.081410703797949,eV
mean_electron_energy,0.0580805443858702,3.855996435963912,4.072712284181088,eV
mean_electron_energy,0.0585363255080691,3.877273538323342,4.0641195267145,eV
mean_electron_energy,0.058992106630268,3.898287201741723,4.055631840437751,eV
mean_electron_energy,0.0594478877524669,3.919031881861469,4.047248642381199,eV
mean_electron_energy,0.0599220398177102,3.940339289989367,4.038633277289437,eV
mean_electron_energy,0.0603961918829534,3.961379908083945,4.030120992946029,eV
mean_electron_energy,0.0608703439481967,3.982148236383455,4.021711214480885,eV
mean_electron_energy,0.06134449601344,4.002638825129298,4.013403374688889,eV
mean_electron_energy,0.0618377594901935,4.023673018774998,4.004863893424278,eV
mean_electron_energy,0.062331022966947,4.044431776112752,3.996425104176496,eV
mean_electron_energy,0.0628242864437006,4.064909704136483,3.988086446628616,eV
mean_electron_energy,0.0633175499204541,4.085101462874032,3.979847367835012,eV
mean_electron_energy,0.063830695122878,4.105816266362566,3.971377091254638,eV
mean_electron_energy,0.064343840325302,4.126247376304433,3.963005290754714,eV
mean_electron_energy,0.0648569855277259,4.146389522149424,3.954731419201162,eV
mean_electron_energy,0.0653701307301498,4.166237489233063,3.946554936565452,eV
mean_electron_energy,0.0659039590210741,4.186570647670864,3.938147616602384,eV
mean_electron_energy,0.0664377873119984,4.206684246149639,3.9298367120722766,eV
mean_electron_energy,0.0669716156029227,4.226574174205489,3.9216216877980097,eV
mean_electron_energy,0.0675054438938469,4.246236352751478,3.913502015466654,eV
mean_electron_energy,0.0680607889362346,4.266508398726124,3.905151778658009,eV
mean_electron_energy,0.0686161339786222,4.28658166817871,3.8968960419032697,eV
mean_electron_energy,0.0691714790210098,4.306452451491291,3.888734280847516,eV
mean_electron_energy,0.0697268240633974,4.326117063700196,3.8806659777811663,eV
mean_electron_energy,0.07030455312225,4.3463632528245455,3.872367331032246,eV
mean_electron_energy,0.0708822821811024,4.366402091233942,3.864161438447448,eV
mean_electron_energy,0.0714600112399549,4.386229843846355,3.856047785232029,eV
mean_electron_energy,0.0720377402988074,4.40584280240004,3.84802586304308,eV
mean_electron_energy,0.0726387555955455,4.426026461775327,3.8397737620556502,eV
mean_electron_energy,0.0732397708922835,4.445994149140839,3.831612785888337,eV
mean_electron_energy,0.0738407861890215,4.46574211362866,3.8235424284025465,eV
mean_electron_energy,0.0744418014857596,4.48526663340791,3.815562189734892,eV
mean_electron_energy,0.0750670416071939,4.505349471751441,3.807351854611796,eV
mean_electron_energy,0.0756922817286283,4.525207694119378,3.799231117768079,eV
mean_electron_energy,0.0763175218500627,4.544837543978595,3.791199480919201,eV
mean_electron_energy,0.076942761971497,4.564235296091285,3.783256451894319,eV
mean_electron_energy,0.0775932033355904,4.584177439193407,3.7750833271913176,eV
mean_electron_energy,0.0782436446996838,4.6038863182729965,3.7669983672490295,eV
mean_electron_energy,0.0788940860637772,4.623358181568782,3.759001080909424,eV
mean_electron_energy,0.0795445274278705,4.642589310905956,3.751090982979621,eV
mean_electron_energy,0.0802211858085788,4.662349312171365,3.7429507070117465,eV
mean_electron_energy,0.0808978441892872,4.6818674062514605,3.734897246324097,eV
mean_electron_energy,0.0815745025699955,4.701139856753582,3.726930116224599,eV
mean_electron_energy,0.0822511609507038,4.720162963191327,3.719048837849741,eV
mean_electron_energy,0.0829550930642787,4.739697771754639,3.710937213947284,eV
mean_electron_energy,0.0836590251778536,4.7589820288216105,3.7029111315380048,eV
mean_electron_energy,0.0843629572914285,4.778012023935388,3.69497011179672,eV
mean_electron_energy,0.0850668894050034,4.796784084893177,3.6871136816004544,eV
mean_electron_energy,0.085799194560233,4.816048946292116,3.679026643692004,eV
mean_electron_energy,0.0865314997154626,4.835054582150266,3.671023959156287,eV
mean_electron_energy,0.0872638048706923,4.853797318253205,3.6631051543771176,eV
mean_electron_energy,0.0879961100259219,4.872273521024772,3.655269761325735,eV
mean_electron_energy,0.0887579318408871,4.891221774915919,3.647203474761932,eV
mean_electron_energy,0.0895197536558522,4.909902037518381,3.639220465710925,eV
mean_electron_energy,0.0902815754708174,4.928310680626633,3.631320264941909,eV
mean_electron_energy,0.0910433972857825,4.9464441191143935,3.623502408711618,eV
mean_electron_energy,0.0918359254738093,4.965026309737718,3.615453306059768,eV
mean_electron_energy,0.0926284536618361,4.983332285039209,3.6074864623531537,eV
mean_electron_energy,0.0934209818498629,5.0013584799206425,3.599601412286407,eV
mean_electron_energy,0.0942135100378897,5.019101374646231,3.5917976959496825,eV
mean_electron_energy,0.0950379822654876,5.03728259301616,3.583762294411617,eV
mean_electron_energy,0.0958624544930855,5.055190225398966,3.5758081818342182,eV
mean_electron_energy,0.0966869267206834,5.072820890156388,3.567934896437604,eV
mean_electron_energy,0.0975113989482813,5.090171249629945,3.560141981751241,eV
mean_electron_energy,0.0983691027679685,5.107932894558496,3.5521168541615435,eV
mean_electron_energy,0.0992268065876555,5.1254099027139794,3.544172087258973,eV
mean_electron_energy,0.1000845104073427,5.142598932493097,3.5363072224361187,eV
mean_electron_energy,0.1009422142270298,5.159496689492324,3.528521806314421,eV
mean_electron_energy,0.1018344890880632,5.176776104939973,3.520503555049096,eV
mean_electron_energy,0.1027267639490966,5.193759403546266,3.512564770822022,eV
mean_electron_energy,0.1036190388101301,5.210443295178579,3.504704997894581,eV
mean_electron_energy,0.1045113136711635,5.226824540337046,3.496923785680278,eV
mean_electron_energy,0.1054395530113155,5.243536490848847,3.488909013891785,eV
mean_electron_energy,0.1063677923514676,5.25996999905341,3.4809728435672183,eV
mean_electron_energy,0.1072960316916196,5.276122115446023,3.4731148215781515,eV
mean_electron_energy,0.1082242710317716,5.2919899347133335,3.4653344998750355,eV
mean_electron_energy,0.1091899244534178,5.308253114069871,3.4573197900089108,eV
mean_electron_energy,0.1101555778750641,5.324251774343578,3.4493829012958424,eV
mean_electron_energy,0.1111212312967103,5.339983225506241,3.441523382569581,eV
mean_electron_energy,0.1120868847183566,5.355444816920994,3.433740787680408,eV
mean_electron_energy,0.1130914602522748,5.37127461584373,3.4257229760995003,eV
mean_electron_energy,0.114096035786193,5.386899066420859,3.4177822556299784,eV
mean_electron_energy,0.1151006113201112,5.402316106625116,3.4099181766608004,eV
mean_electron_energy,0.1161051868540294,5.417523697644239,3.402130294541533,eV
mean_electron_energy,0.117150253314444,5.433121164835755,3.394106244960075,eV
mean_electron_energy,0.1181953197748585,5.448489130248689,3.386158563772427,eV
mean_electron_energy,0.1192403862352731,5.463625394623331,3.378286802812935,eV
mean_electron_energy,0.1202854526956876,5.47852778759022,3.3704905188208003,eV
mean_electron_energy,0.1213726421302377,5.493774354342566,3.3624569933240376,eV
mean_electron_energy,0.1224598315647878,5.508778982284321,3.3544991103745394,eV
mean_electron_energy,0.1235470209993379,5.523539459482952,3.346616423217819,eV
mean_electron_energy,0.1246342104338881,5.538053605881231,3.3388084899475654,eV
mean_electron_energy,0.1257652206723455,5.552905265850744,3.330762101240673,eV
mean_electron_energy,0.126896230910803,5.567490715250921,3.3227906141763657,eV
mean_electron_energy,0.1280272411492605,5.581807649333477,3.3148935834658326,eV
mean_electron_energy,0.129158251387718,5.595853801694907,3.307070568609317,eV
mean_electron_energy,0.130334848693435,5.61017164789599,3.299007724119504,eV
mean_electron_energy,0.1315114459991521,5.624182546126336,3.291019011557786,eV
mean_electron_energy,0.1326880433048691,5.637884015921423,3.2831039872613235,eV
mean_electron_energy,0.1338646406105861,5.651273627473199,3.2752622122927395,eV
mean_electron_energy,0.1350886624388134,5.664866037371293,3.26717903455166,eV
mean_electron_energy,0.1363126842670407,5.678104411098926,3.2591692461021675,eV
mean_electron_energy,0.137536706095268,5.690986116017664,3.251232404669262,eV
mean_electron_energy,0.1387607279234953,5.703508586381914,3.24336807264252,eV
mean_electron_energy,0.1400340857908787,5.716144431484804,3.2352607369538124,eV
mean_electron_energy,0.1413074436582622,5.728369903581921,3.227226072597701,eV
mean_electron_energy,0.1425808015256456,5.740182252001715,3.219263638473317,eV
mean_electron_energy,0.143854159393029,5.751578815230277,3.2113729980862384,eV
mean_electron_energy,0.1451788418627653,5.762982025451122,3.203237530130353,eV
mean_electron_energy,0.1465035243325017,5.7739111940271615,3.1951739438068034,eV
mean_electron_energy,0.147828206802238,5.784363540173423,3.1871817997008813,eV
mean_electron_energy,0.1491528892719743,5.794336401096806,3.179260662935505,eV
mean_electron_energy,0.1505309650592881,5.804189878090699,3.171092620768148,eV
mean_electron_energy,0.1519090408466019,5.813498600691229,3.1629955724659644,eV
mean_electron_energy,0.1532871166339157,5.822259895746447,3.1549690810382582,eV
mean_electron_energy,0.1546651924212295,5.830471244676974,3.1470127139492043,eV
mean_electron_energy,0.1560988136240214,5.838416828046609,3.1388070585616386,eV
mean_electron_energy,0.1575324348268132,5.845740702958548,3.1306713793780965,eV
mean_electron_energy,0.158966056029605,5.852440503746593,3.1226052428539504,eV
mean_electron_energy,0.1603996772323969,5.8585140645862905,3.114608219798244,eV
mean_electron_energy,0.1618910826921071,5.864154959330863,3.106359154015527,eV
mean_electron_energy,0.1633824881518173,5.869091829629281,3.0981788823816045,eV
mean_electron_energy,0.1648738936115275,5.873322888887085,3.090066976147011,eV
mean_electron_energy,0.1663652990712377,5.876846605135439,3.082023010792019,eV
mean_electron_energy,0.1679168178691753,5.87974894567138,3.0737238358625696,eV
mean_electron_energy,0.1694683366671129,5.881862571723116,3.0654922190000438,eV
mean_electron_energy,0.1710198554650506,5.883186631867875,3.057327736799281,eV
mean_electron_energy,0.1725713742629882,5.883720592636175,3.049229969952444,eV
mean_electron_energy,0.1741854293575843,5.883427813163906,3.0408735453023445,eV
mean_electron_energy,0.1757994844521804,5.882264779596854,3.032583259641185,eV
mean_electron_energy,0.1774135395467765,5.880232008018336,3.024358696570568,eV
mean_electron_energy,0.1790275946413727,5.8773304002848805,3.016199443631687,eV
mean_electron_energy,0.180706706652039,5.873385232061769,3.007777467506324,eV
mean_electron_energy,0.1823858186627054,5.868498062896504,2.999419891647244,eV
mean_electron_energy,0.1840649306733718,5.8626712490786,2.9911263095834526,eV
mean_electron_energy,0.1857440426840382,5.855907598223789,2.982896318583969,eV
mean_electron_energy,0.1874908338275397,5.847881257502344,2.974398799823208,eV
mean_electron_energy,0.1892376249710413,5.838857432489125,2.965963528434194,eV
mean_electron_energy,0.1909844161145429,5.828840776636313,2.9575901118162,eV
mean_electron_energy,0.1927312072580445,5.817836449743638,2.9492781608559544,eV
mean_electron_energy,0.1945484054435333,5.80535401714298,2.940692951410723,eV
mean_electron_energy,0.1963656036290222,5.791843652791182,2.93216729995888,eV
mean_electron_energy,0.1981828018145111,5.777312662857868,2.9237008331038865,eV
mean_electron_energy,0.2,5.7617688926400845,2.9152931806197997,eV
mean_electron_energy,0.2018171981854889,5.745239433833468,2.906940801704309,eV
mean_electron_energy,0.2036343963709777,5.727764191644488,2.898640620726206,eV
mean_electron_energy,0.2054515945564666,5.709352093057073,2.890392326983989,eV
mean_electron_energy,0.2072687927419555,5.690012523634614,2.882195612177693,eV
mean_electron_energy,0.2090155838854571,5.670585085584953,2.874362039303757,eV
mean_electron_energy,0.2107623750289586,5.650382507336386,2.866570461056088,eV
mean_electron_energy,0.2125091661724602,5.629413556118997,2.8588206512025565,eV
mean_electron_energy,0.2142559573159618,5.607687308992015,2.851112385027345,eV
mean_electron_energy,0.2159350693266282,5.586132969043514,2.843739278553292,eV
mean_electron_energy,0.2176141813372945,5.563964307339325,2.836399591641546,eV
mean_electron_energy,0.2192932933479609,5.541189305619649,2.829093163853126,eV
mean_electron_energy,0.2209724053586273,5.517816140886341,2.821819835667011,eV
mean_electron_energy,0.2225864604532234,5.494825581866463,2.814857162829718,eV
mean_electron_energy,0.2242005155478195,5.471345749643692,2.807920642909904,eV
mean_electron_energy,0.2258145706424157,5.4473837451811065,2.801010167182196,eV
mean_electron_energy,0.2274286257370118,5.422946793048799,2.794125627438426,eV
mean_electron_energy,0.2289801445349494,5.39905265236288,2.787530164064138,eV
mean_electron_energy,0.230531663332887,5.374763882755449,2.780954650751553,eV
mean_electron_energy,0.2320831821308246,5.350086767184751,2.7743990197442865,eV
mean_electron_energy,0.2336347009287622,5.325027668156997,2.767863203539505,eV
mean_electron_energy,0.2351261063884724,5.300566603466582,2.7615973637845657,eV
mean_electron_energy,0.2366175118481826,5.275740923925243,2.755346150464587,eV
mean_electron_energy,0.2381089173078928,5.250556815297267,2.749109528467852,eV
mean_electron_energy,0.239600322767603,5.225020531074944,2.7428874627690782,eV
mean_electron_energy,0.2410339439703949,5.200117715383477,2.7369184396682016,eV
mean_electron_energy,0.2424675651731867,5.174882657690981,2.730959561651942,eV
mean_electron_energy,0.2439011863759785,5.1493213571245215,2.7250108190322853,eV
mean_electron_energy,0.2453348075787704,5.123439868506947,2.71907220211081,eV
mean_electron_energy,0.2467128833660842,5.098269122914158,2.713371634273693,eV
mean_electron_energy,0.248090959153398,5.072818681572138,2.7076773526458107,eV
mean_electron_energy,0.2494690349407119,5.047093977585261,2.7019893678373585,eV
mean_electron_energy,0.2508471107280257,5.021100481973878,2.696307690396871,eV
mean_electron_energy,0.252171793197762,4.99586689300884,2.6908505966912264,eV
mean_electron_energy,0.2534964756674983,4.970386630527442,2.685396419282179,eV
mean_electron_energy,0.2548211581372346,4.9446647718583785,2.679945185243316,eV
mean_electron_energy,0.2561458406069709,4.9187064225627415,2.6744969215667207,eV
mean_electron_energy,0.2574191984743543,4.893534101285924,2.669261123700325,eV
mean_electron_energy,0.2586925563417378,4.868148058104832,2.6640252858173006,eV
mean_electron_energy,0.2599659142091212,4.8425529647813566,2.6587894484040024,eV
mean_electron_energy,0.2612392720765046,4.816753512689286,2.653553651867249,eV
mean_electron_energy,0.262463293904732,4.791762488170494,2.6485193851246,eV
mean_electron_energy,0.2636873157329593,4.766584390973755,2.6434824742932608,eV
mean_electron_energy,0.2649113375611865,4.741223541172039,2.6384429708301944,eV
mean_electron_energy,0.2661353593894139,4.715684272328627,2.633400926130233,eV
mean_electron_energy,0.2673119566951309,4.690966593311331,2.6285505169410994,eV
mean_electron_energy,0.2684885540008479,4.666083873732933,2.6236951613976625,eV
mean_electron_energy,0.2696651513065649,4.641040122520614,2.618834919961851,eV
mean_electron_energy,0.2708417486122819,4.61583935762846,2.613969853061168,eV
mean_electron_energy,0.2719727588507394,4.591466505865194,2.6092874495113687,eV
mean_electron_energy,0.2731037690891969,4.566947190095661,2.604598057340309,eV
mean_electron_energy,0.2742347793276544,4.542285138982705,2.5999017444253174,eV
mean_electron_energy,0.2753657895661119,4.517484086894356,2.595198578644046,eV
mean_electron_energy,0.276452979000662,4.493511975219183,2.5906699162989537,eV
mean_electron_energy,0.2775401684352121,4.469409271532087,2.586132486913928,eV
mean_electron_energy,0.2786273578697622,4.44517944923818,2.58158636428693,eV
mean_electron_energy,0.2797145473043123,4.420825984948532,2.5770316222542964,eV
mean_electron_energy,0.2807596137647269,4.39729829354216,2.572644039216999,eV
mean_electron_energy,0.2818046802251415,4.373653687246892,2.568246141727394,eV
mean_electron_energy,0.282849746685556,4.349895405514859,2.563838008274697,eV
mean_electron_energy,0.2838948131459706,4.326026689117872,2.5594197174260658,eV
mean_electron_energy,0.2848993886798888,4.302977208109474,2.5551618698262986,eV
mean_electron_energy,0.285903964213807,4.279822660590599,2.5508923242671666,eV
mean_electron_energy,0.2869085397477252,4.256566070861983,2.546611163112692,eV
mean_electron_energy,0.2879131152816434,4.233210463124952,2.542318468845243,eV
mean_electron_energy,0.2888787687032896,4.210681902949068,2.538180071989113,eV
mean_electron_energy,0.2898444221249359,4.188020744935345,2.53402873715348,eV
mean_electron_energy,0.2908100755465821,4.165230427623856,2.529864549908776,eV
mean_electron_energy,0.2917757289682283,4.14231439424208,2.525687595984281,eV
mean_electron_energy,0.2927039683083803,4.120121685903517,2.5216593066011765,eV
mean_electron_energy,0.2936322076485324,4.097780731826587,2.51761696535105,eV
mean_electron_energy,0.2945604469886844,4.075295240697468,2.513560660462137,eV
mean_electron_energy,0.2954886863288364,4.052668929161523,2.5094904803613205,eV
mean_electron_energy,0.2963809611898699,4.030783087605229,2.505563794841453,eV
mean_electron_energy,0.2972732360509034,4.0087603609453,2.5016220548456523,eV
mean_electron_energy,0.2981655109119368,3.9866042918385016,2.497665350808896,eV
mean_electron_energy,0.2990577857729702,3.964318428855952,2.493693773403602,eV
mean_electron_energy,0.2999154895926573,3.9427703687747706,2.489860939318013,eV
mean_electron_energy,0.3007731934123444,3.921095887992795,2.4860121466306557,eV
mean_electron_energy,0.3016308972320315,3.89929836638145,2.482147487611733,eV
mean_electron_energy,0.3024886010517186,3.877381187989756,2.4782670548065084,eV
mean_electron_energy,0.3033130732793165,3.8561972254169055,2.4745209935540347,eV
mean_electron_energy,0.3041375455069145,3.8348965021773056,2.4707581569684933,eV
mean_electron_energy,0.3049620177345125,3.8134822387418152,2.4669786388495023,eV
mean_electron_energy,0.3057864899621104,3.791957658287555,2.463182533307635,eV
mean_electron_energy,0.3065790181501371,3.7711600342792937,2.4595167721520297,eV
mean_electron_energy,0.3073715463381639,3.7502545796245017,2.4558334966637747,eV
mean_electron_energy,0.3081640745261906,3.729244358988384,2.452132801919886,eV
mean_electron_energy,0.3089566027142174,3.708132438500951,2.448414783343041,eV
mean_electron_energy,0.3097184245291826,3.687739758160226,2.444823392141166,eV
mean_electron_energy,0.3104802463441477,3.667247509262449,2.4412138360920195,eV
mean_electron_energy,0.3112420681591129,3.646658604497259,2.4375862112574915,eV
mean_electron_energy,0.312003889974078,3.625975956977943,2.43394061407713,eV
mean_electron_energy,0.3127361951293076,3.606003566162135,2.430418254091299,eV
mean_electron_energy,0.3134685002845373,3.5859392542484243,2.4268771580423003,eV
mean_electron_energy,0.314200805439767,3.565785786013328,2.4233174227289216,eV
mean_electron_energy,0.3149331105949966,3.545545925791167,2.419739145357216,eV
mean_electron_energy,0.3156370427085715,3.526006240621781,2.4162809643175414,eV
mean_electron_energy,0.3163409748221464,3.50638171403264,2.4128035289139977,eV
mean_electron_energy,0.3170449069357213,3.486674967162365,2.409306936552443,eV
mean_electron_energy,0.3177488390492962,3.4668886199946725,2.405791285073937,eV
mean_electron_energy,0.3184254974300045,3.4477811206468205,2.4023928198228384,eV
mean_electron_energy,0.3191021558107128,3.428546954535546,2.3989746291735354,eV
mean_electron_energy,0.3197788141914212,3.4091894236389124,2.3955368110337907,eV
mean_electron_energy,0.3204554725721295,3.389711836371932,2.392079463773133,eV
mean_electron_energy,0.3211059139362228,3.370872371403585,2.388736603780097,eV
mean_electron_energy,0.3217563553003162,3.351915430792006,2.385373589598476,eV
mean_electron_energy,0.3224067966644096,3.3328441810864105,2.381990519553667,eV
mean_electron_energy,0.3230572380285029,3.3136617935891435,2.378587492457822,eV
mean_electron_energy,0.3236824781499373,3.2951147035532484,2.375296447103463,eV
mean_electron_energy,0.3243077182713717,3.2764587802966765,2.3719848565240245,eV
mean_electron_energy,0.3249329583928061,3.2576970545499577,2.3686528193956784,eV
mean_electron_energy,0.3255581985142404,3.2388325603268524,2.3653004349052007,eV
mean_electron_energy,0.3261592138109784,3.2205991271267345,2.362057704037571,eV
mean_electron_energy,0.3267602291077165,3.2022649670452505,2.3587940706278907,eV
mean_electron_energy,0.3273612444044545,3.183832975510582,2.355509633651549,eV
mean_electron_energy,0.3279622597011925,3.1653060499615773,2.352204492616694,eV
mean_electron_energy,0.328539988760045,3.147404669387382,2.349006839966394,eV
mean_electron_energy,0.3291177178188975,3.1294101485195,2.3457879575349487,eV
mean_electron_energy,0.32969544687775,3.1113252487747363,2.342547944557772,eV
mean_electron_energy,0.3302731759366025,3.0931527324890404,2.339286900824313,eV
mean_electron_energy,0.3308285209789902,3.075599093542987,2.336131329930152,eV
mean_electron_energy,0.3313838660213778,3.0579594003050605,2.332954228790999,eV
mean_electron_energy,0.3319392110637654,3.040236282126604,2.3297556968742894,eV
mean_electron_energy,0.3324945561061531,3.0224323683506213,2.326535834221768,eV
mean_electron_energy,0.3330283843970774,3.005242711006112,2.323419566570573,eV
mean_electron_energy,0.3335622126880016,2.9879342373275186,2.320281491978328,eV
mean_electron_energy,0.3340960409789258,2.970510133427222,2.317121710126087,eV
mean_electron_energy,0.3346298692698501,2.9529735920224307,2.3139403212884364,eV
mean_electron_energy,0.335143014472274,2.9359967122148416,2.3108607746002416,eV
mean_electron_energy,0.335656159674698,2.918903262043985,2.307759169655073,eV
mean_electron_energy,0.336169304877122,2.9016964211318514,2.3046356063199447,eV
mean_electron_energy,0.3366824500795459,2.884379375357496,2.301490185073481,eV
mean_electron_energy,0.3371757135562994,2.8676262603633385,2.298444985604783,eV
mean_electron_energy,0.337668977033053,2.8507652182543537,2.29537750895828,eV
mean_electron_energy,0.3381622405098065,2.833799304035589,2.2922878551273644,eV
mean_electron_energy,0.33865550398656,2.8167315772214803,2.289176124733427,eV
mean_electron_energy,0.3391296560518033,2.800226223083946,2.2861631051790203,eV
mean_electron_energy,0.3396038081170465,2.7836210678089186,2.283127605499609,eV
mean_electron_energy,0.3400779601822897,2.7669190406797948,2.2800697258176097,eV
mean_electron_energy,0.3405521122475329,2.7501230739611766,2.2769895668990694,eV
mean_electron_energy,0.3410078933697318,2.73388654783436,2.2740067035651426,eV
mean_electron_energy,0.3414636744919307,2.7175578378334326,2.2710011704278568,eV
mean_electron_energy,0.3419194556141297,2.701139747392506,2.2679730677494248,eV
mean_electron_energy,0.3423752367363286,2.6846350816025115,2.2649224964508456,eV
mean_electron_energy,0.3428133586946212,2.6686856745163694,2.2619678944045005,eV
mean_electron_energy,0.3432514806529139,2.652651205468424,2.2589904442135174,eV
mean_electron_energy,0.3436896026112065,2.636534352747394,2.255990246295962,eV
mean_electron_energy,0.3441277245694992,2.620337795161753,2.252967401743268,eV
mean_electron_energy,0.3445488715652592,2.604691186278348,2.2500392824460285,eV
mean_electron_energy,0.3449700185610191,2.5889661589705604,2.2470881461997703,eV
mean_electron_energy,0.3453911655567792,2.5731652677854884,2.244114093599312,eV
mean_electron_energy,0.3458123125525392,2.557291066823863,2.241117225926929,eV
mean_electron_energy,0.3462171422778715,2.541960494268356,2.2382139158455985,eV
mean_electron_energy,0.3466219720032038,2.526557688039213,2.2352874278621355,eV
mean_electron_energy,0.3470268017285361,2.511085080928133,2.232337862773388,eV
mean_electron_energy,0.3474316314538684,2.495545104468588,2.229365322077601,eV
mean_electron_energy,0.3478207761187066,2.480550191440054,2.226485242170022,eV
mean_electron_energy,0.3482099207835449,2.465475039912142,2.2235818296719176,eV
mean_electron_energy,0.3485990654483831,2.4503222141126586,2.220655185611943,eV
mean_electron_energy,0.3489882101132214,2.4350942786469307,2.217705411733707,eV
mean_electron_energy,0.3493622774326301,2.4203504480731817,2.214847067717422,eV
mean_electron_energy,0.3497363447520388,2.4055075458676387,2.211965241186051,eV
mean_electron_energy,0.3501104120714475,2.3905684965613245,2.209060033433817,eV
mean_electron_energy,0.3504844793908563,2.375536229149007,2.206131546483443,eV
mean_electron_energy,0.350844053534081,2.360995804893764,2.20329351980513,eV
mean_electron_energy,0.3512036276773057,2.3463639644690697,2.200431864022627,eV
mean_electron_energy,0.3515632018205303,2.331643517408737,2.197546680733817,eV
mean_electron_energy,0.351922775963755,2.3168372761020124,2.1946380722784977,eV
mean_electron_energy,0.3522684184665005,2.30252127521627,2.1918190117082466,eV
mean_electron_energy,0.3526140609692461,2.288121022245205,2.188976177413104,eV
mean_electron_energy,0.3529597034719916,2.273639211074166,2.1861096713367227,eV
mean_electron_energy,0.3533053459747371,2.25907853704878,2.183219596178102,eV
mean_electron_energy,0.3536375966161008,2.245005266883352,2.1804182090326134,eV
mean_electron_energy,0.3539698472574645,2.2308544301078648,2.177592906390788,eV
mean_electron_energy,0.3543020978988282,2.216628605172323,2.174743790579727,eV
mean_electron_energy,0.3546343485401919,2.202330370788247,2.1718709646953,eV
mean_electron_energy,0.3549537261856196,2.188515588786729,2.169086025001844,eV
mean_electron_energy,0.3552731038310472,2.17462946374592,2.166277034853028,eV
mean_electron_energy,0.3555924814764749,2.160674459617133,2.163444096980262,eV
mean_electron_energy,0.3559118591219025,2.1466530395936223,2.160587314896725,eV
mean_electron_energy,0.3562188625334843,2.133115390887827,2.157817665245753,eV
mean_electron_energy,0.3565258659450661,2.119478757892361,2.155023828377601,eV
mean_electron_energy,0.3568328693566479,2.1057461379115154,2.1522059074809667,eV
mean_electron_energy,0.3571398727682297,2.0919205339239904,2.149364006539656,eV
mean_electron_energy,0.3574349813836016,2.078524992417902,2.1466085264370665,eV
mean_electron_energy,0.3577300899989735,2.06502891454992,2.143828719012716,eV
mean_electron_energy,0.3580251986143453,2.051435380315944,2.141024687971462,eV
mean_electron_energy,0.3583203072297172,2.037747475865201,2.138196537826918,eV
mean_electron_energy,0.3586039819107833,2.024498172840478,2.135454136922946,eV
mean_electron_energy,0.3588876565918495,2.0111562378894683,2.1326872640606225,eV
mean_electron_energy,0.3591713312729158,1.997724645466516,2.1298960235245348,eV
mean_electron_energy,0.3594550059539819,1.984206374120812,2.1270805204221706,eV
mean_electron_energy,0.3597276897066287,1.9711275358223683,2.1243501327673933,eV
mean_electron_energy,0.3600003734592755,1.9579634707342628,2.12159512279499,eV
mean_electron_energy,0.3602730572119222,1.944717045381111,2.118815595437902,eV
mean_electron_energy,0.360545740964569,1.9313911285785503,2.116011656466767,eV
mean_electron_energy,0.3608078596304932,1.9185041071868063,2.1132922349814307,eV
mean_electron_energy,0.3610699782964174,1.905538772254848,2.110548033894001,eV
mean_electron_energy,0.3613320969623416,1.8924978810978337,2.107779158859985,eV
mean_electron_energy,0.3615942156282657,1.8793841917548573,2.1049857163879016,eV
mean_electron_energy,0.3618461785499982,1.866707612700773,2.102276227496119,eV
mean_electron_energy,0.3620981414717307,1.8539591546670864,2.099541793567662,eV
mean_electron_energy,0.3623501043934632,1.8411414654131013,2.0967825210605437,eV
mean_electron_energy,0.3626020673151957,1.8282571920732569,2.093998517301876,eV
mean_electron_energy,0.3628442679753591,1.8158071164658236,2.0912979356833543,eV
mean_electron_energy,0.3630864686355225,1.8032911352137204,2.0885722341852686,eV
mean_electron_energy,0.3633286692956858,1.7907117869510705,2.0858215201543486,eV
mean_electron_energy,0.3635708699558492,1.7780716085375914,2.0830459018236698,eV
mean_electron_energy,0.3638036865916472,1.765872149033951,2.0803532052367104,eV
mean_electron_energy,0.3640365032274452,1.7535956862404387,2.077635203215342,eV
mean_electron_energy,0.3642693198632431,1.7412449975627202,2.0748920040884564,eV
mean_electron_energy,0.364502136499041,1.7288228613052423,2.072123717089317,eV
mean_electron_energy,0.3647259326929395,1.7167643838404365,2.069437881215496,eV
mean_electron_energy,0.3649497288868381,1.7045959011833447,2.0667265422790297,eV
mean_electron_energy,0.3651735250807366,1.692320954315474,2.063989809691919,eV
mean_electron_energy,0.3653973212746351,1.6799430951568932,2.061227793789656,eV
mean_electron_energy,0.3656124465221579,1.6679447189560854,2.058547786690687,eV
mean_electron_energy,0.3658275717696807,1.6558451896781754,2.0558420660626413,eV
mean_electron_energy,0.3660426970172035,1.6436479615356854,2.053110742507264,eV
mean_electron_energy,0.3662578222647262,1.631356496439235,2.0503539275703417,eV
mean_electron_energy,0.3664646125202511,1.6194495144284071,2.047678710283204,eV
mean_electron_energy,0.3666714027757758,1.6074497185807586,2.044977558656389,eV
mean_electron_energy,0.3668781930313005,1.5953604696605408,2.0422505845810965,eV
mean_electron_energy,0.3670849832868254,1.5831851332317792,2.039497900914048,eV
mean_electron_energy,0.3672837614882332,1.5713976103476972,2.0368264323036787,eV
mean_electron_energy,0.367482539689641,1.5595250876164322,2.03412879214812,eV
mean_electron_energy,0.3676813178910489,1.5475708274793238,2.0314050937548007,eV
mean_electron_energy,0.3678800960924568,1.535538094607782,2.028655451419745,eV
mean_electron_energy,0.3680711726654542,1.5238949589372222,2.02598666649633,eV
mean_electron_energy,0.3682622492384517,1.5121741118575176,2.0232914544001344,eV
mean_electron_energy,0.3684533258114491,1.5003787141482063,2.0205699299940783,eV
mean_electron_energy,0.3686444023844465,1.488511926559254,2.017822209154737,eV
mean_electron_energy,0.3688280757273476,1.4770351004287394,2.015155012662037,eV
mean_electron_energy,0.3690117490702488,1.465487334606436,2.0124611130792305,eV
mean_electron_energy,0.3691954224131499,1.453871686162386,2.009740626976944,eV
mean_electron_energy,0.369379095756051,1.4421912101662724,2.006993671966277,eV
mean_electron_energy,0.3695556527057768,1.4308997689923264,2.004326932310311,eV
mean_electron_energy,0.3697322096555025,1.4195436588792911,2.001633191322924,eV
mean_electron_energy,0.3699087666052282,1.408125832208902,1.9989125674486985,eV
mean_electron_energy,0.370085323554954,1.396649237657509,1.9961651802020683,eV
mean_electron_energy,0.3702550398349763,1.3855595862291132,1.9934977229641164,eV
mean_electron_energy,0.3704247561149987,1.3744110572514607,1.9908029416007755,eV
mean_electron_energy,0.3705944723950209,1.363206498290262,1.9880809566131736,eV
mean_electron_energy,0.3707641886750433,1.351948751743441,1.985331889604092,eV
mean_electron_energy,0.3709273293259741,1.341032798826003,1.9826624905467625,eV
mean_electron_energy,0.371090469976905,1.3300178687011537,1.979965417563163,eV
mean_electron_energy,0.3712536106278358,1.3189078604796642,1.977240793411701,eV
mean_electron_energy,0.3714167512787666,1.3077066809310365,1.974488741986972,eV
mean_electron_energy,0.3715735710722634,1.296850666360949,1.971816119450211,eV
mean_electron_energy,0.3717303908657603,1.285904684512209,1.9691154434625997,eV
mean_electron_energy,0.3718872106592572,1.274872547321123,1.966386839261108,eV
mean_electron_energy,0.3720440304527539,1.2637580703241555,1.963630433256874,eV
mean_electron_energy,0.3721947742893885,1.2529938362215831,1.9609532398242009,eV
mean_electron_energy,0.3723455181260231,1.2421480040263484,1.958247580670364,eV
mean_electron_energy,0.3724962619626576,1.2312242925914685,1.955513583755809,eV
mean_electron_energy,0.3726470057992922,1.2202264207697904,1.952751378256612,eV
mean_electron_energy,0.3727919090910043,1.209582077103795,1.950068191552721,eV
mean_electron_energy,0.3729368123827166,1.1988638679225214,1.9473560907342369,eV
mean_electron_energy,0.3730817156744287,1.188075415168585,1.9446152067567573,eV
mean_electron_energy,0.3732266189661409,1.1772203376114336,1.941845671837237,eV
mean_electron_energy,0.373365908003874,1.1667204379133176,1.9391549838202813,eV
mean_electron_energy,0.373505197041607,1.1561537857382704,1.93643489467424,eV
mean_electron_energy,0.37364448607934,1.14552390397363,1.9336855386469305,eV
mean_electron_energy,0.3737837751170731,1.1348343095529303,1.930907051297675,eV
mean_electron_energy,0.3739176674241654,1.124504899844542,1.9282072648888529,eV
mean_electron_energy,0.3740515597312576,1.1141074840658218,1.9254775484236493,eV
mean_electron_energy,0.3741854520383499,1.103645700808634,1.922718039769781,eV
mean_electron_energy,0.3743193443454422,1.0931231827083696,1.9199288781617845,eV
mean_electron_energy,0.3744480490173262,1.0829256351064998,1.9172182931396229,eV
mean_electron_energy,0.3745767536892104,1.0726484221726975,1.9144772002002624,eV
mean_electron_energy,0.3747054583610945,1.0622956330158206,1.9117057412086067,eV
mean_electron_energy,0.3748341630329786,1.0518713543734406,1.908904059458033,eV
mean_electron_energy,0.3749578810637194,1.0417809870814023,1.906180851276413,eV
mean_electron_energy,0.3750815990944602,1.0316193042803217,1.9034265028813533,eV
mean_electron_energy,0.375205317125201,1.0213902967487418,1.900641160559952,eV
mean_electron_energy,0.3753290351559418,1.0110979487635572,1.8978249720962688,eV
mean_electron_energy,0.3754479597521225,1.0011420819299897,1.8950871752908451,eV
mean_electron_energy,0.3755668843483032,0.9911224188051452,1.8923175452682797,eV
mean_electron_energy,0.3756858089444839,0.981042852936178,1.8895162332181956,eV
mean_electron_energy,0.3758047335406645,0.9709072677784863,1.886683391903732,eV
mean_electron_energy,0.3759190504231112,0.961112942168082,1.8839288811025372,eV
mean_electron_energy,0.3760333673055579,0.9512424661272046,1.881141776169908,eV
mean_electron_energy,0.3761476841880046,0.9413002331811384,1.8783222337432703,eV
mean_electron_energy,0.3762620010704513,0.931290630716172,1.8754704121195385,eV
mean_electron_energy,0.3763718887642676,0.9215913914407058,1.872696880147588,eV
mean_electron_energy,0.376481776458084,0.9118180546464956,1.8698899169083607,eV
mean_electron_energy,0.3765916641519004,0.9019751394186548,1.867049685109028,eV
mean_electron_energy,0.3767015518457167,0.8920671563553082,1.8641763492129548,eV
mean_electron_energy,0.3768071819590808,0.8824791318023867,1.86138128171038,eV
mean_electron_energy,0.3769128120724448,0.8728255025430717,1.858551859948238,eV
mean_electron_energy,0.3770184421858089,0.8631106958968343,1.85568825341606,eV
mean_electron_energy,0.377124072299173,0.8533391255919336,1.8527906334692583,eV
mean_electron_energy,0.3772256097913325,0.8438898814727902,1.849971279309823,eV
mean_electron_energy,0.377327147283492,0.83438236025485,1.8471165508176737,eV
mean_electron_energy,0.3774286847756516,0.824820909509444,1.844226625085832,eV
mean_electron_energy,0.3775302222678111,0.8152098588120059,1.8413016811977148,eV
mean_electron_energy,0.3776278257066952,0.8059241181251935,1.8384550178285064,eV
mean_electron_energy,0.3777254291455794,0.7965821305707834,1.8355718498313929,eV
mean_electron_energy,0.3778230325844635,0.7871883254904283,1.8326523628537843,eV
mean_electron_energy,0.3779206360233476,0.777747111865326,1.829696744675941,eV
mean_electron_energy,0.3780144578331972,0.7686005613948808,1.8268194371590225,eV
mean_electron_energy,0.3781082796430469,0.7593830130570144,1.823904370589298,eV
mean_electron_energy,0.3782021014528965,0.750099626194963,1.8209517402688475,eV
mean_electron_energy,0.3782959232627461,0.7407555438333079,1.8179617437961384,eV
mean_electron_energy,0.3783861099621504,0.731713283565174,1.815050104116733,eV
mean_electron_energy,0.3784762966615547,0.7226082675199063,1.812099308228967,eV
mean_electron_energy,0.3785664833609589,0.7134456114319939,1.8091095623811504,eV
mean_electron_energy,0.3786566700603632,0.7042304079366601,1.806081075306976,eV
mean_electron_energy,0.3787433624910727,0.6953271116332045,1.8031310004668533,eV
mean_electron_energy,0.3788300549217823,0.6863486455136257,1.8001402067793917,eV
mean_electron_energy,0.3789167473524919,0.6773008587611624,1.7971089129684907,eV
mean_electron_energy,0.3790034397832014,0.6681895807400334,1.7940373404633494,eV
mean_electron_energy,0.3790867733300767,0.6593461431044203,1.7910442409275742,eV
mean_electron_energy,0.3791701068769518,0.6504239359608903,1.7880086684899947,eV
mean_electron_energy,0.379253440423827,0.6414293593621759,1.784930856166823,eV
mean_electron_energy,0.3793367739707022,0.6323687907043185,1.7818110399373246,eV
mean_electron_energy,0.3794168787731397,0.6235930630302675,1.7787697569572674,eV
mean_electron_energy,0.3794969835755771,0.6147470045398848,1.7756840244608083,eV
mean_electron_energy,0.3795770883780146,0.6058371010039154,1.772554091930354,eV
mean_electron_energy,0.379657193180452,0.5968698046036943,1.7693802121155684,eV
mean_electron_energy,0.3797341943356188,0.5881959957786325,1.766284917786362,eV
mean_electron_energy,0.3798111954907857,0.5794492550745646,1.7631429371898406,eV
mean_electron_energy,0.3798881966459524,0.570636627517013,1.7599545388956637,eV
mean_electron_energy,0.3799651978011192,0.5617651195257877,1.7567199951028665,eV
mean_electron_energy,0.3800392155593136,0.553146869472004,1.7535640710322833,eV
mean_electron_energy,0.3801132333175079,0.544483428319632,1.7503589182967254,eV
mean_electron_energy,0.3801872510757023,0.5357811033716815,1.7471048277387626,eV
mean_electron_energy,0.3802612688338966,0.5270461398357009,1.7438020942650327,eV
mean_electron_energy,0.3803324187863389,0.5186458719033411,1.7405779837807864,eV
mean_electron_energy,0.3804035687387812,0.5102219837238454,1.7373017413235594,eV
mean_electron_energy,0.3804747186912235,0.5017800160675026,1.7339736839126625,eV
mean_electron_energy,0.3805458686436658,0.4933254354771829,1.730594133158109,eV
mean_electron_energy,0.3806142619030137,0.4851812469137301,1.7272931606748043,eV
mean_electron_energy,0.3806826551623617,0.4770138701304269,1.7239367255547935,eV
mean_electron_energy,0.3807510484217096,0.4688290464074605,1.7205251758140083,eV
mean_electron_energy,0.3808194416810576,0.4606324365972991,1.7170588647031773,eV
mean_electron_energy,0.3808851850549274,0.4527368509406886,1.7136710203872445,eV
mean_electron_energy,0.3809509284287973,0.4448185716779715,1.7102238754147887,eV
mean_electron_energy,0.3810166718026672,0.4368835707592801,1.70671781479485,eV
mean_electron_energy,0.3810824151765369,0.4289377323111519,1.7031532295668066,eV
mean_electron_energy,0.3811456113343016,0.4212840059907379,1.69966690456673,eV
mean_electron_energy,0.3812088074920663,0.4136082367316379,1.6961168344426474,eV
mean_electron_energy,0.3812720036498309,0.4059166573435876,1.6925034487342068,eV
mean_electron_energy,0.3813351998075956,0.398215403926173,1.6888271840042313,eV
mean_electron_energy,0.3813959474407201,0.3907978063938299,1.6852288454996862,eV
mean_electron_energy,0.3814566950738445,0.3833590492194572,1.6815615959630634,eV
mean_electron_energy,0.381517442706969,0.3759056570277109,1.6778259189852798,eV
mean_electron_energy,0.3815781903400935,0.3684440469948005,1.6740223064318014,eV
mean_electron_energy,0.3816365843162586,0.3612581271224518,1.6702961229468274,eV
mean_electron_energy,0.3816949782924236,0.3540522661371902,1.666495010613262,eV
mean_electron_energy,0.3817533722685886,0.3468333104099264,1.662619519143222,eV
mean_electron_energy,0.3818117662447536,0.3396079858236713,1.6586702081141127,eV
mean_electron_energy,0.3818678977560072,0.3326509260049728,1.65479763116313,eV
mean_electron_energy,0.381924029267261,0.3256756162100807,1.650843118547851,eV
mean_electron_energy,0.3819801607785146,0.3186892502556195,1.646807301389721,eV
mean_electron_energy,0.3820362922897682,0.3116988855836361,1.64269082270964,eV
mean_electron_energy,0.3820902489949379,0.3049699657053266,1.63865016438157,eV
mean_electron_energy,0.3821442057001075,0.2982251377577712,1.634519455073686,eV
mean_electron_energy,0.3821981624052772,0.2914719593367211,1.630299426502771,eV
mean_electron_energy,0.3822521191104469,0.2847178322965121,1.625990824888803,eV
mean_electron_energy,0.3823039852720331,0.2782190133541745,1.621756933281116,eV
mean_electron_energy,0.3823558514336194,0.2717074991235763,1.6174237230697284,eV
mean_electron_energy,0.3824077175952057,0.265191210295525,1.6129920500328818,eV
mean_electron_energy,0.3824595837567919,0.2586778883020296,1.6084627877563034,eV
mean_electron_energy,0.3825094403725589,0.2524145021041009,1.6040070575748309,eV
mean_electron_energy,0.3825592969883259,0.2461427569272324,1.5994417352914905,eV
mean_electron_energy,0.3826091536040928,0.2398709083192104,1.5947678278687407,eV
mean_electron_energy,0.3826590102198599,0.2336070043190402,1.5899863641612124,eV
mean_electron_energy,0.3827069351493266,0.2275884914527607,1.585277539669316,eV
mean_electron_energy,0.3827548600787934,0.2215673375431721,1.5804484307987203,eV
mean_electron_energy,0.3828027850082602,0.2155520640671864,1.575500222930093,eV
mean_electron_energy,0.3828507099377269,0.2095509517666487,1.5704341280791456,eV
mean_electron_energy,0.3828967780237585,0.2037915224939675,1.5654409066766783,eV
mean_electron_energy,0.3829428461097901,0.1980367649729119,1.5603178286759716,eV
mean_electron_energy,0.3829889141958216,0.1922953427271686,1.5550662743759398,eV
mean_electron_energy,0.3830349822818532,0.1865756408576135,1.549687655429567,eV
mean_electron_energy,0.3830792654675401,0.1810946545002625,1.5443851218518934,eV
mean_electron_energy,0.383123548653227,0.1756273446162559,1.538947835507512,eV
mean_electron_energy,0.383167831838914,0.1701823255226648,1.5333773492107794,eV
mean_electron_energy,0.3832121150246009,0.1647678928318746,1.527675249857999,eV
mean_electron_energy,0.3832546824656108,0.1595896950081448,1.5220593929130768,eV
mean_electron_energy,0.3832972499066207,0.1544357755417104,1.5163164588280844,eV
mean_electron_energy,0.3833398173476305,0.1493144344010057,1.5104480438301788,eV
mean_electron_energy,0.3833823847886404,0.1442336138720284,1.5044557746460352,eV
mean_electron_energy,0.3834233029612158,0.1393865930613183,1.4985753961549535,eV
mean_electron_energy,0.3834642211337912,0.1345757155710242,1.4926057590019768,eV
mean_electron_energy,0.3835051393063665,0.1298086308717778,1.4865481147224695,eV
mean_electron_energy,0.3835460574789419,0.1250925995703545,1.4804037296321806,eV
mean_electron_energy,0.3835853902837145,0.1206073762758268,1.4744314087501136,eV
mean_electron_energy,0.3836247230884871,0.1161708696394155,1.4684784274674405,eV
mean_electron_energy,0.3836640558932598,0.1117896842905559,1.4625447461689751,eV
mean_electron_energy,0.3837033886980324,0.107470021914292,1.45663032521248,eV
mean_electron_energy,0.3837411975598145,0.1033769686847538,1.4510278351719703,eV
mean_electron_energy,0.3837790064215967,0.099345244052835,1.445724817866128,eV
mean_electron_energy,0.3838168152833788,0.0953799742229222,1.440718143265867,eV
mean_electron_energy,0.3838546241451609,0.091485897383634,1.4360048631189943,eV
mean_electron_energy,0.3838909681088707,0.0878125309626762,1.4319409830785703,eV
mean_electron_energy,0.3839273120725804,0.0842125297912434,1.4289052156594029,eV
mean_electron_energy,0.3839636560362902,0.080689088640012,1.426891063064934,eV
mean_electron_energy,0.384,0.0772450722127745,1.4258942192443895,eV
electric_potential,0.016,0.0,0.0,V
electric_potential,0.0160363439637097,0.5538653916563172,0.5483794064687462,V
electric_potential,0.0160726879274195,1.1065703786524144,1.0954111114829492,V
electric_potential,0.0161090318911293,1.6581149609882917,1.6410951150426087,V
electric_potential,0.0161453758548391,2.208499138663948,2.185431417147725,V
electric_potential,0.0161831847166212,2.7798331845241484,2.750273812901086,V
electric_potential,0.0162209935784033,3.3499020933012367,3.31364508010454,V
electric_potential,0.0162588024401854,3.918705864995212,3.875545218758086,V
electric_potential,0.0162966113019675,4.486244499606076,4.435974228861725,V
electric_potential,0.0163359441067401,5.075312931496701,5.017426375036457,V
electric_potential,0.0163752769115128,5.663002368738022,5.597272778780735,V
electric_potential,0.0164146097162854,6.249312811330039,6.175513440094562,V
electric_potential,0.016453942521058,6.8342442592727535,6.752148358977936,V
electric_potential,0.0164948606936334,7.441285381908479,7.350316128467135,V
electric_potential,0.0165357788662088,8.046823729319364,7.946731346526815,V
electric_potential,0.0165766970387842,8.650859301505406,8.541394013156978,V
electric_potential,0.0166176152113596,9.253392098466604,9.134304128357623,V
electric_potential,0.0166601826523694,9.878612297590674,9.749246613702889,V
electric_potential,0.0167027500933793,10.50219509551318,10.36227640876386,V
electric_potential,0.0167453175343891,11.124140492234126,10.97339351354054,V
electric_potential,0.0167878849753989,11.744448487753507,11.58259792803293,V
electric_potential,0.0168321681610859,12.388017014972412,12.214320789313296,V
electric_potential,0.0168764513467729,13.029801598320446,12.843956226878294,V
electric_potential,0.0169207345324598,13.66980223779761,13.471504240727928,V
electric_potential,0.0169650177181468,14.308018933403904,14.09696483086219,V
electric_potential,0.0170110858041783,14.97006199488237,14.745412834723808,V
electric_potential,0.0170571538902099,15.630161515652016,15.39158268315001,V
electric_potential,0.0171032219762414,16.28831749571285,16.035474376140797,V
electric_potential,0.017149290062273,16.944529935064867,16.67708791369617,V
electric_potential,0.0171972149917398,17.625124063834544,17.342136588185813,V
electric_potential,0.0172451399212065,18.3036006143579,18.00469881979584,V
electric_potential,0.0172930648506733,18.979959586634937,18.66477460852625,V
electric_potential,0.0173409897801401,19.654200980665657,19.32236395437705,V
electric_potential,0.017390846395907,20.35336529740417,20.00381026533407,V
electric_potential,0.017440703011674,21.050222192445244,20.6825425598706,V
electric_potential,0.017490559627441,21.744771665788875,21.35856083798664,V
electric_potential,0.017540416243208,22.43701371743506,22.031865099682182,V
electric_potential,0.0175922824047942,23.15470193427157,22.72941702117062,V
electric_potential,0.0176441485663805,23.86987561009396,23.424006140551526,V
electric_potential,0.0176960147279668,24.582534744902222,24.115632457824905,V
electric_potential,0.0177478808895531,25.292679338696367,24.804295972990754,V
electric_potential,0.0178018375947228,26.02877096581715,25.517560809649066,V
electric_potential,0.0178557942998924,26.762122047293072,26.227590689714606,V
electric_potential,0.0179097510050621,27.49273258312413,26.934385613187395,V
electric_potential,0.0179637077102317,28.22060257331033,27.63794558006742,V
electric_potential,0.0180198392214854,28.97489318678629,28.366416863563845,V
electric_potential,0.018075970732739,29.726196602099343,29.091355246383248,V
electric_potential,0.0181321022439927,30.474512819249483,29.81276072852562,V
electric_potential,0.0181882337552464,31.21984183823673,30.530633309990964,V
electric_potential,0.0182466277314114,31.992032316255823,31.27367601746105,V
electric_potential,0.0183050217075764,32.76096636330671,32.012859336998616,V
electric_potential,0.0183634156837414,33.52664397938938,32.74818326860367,V
electric_potential,0.0184218096599065,34.289065164503825,33.4796478122762,V
electric_potential,0.0184825572930309,35.07874979080625,34.23648161216394,V
electric_potential,0.0185433049261554,35.86488390044053,34.98909786314728,V
electric_potential,0.0186040525592799,36.64746749340667,35.73749656522622,V
electric_potential,0.0186648001924044,37.42650056970467,36.48167771840077,V
electric_potential,0.0187279963501691,38.23315299277977,37.251357924100105,V
electric_potential,0.0187911925079337,39.03593330877696,38.01642712227228,V
electric_potential,0.0188543886656983,39.83484151769623,38.77688531291727,V
electric_potential,0.018917584823463,40.62987761953759,39.532732496035095,V
electric_potential,0.0189833281973328,41.452835001297984,40.31412814693598,V
electric_potential,0.0190490715712026,42.2715684333402,41.090479780771375,V
electric_potential,0.0191148149450725,43.08607791566424,41.86178739754128,V
electric_potential,0.0191805583189423,43.89636344827009,42.62805099724568,V
electric_potential,0.0192489515782903,44.73480946283961,43.41981936956573,V
electric_potential,0.0193173448376382,45.56864639579236,44.20606609904813,V
electric_potential,0.0193857380969862,46.39787424712836,44.98679118569286,V
electric_potential,0.0194541313563341,47.22249301684758,45.76199462949994,V
electric_potential,0.0195252813087764,48.07543891741921,46.562551247285136,V
electric_potential,0.0195964312612187,48.923353926702674,47.35705785634136,V
electric_potential,0.019667581213661,49.76623804469796,48.14551445666859,V
electric_potential,0.0197387311661033,50.60409127140508,48.927921048266846,V
electric_potential,0.0198127489242976,51.47035471211382,49.73540396531175,V
electric_potential,0.019886766682492,52.33112497650822,50.53625023472711,V
electric_potential,0.0199607844406864,53.18640206458827,51.33045985651293,V
electric_potential,0.0200348021988807,54.03618597635398,52.11803283066923,V
electric_potential,0.0201118033540475,54.91436725313943,52.93025936767546,V
electric_potential,0.0201888045092143,55.78654831229149,53.73519484516558,V
electric_potential,0.0202658056643811,56.65272915381016,54.53283926313959,V
electric_potential,0.0203428068195479,57.51290977769544,55.32319262159751,V
electric_potential,0.0204229116219854,58.4013650663148,56.137605994176816,V
electric_potential,0.0205030164244228,59.28326347673298,56.94399414522119,V
electric_potential,0.0205831212268602,60.15860500894996,57.74235707473065,V
electric_potential,0.0206632260292976,61.02738966296575,58.53269478270519,V
electric_potential,0.0207465595761729,61.924200709589456,59.346297887611286,V
electric_potential,0.0208298931230481,62.81384301809171,60.15104661706852,V
electric_potential,0.0209132266699234,63.69631658847251,60.94694097107687,V
electric_potential,0.0209965602167986,64.57162142073187,61.73398094963633,V
electric_potential,0.0210832526475082,65.47456095997528,62.543253615885845,V
electric_potential,0.0211699450782177,66.36965821348446,63.34272866058375,V
electric_potential,0.0212566375089272,67.2569131812594,64.13240608373,V
electric_potential,0.0213433299396368,68.13632586330013,64.91228588532465,V
electric_potential,0.021433516639041,69.04281776525735,65.71308253779112,V
electric_potential,0.0215237033384453,69.94072447041191,66.50300127867062,V
electric_potential,0.0216138900378495,70.83004597876379,67.28204210796315,V
electric_potential,0.0217040767372538,71.710782290313,68.05020502566872,V
electric_potential,0.0217978985471034,72.6178550126408,68.83763247065168,V
electric_potential,0.0218917203569531,73.51552097875137,69.61293966633464,V
electric_potential,0.0219855421668027,74.40378018864467,70.37612661271758,V
electric_potential,0.0220793639766524,75.28263264232072,71.1271933098005,V
electric_potential,0.0221769674155365,76.18686388101592,71.89547669915635,V
electric_potential,0.0222745708544206,77.08077660245118,72.65021430688235,V
electric_potential,0.0223721742933047,77.96437080662652,73.39140613297852,V
electric_potential,0.0224697777321888,78.83764649354194,74.11905217744484,V
electric_potential,0.0225713152243483,79.73509579619724,74.86141610658562,V
electric_potential,0.0226728527165079,80.62120972814205,75.58862221425186,V
electric_potential,0.0227743902086675,81.49598828937638,76.30067050044354,V
electric_potential,0.022875927700827,82.35943147990021,76.99756096516069,V
electric_potential,0.0229815578141911,83.24555564600693,77.70618975255239,V
electric_potential,0.0230871879275552,84.11920246151728,78.39790330154861,V
electric_potential,0.0231928180409192,84.98037192643127,79.07270161214933,V
electric_potential,0.0232984481542833,85.82906404074889,79.73058468435458,V
electric_potential,0.0234083358480996,86.69860708633666,80.39678332708455,V
electric_potential,0.023518223541916,87.55437656128544,81.04428969921302,V
electric_potential,0.0236281112357323,88.3963724655952,81.67310380074,V
electric_potential,0.0237379989295486,89.22459479926597,82.28322563166547,V
electric_potential,0.0238523158119953,90.07143145507649,82.8979626548186,V
electric_potential,0.023966632694442,90.9029910540926,83.49246098414952,V
electric_potential,0.0240809495768887,91.7192735963143,84.06672061965823,V
electric_potential,0.0241952664593354,92.52027908174158,84.62074156134472,V
electric_potential,0.0243141910555161,93.33714442293125,85.175746856072,V
electric_potential,0.0244331156516968,94.13693232406035,85.70956897067424,V
electric_potential,0.0245520402478774,94.91964278512891,86.22220790515142,V
electric_potential,0.0246709648440581,95.68527580613691,86.71366365950355,V
electric_potential,0.0247946828747989,96.46332728666204,87.20304883996904,V
electric_potential,0.0249184009055397,97.22203945359742,87.67129676198763,V
electric_potential,0.0250421189362805,97.9614123069431,88.11840742555937,V
electric_potential,0.0251658369670213,98.68144584669906,88.5443808306842,V
electric_potential,0.0252945416389054,99.40948378830812,88.96630268677373,V
electric_potential,0.0254232463107895,100.11507909467916,89.36832299829636,V
electric_potential,0.0255519509826736,100.7982317658122,89.7504417652521,V
electric_potential,0.0256806556545578,101.45894180170728,90.11265898764098,V
electric_potential,0.02581454796165,102.12151836724412,90.4701370280067,V
electric_potential,0.0259484402687423,102.7564571350799,90.8099745778699,V
electric_potential,0.0260823325758346,103.36375810521452,91.1321716372306,V
electric_potential,0.0262162248829268,103.94342127764808,91.43672820608882,V
electric_potential,0.0263555139206599,104.51437867293058,91.73694132076352,V
electric_potential,0.026494802958393,105.05030290912796,92.02231448516284,V
electric_potential,0.026634091996126,105.5511939862402,92.29284769928684,V
electric_potential,0.0267733810338591,106.0170519042673,92.54854096313548,V
electric_potential,0.0269182843255713,106.46183275209106,92.8008800930902,V
electric_potential,0.0270631876172834,106.86798189164652,93.04117293321907,V
electric_potential,0.0272080909089956,107.23549932293368,93.26941948352224,V
electric_potential,0.0273529942007077,107.56438504595258,93.4856197439996,V
electric_potential,0.0275037380373423,107.86769649391506,93.69958437553863,V
electric_potential,0.0276544818739769,108.13977849789286,93.90392715181086,V
electric_potential,0.0278052257106114,108.380631057886,94.09864807281627,V
electric_potential,0.027955969547246,108.59025417389444,94.28374713855492,V
electric_potential,0.0281127893407428,108.7832566626677,94.46759056666728,V
electric_potential,0.0282696091342396,108.95978970407135,94.6437485937674,V
electric_potential,0.0284264289277364,109.1198532981055,94.81222121985527,V
electric_potential,0.0285832487212332,109.26344744477004,94.9730084449309,V
electric_potential,0.0287463893721641,109.4021634755917,95.13329520410598,V
electric_potential,0.0289095300230949,109.53248458154634,95.28738104750552,V
electric_potential,0.0290726706740258,109.65441076263396,95.43526597512955,V
electric_potential,0.0292358113249567,109.76794201885453,95.57694998697804,V
electric_potential,0.029405527604979,109.87980197812544,95.71867564625424,V
electric_potential,0.0295752438850014,109.9865230079842,95.85532270598024,V
electric_potential,0.0297449601650237,110.08810510843075,95.98689116615604,V
electric_potential,0.029914676445046,110.18454827946516,96.1133810267816,V
electric_potential,0.0300912333947717,110.28071922640756,96.24028746586748,V
electric_potential,0.0302677903444974,110.37336362287424,96.36296529912028,V
electric_potential,0.0304443472942232,110.46248146886516,96.48141452654002,V
electric_potential,0.0306209042439489,110.54807276438032,96.59563514812668,V
electric_potential,0.03080457758685,110.63410893343946,96.71052754591584,V
electric_potential,0.0309882509297511,110.71749925765717,96.82184212254214,V
electric_potential,0.0311719242726522,110.79824373703346,96.92957887800556,V
electric_potential,0.0313555976155534,110.87634237156831,97.03373781230616,V
electric_potential,0.0315466741885508,110.95524618615198,97.13874048193097,V
electric_potential,0.0317377507615483,111.0320821825522,97.24067067498864,V
electric_potential,0.0319288273345457,111.10685036076892,97.33952839147916,V
electric_potential,0.0321199039075432,111.1795507208022,97.43531363140252,V
electric_potential,0.032318682108951,111.2533334699826,97.53205704135624,V
electric_potential,0.0325174603103589,111.32542633956658,97.62612641419256,V
electric_potential,0.0327162385117668,111.39582932955418,97.71752174991148,V
electric_potential,0.0329150167131746,111.46454243994536,97.80624304851295,V
electric_potential,0.0331218069686994,111.5344479761984,97.89599706054884,V
electric_potential,0.0333285972242242,111.60290925124951,97.98339569619392,V
electric_potential,0.0335353874797489,111.66992626509874,98.06843895544822,V
electric_potential,0.0337421777352737,111.73549901774606,98.15112683831174,V
electric_potential,0.0339573029827965,111.80235516584496,98.2348937028612,V
electric_potential,0.0341724282303193,111.86796111994832,98.31656378788396,V
electric_potential,0.0343875534778421,111.93231688005618,98.39613709338008,V
electric_potential,0.0346026787253649,111.9954224461685,98.47361361934956,V
electric_potential,0.0348264749192634,112.05989117899124,98.55219591345056,V
electric_potential,0.0350502711131619,112.12325405864746,98.62889415894372,V
electric_potential,0.0352740673070604,112.18551108513708,98.703708355829,V
electric_potential,0.0354978635009589,112.24666225846016,98.77663850410649,V
electric_potential,0.0357306801367568,112.30921051293852,98.85068734153694,V
electric_potential,0.0359634967725548,112.37075704321472,98.9230292312396,V
electric_potential,0.0361963134083527,112.4313018492887,98.99366417321448,V
electric_potential,0.0364291300441507,112.49084493116054,99.06259216746156,V
electric_potential,0.0366713307043141,112.55181645564878,99.1326418702036,V
electric_potential,0.0369135313644775,112.61187462722329,99.20113367013674,V
electric_potential,0.0371557320246408,112.67101944588408,99.26806756726096,V
electric_potential,0.0373979326848042,112.72925091163114,99.3334435615763,V
electric_potential,0.0376498956065367,112.78894289364396,99.39993719658476,V
electric_potential,0.0379018585282693,112.84779010011502,99.46499956093216,V
electric_potential,0.0381538214500018,112.9057925310443,99.5286306546185,V
electric_potential,0.0384057843717343,112.96295018643184,99.59083047764372,V
electric_potential,0.0386679030376584,113.02157931013704,99.65413852902948,V
electric_potential,0.0389300217035826,113.07941573014708,99.71612365173206,V
electric_potential,0.0391921403695068,113.13645944646196,99.77678584575143,V
electric_potential,0.039454259035431,113.1927104590817,99.8361251110876,V
electric_potential,0.0397269427880777,113.25044601375636,99.89655936748412,V
electric_potential,0.0399996265407245,113.30743508884343,99.95576434707098,V
electric_potential,0.0402723102933713,113.36367768434286,100.01374004984822,V
electric_potential,0.0405449940460181,113.41917380025468,100.07048647581584,V
electric_potential,0.0408286687270842,113.47616842766044,100.12831200389346,V
electric_potential,0.0411123434081504,113.5324579293614,100.18498982230804,V
electric_potential,0.0413960180892166,113.58804230535756,100.24051993105962,V
electric_potential,0.0416796927702828,113.64292155564888,100.29490233014816,V
electric_potential,0.0419748013856546,113.69931429475338,100.35034602520165,V
electric_potential,0.0422699100010265,113.75503910946097,100.404713535392,V
electric_potential,0.0425650186163984,113.81009599977163,100.45800486071924,V
electric_potential,0.0428601272317702,113.86448496568542,100.51022000118331,V
electric_potential,0.0431671306433521,113.9204044642218,100.56347726198388,V
electric_potential,0.0434741340549339,113.97568869580182,100.61572144955277,V
electric_potential,0.0437811374665157,114.03033766042554,100.66695256388994,V
electric_potential,0.0440881408780975,114.08435135809292,100.71717060499545,V
electric_potential,0.0444075185235252,114.139908469896,100.7684106290203,V
electric_potential,0.0447268961689528,114.1948532584832,100.81869358469766,V
electric_potential,0.0450462738143804,114.2491857238545,100.86801947202753,V
electric_potential,0.0453656514598081,114.30290586600992,100.91638829100988,V
electric_potential,0.0456979021011717,114.35817775667952,100.965758234497,V
electric_potential,0.0460301527425354,114.41285733292048,101.01422088478311,V
electric_potential,0.0463624033838991,114.46694459473292,101.06177624186827,V
electric_potential,0.0466946540252628,114.52043954211676,101.10842430575244,V
electric_potential,0.0470402965280083,114.57549675205708,101.15605189655793,V
electric_potential,0.0473859390307539,114.6299801715333,101.20281675179248,V
electric_potential,0.0477315815334994,114.68388980054544,101.24871887145608,V
electric_potential,0.0480772240362449,114.73722563909344,101.29375825554874,V
electric_potential,0.0484367981794696,114.79213549116348,101.33975529515692,V
electric_potential,0.0487963723226943,114.84648874782124,101.38492974197725,V
electric_potential,0.049155946465919,114.90028540906668,101.42928159600967,V
electric_potential,0.0495155206091436,114.9535254748998,101.4728108572542,V
electric_potential,0.0498895879285524,115.00835306759512,101.51727571196332,V
electric_potential,0.0502636552479611,115.06263951642754,101.5609542999369,V
electric_potential,0.0506377225673699,115.1163848213971,101.60384662117488,V
electric_potential,0.0510117898867786,115.1695889825038,101.64595267567728,V
electric_potential,0.0514009345516168,115.22439229754217,101.68897215632268,V
electric_potential,0.0517900792164551,115.27866452411143,101.7312383814458,V
electric_potential,0.0521792238812933,115.33240566221174,101.7727513510466,V
electric_potential,0.0525683685461315,115.385615711843,101.81351106512508,V
electric_potential,0.0529731982714638,115.44043353455716,101.85516199475364,V
electric_potential,0.0533780279967961,115.49472891551244,101.8960897890762,V
electric_potential,0.0537828577221284,115.54850185470886,101.93629444809278,V
electric_potential,0.0541876874474608,115.60175235214636,101.9757759718034,V
electric_potential,0.0546088344432208,115.6566208198538,102.016126514811,V
electric_potential,0.0550299814389808,115.71097502176914,102.05578149425524,V
electric_potential,0.0554511284347408,115.76481495789233,102.094740910136,V
electric_potential,0.0558722754305008,115.8181406282234,102.1330047624534,V
electric_potential,0.0563103973887934,115.87309540420792,102.17211531314196,V
electric_potential,0.0567485193470861,115.92754365129753,102.21055539777988,V
electric_potential,0.0571866413053787,115.98148536949223,102.24832501636703,V
electric_potential,0.0576247632636713,116.03492055879208,102.2854241689035,V
electric_potential,0.0580805443858702,116.08999694055429,102.32334754427568,V
electric_potential,0.0585363255080691,116.14457411548732,102.36062357464674,V
electric_potential,0.058992106630268,116.19865208359118,102.39725226001664,V
electric_potential,0.0594478877524669,116.25223084486592,102.43323360038538,V
electric_potential,0.0599220398177102,116.30746384565812,102.4700167345905,V
electric_potential,0.0603961918829534,116.36220456279744,102.50617392115626,V
electric_potential,0.0608703439481967,116.41645299628392,102.54170516008271,V
electric_potential,0.06134449601344,116.47020914611755,102.57661045136982,V
electric_potential,0.0618377594901935,116.52563354479824,102.61229514136048,V
electric_potential,0.062331022966947,116.58057219055854,102.64737375165645,V
electric_potential,0.0628242864437006,116.63502508339845,102.68184628225762,V
electric_potential,0.0633175499204541,116.68899222331792,102.71571273316408,V
electric_potential,0.063830695122878,116.74464257579776,102.75033622166546,V
electric_potential,0.064343840325302,116.7998133090912,102.78437213765496,V
electric_potential,0.0648569855277259,116.85450442319828,102.81782048113264,V
electric_potential,0.0653701307301498,116.90871591811894,102.85068125209844,V
electric_potential,0.0659039590210741,116.96462749786002,102.88427673009711,V
electric_potential,0.0664377873119984,117.02006302516894,102.91730192865676,V
electric_potential,0.0669716156029227,117.0750225000457,102.94975684777738,V
electric_potential,0.0675054438938469,117.12950592249032,102.98164148745896,V
electric_potential,0.0680607889362346,117.18569964083404,103.01423854820064,V
electric_potential,0.0686161339786222,117.2414159200006,103.0462814991853,V
electric_potential,0.0691714790210098,117.29665475999,103.07777034041295,V
electric_potential,0.0697268240633974,117.35141616080226,103.10870507188363,V
electric_potential,0.07030455312225,117.40789701852069,103.14032972407745,V
electric_potential,0.0708822821811024,117.4638986481178,103.17141516978396,V
electric_potential,0.0714600112399549,117.5194210495936,103.20196140900322,V
electric_potential,0.0720377402988074,117.57446422294808,103.2319684417352,V
electric_potential,0.0726387555955455,117.631236273628,103.26264268549292,V
electric_potential,0.0732397708922835,117.68752704715882,103.29279172833834,V
electric_potential,0.0738407861890215,117.74333654354058,103.32241557027146,V
electric_potential,0.0744418014857596,117.79866476277324,103.35151421129224,V
electric_potential,0.0750670416071939,117.85573110434552,103.38125729824978,V
electric_potential,0.0756922817286283,117.91231376633212,103.4104883951267,V
electric_potential,0.0763175218500627,117.96841274873312,103.43920750192302,V
electric_potential,0.076942761971497,118.02402805154853,103.46741461863876,V
electric_potential,0.0775932033355904,118.08139038837362,103.49624332580328,V
electric_potential,0.0782436446996838,118.1382661677594,103.52457253115104,V
electric_potential,0.0788940860637772,118.19465538970591,103.5524022346821,V
electric_potential,0.0795445274278705,118.25055805421316,103.57973243639644,V
electric_potential,0.0802211858085788,118.3082161187657,103.60766125988177,V
electric_potential,0.0808978441892872,118.36538411261816,103.63510240952074,V
electric_potential,0.0815745025699955,118.42206203577054,103.6620558853134,V
electric_potential,0.0822511609507038,118.4782498882228,103.68852168725977,V
electric_potential,0.0829550930642787,118.53620067648332,103.7155630032568,V
electric_potential,0.0836590251778536,118.59365703420224,103.74212786611358,V
electric_potential,0.0843629572914285,118.65061896137956,103.76821627583004,V
electric_potential,0.0850668894050034,118.70708645801524,103.7938282324062,V
electric_potential,0.085799194560233,118.76532321413094,103.81999247040837,V
electric_potential,0.0865314997154626,118.823060052316,103.84569080250192,V
electric_potential,0.0872638048706923,118.88029697257042,103.87092322868688,V
electric_potential,0.0879961100259219,118.93703397489418,103.89568974896324,V
electric_potential,0.0887579318408871,118.99554483460685,103.92098469665082,V
electric_potential,0.0895197536558522,119.05354878390304,103.94582343922676,V
electric_potential,0.0902815754708174,119.11104582278284,103.97020597669103,V
electric_potential,0.0910433972857825,119.16803595124618,103.99413230904368,V
electric_potential,0.0918359254738093,119.22680226143302,104.01856280482336,V
electric_potential,0.0926284536618361,119.28505249027852,104.04254627760096,V
electric_potential,0.0934209818498629,119.3427866377827,104.06608272737652,V
electric_potential,0.0942135100378897,119.40000470394553,104.08917215415003,V
electric_potential,0.0950379822654876,119.45899620489249,104.11274111971328,V
electric_potential,0.0958624544930855,119.51745284968548,104.1358717634483,V
electric_potential,0.0966869267206834,119.57537463832456,104.15856408535514,V
electric_potential,0.0975113989482813,119.63276157080963,104.18081808543376,V
electric_potential,0.0983691027679685,119.69190422452304,104.20352658076509,V
electric_potential,0.0992268065876555,119.75048784980092,104.22580499466244,V
electric_potential,0.1000845104073427,119.80851244664323,104.2476533271258,V
electric_potential,0.1009422142270298,119.86597801505006,104.26907157815518,V
electric_potential,0.1018344890880632,119.9251761719542,104.29091880684852,V
electric_potential,0.1027267639490966,119.98378757885683,104.31234374758512,V
electric_potential,0.1036190388101301,120.04181223575802,104.33334640036504,V
electric_potential,0.1045113136711635,120.09925014265764,104.35392676518823,V
electric_potential,0.1054395530113155,120.15838926261664,104.37491005742024,V
electric_potential,0.1063677923514676,120.21690934740111,104.39547840968788,V
electric_potential,0.1072960316916196,120.27481039701108,104.41563182199116,V
electric_potential,0.1082242710317716,120.3320924114465,104.43537029433008,V
electric_potential,0.1091899244534178,120.39103350177253,104.45548499947974,V
electric_potential,0.1101555778750641,120.4493172542466,104.4751912950816,V
electric_potential,0.1111212312967103,120.5069436688688,104.49448918113568,V
electric_potential,0.1120868847183566,120.56391274563906,104.513378657642,V
electric_potential,0.1130914602522748,120.62248565356025,104.53261629010376,V
electric_potential,0.114096035786193,120.6803591035932,104.5514513740222,V
electric_potential,0.1151006113201112,120.73753309573786,104.56988390939736,V
electric_potential,0.1161051868540294,120.79400762999433,104.5879138962292,V
electric_potential,0.117150253314444,120.8520223130083,104.60626312471744,V
electric_potential,0.1181953197748585,120.9092898166008,104.62421518400056,V
electric_potential,0.1192403862352731,120.96581014077182,104.64177007407852,V
electric_potential,0.1202854526956876,121.02158328552136,104.65892779495135,V
electric_potential,0.1213726421302377,121.0788150177742,104.67637483394844,V
electric_potential,0.1224598315647878,121.1352436788452,104.69342959177618,V
electric_potential,0.1235470209993379,121.1908692687344,104.71009206843463,V
electric_potential,0.1246342104338881,121.24569178744176,104.7263622639238,V
electric_potential,0.1257652206723455,121.30187396497756,104.74289073084422,V
electric_potential,0.126896230910803,121.35718901751426,104.75903129444198,V
electric_potential,0.1280272411492605,121.41163694505188,104.77478395471712,V
electric_potential,0.129158251387718,121.4652177475904,104.79014871166956,V
electric_potential,0.130334848693435,121.5200378077161,104.80573943840508,V
electric_potential,0.1315114459991521,121.57391632186184,104.8209460973918,V
electric_potential,0.1326880433048691,121.62685329002768,104.83576868862974,V
electric_potential,0.1338646406105861,121.67884871221356,104.85020721211885,V
electric_potential,0.1350886624388134,121.73193757234476,104.86483806278338,V
electric_potential,0.1363126842670407,121.7839982696744,104.8790877136832,V
electric_potential,0.137536706095268,121.83503080420256,104.89295616481832,V
electric_potential,0.1387607279234953,121.88503517592927,104.90644341618876,V
electric_potential,0.1400340857908787,121.9359579788026,104.92008676414208,V
electric_potential,0.1413074436582622,121.98575411783362,104.93335067239218,V
electric_potential,0.1425808015256456,122.03442359302235,104.94623514093904,V
electric_potential,0.143854159393029,122.08196640436876,104.95874016978264,V
electric_potential,0.1451788418627653,122.1302217733993,104.97136311369022,V
electric_potential,0.1465035243325017,122.17724015116346,104.98360760215328,V
electric_potential,0.147828206802238,122.2230215376612,104.99547363517188,V
electric_potential,0.1491528892719743,122.26756593289257,105.00696121274603,V
electric_potential,0.1505309650592881,122.31258325494149,105.01852628065772,V
electric_potential,0.1519090408466019,122.35624157082088,105.02971302691311,V
electric_potential,0.1532871166339157,122.39854088053076,105.04052145151223,V
electric_potential,0.1546651924212295,122.43948118407116,105.05095155445504,V
electric_potential,0.1560988136240214,122.4806186340527,105.06141619710264,V
electric_potential,0.1575324348268132,122.52026413411204,105.07150169558244,V
electric_potential,0.158966056029605,122.55841768424918,105.08120804989444,V
electric_potential,0.1603996772323969,122.59507928446408,105.09053526003862,V
electric_potential,0.1618910826921071,122.6316249319876,105.0998512044432,V
electric_potential,0.1633824881518173,122.66653535681044,105.10878605387828,V
electric_potential,0.1648738936115275,122.69981055893273,105.11733980834384,V
electric_potential,0.1663652990712377,122.73145053835437,105.12551246783993,V
electric_potential,0.1679168178691753,122.7626193601046,105.13362458414204,V
electric_potential,0.1694683366671129,122.79200215072784,105.14135156400891,V
electric_potential,0.1710198554650506,122.81959891022416,105.14869340744058,V
electric_potential,0.1725713742629882,122.84540963859352,105.15565011443698,V
electric_potential,0.1741854293575843,122.87035944703985,105.16249190554473,V
electric_potential,0.1757994844521804,122.89337502868426,105.16894252440694,V
electric_potential,0.1774135395467765,122.91445638352673,105.17500197102368,V
electric_potential,0.1790275946413727,122.93360351156724,105.18067024539492,V
electric_potential,0.180706706652039,122.95147368976822,105.18616457211732,V
electric_potential,0.1823858186627054,122.96727410417448,105.19125971213646,V
electric_potential,0.1840649306733718,122.981004754786,105.19595566545232,V
electric_potential,0.1857440426840382,122.99266564160276,105.2002524320649,V
electric_potential,0.1874908338275397,123.0026182631084,105.20431068549132,V
electric_potential,0.1892376249710413,123.01038481391484,105.20795937483813,V
electric_potential,0.1909844161145429,123.0159652940222,105.21119850010533,V
electric_potential,0.1927312072580445,123.01935970343042,105.21402806129288,V
electric_potential,0.1945484054435333,123.02060676693046,105.2165480450496,V
electric_potential,0.1963656036290222,123.01958739639522,105.21864518907152,V
electric_potential,0.1981828018145111,123.01630159182469,105.22031949335866,V
electric_potential,0.2,123.01074935321884,105.221570957911,V
electric_potential,0.2018171981854889,123.00299194893478,105.22240912700867,V
electric_potential,0.2036343963709777,122.99311501654208,105.22283997875412,V
electric_potential,0.2054515945564666,122.98111855604076,105.22286351314732,V
electric_potential,0.2072687927419555,122.96700256743082,105.22247973018828,V
electric_potential,0.2090155838854571,122.95151700002975,105.2217330227985,V
electric_potential,0.2107623750289586,122.93424560656564,105.22061957333456,V
electric_potential,0.2125091661724602,122.91518838703848,105.21913938179648,V
electric_potential,0.2142559573159618,122.89434534144829,105.21729244818424,V
electric_potential,0.2159350693266282,122.8727151531383,105.21517515294649,V
electric_potential,0.2176141813372945,122.84961094216774,105.21272451011016,V
electric_potential,0.2192932933479609,122.8250327085366,105.20994051967534,V
electric_potential,0.2209724053586273,122.79898045224488,105.206823181642,V
electric_potential,0.2225864604532234,122.77263516103976,105.20351440915329,V
electric_potential,0.2242005155478195,122.74509556616744,105.19990006258544,V
electric_potential,0.2258145706424157,122.71636166762784,105.19598014193842,V
electric_potential,0.2274286257370118,122.686433465421,105.19175464721226,V
electric_potential,0.2289801445349494,122.65661933417336,105.1874054863982,V
electric_potential,0.230531663332887,122.62585031862352,105.18277405601415,V
electric_potential,0.2320831821308246,122.59412641877154,105.17786035606014,V
electric_potential,0.2336347009287622,122.56144763461737,105.17266438653614,V
electric_potential,0.2351261063884724,122.52920291672146,105.16740329586015,V
electric_potential,0.2366175118481826,122.49619747522635,105.16187961670649,V
electric_potential,0.2381089173078928,122.462431310132,105.15609334907516,V
electric_potential,0.239600322767603,122.42790442143838,105.15004449296616,V
electric_potential,0.2410339439703949,122.39405144739158,105.14398116837366,V
electric_potential,0.2424675651731867,122.35958673759744,105.13767154121577,V
electric_potential,0.2439011863759785,122.32451029205592,105.13111561149243,V
electric_potential,0.2453348075787704,122.28882211076709,105.12431337920368,V
electric_potential,0.2467128833660842,122.25397857527966,105.1175403916504,V
electric_potential,0.248090959153398,122.21863504909368,105.11053492536242,V
electric_potential,0.2494690349407119,122.18279153220914,105.10329698033976,V
electric_potential,0.2508471107280257,122.14644802462608,105.09582655658244,V
electric_potential,0.252171793197762,122.11106927638598,105.08842382202894,V
electric_potential,0.2534964756674983,122.07527205008186,105.08080055266792,V
electric_potential,0.2548211581372346,122.03905634571368,105.07295674849932,V
electric_potential,0.2561458406069709,122.00242216328144,105.06489240952318,V
electric_potential,0.2574191984743543,121.96682822968442,105.05692966310566,V
electric_potential,0.2586925563417378,121.93087127402153,105.04875677658704,V
electric_potential,0.2599659142091212,121.8945512962928,105.04037374996727,V
electric_potential,0.2612392720765046,121.8578682964982,105.0317805832464,V
electric_potential,0.262463293904732,121.82227318508389,105.02331901159414,V
electric_potential,0.2636873157329593,121.78635583981372,105.0146564041549,V
electric_potential,0.2649113375611865,121.75011626068768,105.0057927609287,V
electric_potential,0.2661353593894139,121.71355444770585,104.9967280819155,V
electric_potential,0.2673119566951309,121.67811017196156,104.98782162494562,V
electric_potential,0.2684885540008479,121.64237464736108,104.97872215128736,V
electric_potential,0.2696651513065649,121.60634787390435,104.96942966094072,V
electric_potential,0.2708417486122819,121.57002985159146,104.9599441539057,V
electric_potential,0.2719727588507394,121.53484644354404,104.95064055612352,V
electric_potential,0.2731037690891969,121.49939597438473,104.94115103993995,V
electric_potential,0.2742347793276544,121.46367844411353,104.93147560535505,V
electric_potential,0.2753657895661119,121.4276938527304,104.92161425236878,V
electric_potential,0.276452979000662,121.39285194810876,104.91195594606415,V
electric_potential,0.2775401684352121,121.3577623005148,104.90211789648562,V
electric_potential,0.2786273578697622,121.32242490994857,104.89210010363315,V
electric_potential,0.2797145473043123,121.28683977641,104.8819025675068,V
electric_potential,0.2807596137647269,121.25239880863182,104.87192665149853,V
electric_potential,0.2818046802251415,121.21772582253163,104.8617763667528,V
electric_potential,0.282849746685556,121.18282081810936,104.85145171326968,V
electric_potential,0.2838948131459706,121.14768379536504,104.84095269104915,V
electric_potential,0.2848993886798888,121.11368750757768,104.83069194964192,V
electric_potential,0.285903964213807,121.07947220702538,104.82026165618572,V
electric_potential,0.2869085397477252,121.0450378937082,104.80966181068057,V
electric_potential,0.2879131152816434,121.01038456762616,104.7988924131264,V
electric_potential,0.2888787687032896,120.9768650524077,104.78837624554214,V
electric_potential,0.2898444221249359,120.9431373017432,104.77769486073689,V
electric_potential,0.2908100755465821,120.90920131563254,104.76684825871064,V
electric_potential,0.2917757289682283,120.8750570940758,104.7558364394634,V
electric_potential,0.2927039683083803,120.84203591988748,104.7450912765357,V
electric_potential,0.2936322076485324,120.8088134156526,104.7341848105462,V
electric_potential,0.2945604469886844,120.77538958137116,104.72311704149487,V
electric_potential,0.2954886863288364,120.7417644170432,104.71188796938172,V
electric_potential,0.2963809611898699,120.709247482395,104.7009376188089,V
electric_potential,0.2972732360509034,120.67653463187652,104.6898295084354,V
electric_potential,0.2981655109119368,120.64362586548782,104.67856363826122,V
electric_potential,0.2990577857729702,120.61052118322888,104.66714000828638,V
electric_potential,0.2999154895926573,120.5785094838994,104.65600594376224,V
electric_potential,0.3007731934123444,120.54630661452596,104.64471733266294,V
electric_potential,0.3016308972320315,120.51391257510852,104.63327417498849,V
electric_potential,0.3024886010517186,120.4813273656472,104.62167647073888,V
electric_potential,0.3033130732793165,120.44981940335192,104.61037807649984,V
electric_potential,0.3041375455069145,120.41812456983588,104.5989280527296,V
electric_potential,0.3049620177345125,120.38624286509912,104.58732639942816,V
electric_potential,0.3057864899621104,120.35417428914164,104.5755731165955,V
electric_potential,0.3065790181501371,120.32316698375972,104.56412789620478,V
electric_potential,0.3073715463381639,120.29197681133888,104.55253369544523,V
electric_potential,0.3081640745261906,120.26060377187912,104.54079051431692,V
electric_potential,0.3089566027142174,120.2290478653804,104.5288983528198,V
electric_potential,0.3097184245291826,120.19853717789888,104.51732211929686,V
electric_potential,0.3104802463441477,120.16784743806568,104.50559925094473,V
electric_potential,0.3112420681591129,120.13697864588084,104.4937297477634,V
electric_potential,0.312003889974078,120.10593080134431,104.48171360975286,V
electric_potential,0.3127361951293076,120.0759121586751,104.47002032396183,V
electric_potential,0.3134685002845373,120.04571816139584,104.45818247023836,V
electric_potential,0.314200805439767,120.01534880950658,104.44620004858244,V
electric_potential,0.3149331105949966,119.98480410300728,104.43407305899404,V
electric_potential,0.3156370427085715,119.95527268608063,104.42227514296476,V
electric_potential,0.3163409748221464,119.92556954518987,104.4103345265278,V
electric_potential,0.3170449069357213,119.89569468033508,104.3982512096832,V
electric_potential,0.3177488390492962,119.8656480915162,104.38602519243092,V
electric_potential,0.3184254974300045,119.83659928524897,104.37413382449968,V
electric_potential,0.3191021558107128,119.80738201740792,104.36210143955168,V
electric_potential,0.3197788141914212,119.7779962879931,104.34992803758692,V
electric_potential,0.3204554725721295,119.74844209700446,104.33761361860545,V
electric_potential,0.3211059139362228,119.71986881836344,104.325638839206,V
electric_potential,0.3217563553003162,119.69112918106252,104.31352455492694,V
electric_potential,0.3224067966644096,119.66222318510168,104.3012707657682,V
electric_potential,0.3230572380285029,119.63315083048091,104.28887747172983,V
electric_potential,0.3236824781499373,119.60504281981108,104.27682827625068,V
electric_potential,0.3243077182713717,119.57677064160946,104.26464092779167,V
electric_potential,0.3249329583928061,119.54833429587607,104.25231542635282,V
electric_potential,0.3255581985142404,119.51973378261096,104.2398517719341,V
electric_potential,0.3261592138109784,119.49208152268768,104.22773619297652,V
electric_potential,0.3267602291077165,119.46426738003916,104.21548366221792,V
electric_potential,0.3273612444044545,119.43629135466544,104.2030941796583,V
electric_potential,0.3279622597011925,119.40815344656646,104.19056774529768,V
electric_potential,0.328539988760045,119.38094815259032,104.17839292610316,V
electric_potential,0.3291177178188975,119.35358335592429,104.1660822138598,V
electric_potential,0.32969544687775,119.32605905656828,104.1536356085676,V
electric_potential,0.3302731759366025,119.29837525452234,104.14105311022657,V
electric_potential,0.3308285209789902,119.27160885014855,104.12882537065256,V
electric_potential,0.3313838660213778,119.2446854171929,104.11646266163582,V
electric_potential,0.3319392110637654,119.21760495565536,104.10396498317634,V
electric_potential,0.3324945561061531,119.19036746553589,104.09133233527412,V
electric_potential,0.3330283843970774,119.16403273949383,104.07905723138258,V
electric_potential,0.3335622126880016,119.13754338328802,104.06664795292993,V
electric_potential,0.3340960409789258,119.11089939691844,104.05410449991614,V
electric_potential,0.3346298692698501,119.0841007803851,104.04142687234123,V
electric_potential,0.335143014472274,119.0581895568274,104.02910925540348,V
electric_potential,0.335656159674698,119.03212490194711,104.01665812385508,V
electric_potential,0.336169304877122,119.0059068157442,104.00407347769604,V
electric_potential,0.3366824500795459,118.97953529821864,103.99135531692642,V
electric_potential,0.3371757135562994,118.9540356927506,103.97899929931496,V
electric_potential,0.337668977033053,118.92838391491716,103.96651027078536,V
electric_potential,0.3381622405098065,118.90257996471831,103.9538882313376,V
electric_potential,0.33865550398656,118.87662384215406,103.94113318097168,V
electric_potential,0.3391296560518033,118.85152484738823,103.92874213912826,V
electric_potential,0.3396038081170465,118.82627509544156,103.91621847606572,V
electric_potential,0.3400779601822897,118.80087458631402,103.90356219178403,V
electric_potential,0.3405521122475329,118.7753233200056,103.8907732862832,V
electric_potential,0.3410078933697318,118.75061495406278,103.87835003016852,V
electric_potential,0.3414636744919307,118.72575739242382,103.86579443398472,V
electric_potential,0.3419194556141297,118.70075063508877,103.85310649773189,V
electric_potential,0.3423752367363286,118.67559468205754,103.84028622140993,V
electric_potential,0.3428133586946212,118.65126791052212,103.82783303433398,V
electric_potential,0.3432514806529139,118.62679364133918,103.81524768294904,V
electric_potential,0.3436896026112065,118.60217187450873,103.80253016725514,V
electric_potential,0.3441277245694992,118.57740261003072,103.78968048725226,V
electric_potential,0.3445488715652592,118.553449271725,103.77719915820371,V
electric_potential,0.3449700185610191,118.52935026092791,103.7645857378039,V
electric_potential,0.3453911655567792,118.50510557763948,103.75184022605278,V
electric_potential,0.3458123125525392,118.4807152218597,103.73896262295034,V
electric_potential,0.3462171422778715,118.45712795860037,103.72645447548132,V
electric_potential,0.3466219720032038,118.43339696598268,103.71381420885864,V
electric_potential,0.3470268017285361,118.40952224400664,103.70104182308228,V
electric_potential,0.3474316314538684,118.38550379267228,103.68813731815224,V
electric_potential,0.3478207761187066,118.36227601128088,103.67560323604673,V
electric_potential,0.3482099207835449,118.3389065804942,103.66293690773628,V
electric_potential,0.3485990654483831,118.31539550031223,103.65013833322088,V
electric_potential,0.3489882101132214,118.29174277073498,103.63720751250054,V
electric_potential,0.3493622774326301,118.26886867987956,103.62464796240045,V
electric_potential,0.3497363447520388,118.245854164046,103.61195594078023,V
electric_potential,0.3501104120714475,118.22269922323429,103.59913144763992,V
electric_potential,0.3504844793908563,118.1994038574444,103.58617448297952,V
electric_potential,0.350844053534081,118.17687376225528,103.57358953410132,V
electric_potential,0.3512036276773057,118.15420407114291,103.56087179058012,V
electric_potential,0.3515632018205303,118.13139478410731,103.54802125241584,V
electric_potential,0.351922775963755,118.10844590114846,103.53503791960858,V
electric_potential,0.3522684184665005,118.08624975489316,103.52242726065,V
electric_potential,0.3526140609692461,118.06391499991584,103.50968338603649,V
electric_potential,0.3529597034719916,118.04144163621662,103.496806295768,V
electric_potential,0.3533053459747371,118.0188296637954,103.4837959898446,V
electric_potential,0.3536375966161008,117.99695841423912,103.47115894535808,V
electric_potential,0.3539698472574645,117.97494968981368,103.45838816048771,V
electric_potential,0.3543020978988282,117.95280349051905,103.44548363523351,V
electric_potential,0.3546343485401919,117.93051981635529,103.43244536959546,V
electric_potential,0.3549537261856196,117.90896532340592,103.41978087470712,V
electric_potential,0.3552731038310472,117.887274625469,103.406981997217,V
electric_potential,0.3555924814764749,117.86544772254445,103.39404873712505,V
electric_potential,0.3559118591219025,117.84348461463227,103.38098109443128,V
electric_potential,0.3562188625334843,117.82223973523188,103.36828768174271,V
electric_potential,0.3565258659450661,117.8008599865457,103.35545914201708,V
electric_potential,0.3568328693566479,117.77934536857371,103.34249547525437,V
electric_potential,0.3571398727682297,117.75769588131595,103.32939668145453,V
electric_potential,0.3574349813836016,117.73675320464342,103.31667254578194,V
electric_potential,0.3577300899989735,117.7156756771292,103.30381243471707,V
electric_potential,0.3580251986143453,117.69446329877329,103.29081634825992,V
electric_potential,0.3583203072297172,117.67311606957568,103.2776842864105,V
electric_potential,0.3586039819107833,117.65246369991684,103.26492728961438,V
electric_potential,0.3588876565918495,117.63167648289108,103.2520333619724,V
electric_potential,0.3591713312729158,117.6107544184984,103.23900250348464,V
electric_potential,0.3594550059539819,117.5896975067388,103.22583471415102,V
electric_potential,0.3597276897066287,117.5693242931138,103.21304238542432,V
electric_potential,0.3600003734592755,117.54881640588292,103.20011205940742,V
electric_potential,0.3602730572119222,117.52817384504618,103.18704373610032,V
electric_potential,0.360545740964569,117.50739661060356,103.17383741550302,V
electric_potential,0.3608078596304932,117.48729248596857,103.161006948869,V
electric_potential,0.3610699782964174,117.46705401953082,103.14803730285522,V
electric_potential,0.3613320969623416,117.4466812112904,103.1349284774617,V
electric_potential,0.3615942156282657,117.42617406124728,103.12168047268844,V
electric_potential,0.3618461785499982,117.40632995377314,103.10880872162691,V
electric_potential,0.3620981414717307,117.38635198311484,103.09579648797738,V
electric_potential,0.3623501043934632,117.3662401492724,103.08264377173975,V
electric_potential,0.3626020673151957,117.34599445224578,103.06935057291406,V
electric_potential,0.3628442679753591,117.32640220378688,103.05643404200056,V
electric_potential,0.3630864686355225,117.30667670730251,103.04337559780988,V
electric_potential,0.3633286692956858,117.28681796279264,103.03017524034202,V
electric_potential,0.3635708699558492,117.26682597025732,103.01683296959698,V
electric_potential,0.3638036865916472,117.2474782754098,103.00386780299736,V
electric_potential,0.3640365032274452,117.22799814871948,102.990759157619,V
electric_potential,0.3642693198632431,117.20838559018642,102.977507033462,V
electric_potential,0.364502136499041,117.1886405998106,102.96411143052626,V
electric_potential,0.3647259326929395,117.16953150001504,102.9510933971497,V
electric_potential,0.3649497288868381,117.15028954209257,102.93793017628352,V
electric_potential,0.3651735250807366,117.13091472604329,102.92462176792765,V
electric_potential,0.3653973212746351,117.11140705186712,102.91116817208211,V
electric_potential,0.3656124465221579,117.0925242759566,102.89809264787571,V
electric_potential,0.3658275717696807,117.07350730052012,102.88487007332812,V
electric_potential,0.3660426970172035,117.05435612555772,102.87150044843936,V
electric_potential,0.3662578222647262,117.03507075106938,102.85798377320944,V
electric_potential,0.3664646125202511,117.01640043426636,102.84484570697126,V
electric_potential,0.3666714027757758,116.99759475129837,102.83155855434784,V
electric_potential,0.3668781930313005,116.9786537021654,102.81812231533922,V
electric_potential,0.3670849832868254,116.95957728686749,102.80453698994536,V
electric_potential,0.3672837614882332,116.94110676821862,102.79133085544684,V
electric_potential,0.367482539689641,116.92249987670247,102.7779734216912,V
electric_potential,0.3676813178910489,116.90375661231909,102.76446468867842,V
electric_potential,0.3678800960924568,116.88487697506844,102.75080465640852,V
electric_potential,0.3680711726654542,116.86659469549431,102.73752445304558,V
electric_potential,0.3682622492384517,116.8481751830874,102.72409054727554,V
electric_potential,0.3684533258114491,116.82961843784764,102.7105029390984,V
electric_potential,0.3686444023844465,116.8109244597751,102.69676162851418,V
electric_potential,0.3688280757273476,116.7928198690534,102.68340084582964,V
electric_potential,0.3690117490702488,116.77457732027692,102.66988375136609,V
electric_potential,0.3691954224131499,116.75619681344575,102.65621034512353,V
electric_potential,0.369379095756051,116.73767834855984,102.64238062710194,V
electric_potential,0.3695556527057768,116.71974182002138,102.62893220198536,V
electric_potential,0.3697322096555025,116.70166673229046,102.61532463141684,V
electric_potential,0.3699087666052282,116.6834530853671,102.6015579153964,V
electric_potential,0.370085323554954,116.66510087925128,102.58763205392404,V
electric_potential,0.3702550398349763,116.64732363069638,102.57408832108848,V
electric_potential,0.3704247561149987,116.62940733791667,102.56038236430696,V
electric_potential,0.3705944723950209,116.61135200091218,102.54651418357946,V
electric_potential,0.3707641886750433,116.59315761968288,102.53248377890604,V
electric_potential,0.3709273293259741,116.57553246208847,102.5188364136946,V
electric_potential,0.371090469976905,116.55776727801722,102.50502347789649,V
electric_potential,0.3712536106278358,116.53986206746912,102.49104497151168,V
electric_potential,0.3714167512787666,116.52181683044418,102.4769008945402,V
electric_potential,0.3715735710722634,116.50433221839396,102.46314084692156,V
electric_potential,0.3717303908657603,116.48670498786753,102.44921158736304,V
electric_potential,0.3718872106592572,116.46893513886484,102.43511311586472,V
electric_potential,0.3720440304527539,116.451022671386,102.4208454324265,V
electric_potential,0.3721947742893885,116.43366320843144,102.40696285080458,V
electric_potential,0.3723455181260231,116.41615866128578,102.39290709085108,V
electric_potential,0.3724962619626576,116.39850902994895,102.378678152566,V
electric_potential,0.3726470057992922,116.38071431442104,102.36427603594936,V
electric_potential,0.3727919090910043,116.36346567854012,102.3502601791265,V
electric_potential,0.3729368123827166,116.34606959989112,102.3360668178314,V
electric_potential,0.3730817156744287,116.32852607847408,102.3216959520641,V
electric_potential,0.3732266189661409,116.31083511428898,102.3071475818246,V
electric_potential,0.373365908003874,116.29368394346784,102.29298671789626,V
electric_potential,0.373505197041607,116.27638306083512,102.27864362156286,V
electric_potential,0.37364448607934,116.2589324663908,102.2641182928244,V
electric_potential,0.3737837751170731,116.24133216013487,102.2494107316809,V
electric_potential,0.3739176674241654,116.22426594423816,102.23509200619738,V
electric_potential,0.3740515597312576,116.20704790588766,102.22058587090024,V
electric_potential,0.3741854520383499,116.18967804508335,102.20589232578948,V
electric_potential,0.3743193443454422,116.17215636182522,102.19101137086508,V
electric_potential,0.3744480490173262,116.1551640184312,102.17652067074825,V
electric_potential,0.3745767536892104,116.13801667375944,102.16183688449156,V
electric_potential,0.3747054583610945,116.1207143278099,102.14696001209504,V
electric_potential,0.3748341630329786,116.10325698058264,102.13189005355872,V
electric_potential,0.3749578810637194,116.08632207349768,102.11721185779176,V
electric_potential,0.3750815990944602,116.06922801574149,102.10233433903042,V
electric_potential,0.375205317125201,116.05197480731395,102.08725749727472,V
electric_potential,0.3753290351559418,116.0345624482152,102.07198133252466,V
electric_potential,0.3754479597521225,116.0176667470687,102.05709852421428,V
electric_potential,0.3755668843483032,116.00060778106976,102.0420095237005,V
electric_potential,0.3756858089444839,115.98338555021844,102.02671433098332,V
electric_potential,0.3758047335406645,115.96600005451468,102.01121294606271,V
electric_potential,0.3759190504231112,115.94912636198325,101.9961065915046,V
electric_potential,0.3760333673055579,115.93208537154624,101.98078645912148,V
electric_potential,0.3761476841880046,115.9148770832037,101.96525254891336,V
electric_potential,0.3762620010704513,115.89750149695558,101.94950486088024,V
electric_potential,0.3763718887642676,115.88063256198676,101.93415394885892,V
electric_potential,0.376481776458084,115.86358959161888,101.9185808581543,V
electric_potential,0.3765916641519004,115.84637258585198,101.90278558876632,V
electric_potential,0.3767015518457167,115.82898154468604,101.88676814069504,V
electric_potential,0.3768071819590808,115.8120902245542,101.87114927351084,V
electric_potential,0.3769128120724448,115.79501749805232,101.85529889480635,V
electric_potential,0.3770184421858089,115.7777633651804,101.83921700458151,V
electric_potential,0.377124072299173,115.76032782593838,101.8229036028364,V
electric_potential,0.3772256097913325,115.74338645353949,101.80699062842793,V
electric_potential,0.377327147283492,115.72625614343818,101.79083573908754,V
electric_potential,0.3774286847756516,115.70893689563452,101.7744389348153,V
electric_potential,0.3775302222678111,115.69142871012843,101.75780021561116,V
electric_potential,0.3776278257066952,115.67441001140696,101.74156378743756,V
electric_potential,0.3777254291455794,115.6571947082407,101.72507380495918,V
electric_potential,0.3778230325844635,115.63978280062972,101.70833026817613,V
electric_potential,0.3779206360233476,115.622174288574,101.69133317708832,V
electric_potential,0.3780144578331972,115.6050525153261,101.67474022507676,V
electric_potential,0.3781082796430469,115.58772422408204,101.65788064295997,V
electric_potential,0.3782021014528965,115.5701894148418,101.6407544307378,V
electric_potential,0.3782959232627461,115.55244808760536,101.62336158841042,V
electric_potential,0.3783861099621504,115.53518552006012,101.60637466930352,V
electric_potential,0.3784762966615547,115.5177030925861,101.5891063688766,V
electric_potential,0.3785664833609589,115.5000008051833,101.5715566871296,V
electric_potential,0.3786566700603632,115.48207865785172,101.5537256240626,V
electric_potential,0.3787433624910727,115.46462909945946,101.53630214999056,V
electric_potential,0.3788300549217823,115.44694584338602,101.51858057954816,V
electric_potential,0.3789167473524919,115.42902888963135,101.5005609127354,V
electric_potential,0.3790034397832014,115.41087823819552,101.48224314955232,V
electric_potential,0.3790867733300767,115.39319433850714,101.46433444470438,V
electric_potential,0.3791701068769518,115.37525600523904,101.44610861156472,V
electric_potential,0.379253440423827,115.35706323839116,101.42756565013336,V
electric_potential,0.3793367739707022,115.33861603796352,101.40870556041024,V
electric_potential,0.3794168787731397,115.32062291606589,101.3902556998733,V
electric_potential,0.3794969835755771,115.30235061161876,101.37146693062256,V
electric_potential,0.3795770883780146,115.28379912462212,101.35233925265808,V
electric_potential,0.379657193180452,115.26496845507604,101.3328726659798,V
electric_potential,0.3797341943356188,115.24658153425824,101.31381704775858,V
electric_potential,0.3798111954907857,115.22788836666332,101.2943974625298,V
electric_potential,0.3798881966459524,115.2088889522912,101.27461391029344,V
electric_potential,0.3799651978011192,115.18958329114191,101.25446639104948,V
electric_potential,0.3800392155593136,115.17071115828551,101.2347299757555,V
electric_potential,0.3801132333175079,115.1514968511814,101.214600607073,V
electric_potential,0.3801872510757023,115.1319403698295,101.19407828500204,V
electric_potential,0.3802612688338966,115.11204171422982,101.17316300954256,V
electric_potential,0.3803324187863389,115.0925612521638,101.15265814938772,V
electric_potential,0.3804035687387812,115.0727106375087,101.13172662358026,V
electric_potential,0.3804747186912235,115.0524898702646,101.11036843212015,V
electric_potential,0.3805458686436658,115.03189895043144,101.08858357500743,V
electric_potential,0.3806142619030137,115.01173163249766,101.0672073432399,V
electric_potential,0.3806826551623617,114.99116843350892,101.04536503306508,V
electric_potential,0.3807510484217096,114.9702093534652,101.023056644483,V
electric_potential,0.3808194416810576,114.94885439236648,101.00028217749367,V
electric_potential,0.3808851850549274,114.9279257343202,100.97791310218692,V
electric_potential,0.3809509284287973,114.90657189261093,100.95503165816464,V
electric_potential,0.3810166718026672,114.88479286723862,100.93163784542686,V
electric_potential,0.3810824151765369,114.86258865820334,100.90773166397358,V
electric_potential,0.3811456113343016,114.8408131611459,100.88422579831035,V
electric_potential,0.3812088074920663,114.81857915792295,100.86015300805074,V
electric_potential,0.3812720036498309,114.79588664853448,100.8355132931947,V
electric_potential,0.3813351998075956,114.77273563298048,100.81030665374222,V
electric_potential,0.3813959474407201,114.75001531697028,100.78549297843348,V
electric_potential,0.3814566950738445,114.72679857338134,100.76004797611844,V
electric_potential,0.381517442706969,114.7030854022137,100.7339716467971,V
electric_potential,0.3815781903400935,114.67887580346736,100.70726399046949,V
electric_potential,0.3816365843162586,114.65509842701113,100.68093926811906,V
electric_potential,0.3816949782924236,114.6307814976399,100.65390728797948,V
electric_potential,0.3817533722685886,114.60592501535366,100.62616805005078,V
electric_potential,0.3818117662447536,114.5805289801524,100.59772155433296,V
electric_potential,0.3818678977560072,114.5555662511332,100.56964505497407,V
electric_potential,0.381924029267261,114.53001506593188,100.540772268467,V
electric_potential,0.3819801607785146,114.50387542454844,100.5111031948117,V
electric_potential,0.3820362922897682,114.47714732698294,100.48063783400818,V
electric_potential,0.3820902489949379,114.45085333498164,100.4505268300752,V
electric_potential,0.3821442057001075,114.42391575417928,100.41951634835408,V
electric_potential,0.3821981624052772,114.3963345845758,100.38760638884482,V
electric_potential,0.3822521191104469,114.36810982617128,100.35479695154744,V
electric_potential,0.3823039852720331,114.3403200624059,100.32232458645096,V
electric_potential,0.3823558514336194,114.31182515929908,100.28883545631398,V
electric_potential,0.3824077175952057,114.28262511685088,100.2543295611365,V
electric_potential,0.3824595837567919,114.25271993506126,100.21880690091852,V
electric_potential,0.3825094403725589,114.22325144501552,100.1836048505116,V
electric_potential,0.3825592969883259,114.1930101132804,100.14725664780738,V
electric_potential,0.3826091536040928,114.16199593985594,100.10976229280595,V
electric_potential,0.3826590102198599,114.13020892474212,100.07112178550727,V
electric_potential,0.3827069351493266,114.09886231549191,100.03279070572653,V
electric_potential,0.3827548600787934,114.06666995821628,99.99317669571894,V
electric_potential,0.3828027850082602,114.03363185291516,99.95227975548454,V
electric_potential,0.3828507099377269,113.99974799958858,99.91009988502329,V
electric_potential,0.3828967780237585,113.96631211826995,99.86823027810102,V
electric_potential,0.3829428461097901,113.93195422323268,99.8249413645328,V
electric_potential,0.3829889141958216,113.8966743144767,99.7802331443186,V
electric_potential,0.3830349822818532,113.86047239200204,99.73410561745848,V
electric_potential,0.3830792654675401,113.82473238308734,99.68830983900284,V
electric_potential,0.383123548653227,113.7879935995483,99.640969179714,V
electric_potential,0.383167831838914,113.75025604138492,99.59208363959192,V
electric_potential,0.3832121150246009,113.71151970859724,99.5416532186366,V
electric_potential,0.3832546824656108,113.6732687275716,99.4916058656588,V
electric_potential,0.3832972499066207,113.6339455341494,99.43991034855802,V
electric_potential,0.3833398173476305,113.5935501283306,99.38656666733426,V
electric_potential,0.3833823847886404,113.5520825101152,99.33157482198752,V
electric_potential,0.3834233029612158,113.51113659440637,99.27705482732334,V
electric_potential,0.3834642211337912,113.46905280172987,99.2208159843349,V
electric_potential,0.3835051393063665,113.42583113208572,99.16285829302228,V
electric_potential,0.3835460574789419,113.38147158547392,99.1031817533854,V
electric_potential,0.3835853902837145,113.33768622660617,99.04410720110624,V
electric_potential,0.3836247230884871,113.29270960169713,98.9832825790473,V
electric_potential,0.3836640558932598,113.24654171074684,98.92070788720858,V
electric_potential,0.3837033886980324,113.19918255375528,98.85638312559006,V
electric_potential,0.3837411975598145,113.15246876913322,98.79283068786228,V
electric_potential,0.3837790064215967,113.10452638673917,98.72753841193466,V
electric_potential,0.3838168152833788,113.05535540657306,98.66050629780712,V
electric_potential,0.3838546241451609,113.00495582863492,98.59173434547972,V
electric_potential,0.3838909681088707,112.95529354993812,98.52393930985394,V
electric_potential,0.3839273120725804,112.90438349760466,98.45445308399351,V
electric_potential,0.3839636560362902,112.85222567163444,98.3832756678984,V
electric_potential,0.384,112.79882007202752,98.3104070615686,V
E_over_N,0.016,4631.247678783141,4586.2058432727445,Td
E_over_N,0.0160363439637097,4621.5548947708185,4574.948581422813,Td
E_over_N,0.0160726879274195,4611.862110758497,4563.69131957288,Td
E_over_N,0.0161090318911293,4602.169326746176,4552.434057722947,Td
E_over_N,0.0161453758548391,4592.48442600295,4541.186336979283,Td
E_over_N,0.0161831847166212,4582.334142382451,4529.383743633499,Td
E_over_N,0.0162209935784033,4572.175975492859,4517.571609181446,Td
E_over_N,0.0162588024401854,4562.017808603267,4505.759474729393,Td
E_over_N,0.0162966113019675,4551.866828324014,4493.956162810718,Td
E_over_N,0.0163359441067401,4541.23064822413,4481.571532230917,Td
E_over_N,0.0163752769115128,4530.587281513906,4469.178079117742,Td
E_over_N,0.0164146097162854,4519.943914803682,4456.784626004565,Td
E_over_N,0.016453942521058,4509.307261900935,4444.399413867187,Td
E_over_N,0.0164948606936334,4498.16463574539,4431.405183570273,Td
E_over_N,0.0165357788662088,4487.0152957823775,4418.4027122975585,Td
E_over_N,0.0165766970387842,4475.865955819365,4405.400241024846,Td
E_over_N,0.0166176152113596,4464.722985758127,4392.405534177186,Td
E_over_N,0.0166601826523694,4453.051881281208,4378.772541671141,Td
E_over_N,0.0167027500933793,4441.37440690251,4365.131784740031,Td
E_over_N,0.0167453175343891,4429.696932523811,4351.491027808923,Td
E_over_N,0.0167878849753989,4418.025481574335,4337.857644960756,Td
E_over_N,0.0168321681610859,4405.80186449804,4323.554904225351,Td
E_over_N,0.0168764513467729,4393.572223992531,4309.244789407008,Td
E_over_N,0.0169207345324598,4381.342583487022,4294.934674588665,Td
E_over_N,0.0169650177181468,4369.118799487533,4280.631619723509,Td
E_over_N,0.0170110858041783,4356.317142159602,4265.626127007944,Td
E_over_N,0.0170571538902099,4343.50962832566,4250.613574339183,Td
E_over_N,0.0171032219762414,4330.70211449172,4235.601021670422,Td
E_over_N,0.017149290062273,4317.900267102213,4220.5952802304755,Td
E_over_N,0.0171972149917398,4304.492210177296,4204.851808314452,Td
E_over_N,0.0172451399212065,4291.078486807938,4189.101525169609,Td
E_over_N,0.0172930648506733,4277.664763438579,4173.351242024765,Td
E_over_N,0.0173409897801401,4264.256478126304,4157.607589546727,Td
E_over_N,0.017390846395907,4250.211941626998,4141.088475614799,Td
E_over_N,0.017440703011674,4236.161967070617,4124.562731016056,Td
E_over_N,0.017490559627441,4222.111992514236,4108.036986417314,Td
E_over_N,0.017540416243208,4208.0672636794325,4091.5177541510902,Td
E_over_N,0.0175922824047942,4193.354605051408,4074.1826372238174,Td
E_over_N,0.0176441485663805,4178.6367007018325,4056.8410079640603,Td
E_over_N,0.0176960147279668,4163.918796352255,4039.499378704305,Td
E_over_N,0.0177478808895531,4149.205977728762,4022.1642002872704,Td
E_over_N,0.0178018375947228,4133.791823070419,4003.9696868693427,Td
E_over_N,0.0178557942998924,4118.37258268602,3985.768722608669,Td
E_over_N,0.0179097510050621,4102.953342301619,3967.5677583479965,Td
E_over_N,0.0179637077102317,4087.5390569246565,3949.3732798368733,Td
E_over_N,0.0180198392214854,4071.3882048110254,3930.2726093807087,Td
E_over_N,0.018075970732739,4055.232397689945,3911.165453175009,Td
E_over_N,0.0181321022439927,4039.076590568864,3892.0582969693105,Td
E_over_N,0.0181882337552464,4022.9256422934727,3872.957734360935,Td
E_over_N,0.0182466277314114,4006.00095992122,3852.9001326114562,Td
E_over_N,0.0183050217075764,3989.071418703272,3832.835937264658,Td
E_over_N,0.0183634156837414,3972.1418774853214,3812.7717419178575,Td
E_over_N,0.0184218096599065,3955.2173613830287,3792.714358556968,Td
E_over_N,0.0184825572930309,3937.4791208170227,3771.6444941798245,Td
E_over_N,0.0185433049261554,3919.7358551353705,3750.5678178167605,Td
E_over_N,0.0186040525592799,3901.9925894537187,3729.491141453696,Td
E_over_N,0.0186648001924044,3884.2544020394857,3708.421642821931,Td
E_over_N,0.0187279963501691,3865.658833548806,3686.278678399137,Td
E_over_N,0.0187911925079337,3847.0581867907395,3664.1285362450153,Td
E_over_N,0.0188543886656983,3828.457540032674,3641.9783940908933,Td
E_over_N,0.018917584823463,3809.8620166723076,3619.835987224848,Td
E_over_N,0.0189833281973328,3790.362492244368,3596.5523049883095,Td
E_over_N,0.0190490715712026,3770.8578444187106,3573.260887463707,Td
E_over_N,0.0191148149450725,3751.3531965930533,3549.9694699391043,Td
E_over_N,0.0191805583189423,3731.8537596569095,3526.6865970469303,Td
E_over_N,0.0192489515782903,3711.4005331805783,3502.186097678054,Td
E_over_N,0.0193173448376382,3690.942095814728,3477.677053676757,Td
E_over_N,0.0193857380969862,3670.483658448878,3453.1680096754612,Td
E_over_N,0.0194541313563341,3650.0305685859753,3428.668649259079,Td
E_over_N,0.0195252813087764,3628.5703829318822,3402.864484852922,Td
E_over_N,0.0195964312612187,3607.104849774823,3377.0506368618703,Td
E_over_N,0.019667581213661,3585.639316617762,3351.236788870818,Td
E_over_N,0.0197387311661033,3564.1793270645553,3325.434235309748,Td
E_over_N,0.0198127489242976,3541.6549857865684,3298.225775896383,Td
E_over_N,0.019886766682492,3519.1251009047287,3271.006022053019,Td
E_over_N,0.0199607844406864,3496.5952160228876,3243.786268209655,Td
E_over_N,0.0200348021988807,3474.071145967773,3216.580025824436,Td
E_over_N,0.0201118033540475,3450.4209710283653,3187.8483750508726,Td
E_over_N,0.0201888045092143,3426.7649812622044,3159.1032128191837,Td
E_over_N,0.0202658056643811,3403.1089914960444,3130.358050587494,Td
E_over_N,0.0203428068195479,3379.459186414283,3101.6293992541887,Td
E_over_N,0.0204229116219854,3354.616313431979,3071.232169559869,Td
E_over_N,0.0205030164244228,3329.7672557652922,3040.8184289671326,Td
E_over_N,0.0205831212268602,3304.918198098606,3010.4046883743954,Td
E_over_N,0.0206632260292976,3280.0758291501766,2980.0113131566654,Td
E_over_N,0.0207465595761729,3253.9672665269336,2947.7757589538787,Td
E_over_N,0.0208298931230481,3227.852015185425,2915.519839376093,Td
E_over_N,0.0209132266699234,3201.7367638439177,2883.2639197983062,Td
E_over_N,0.0209965602167986,3175.628893726761,2851.0330408306722,Td
E_over_N,0.0210832526475082,3148.174231941151,2816.748861710227,Td
E_over_N,0.0211699450782177,3120.7121889311984,2782.4396419796044,Td
E_over_N,0.0212566375089272,3093.2501459212453,2748.130422248981,Td
E_over_N,0.0213433299396368,3065.796449317533,2713.8512350279534,Td
E_over_N,0.021433516639041,3036.90604138672,2677.264973016019,Td
E_over_N,0.0215237033384453,3008.007287049669,2640.648678494462,Td
E_over_N,0.0216138900378495,2979.108532712616,2604.0323839729053,Td
E_over_N,0.0217040767372538,2950.2194957744287,2567.4498576008787,Td
E_over_N,0.0217978985471034,2919.791820725701,2528.2661977669986,Td
E_over_N,0.0218917203569531,2889.3544282780827,2489.048769783605,Td
E_over_N,0.0219855421668027,2858.9170358304646,2449.8313418002112,Td
E_over_N,0.0220793639766524,2828.4913532411097,2410.6467251298336,Td
E_over_N,0.0221769674155365,2796.4090861310483,2368.547707547842,Td
E_over_N,0.0222745708544206,2764.315109162741,2326.4158786528255,Td
E_over_N,0.0223721742933047,2732.2211321944337,2284.2840497578095,Td
E_over_N,0.0224697777321888,2700.1418390383933,2242.17286630274,Td
E_over_N,0.0225713152243483,2666.265813707547,2196.8743658623416,Td
E_over_N,0.0226728527165079,2632.3751045644594,2151.555219981967,Td
E_over_N,0.0227743902086675,2598.484395421372,2106.236074101593,Td
E_over_N,0.022875927700827,2564.612949840579,2060.9041599652705,Td
E_over_N,0.0229815578141911,2528.7725677603307,2012.2773489975482,Td
E_over_N,0.0230871879275552,2492.9129221177873,1963.6633062857743,Td
E_over_N,0.0231928180409192,2457.053276475245,1915.0492635740004,Td
E_over_N,0.0232984481542833,2421.2213124295213,1866.3568399193634,Td
E_over_N,0.0234083358480996,2383.1977514992714,1814.6386815591513,Td
E_over_N,0.023518223541916,2345.146508972176,1762.998904141847,Td
E_over_N,0.0236281112357323,2307.09526644508,1711.3591267245433,Td
E_over_N,0.0237379989295486,2269.089796112067,1659.5407704891359,Td
E_over_N,0.0238523158119953,2228.565972381208,1605.6165231521643,Td
E_over_N,0.023966632694442,2187.9963764562312,1551.8708546332873,Td
E_over_N,0.0240809495768887,2147.4267805312547,1498.1251861144103,Td
E_over_N,0.0241952664593354,2106.932816971399,1444.0891721645912,Td
E_over_N,0.0243141910555161,2063.4148783920673,1389.7245356024366,Td
E_over_N,0.0244331156516968,2019.8213074476148,1335.6502444712066,Td
E_over_N,0.0245520402478774,1976.2277365031616,1281.5759533399766,Td
E_over_N,0.0246709648440581,1932.7703669564953,1227.1430309819093,Td
E_over_N,0.0247946828747989,1885.4518480300571,1174.917890462263,Td
E_over_N,0.0249184009055397,1837.9971277058132,1123.051381169419,Td
E_over_N,0.0250421189362805,1790.5424073815707,1071.1848718765746,Td
E_over_N,0.0251658369670213,1743.3979682782658,1018.9932582253067,Td
E_over_N,0.0252945416389054,1690.7722764741616,971.7259113371351,Td
E_over_N,0.0254232463107895,1637.8363034491356,924.7836688073697,Td
E_over_N,0.0255519509826736,1584.9003304241094,877.8414262776043,Td
E_over_N,0.0256806556545578,1532.7898117588975,830.7100957893285,Td
E_over_N,0.02581454796165,1470.9511136990402,790.5241022322059,Td
E_over_N,0.0259484402687423,1408.2869612793952,750.527196633567,Td
E_over_N,0.0260823325758346,1345.62280885975,710.5302910349283,Td
E_over_N,0.0262162248829268,1282.7652241672874,670.5079609186337,Td
E_over_N,0.0263555139206599,1206.2174524576194,638.1390472569734,Td
E_over_N,0.026494802958393,1129.8631130207866,605.7955581129692,Td
E_over_N,0.026634091996126,1053.5087735839543,573.4520689689649,Td
E_over_N,0.0267733810338591,974.728679382598,541.1944328018267,Td
E_over_N,0.0269182843255713,891.3678031793731,516.0427807953934,Td
E_over_N,0.0270631876172834,810.4326817406978,490.80527581209407,Td
E_over_N,0.0272080909089956,729.4975603020227,465.5677708287949,Td
E_over_N,0.0273529942007077,645.4194117783363,440.45808540205655,Td
E_over_N,0.0275037380373423,579.3842915756666,421.2087230369397,Td
E_over_N,0.0276544818739769,516.4921984579993,401.83154111524436,Td
E_over_N,0.0278052257106114,453.600105340332,382.454359193549,Td
E_over_N,0.027955969547246,390.13598813727015,363.20417466023537,Td
E_over_N,0.0281127893407428,357.6816738697536,348.45343026773037,Td
E_over_N,0.0282696091342396,325.7993836876311,333.5756884868259,Td
E_over_N,0.0284264289277364,293.91709350550883,318.69794670592154,Td
E_over_N,0.0285832487212332,263.9870161388458,303.9288850735276,Td
E_over_N,0.0287463893721641,250.3176120207667,292.49864945844735,Td
E_over_N,0.0289095300230949,234.69599508721953,280.9597336948389,Td
E_over_N,0.0290726706740258,219.07437815367246,269.42081793123054,Td
E_over_N,0.0292358113249567,204.06877496486814,257.9673921657613,Td
E_over_N,0.029405527604979,195.49256660130277,248.96857465148892,Td
E_over_N,0.0295752438850014,186.30034449298566,239.88426713906853,Td
E_over_N,0.0297449601650237,177.10812238466855,230.79995962664813,Td
E_over_N,0.029914676445046,168.15386625447263,221.77941535509416,Td
E_over_N,0.0300912333947717,162.32814700746903,214.57235264598327,Td
E_over_N,0.0302677903444974,156.2644617823089,207.3015266960061,Td
E_over_N,0.0304443472942232,150.20077655714874,200.03070074602897,Td
E_over_N,0.0306209042439489,144.2629178406431,192.8064645016796,Td
E_over_N,0.03080457758685,140.01564238677057,186.93956430646,Td
E_over_N,0.0309882509297511,135.6425404242347,181.02607440563912,Td
E_over_N,0.0311719242726522,131.26943846169883,175.11258450481824,Td
E_over_N,0.0313555976155534,126.94991900665616,169.23302027155123,Td
E_over_N,0.0315466741885508,123.71819217934578,164.38545489324912,Td
E_over_N,0.0317377507615483,120.43288284452451,159.5039638473887,Td
E_over_N,0.0319288273345457,117.14757350970329,154.62247280152826,Td
E_over_N,0.0321199039075432,113.91771310742696,149.76585963971598,Td
E_over_N,0.032318682108951,111.3923381701153,145.70688513794704,Td
E_over_N,0.0325174603103589,108.81151430025872,141.62303275213435,Td
E_over_N,0.0327162385117668,106.23069043040215,137.53918036632166,Td
E_over_N,0.0329150167131746,103.66745943866779,133.47387348366587,Td
E_over_N,0.0331218069686994,101.56480249191961,130.03460514159744,Td
E_over_N,0.0333285972242242,99.44455266704925,126.57679129635895,Td
E_over_N,0.0335353874797489,97.3243028421789,123.11897745112046,Td
E_over_N,0.0337421777352737,95.21585131628656,119.67504160920807,Td
E_over_N,0.0339573029827965,93.46341074287226,116.7300028675997,Td
E_over_N,0.0341724282303193,91.69917187048878,113.77108612266963,Td
E_over_N,0.0343875534778421,89.93493299810528,110.81216937773951,Td
E_over_N,0.0346026787253649,88.18617249150468,107.86385454688903,Td
E_over_N,0.0348264749192634,86.70156495074117,105.31875119251401,Td
E_over_N,0.0350502711131619,85.20147904417712,102.7630459240594,Td
E_over_N,0.0352740673070604,83.70139313761304,100.20734065560478,Td
E_over_N,0.0354978635009589,82.20676189718351,97.6598487736535,Td
E_over_N,0.0357306801367568,80.9060290778424,95.44230605328765,Td
E_over_N,0.0359634967725548,79.59984159237115,93.21654994640964,Td
E_over_N,0.0361963134083527,78.29365410689992,90.99079383953163,Td
E_over_N,0.0364291300441507,76.99134957490159,88.77148526756932,Td
E_over_N,0.0366713307043141,75.8504192522241,86.82522887851246,Td
E_over_N,0.0369135313644775,74.70560597605602,84.87252495453549,Td
E_over_N,0.0371557320246408,73.5607926998879,82.91982103055851,Td
E_over_N,0.0373979326848042,72.42253431084104,80.97226577778369,Td
E_over_N,0.0376498956065367,71.41125730042778,79.25294107016391,Td
E_over_N,0.0379018585282693,70.39342540288442,77.52846769131988,Td
E_over_N,0.0381538214500018,69.37559350534106,75.80399431247585,Td
E_over_N,0.0384057843717343,68.35973497076753,74.08364139662025,Td
E_over_N,0.0386679030376584,67.44362036754184,72.55558166214927,Td
E_over_N,0.0389300217035826,66.52553240135514,71.02340146469871,Td
E_over_N,0.0391921403695068,65.60744443516843,69.49122126724815,Td
E_over_N,0.039454259035431,64.6909304853407,67.96237922161001,Td
E_over_N,0.0397269427880777,63.861448987222715,66.59716384780185,Td
E_over_N,0.0399996265407245,63.030393472736925,65.22861032216359,Td
E_over_N,0.0402723102933713,62.19933795825114,63.860056796525335,Td
E_over_N,0.0405449940460181,61.36962217472182,62.49424251787628,Td
E_over_N,0.0408286687270842,60.61636098148527,61.26874293239745,Td
E_over_N,0.0411123434081504,59.861760057296664,60.04050409992499,Td
E_over_N,0.0413960180892166,59.107159133108055,58.81226526745254,Td
E_over_N,0.0416796927702828,58.35370715977256,57.58629420396485,Td
E_over_N,0.0419748013856546,57.667761123986786,56.48148873594518,Td
E_over_N,0.0422699100010265,56.98066613733467,55.37441549893194,Td
E_over_N,0.0425650186163984,56.293571150682546,54.26734226191871,Td
E_over_N,0.0428601272317702,55.60813749489783,53.162161825503034,Td
E_over_N,0.0431671306433521,54.98161836247308,52.16228237007621,Td
E_over_N,0.0434741340549339,54.353437899211876,51.16051011406065,Td
E_over_N,0.0437811374665157,53.72525743595066,50.15873785804511,Td
E_over_N,0.0440881408780975,53.09845936220924,49.15856098375135,Td
E_over_N,0.0444075185235252,52.51780880091936,48.25043205655959,Td
E_over_N,0.0447268961689528,51.93577585011849,47.340707747637175,Td
E_over_N,0.0450462738143804,51.353742899317645,46.43098343871476,Td
E_over_N,0.0453656514598081,50.772229199142046,45.52263671393813,Td
E_over_N,0.0456979021011717,50.23154837830117,44.6950168576877,Td
E_over_N,0.0460301527425354,49.69034830684387,43.86601941728709,Td
E_over_N,0.0463624033838991,49.149148235386576,43.037021976886486,Td
E_over_N,0.0466946540252628,48.60841270782788,42.209168921483425,Td
E_over_N,0.0470402965280083,48.10491553527673,41.452570321246185,Td
E_over_N,0.0473859390307539,47.600953818827016,40.694827336011386,Td
E_over_N,0.0477315815334994,47.09699210237729,39.93708435077658,Td
E_over_N,0.0480772240362449,46.593447913505194,39.18032349315514,Td
E_over_N,0.0484367981794696,46.12394695582419,38.48681273005336,Td
E_over_N,0.0487963723226943,45.65402847057437,37.79231983934263,Td
E_over_N,0.049155946465919,45.184109985324554,37.097826948631926,Td
E_over_N,0.0495155206091436,44.71487842560124,36.40418167679969,Td
E_over_N,0.0498895879285524,44.276393666787264,35.76692525291312,Td
E_over_N,0.0502636552479611,43.83722198242912,35.12882121013038,Td
E_over_N,0.0506377225673699,43.39805029807099,34.49071716734766,Td
E_over_N,0.0510117898867786,42.95954258817574,33.85334850375073,Td
E_over_N,0.0514009345516168,42.54589490567492,33.266455715950244,Td
E_over_N,0.0517900792164551,42.131583248715664,32.67882754895953,Td
E_over_N,0.0521792238812933,41.71727159175639,32.09119938196883,Td
E_over_N,0.0525683685461315,41.30315878593333,31.5042123675672,Td
E_over_N,0.0529731982714638,40.91158251890297,30.962579831010164,Td
E_over_N,0.0533780279967961,40.51980740074965,30.420306141883927,Td
E_over_N,0.0537828577221284,40.128032282596344,29.87803245275769,Td
E_over_N,0.0541876874474608,39.736441563961314,29.336328267519523,Td
E_over_N,0.0546088344432208,39.3659236544882,28.835509145251503,Td
E_over_N,0.0550299814389808,38.995221345501236,28.334120519084397,Td
E_over_N,0.0554511284347408,38.624519036514265,27.83273189291727,Td
E_over_N,0.0558722754305008,38.2539885164157,27.331845271801217,Td
E_over_N,0.0563103973887934,37.90318176318312,26.86777516776109,Td
E_over_N,0.0567485193470861,37.552203221057695,26.40320305865886,Td
E_over_N,0.0571866413053787,37.20122467893228,25.93863094955662,Td
E_over_N,0.0576247632636713,36.850406966054656,25.4744928933301,Td
E_over_N,0.0580805443858702,36.51806481242916,25.04375467199551,Td
E_over_N,0.0585363255080691,36.18556182955362,24.612582397785204,Td
E_over_N,0.058992106630268,35.853058846678074,24.18141012357489,Td
E_over_N,0.0594478877524669,35.52070725613359,23.75062336978664,Td
E_over_N,0.0599220398177102,35.20567104421027,23.350242105280454,Td
E_over_N,0.0603961918829534,34.89048343996032,22.94947532035,Td
E_over_N,0.0608703439481967,34.575295835710364,22.548708535419543,Td
E_over_N,0.06134449601344,34.26025158504615,22.148285488958,Td
E_over_N,0.0618377594901935,33.96143856160161,21.7756178009908,Td
E_over_N,0.062331022966947,33.66248218456913,21.402606374550267,Td
E_over_N,0.0628242864437006,33.363525807536654,21.02959494810973,Td
E_over_N,0.0633175499204541,33.064705926009616,20.656891149497234,Td
E_over_N,0.063830695122878,32.78109780114509,20.30958853975676,Td
E_over_N,0.064343840325302,32.49735318076846,19.961978302192662,Td
E_over_N,0.0648569855277259,32.21360856039183,19.614368064628565,Td
E_over_N,0.0653701307301498,31.93057784906472,19.267034135701223,Td
E_over_N,0.0659039590210741,31.66056912623852,18.943002573603245,Td
E_over_N,0.0664377873119984,31.389846494367234,18.61869470285967,Td
E_over_N,0.0669716156029227,31.11912386249594,18.294386832116096,Td
E_over_N,0.0675054438938469,30.848565086655565,17.970338708880725,Td
E_over_N,0.0680607889362346,30.587737351636676,17.667694978817504,Td
E_over_N,0.0686161339786222,30.326745760593514,17.364791501239463,Td
E_over_N,0.0691714790210098,30.065754169550356,17.061888023661417,Td
E_over_N,0.0697268240633974,29.804807757284753,16.759214470345427,Td
E_over_N,0.07030455312225,29.553033386082447,16.47610806910321,Td
E_over_N,0.0708822821811024,29.301213836095958,16.19277174359453,Td
E_over_N,0.0714600112399549,29.049394286109468,15.909435418085854,Td
E_over_N,0.0720377402988074,28.797622759078887,15.626301879728794,Td
E_over_N,0.0726387555955455,28.554572954589705,15.36122051409084,Td
E_over_N,0.0732397708922835,28.311475127149055,15.095936361301263,Td
E_over_N,0.0738407861890215,28.06837729970841,14.830652208511692,Td
E_over_N,0.0744418014857596,27.825331179059614,14.565552921363432,Td
E_over_N,0.0750670416071939,27.5905373656556,14.317146404636585,Td
E_over_N,0.0756922817286283,27.355691845461944,14.068555022272836,Td
E_over_N,0.0763175218500627,27.120846325268293,13.819963639909092,Td
E_over_N,0.076942761971497,26.886057251985175,13.571541314437274,Td
E_over_N,0.0775932033355904,26.659024056504023,13.33857923454419,Td
E_over_N,0.0782436446996838,26.431934414114544,13.105448097759169,Td
E_over_N,0.0788940860637772,26.204844771725064,12.87231696097415,Td
E_over_N,0.0795445274278705,25.977817699486412,12.639340906582822,Td
E_over_N,0.0802211858085788,25.758012974235758,12.42070402772051,Td
E_over_N,0.0808978441892872,25.538145678834272,12.201912066468918,Td
E_over_N,0.0815745025699955,25.318278383432784,11.983120105217328,Td
E_over_N,0.0822511609507038,25.098481624957266,11.764470856839505,Td
E_over_N,0.0829550930642787,24.885323357000882,11.559137724004973,Td
E_over_N,0.0836590251778536,24.672094552122957,11.353661878290044,Td
E_over_N,0.0843629572914285,24.45886574724503,11.148186032575122,Td
E_over_N,0.0850668894050034,24.245717944233927,10.9428624586983,Td
E_over_N,0.085799194560233,24.0385568464296,10.749872390909262,Td
E_over_N,0.0865314997154626,23.83131474676287,10.556730051279908,Td
E_over_N,0.0872638048706923,23.624072647096128,10.363587711650553,Td
E_over_N,0.0879961100259219,23.416925466932646,10.17056902824574,Td
E_over_N,0.0887579318408871,23.215021408452447,9.988899288013917,Td
E_over_N,0.0895197536558522,23.013022430469,9.807105891561967,Td
E_over_N,0.0902815754708174,22.811023452485543,9.625312495110016,Td
E_over_N,0.0910433972857825,22.609181664701204,9.443631087446887,Td
E_over_N,0.0918359254738093,22.411653361474553,9.272510451356533,Td
E_over_N,0.0926284536618361,22.213967868057622,9.10127782647736,Td
E_over_N,0.0934209818498629,22.01628237464069,8.930045201598187,Td
E_over_N,0.0942135100378897,21.819157316587493,8.75891680375649,Td
E_over_N,0.0950379822654876,21.622778480365803,8.597626642924727,Td
E_over_N,0.0958624544930855,21.42583920877596,8.436232255051069,Td
E_over_N,0.0966869267206834,21.22889993718612,8.27483786717741,Td
E_over_N,0.0975113989482813,21.03202721812137,8.11354073926532,Td
E_over_N,0.0983691027679685,20.83422925499455,7.961413444596566,Td
E_over_N,0.0992268065876555,20.63636473934484,7.809188889967352,Td
E_over_N,0.1000845104073427,20.438500223695126,7.656964335338139,Td
E_over_N,0.1009422142270298,20.240722103823565,7.504830810122114,Td
E_over_N,0.1018344890880632,20.04117850122728,7.361246775374713,Td
E_over_N,0.1027267639490966,19.84154850285284,7.2175717112141236,Td
E_over_N,0.1036190388101301,19.641918504478408,7.073896647053535,Td
E_over_N,0.1045113136711635,19.44242086511432,6.9303081383879945,Td
E_over_N,0.1054395530113155,19.240099058218057,6.7946894418327215,Td
E_over_N,0.1063677923514676,19.03764489232029,6.658984189789028,Td
E_over_N,0.1072960316916196,18.83519072642252,6.523278937745335,Td
E_over_N,0.1082242710317716,18.632878077777523,6.387680757163188,Td
E_over_N,0.1091899244534178,18.426368020441803,6.259393463560679,Td
E_over_N,0.1101555778750641,18.21971644584557,6.130999098496626,Td
E_over_N,0.1111212312967103,18.013064871249348,6.002604733432572,Td
E_over_N,0.1120868847183566,17.8063003158032,5.874285470878902,Td
E_over_N,0.1130914602522748,17.594813933260532,5.75271199900667,Td
E_over_N,0.114096035786193,17.383440531563373,5.631063424625156,Td
E_over_N,0.1151006113201112,17.17206712986621,5.509414850243643,Td
E_over_N,0.1161051868540294,16.960878593558007,5.387837079170859,Td
E_over_N,0.117150253314444,16.744017175652527,5.2725351924210795,Td
E_over_N,0.1181953197748585,16.52697089235809,5.157162502359256,Td
E_over_N,0.1192403862352731,16.30992460906365,5.041789812297433,Td
E_over_N,0.1202854526956876,16.09298310623304,4.926484115607049,Td
E_over_N,0.1213726421302377,15.86884422341397,4.817013413645226,Td
E_over_N,0.1224598315647878,15.644600560129977,4.707475718315278,Td
E_over_N,0.1235470209993379,15.420356896845986,4.597938022985328,Td
E_over_N,0.1246342104338881,15.196279303125987,4.488464040962056,Td
E_over_N,0.1257652206723455,14.963697065034793,4.384409153168438,Td
E_over_N,0.126896230910803,14.730948757377394,4.280290552070351,Td
E_over_N,0.1280272411492605,14.498200449719992,4.176171950972263,Td
E_over_N,0.129158251387718,14.265634519508819,4.072114397818031,Td
E_over_N,0.130334848693435,14.022884718278249,3.973080534880298,Td
E_over_N,0.1315114459991521,13.779952539599241,3.873985623995398,Td
E_over_N,0.1326880433048691,13.537020360920238,3.774890713110497,Td
E_over_N,0.1338646406105861,13.294275921849112,3.675886918826671,Td
E_over_N,0.1350886624388134,13.039461368452203,3.581433850447971,Td
E_over_N,0.1363126842670407,12.784459075445204,3.4868896654704042,Td
E_over_N,0.137536706095268,12.52945678243821,3.3923454804928372,Td
E_over_N,0.1387607279234953,12.274581316141203,3.2978578932726124,Td
E_over_N,0.1400340857908787,12.006102431922596,3.207453017597775,Td
E_over_N,0.1413074436582622,11.737496720995093,3.116991544161176,Td
E_over_N,0.1425808015256456,11.468891010067592,3.026530070724578,Td
E_over_N,0.143854159393029,11.20037773787488,2.9361230944080954,Td
E_over_N,0.1451788418627653,10.916987708355462,2.849446596381909,Td
E_over_N,0.1465035243325017,10.633505240102355,2.762715601234503,Td
E_over_N,0.147828206802238,10.350022771849252,2.6759846060870975,Td
E_over_N,0.1491528892719743,10.066587241554581,2.589306692312179,Td
E_over_N,0.1505309650592881,9.767256314295514,2.5060186289832482,Td
E_over_N,0.1519090408466019,9.467878449068072,2.42267748427631,Td
E_over_N,0.1532871166339157,9.168500583840633,2.339336339569371,Td
E_over_N,0.1546651924212295,8.869107093488488,2.256047716378129,Td
E_over_N,0.1560988136240214,8.553161232370186,2.175813959768822,Td
E_over_N,0.1575324348268132,8.237230996376587,2.0955276816427135,Td
E_over_N,0.158966056029605,7.921300760382988,2.0152414035166046,Td
E_over_N,0.1603996772323969,7.605370562330945,1.9350108575149716,Td
E_over_N,0.1618910826921071,7.272517550860002,1.8574939002044937,Td
E_over_N,0.1633824881518173,6.939664501447499,1.7799212107684357,Td
E_over_N,0.1648738936115275,6.606811452034997,1.7023485213323775,Td
E_over_N,0.1663652990712377,6.273677366234827,1.6248581570802376,Td
E_over_N,0.1679168178691753,5.923931606189215,1.5495825582711107,Td
E_over_N,0.1694683366671129,5.574466882529063,1.4742246342780656,Td
E_over_N,0.1710198554650506,5.225002158868912,1.3988667102850205,Td
E_over_N,0.1725713742629882,4.875054357317246,1.323565180945551,Td
E_over_N,0.1741854293575843,4.510773199074119,1.250048139506647,Td
E_over_N,0.1757994844521804,4.146975118723611,1.1764747034152716,Td
E_over_N,0.1774135395467765,3.783177038373103,1.1029012673238965,Td
E_over_N,0.1790275946413727,3.4186804163388307,1.0293863102434473,Td
E_over_N,0.180706706652039,3.0437743821424883,0.9572729522297181,Td
E_over_N,0.1823858186627054,2.669566889627701,0.8851011152028538,Td
E_over_N,0.1840649306733718,2.295359397112915,0.8129292781759895,Td
E_over_N,0.1857440426840382,1.920400673697964,0.7408199611753383,Td
E_over_N,0.1874908338275397,1.5397273200538402,0.6697034225436401,Td
E_over_N,0.1892376249710413,1.15980519731209,0.5985243638835199,Td
E_over_N,0.1909844161145429,0.7798830745703395,0.5273453052233998,Td
E_over_N,0.1927312072580445,0.3988037462594386,0.4562354763929383,Td
E_over_N,0.1945484054435333,0.019019043997226336,0.385665654833989,Td
E_over_N,0.1963656036290222,0.3596084526914191,0.31502660344703787,Td
E_over_N,0.1981828018145111,0.7382359493800639,0.24438755206008647,Td
E_over_N,0.2,1.1178812182379956,0.1738974409153953,Td
E_over_N,0.2018171981854889,1.4729845757072302,0.10600047863653192,Td
E_over_N,0.2036343963709777,1.8270701610071776,0.03795457611485641,Td
E_over_N,0.2054515945564666,2.181155746307125,0.030091326406819857,Td
E_over_N,0.2072687927419555,2.5356657081535774,0.09802035766021985,Td
E_over_N,0.2090155838854571,2.846452795746868,0.161640412814588,Td
E_over_N,0.2107623750289586,3.1568155067947568,0.22537733923944048,Td
E_over_N,0.2125091661724602,3.4671782178426467,0.2891142656642929,Td
E_over_N,0.2142559573159618,3.7774843814866967,0.352759040277826,Td
E_over_N,0.2159350693266282,4.043926999410823,0.41293519990234734,Td
E_over_N,0.2176141813372945,4.310426164739893,0.47320351133708355,Td
E_over_N,0.2192932933479609,4.576925330068963,0.5334718227718198,Td
E_over_N,0.2209724053586273,4.843125203648143,0.5936660392342422,Td
E_over_N,0.2225864604532234,5.067455919643322,0.6510656920604087,Td
E_over_N,0.2242005155478195,5.292085927387284,0.7085394398588888,Td
E_over_N,0.2258145706424157,5.516715935131245,0.7660131876573689,Td
E_over_N,0.2274286257370118,5.740762353829483,0.8234262853469719,Td
E_over_N,0.2289801445349494,5.927016706046103,0.8785960597142948,Td
E_over_N,0.230531663332887,6.113854647308446,0.9338264841910471,Td
E_over_N,0.2320831821308246,6.300692588570788,0.9890569086677994,Td
E_over_N,0.2336347009287622,6.4867939026175225,1.0442341397337798,Td
E_over_N,0.2351261063884724,6.640904177706318,1.0976313879656485,Td
E_over_N,0.2366175118481826,6.795751080010722,1.1510818296093936,Td
E_over_N,0.2381089173078928,6.950597982315123,1.204532271253139,Td
E_over_N,0.239600322767603,7.104632936205947,1.2579267944452275,Td
E_over_N,0.2410339439703949,7.233360066918255,1.310027068679417,Td
E_over_N,0.2424675651731867,7.362899146044142,1.362183261365263,Td
E_over_N,0.2439011863759785,7.492438225170026,1.4143394540511085,Td
E_over_N,0.2453348075787704,7.62132462764325,1.466461220767731,Td
E_over_N,0.2467128833660842,7.730815783536137,1.5176399451567315,Td
E_over_N,0.248090959153398,7.840959616083893,1.5688530955171642,Td
E_over_N,0.2494690349407119,7.951103448631652,1.620066245877597,Td
E_over_N,0.2508471107280257,8.060538623996031,1.6712505239285045,Td
E_over_N,0.252171793197762,8.15573298385959,1.7217618237903298,Td
E_over_N,0.2534964756674983,8.25163600090652,1.7723019959638893,Td
E_over_N,0.2548211581372346,8.347539017953451,1.8228421681374491,Td
E_over_N,0.2561458406069709,8.443024027920295,1.8733577549585103,Td
E_over_N,0.2574191984743543,8.529153397635046,1.9234322578504015,Td
E_over_N,0.2586925563417378,8.615700774429882,1.9735313460925823,Td
E_over_N,0.2599659142091212,8.702248151224717,2.0236304343347626,Td
E_over_N,0.2612392720765046,8.788521842062814,2.073708283219905,Td
E_over_N,0.262463293904732,8.868167768064612,2.123547422567483,Td
E_over_N,0.2636873157329593,8.948087380022045,2.1734078012743088,Td
E_over_N,0.2649113375611865,9.028006991979478,2.223268179981134,Td
E_over_N,0.2661353593894139,9.107738928148638,2.273109949608197,Td
E_over_N,0.2673119566951309,9.182697576256311,2.322892375876727,Td
E_over_N,0.2684885540008479,9.257843900157773,2.372693411226125,Td
E_over_N,0.2696651513065649,9.332990224059236,2.4224944465755223,Td
E_over_N,0.2708417486122819,9.40800350724036,2.472278947266932,Td
E_over_N,0.2719727588507394,9.47955335180259,2.522165475404287,Td
E_over_N,0.2731037690891969,9.551236237082946,2.5720685381952113,Td
E_over_N,0.2742347793276544,9.622919122363305,2.6219716009861362,Td
E_over_N,0.2753657895661119,9.694504532330388,2.671846831786517,Td
E_over_N,0.276452979000662,9.763584974138405,2.722009183555434,Td
E_over_N,0.2775401684352121,9.832762891260801,2.77219936732152,Td
E_over_N,0.2786273578697622,9.901940808383191,2.822389551087606,Td
E_over_N,0.2797145473043123,9.971045096127582,2.8725663407747564,Td
E_over_N,0.2807596137647269,10.038369889418137,2.923204885557425,Td
E_over_N,0.2818046802251415,10.105768312085594,2.973856824421238,Td
E_over_N,0.282849746685556,10.173166734753053,3.0245087632850516,Td
E_over_N,0.2838948131459706,10.240508097933482,3.075148555406717,Td
E_over_N,0.2848993886798888,10.306635827986296,3.1263743658857592,Td
E_over_N,0.285903964213807,10.37282061753167,3.177612323106948,Td
E_over_N,0.2869085397477252,10.439005407077042,3.2288502803281376,Td
E_over_N,0.2879131152816434,10.505102989057061,3.2800770061844657,Td
E_over_N,0.2888787687032896,10.57048011265589,3.33200618684716,Td
E_over_N,0.2898444221249359,10.635944443818971,3.3839465988702964,Td
E_over_N,0.2908100755465821,10.701408774982053,3.4358870108934325,Td
E_over_N,0.2917757289682283,10.766728568039413,3.4878168436347172,Td
E_over_N,0.2927039683083803,10.83242860277902,3.540560095123376,Td
E_over_N,0.2936322076485324,10.898273175625448,3.593313925892782,Td
E_over_N,0.2945604469886844,10.96411774847188,3.646067756662189,Td
E_over_N,0.2954886863288364,11.029936637451993,3.6988114474305807,Td
E_over_N,0.2963809611898699,11.096567425261954,3.7524759366109177,Td
E_over_N,0.2972732360509034,11.163223896939341,3.806150565792267,Td
E_over_N,0.2981655109119368,11.229880368616724,3.8598251949736166,Td
E_over_N,0.2990577857729702,11.296520009414872,3.9134899485482273,Td
E_over_N,0.2999154895926573,11.36416658481635,3.9681808382290966,Td
E_over_N,0.3007731934123444,11.431829991092645,4.022881603510078,Td
E_over_N,0.3016308972320315,11.499493397368939,4.077582368791061,Td
E_over_N,0.3024886010517186,11.567146522836529,4.132273376984836,Td
E_over_N,0.3033130732793165,11.635944054778085,4.18809509758248,Td
E_over_N,0.3041375455069145,11.704751867532762,4.243926575270643,Td
E_over_N,0.3049620177345125,11.77355968028744,4.299758052958807,Td
E_over_N,0.3057864899621104,11.842362148125869,4.355579768697034,Td
E_over_N,0.3065790181501371,11.912404212264285,4.412637091635098,Td
E_over_N,0.3073715463381639,11.982451621318944,4.469704176521997,Td
E_over_N,0.3081640745261906,12.052499030373601,4.526771261408894,Td
E_over_N,0.3089566027142174,12.12254488972472,4.58382048583523,Td
E_over_N,0.3097184245291826,12.19389399856819,4.642235209656993,Td
E_over_N,0.3104802463441477,12.265244657119622,4.700667793943735,Td
E_over_N,0.3112420681591129,12.336595315671051,4.759100378230477,Td
E_over_N,0.312003889974078,12.407947406587661,4.817522669784169,Td
E_over_N,0.3127361951293076,12.48064248592259,4.877443337777402,Td
E_over_N,0.3134685002845373,12.553336132894549,4.93737429850369,Td
E_over_N,0.314200805439767,12.626029779866506,4.997305259229977,Td
E_over_N,0.3149331105949966,12.698727257508349,5.057225675450171,Td
E_over_N,0.3156370427085715,12.772789004395152,5.118756307755481,Td
E_over_N,0.3163409748221464,12.846846920614281,5.180297484566884,Td
E_over_N,0.3170449069357213,12.920904836833408,5.241838661378286,Td
E_over_N,0.3177488390492962,12.99487335687462,5.303368942221817,Td
E_over_N,0.3184254974300045,13.070363240586312,5.366624489386587,Td
E_over_N,0.3191021558107128,13.14594252048034,5.429890932517022,Td
E_over_N,0.3197788141914212,13.221521800374365,5.493157375647457,Td
E_over_N,0.3204554725721295,13.297104176153505,5.556412484081939,Td
E_over_N,0.3211059139362228,13.374751401050668,5.62151188591053,Td
E_over_N,0.3217563553003162,13.452395530060512,5.686622622432864,Td
E_over_N,0.3224067966644096,13.53003965907035,5.751733358955199,Td
E_over_N,0.3230572380285029,13.60768846758206,5.81683224286598,Td
E_over_N,0.3236824781499373,13.687402960243029,5.883899112176186,Td
E_over_N,0.3243077182713717,13.767112773395505,5.9509778340935275,Td
E_over_N,0.3249329583928061,13.846822586547978,6.018056556010871,Td
E_over_N,0.3255581985142404,13.926538458350253,6.085122833709099,Td
E_over_N,0.3261592138109784,14.008313075678872,6.154286092828588,Td
E_over_N,0.3267602291077165,14.090081634355482,6.223461796171608,Td
E_over_N,0.3273612444044545,14.171850193032093,6.292637499514629,Td
E_over_N,0.3279622597011925,14.253626057508093,6.361800096578259,Td
E_over_N,0.328539988760045,14.337447091711931,6.433194582809195,Td
E_over_N,0.3291177178188975,14.421260820109753,6.504602175319521,Td
E_over_N,0.32969544687775,14.505074548507572,6.576009767829847,Td
E_over_N,0.3302731759366025,14.588896738622127,6.647403522782524,Td
E_over_N,0.3308285209789902,14.674744698612324,6.72117057981365,Td
E_over_N,0.3313838660213778,14.760584196894614,6.794951474400215,Td
E_over_N,0.3319392110637654,14.846423695176908,6.868732368986781,Td
E_over_N,0.3324945561061531,14.932195123711349,6.942498624931907,Td
E_over_N,0.3330283843970774,15.020062504073584,7.018786695524009,Td
E_over_N,0.3335622126880016,15.107997954190285,7.0950894047685935,Td
E_over_N,0.3340960409789258,15.195933404306993,7.1713921140131776,Td
E_over_N,0.3346298692698501,15.283833295877798,7.247676080671582,Td
E_over_N,0.335143014472274,15.374568318716538,7.326645113350562,Td
E_over_N,0.335656159674698,15.465338900101177,7.405632888613513,Td
E_over_N,0.336169304877122,15.556109481485816,7.484620663876463,Td
E_over_N,0.3366824500795459,15.64688575642339,7.5635910851726145,Td
E_over_N,0.3371757135562994,15.740545851497263,7.645435230191365,Td
E_over_N,0.337668977033053,15.834200253018198,7.727296729168081,Td
E_over_N,0.3381622405098065,15.927854654539132,7.809158228144798,Td
E_over_N,0.33865550398656,16.02151578970724,7.891001947373667,Td
E_over_N,0.3391296560518033,16.118045725736454,7.975895710182902,Td
E_over_N,0.3396038081170465,16.214568928125125,8.060807252728942,Td
E_over_N,0.3400779601822897,16.311092130513796,8.145718795274982,Td
E_over_N,0.3405521122475329,16.40762309178731,8.230611416174147,Td
E_over_N,0.3410078933697318,16.50700451925182,8.31873926087932,Td
E_over_N,0.3414636744919307,16.60637818782706,8.406886027220324,Td
E_over_N,0.3419194556141297,16.70575185640231,8.495032793561329,Td
E_over_N,0.3423752367363286,16.805134303168263,8.583159392611181,Td
E_over_N,0.3428133586946212,16.90734556143708,8.674717093728754,Td
E_over_N,0.3432514806529139,17.00954804152844,8.766294962146313,Td
E_over_N,0.3436896026112065,17.1117505216198,8.857872830563874,Td
E_over_N,0.3441277245694992,17.213962799334748,8.949429173281017,Td
E_over_N,0.3445488715652592,17.31897885972134,9.04462410893473,Td
E_over_N,0.3449700185610191,17.423985122488773,9.139840570291069,Td
E_over_N,0.3453911655567792,17.5289913852562,9.235057031647408,Td
E_over_N,0.3458123125525392,17.634008472018014,9.330250485168882,Td
E_over_N,0.3462171422778715,17.74180085325846,9.429302630037697,Td
E_over_N,0.3466219720032038,17.84958241050453,9.528377782743586,Td
E_over_N,0.3470268017285361,17.9573639677506,9.627452935449476,Td
E_over_N,0.3474316314538684,18.065151755980185,9.726503461584516,Td
E_over_N,0.3478207761187066,18.1756612252931,9.829646475603173,Td
E_over_N,0.3482099207835449,18.28616446362692,9.93281411619268,Td
E_over_N,0.3485990654483831,18.39666770196074,10.035981756782187,Td
E_over_N,0.3489882101132214,18.506963692977497,10.139123000431157,Td
E_over_N,0.3493622774326301,18.620719992905396,10.246605428039157,Td
E_over_N,0.3497363447520388,18.734683540150343,10.354114252596528,Td
E_over_N,0.3501104120714475,18.848647087395296,10.4616230771539,Td
E_over_N,0.3504844793908563,18.962616713228027,10.569103565496539,Td
E_over_N,0.350844053534081,19.08047986238936,10.681190162525263,Td
E_over_N,0.3512036276773057,19.198336932985022,10.793305095777553,Td
E_over_N,0.3515632018205303,19.316194003580684,10.905420029029848,Td
E_over_N,0.351922775963755,19.43405807613956,11.017504498128536,Td
E_over_N,0.3522684184665005,19.555805493486993,11.13447770401032,Td
E_over_N,0.3526140609692461,19.677545908853546,11.251481374032455,Td
E_over_N,0.3529597034719916,19.79928632422009,11.368485044054589,Td
E_over_N,0.3533053459747371,19.92103479967695,11.485453717305976,Td
E_over_N,0.3536375966161008,20.046654199662385,11.607617846202334,Td
E_over_N,0.3539698472574645,20.172265539561938,11.729816971878273,Td
E_over_N,0.3543020978988282,20.297876879461494,11.852016097554213,Td
E_over_N,0.3546343485401919,20.42349740785445,11.974179135944297,Td
E_over_N,0.3549537261856196,20.55297382672376,12.10187804259233,Td
E_over_N,0.3552731038310472,20.68244105709525,12.229613036530637,Td
E_over_N,0.3555924814764749,20.811908287466736,12.357348030468941,Td
E_over_N,0.3559118591219025,20.941291436790532,12.485044527543945,Td
E_over_N,0.3562188625334843,21.074572155504303,12.618625706485984,Td
E_over_N,0.3565258659450661,21.207936955270174,12.75224538229574,Td
E_over_N,0.3568328693566479,21.341301755036053,12.885865058105498,Td
E_over_N,0.3571398727682297,21.474536878927722,13.019443064479713,Td
E_over_N,0.3574349813836016,21.61312849800125,13.15927951714994,Td
E_over_N,0.3577300899989735,21.751849792962233,13.299157639246873,Td
E_over_N,0.3580251986143453,21.890571087923217,13.439035761343808,Td
E_over_N,0.3583203072297172,22.029291630898204,13.578868698771146,Td
E_over_N,0.3586039819107833,22.173599825527287,13.725362127146672,Td
E_over_N,0.3588876565918495,22.317908772164465,13.871900740196212,Td
E_over_N,0.3591713312729158,22.46221771880164,14.018439353245753,Td
E_over_N,0.3594550059539819,22.60652680374445,14.164928879807317,Td
E_over_N,0.3597276897066287,22.756459029510253,14.318512137591073,Td
E_over_N,0.3600003734592755,22.906391116966,14.472144481876063,Td
E_over_N,0.3602730572119222,23.056323204421734,14.62577682616105,Td
E_over_N,0.360545740964569,23.206256415416743,14.779355744913602,Td
E_over_N,0.3608078596304932,23.361848579055675,14.940496110268013,Td
E_over_N,0.3610699782964174,23.51743961915092,15.101689901168113,Td
E_over_N,0.3613320969623416,23.67303065924617,15.262883692068211,Td
E_over_N,0.3615942156282657,23.82862386002392,15.424019222622611,Td
E_over_N,0.3618461785499982,23.989911725608735,15.59322208800693,Td
E_over_N,0.3620981414717307,24.151197430511044,15.762483213736953,Td
E_over_N,0.3623501043934632,24.312483135413345,15.931744339466976,Td
E_over_N,0.3626020673151957,24.473772131029158,16.100941806498025,Td
E_over_N,0.3628442679753591,24.640790938221944,16.278754849523946,Td
E_over_N,0.3630864686355225,24.80780645467471,16.456631551226753,Td
E_over_N,0.3633286692956858,24.97482197112748,16.634508252929564,Td
E_over_N,0.3635708699558492,25.14185714180528,16.81231525557157,Td
E_over_N,0.3638036865916472,25.31455987118168,16.999333164824172,Td
E_over_N,0.3640365032274452,25.487242946337474,17.186420773128745,Td
E_over_N,0.3642693198632431,25.659926021493266,17.373508381433314,Td
E_over_N,0.364502136499041,25.831962274155842,17.56051951659183,Td
E_over_N,0.3647259326929395,26.011537030538154,17.757389359322147,Td
E_over_N,0.3649497288868381,26.191758609396015,17.954335675194102,Td
E_over_N,0.3651735250807366,26.37198018825387,18.151281991066053,Td
E_over_N,0.3653973212746351,26.552179391650515,18.34814322412805,Td
E_over_N,0.3656124465221579,26.74153564155425,18.555571478474977,Td
E_over_N,0.3658275717696807,26.93091426692361,18.763084815614185,Td
E_over_N,0.3660426970172035,27.120292892292976,18.9705981527534,Td
E_over_N,0.3662578222647262,27.30964793418089,19.17801805076889,Td
E_over_N,0.3664646125202511,27.508348852281422,19.396791103203572,Td
E_over_N,0.3666714027757758,27.707073353889893,19.615657594775225,Td
E_over_N,0.3668781930313005,27.905797855498374,19.834524086346875,Td
E_over_N,0.3670849832868254,28.104498492795262,20.053287966757157,Td
E_over_N,0.3672837614882332,28.312746479198232,20.284253140011927,Td
E_over_N,0.367482539689641,28.52101832990396,20.51532092443249,Td
E_over_N,0.3676813178910489,28.72929018060969,20.74638870885305,Td
E_over_N,0.3678800960924568,28.937538005945065,20.97734287607084,Td
E_over_N,0.3680711726654542,29.15554683773012,21.221428655509857,Td
E_over_N,0.3682622492384517,29.37357969491205,21.465628052160493,Td
E_over_N,0.3684533258114491,29.591612552093977,21.70982744881113,Td
E_over_N,0.3686444023844465,29.809621289442877,21.953900728397333,Td
E_over_N,0.3688280757273476,30.03761682915346,22.212129650450493,Td
E_over_N,0.3690117490702488,30.265636488679384,22.470484689568075,Td
E_over_N,0.3691954224131499,30.493656148205304,22.728839728685656,Td
E_over_N,0.369379095756051,30.721652128740146,22.987054414505725,Td
E_over_N,0.3695556527057768,30.959872403406433,23.260554813548097,Td
E_over_N,0.3697322096555025,31.19811635705497,23.53419556591449,Td
E_over_N,0.3699087666052282,31.43636031070351,23.80783631828088,Td
E_over_N,0.370085323554954,31.674584709681014,24.08132045458059,Td
E_over_N,0.3702550398349763,31.923279487273135,24.371340726157406,Td
E_over_N,0.3704247561149987,32.17199381952743,24.66151761376555,Td
E_over_N,0.3705944723950209,32.42070815178173,24.95169450137369,Td
E_over_N,0.3707641886750433,32.66837382303817,25.24169613613948,Td
E_over_N,0.3709273293259741,32.92789211367561,25.549621351322934,Td
E_over_N,0.371090469976905,33.188459065328594,25.857721819366418,Td
E_over_N,0.3712536106278358,33.44902601698157,26.165822287409906,Td
E_over_N,0.3714167512787666,33.709520289792266,26.47372607388801,Td
E_over_N,0.3715735710722634,33.98553481300743,26.801097406450477,Td
E_over_N,0.3717303908657603,34.26162201509138,27.12866542056948,Td
E_over_N,0.3718872106592572,34.53770921717533,27.456233434688478,Td
E_over_N,0.3720440304527539,34.813718467357184,27.783580041983125,Td
E_over_N,0.3721947742893885,35.10582146056724,28.13211757433202,Td
E_over_N,0.3723455181260231,35.39800240568824,28.48087651349645,Td
E_over_N,0.3724962619626576,35.69018335080925,28.829635452660888,Td
E_over_N,0.3726470057992922,35.982281335859575,29.178144352898506,Td
E_over_N,0.3727919090910043,36.29109743496222,29.54977396044517,Td
E_over_N,0.3729368123827166,36.59999649411785,29.921653606936317,Td
E_over_N,0.3730817156744287,36.90889555327349,30.29353325342746,Td
E_over_N,0.3732266189661409,37.2177064947628,30.665127529038315,Td
E_over_N,0.373365908003874,37.54391342956605,31.062015444146994,Td
E_over_N,0.373505197041607,37.87020848198257,31.459188730127124,Td
E_over_N,0.37364448607934,38.196503534399106,31.85636201610725,Td
E_over_N,0.3737837751170731,38.52275747033541,32.253212804723795,Td
E_over_N,0.3739176674241654,38.866948752128856,32.677811180327495,Td
E_over_N,0.3740515597312576,39.21118115042021,33.10273205328595,Td
E_over_N,0.3741854520383499,39.555413548711556,33.52765292624441,Td
E_over_N,0.3743193443454422,39.89854223736754,33.952205749475226,Td
E_over_N,0.3744480490173262,40.26304369713791,34.40727453151653,Td
E_over_N,0.3745767536892104,40.628648866543635,34.86271136327663,Td
E_over_N,0.3747054583610945,40.994254035949346,35.318148195036734,Td
E_over_N,0.3748341630329786,41.35969805530177,35.773163280926866,Td
E_over_N,0.3749578810637194,41.750060103489005,36.261839398222484,Td
E_over_N,0.3750815990944602,42.14058330172953,36.75093726137924,Td
E_over_N,0.375205317125201,42.531106499970065,37.24003512453601,Td
E_over_N,0.3753290351559418,42.92144639058796,37.72864771513651,Td
E_over_N,0.3754479597521225,43.33802917329821,38.254509155840346,Td
E_over_N,0.3755668843483032,43.75479526360463,38.78085586911811,Td
E_over_N,0.3756858089444839,44.17156135391104,39.30720258239588,Td
E_over_N,0.3758047335406645,44.58789780698937,39.83298850114045,Td
E_over_N,0.3759190504231112,45.03174277835998,40.4001339143649,Td
E_over_N,0.3760333673055579,45.47601738695865,40.967840122096064,Td
E_over_N,0.3761476841880046,45.92029199555733,41.53554632982722,Td
E_over_N,0.3762620010704513,46.3633748585058,42.10260150431595,Td
E_over_N,0.3763718887642676,46.84297806075405,42.71574737133017,Td
E_over_N,0.376481776458084,47.32377300861717,43.329544271586826,Td
E_over_N,0.3765916641519004,47.80456795648028,43.94334117184346,Td
E_over_N,0.3767015518457167,48.28499298038265,44.55637864511332,Td
E_over_N,0.3768071819590808,48.80598118428982,45.220978503858575,Td
E_over_N,0.3769128120724448,49.32733931215771,45.88633778959944,Td
E_over_N,0.3770184421858089,49.848697440025624,46.5516970753403,Td
E_over_N,0.377124072299173,50.369625741983114,47.21616601843481,Td
E_over_N,0.3772256097913325,50.93408548882145,47.93855758716109,Td
E_over_N,0.377327147283492,51.498975061552514,48.66183949854256,Td
E_over_N,0.3774286847756516,52.06386463428358,49.38512140992403,Td
E_over_N,0.3775302222678111,52.62837173367037,50.10735396056037,Td
E_over_N,0.3776278257066952,53.23949364240858,50.894941747071286,Td
E_over_N,0.3777254291455794,53.85099802450874,51.68357889432733,Td
E_over_N,0.3778230325844635,54.46250240660889,52.47221604158339,Td
E_over_N,0.3779206360233476,55.07036267006493,53.25960768999292,Td
E_over_N,0.3780144578331972,55.73494776364275,54.121095844085495,Td
E_over_N,0.3781082796430469,56.40317697591772,54.98382949700692,Td
E_over_N,0.3782021014528965,57.071406188192704,55.84656314992835,Td
E_over_N,0.3782959232627461,57.738687632645984,56.707814239155375,Td
E_over_N,0.3783861099621504,58.477813530823255,57.653493380724775,Td
E_over_N,0.3784762966615547,59.21788719673384,58.60065508590019,Td
E_over_N,0.3785664833609589,59.95796086264442,59.54781679107561,Td
E_over_N,0.3786566700603632,60.69677755490999,60.493200942048816,Td
E_over_N,0.3787433624910727,61.51388094071135,61.53529447601144,Td
E_over_N,0.3788300549217823,62.33224130019304,62.579165564246985,Td
E_over_N,0.3789167473524919,63.150601659674734,63.623036652482526,Td
E_over_N,0.3790034397832014,63.96341362297147,64.66476364408227,Td
E_over_N,0.3790867733300767,64.88475037340031,65.81789749247564,Td
E_over_N,0.3791701068769518,65.81163552004944,66.97317543755779,Td
E_over_N,0.379253440423827,66.73852066669856,68.12845338263993,Td
E_over_N,0.3793367739707022,67.66308669526174,69.28112945682882,Td
E_over_N,0.3794168787731397,68.71880511554946,70.56291352596877,Td
E_over_N,0.3794969835755771,69.77684265395844,71.84729946601966,Td
E_over_N,0.3795770883780146,70.83488019236742,73.13168540607056,Td
E_over_N,0.379657193180452,71.89003222696465,74.41289531353337,Td
E_over_N,0.3797341943356188,73.09453136644284,75.84466719995964,Td
E_over_N,0.3798111954907857,74.30191600966212,77.27961511890338,Td
E_over_N,0.3798881966459524,75.50930065288136,78.71456303784711,Td
E_over_N,0.3799651978011192,76.70886913881203,80.14561267088861,Td
E_over_N,0.3800392155593136,78.10445712701157,81.75338568402323,Td
E_over_N,0.3801132333175079,79.50786127251737,83.36505698311309,Td
E_over_N,0.3801872510757023,80.91126541802319,84.97672828220296,Td
E_over_N,0.3802612688338966,82.32158573957872,86.58359204021872,Td
E_over_N,0.3803324187863389,83.90784883827355,88.39925828582315,Td
E_over_N,0.3804035687387812,85.48719576075963,90.21973207246634,Td
E_over_N,0.3804747186912235,87.06654268324569,92.04020585910952,Td
E_over_N,0.3805458686436658,88.64221389708432,93.85472918600361,Td
E_over_N,0.3806142619030137,90.39574459979193,95.91757175167993,Td
E_over_N,0.3806826551623617,92.15295101123529,97.98636477715834,Td
E_over_N,0.3807510484217096,93.91015742267865,100.05515780263677,Td
E_over_N,0.3808194416810576,95.66327303571205,102.11657823180954,Td
E_over_N,0.3808851850549274,97.62252417109768,104.47513610809345,Td
E_over_N,0.3809509284287973,99.58586610491098,106.84106658063001,Td
E_over_N,0.3810166718026672,101.54920803872426,109.20699705316656,Td
E_over_N,0.3810824151765369,103.50769418411953,111.5638109764407,Td
E_over_N,0.3811456113343016,105.70538885451452,114.27806027012664,Td
E_over_N,0.3812088074920663,107.90793931339824,117.00142611312803,Td
E_over_N,0.3812720036498309,110.11048977228197,119.72479195612941,Td
E_over_N,0.3813351998075956,112.3072887780409,122.43696321576607,Td
E_over_N,0.3813959474407201,114.78237243818904,125.58074686555842,Td
E_over_N,0.3814566950738445,117.26320755155031,128.73572509873316,Td
E_over_N,0.381517442706969,119.74404266491162,131.89070333190787,Td
E_over_N,0.3815781903400935,122.21812284157929,135.032132615848,Td
E_over_N,0.3816365843162586,125.01639690842043,138.6954771765748,Td
E_over_N,0.3816949782924236,127.82142591199049,142.37237068658922,Td
E_over_N,0.3817533722685886,130.62645491556057,146.04926419660364,Td
E_over_N,0.3818117662447536,133.42366042150655,149.71016851748885,Td
E_over_N,0.3818678977560072,136.59841272200825,154.00077731021375,Td
E_over_N,0.381924029267261,139.78098852006337,158.30737529199718,Td
E_over_N,0.3819801607785146,142.96356431811847,162.61397327378063,Td
E_over_N,0.3820362922897682,146.13727150057935,166.90246010828858,Td
E_over_N,0.3820902489949379,149.74945201852134,171.94511642594134,Td
E_over_N,0.3821442057001075,153.37050115198693,177.00588389081653,Td
E_over_N,0.3821981624052772,156.99155028545255,182.06665135569173,Td
E_over_N,0.3822521191104469,160.60286199240247,187.10818443515092,Td
E_over_N,0.3823039852720331,164.72038807906713,193.0401954372506,Td
E_over_N,0.3823558514336194,168.84765159221203,198.991440824784,Td
E_over_N,0.3824077175952057,172.97491510535693,204.9426862123175,Td
E_over_N,0.3824595837567919,177.09197734351008,210.87550705494803,Td
E_over_N,0.3825094403725589,181.78763719632408,217.83604549361633,Td
E_over_N,0.3825592969883259,186.49349832416522,224.81500847722285,Td
E_over_N,0.3826091536040928,191.1993594520064,231.79397146082943,Td
E_over_N,0.3826590102198599,195.89525556023958,238.75822265188137,Td
E_over_N,0.3827069351493266,201.24265104116867,246.87018631730803,Td
E_over_N,0.3827548600787934,206.60001154174105,254.99686177537762,Td
E_over_N,0.3828027850082602,211.95737204231347,263.1235372334472,Td
E_over_N,0.3828507099377269,217.30601944704287,271.2427120733743,Td
E_over_N,0.3828967780237585,223.37317777681713,280.58813595033297,Td
E_over_N,0.3829428461097901,229.44904920243442,289.9410604454695,Td
E_over_N,0.3829889141958216,235.52492062805172,299.29398494060587,Td
E_over_N,0.3830349822818532,241.59459264581747,308.64984568976297,Td
E_over_N,0.3830792654675401,248.43538814677768,319.2435508142042,Td
E_over_N,0.383123548653227,255.28238305569553,329.83431968469523,Td
E_over_N,0.383167831838914,262.1293779646134,340.4250885551863,Td
E_over_N,0.3832121150246009,268.9740058167981,351.03103337787866,Td
E_over_N,0.3832546824656108,276.6183491555985,362.80044176836805,Td
E_over_N,0.3832972499066207,284.2650595511321,374.55467420669135,Td
E_over_N,0.3833398173476305,291.91176994666574,386.3089066450147,Td
E_over_N,0.3833823847886404,299.5610033779074,398.089929450433,Td
E_over_N,0.3834233029612158,308.00562536411917,410.86914213252254,Td
E_over_N,0.3834642211337912,316.44772431462286,423.6215644474817,Td
E_over_N,0.3835051393063665,324.88982326512655,436.37398676244095,Td
E_over_N,0.3835460574789419,333.3395919797541,449.1611775054664,Td
E_over_N,0.3835853902837145,342.5417001217903,462.70334746285727,Td
E_over_N,0.3836247230884871,351.7361384997732,476.21074899207565,Td
E_over_N,0.3836640558932598,360.9305768777561,489.7181505212942,Td
E_over_N,0.3837033886980324,370.13583915918537,503.26119175057426,Td
E_over_N,0.3837411975598145,380.0114448126075,517.2665166582065,Td
E_over_N,0.3837790064215967,389.87622656237113,531.2362018656706,Td
E_over_N,0.3838168152833788,399.74100831213485,545.2058870731349,Td
E_over_N,0.3838546241451609,409.6101304219698,559.1999287142987,Td
E_over_N,0.3838909681088707,420.0370421242221,573.3506862478994,Td
E_over_N,0.3839273120725804,430.45961346643855,587.4770873478009,Td
E_over_N,0.3839636560362902,440.882184808655,601.6034884477024,Td
E_over_N,0.384,451.30475615087136,615.7298895476391,Td
electron_current_density,0.016,-0.1908765326710138,-0.2341754636256014,A m$^{-2}$
electron_current_density,0.0160363439637097,-0.1890709083652585,-0.2343419273383573,A m$^{-2}$
electron_current_density,0.0160726879274195,-0.1884903448221598,-0.2345198781363214,A m$^{-2}$
electron_current_density,0.0161090318911293,-0.1891432060451441,-0.2347245680981012,A m$^{-2}$
electron_current_density,0.0161453758548391,-0.1903284849036659,-0.2349621739470507,A m$^{-2}$
electron_current_density,0.0161831847166212,-0.1892913711112161,-0.235243375029044,A m$^{-2}$
electron_current_density,0.0162209935784033,-0.1896332005261901,-0.2355489489287682,A m$^{-2}$
electron_current_density,0.0162588024401854,-0.189956275357049,-0.2358783614357335,A m$^{-2}$
electron_current_density,0.0162966113019675,-0.1905626217778597,-0.2362363492758485,A m$^{-2}$
electron_current_density,0.0163359441067401,-0.1900647309510451,-0.2366552427935961,A m$^{-2}$
electron_current_density,0.0163752769115128,-0.190590157367928,-0.2370957161664743,A m$^{-2}$
electron_current_density,0.0164146097162854,-0.1911384305243101,-0.2375590958115553,A m$^{-2}$
electron_current_density,0.016453942521058,-0.1916365864852985,-0.2380493938066084,A m$^{-2}$
electron_current_density,0.0164948606936334,-0.1919019839763514,-0.2386072144791286,A m$^{-2}$
electron_current_density,0.0165357788662088,-0.1922648224094045,-0.2391859602439196,A m$^{-2}$
electron_current_density,0.0165766970387842,-0.192648762078751,-0.2397876576866474,A m$^{-2}$
electron_current_density,0.0166176152113596,-0.1934264922459306,-0.2404159656656937,A m$^{-2}$
electron_current_density,0.0166601826523694,-0.1938116963030247,-0.2411135149001427,A m$^{-2}$
electron_current_density,0.0167027500933793,-0.1943620510461222,-0.2418323437121433,A m$^{-2}$
electron_current_density,0.0167453175343891,-0.1949361462077742,-0.2425748515656487,A m$^{-2}$
electron_current_density,0.0167878849753989,-0.1955501122542839,-0.2433445016682659,A m$^{-2}$
electron_current_density,0.0168321681610859,-0.1961792014078771,-0.2441824497287339,A m$^{-2}$
electron_current_density,0.0168764513467729,-0.1968149385069369,-0.2450427917335385,A m$^{-2}$
electron_current_density,0.0169207345324598,-0.1974721539740005,-0.2459281477165958,A m$^{-2}$
electron_current_density,0.0169650177181468,-0.1982950227616736,-0.2468420122689135,A m$^{-2}$
electron_current_density,0.0170110858041783,-0.198974463353299,-0.2478212466377347,A m$^{-2}$
electron_current_density,0.0170571538902099,-0.1997348889277131,-0.2488245511531421,A m$^{-2}$
electron_current_density,0.0171032219762414,-0.2005147507966648,-0.2498548406472273,A m$^{-2}$
electron_current_density,0.017149290062273,-0.201314931464939,-0.2509157849646567,A m$^{-2}$
electron_current_density,0.0171972149917398,-0.2021503497364209,-0.2520376113316954,A m$^{-2}$
electron_current_density,0.0172451399212065,-0.2030044012039032,-0.2531858414070386,A m$^{-2}$
electron_current_density,0.0172930648506733,-0.2038774409511786,-0.2543637472835375,A m$^{-2}$
electron_current_density,0.0173409897801401,-0.2047701926291556,-0.2555753507218737,A m$^{-2}$
electron_current_density,0.017390846395907,-0.2057049609878815,-0.2568410650806677,A m$^{-2}$
electron_current_density,0.017440703011674,-0.2066581788958301,-0.2581362553819444,A m$^{-2}$
electron_current_density,0.017490559627441,-0.2076301745461366,-0.2594646859928535,A m$^{-2}$
electron_current_density,0.017540416243208,-0.2086215211235566,-0.260831311860718,A m$^{-2}$
electron_current_density,0.0175922824047942,-0.2096616868250274,-0.2622425777475627,A m$^{-2}$
electron_current_density,0.0176441485663805,-0.2107203021253856,-0.2636869186474946,A m$^{-2}$
electron_current_density,0.0176960147279668,-0.2117976311417874,-0.265169152906234,A m$^{-2}$
electron_current_density,0.0177478808895531,-0.2128940921072635,-0.2666949673869474,A m$^{-2}$
electron_current_density,0.0178018375947228,-0.214046479086389,-0.2682529850792159,A m$^{-2}$
electron_current_density,0.0178557942998924,-0.2152174245325237,-0.2698492550544874,A m$^{-2}$
electron_current_density,0.0179097510050621,-0.2164070953548313,-0.2714894431676852,A m$^{-2}$
electron_current_density,0.0179637077102317,-0.2176157387883397,-0.2731807809536491,A m$^{-2}$
electron_current_density,0.0180198392214854,-0.2188879625089469,-0.2748855057008348,A m$^{-2}$
electron_current_density,0.018075970732739,-0.2201789009594204,-0.2766346544765481,A m$^{-2}$
electron_current_density,0.0181321022439927,-0.2214885884938258,-0.2784355692193347,A m$^{-2}$
electron_current_density,0.0181882337552464,-0.2228292299696502,-0.2802972289919603,A m$^{-2}$
electron_current_density,0.0182466277314114,-0.2242206586585323,-0.2821474267521091,A m$^{-2}$
electron_current_density,0.0183050217075764,-0.2256187791259294,-0.2840503648767417,A m$^{-2}$
electron_current_density,0.0183634156837414,-0.2270618956158895,-0.286015288369739,A m$^{-2}$
electron_current_density,0.0184218096599065,-0.2285481137195954,-0.2880538170825032,A m$^{-2}$
electron_current_density,0.0184825572930309,-0.2300554001099564,-0.2900463688371443,A m$^{-2}$
electron_current_density,0.0185433049261554,-0.2315969544844868,-0.2921021901858466,A m$^{-2}$
electron_current_density,0.0186040525592799,-0.2331558338869052,-0.2942333694510492,A m$^{-2}$
electron_current_density,0.0186648001924044,-0.2347318763429898,-0.29645510825094,A m$^{-2}$
electron_current_density,0.0187279963501691,-0.2363834187099598,-0.2985827663314335,A m$^{-2}$
electron_current_density,0.0187911925079337,-0.2380526285671533,-0.3007874375407766,A m$^{-2}$
electron_current_density,0.0188543886656983,-0.2397392110956589,-0.3030850694660091,A m$^{-2}$
electron_current_density,0.018917584823463,-0.2414427374427286,-0.3054956948383137,A m$^{-2}$
electron_current_density,0.0189833281973328,-0.2432318117243317,-0.3077458905887199,A m$^{-2}$
electron_current_density,0.0190490715712026,-0.2450386611365952,-0.3100911564350791,A m$^{-2}$
electron_current_density,0.0191148149450725,-0.2468627197934805,-0.312552660000933,A m$^{-2}$
electron_current_density,0.0191805583189423,-0.2487032134110916,-0.3151568900761136,A m$^{-2}$
electron_current_density,0.0192489515782903,-0.2506409123245914,-0.3175100947359447,A m$^{-2}$
electron_current_density,0.0193173448376382,-0.2525962632984935,-0.3199821983415934,A m$^{-2}$
electron_current_density,0.0193857380969862,-0.2545683428082529,-0.3226013729429779,A m$^{-2}$
electron_current_density,0.0194541313563341,-0.2565559271380493,-0.3254025849912071,A m$^{-2}$
electron_current_density,0.0195252813087764,-0.2586543994840707,-0.3278305264546961,A m$^{-2}$
electron_current_density,0.0195964312612187,-0.2607700584989269,-0.3304088299177873,A m$^{-2}$
electron_current_density,0.019667581213661,-0.2629015096108698,-0.3331749082670104,A m$^{-2}$
electron_current_density,0.0197387311661033,-0.2650469423264964,-0.3361753763818448,A m$^{-2}$
electron_current_density,0.0198127489242976,-0.2673194954773956,-0.338637988290425,A m$^{-2}$
electron_current_density,0.019886766682492,-0.2696082811862613,-0.3412914560832679,A m$^{-2}$
electron_current_density,0.0199607844406864,-0.2719112847455172,-0.3441858743748317,A m$^{-2}$
electron_current_density,0.0200348021988807,-0.2742259271921509,-0.347380407014026,A m$^{-2}$
electron_current_density,0.0201118033540475,-0.276687140379717,-0.349822454603287,A m$^{-2}$
electron_current_density,0.0201888045092143,-0.2791629498204154,-0.3525091317794558,A m$^{-2}$
electron_current_density,0.0202658056643811,-0.2816505235684865,-0.3555043399112432,A m$^{-2}$
electron_current_density,0.0203428068195479,-0.2841462723267919,-0.3588812256991727,A m$^{-2}$
electron_current_density,0.0204229116219854,-0.2868121216274563,-0.3612372999253035,A m$^{-2}$
electron_current_density,0.0205030164244228,-0.2894899908891593,-0.3639036405113084,A m$^{-2}$
electron_current_density,0.0205831212268602,-0.2921759679188991,-0.366959257147825,A m$^{-2}$
electron_current_density,0.0206632260292976,-0.2948651272882993,-0.3704852843511753,A m$^{-2}$
electron_current_density,0.0207465595761729,-0.2977531242346233,-0.3726862882001667,A m$^{-2}$
electron_current_density,0.0208298931230481,-0.3006492775200615,-0.3752727824875453,A m$^{-2}$
electron_current_density,0.0209132266699234,-0.3035482385724917,-0.3783314116612882,A m$^{-2}$
electron_current_density,0.0209965602167986,-0.3064432985501645,-0.3819280334293256,A m$^{-2}$
electron_current_density,0.0210832526475082,-0.3095726471092067,-0.3839289207376926,A m$^{-2}$
electron_current_density,0.0211699450782177,-0.3127045254434163,-0.386385046376116,A m$^{-2}$
electron_current_density,0.0212566375089272,-0.3158316556492486,-0.3893619515012444,A m$^{-2}$
electron_current_density,0.0213433299396368,-0.3189449138710133,-0.3928475333466086,A m$^{-2}$
electron_current_density,0.021433516639041,-0.3223366977607562,-0.3946949154870046,A m$^{-2}$
electron_current_density,0.0215237033384453,-0.325722955421049,-0.3970167906269619,A m$^{-2}$
electron_current_density,0.0216138900378495,-0.3290937754820523,-0.3997788938110502,A m$^{-2}$
electron_current_density,0.0217040767372538,-0.3324366915470786,-0.4027444462563801,A m$^{-2}$
electron_current_density,0.0217978985471034,-0.3361141218973311,-0.4047172359262657,A m$^{-2}$
electron_current_density,0.0218917203569531,-0.3397745761556256,-0.407026300163851,A m$^{-2}$
electron_current_density,0.0219855421668027,-0.3434044597911964,-0.4093504195936553,A m$^{-2}$
electron_current_density,0.0220793639766524,-0.3469865295625253,-0.4109309375524357,A m$^{-2}$
electron_current_density,0.0221769674155365,-0.350975327867528,-0.4137858432899673,A m$^{-2}$
electron_current_density,0.0222745708544206,-0.3549308502318723,-0.4164587659646265,A m$^{-2}$
electron_current_density,0.0223721742933047,-0.3588341653872497,-0.417958202319421,A m$^{-2}$
electron_current_density,0.0224697777321888,-0.3626608867066296,-0.4165081922821857,A m$^{-2}$
electron_current_density,0.0225713152243483,-0.3669899929908626,-0.4218039459329606,A m$^{-2}$
electron_current_density,0.0226728527165079,-0.3712623528179257,-0.42562186996519,A m$^{-2}$
electron_current_density,0.0227743902086675,-0.3754509097916163,-0.4256641000964744,A m$^{-2}$
electron_current_density,0.022875927700827,-0.37951990869163,-0.4185271132429421,A m$^{-2}$
electron_current_density,0.0229815578141911,-0.3842230158835763,-0.428806739286795,A m$^{-2}$
electron_current_density,0.0230871879275552,-0.3888347825483447,-0.4349727850126773,A m$^{-2}$
electron_current_density,0.0231928180409192,-0.3933149234440213,-0.4326821358868608,A m$^{-2}$
electron_current_density,0.0232984481542833,-0.3976726676487451,-0.4165154154760613,A m$^{-2}$
electron_current_density,0.0234083358480996,-0.4026752121495769,-0.4349129096826445,A m$^{-2}$
electron_current_density,0.023518223541916,-0.4076376702583786,-0.4447058014488602,A m$^{-2}$
electron_current_density,0.0236281112357323,-0.4124130840983318,-0.4391942503141663,A m$^{-2}$
electron_current_density,0.0237379989295486,-0.4169202349510705,-0.4112448692139817,A m$^{-2}$
electron_current_density,0.0238523158119953,-0.4223132784151454,-0.4402431515535761,A m$^{-2}$
electron_current_density,0.023966632694442,-0.4275100982633749,-0.4543079241738952,A m$^{-2}$
electron_current_density,0.0240809495768887,-0.4324131560773583,-0.4451291111068134,A m$^{-2}$
electron_current_density,0.0241952664593354,-0.4368997536174713,-0.4050055540324935,A m$^{-2}$
electron_current_density,0.0243141910555161,-0.4426377172289196,-0.4448680129857957,A m$^{-2}$
electron_current_density,0.0244331156516968,-0.4480455050791255,-0.4626445895694564,A m$^{-2}$
electron_current_density,0.0245520402478774,-0.4529596771437176,-0.4501681897102386,A m$^{-2}$
electron_current_density,0.0246709648440581,-0.4571095469799089,-0.4007117887755695,A m$^{-2}$
electron_current_density,0.0247946828747989,-0.4632250104262026,-0.4488118716754327,A m$^{-2}$
electron_current_density,0.0249184009055397,-0.4687899879551387,-0.4686608196594092,A m$^{-2}$
electron_current_density,0.0250421189362805,-0.4733955324033048,-0.4540528816750052,A m$^{-2}$
electron_current_density,0.0251658369670213,-0.47927487010776,-0.4004019009428328,A m$^{-2}$
electron_current_density,0.0252945416389054,-0.4830602187937974,-0.4521051991460425,A m$^{-2}$
electron_current_density,0.0254232463107895,-0.484864580678637,-0.4720249999929164,A m$^{-2}$
electron_current_density,0.0255519509826736,-0.490475434130329,-0.4568313993809263,A m$^{-2}$
electron_current_density,0.0256806556545578,-0.7776465331308019,-0.4043673540129563,A m$^{-2}$
electron_current_density,0.02581454796165,-0.5273519923060239,-0.4548392465701366,A m$^{-2}$
electron_current_density,0.0259484402687423,-0.1268538814625062,-0.4732149993769097,A m$^{-2}$
electron_current_density,0.0260823325758346,-0.0962890871950805,-0.4588289956102593,A m$^{-2}$
electron_current_density,0.0262162248829268,0.4780392887376457,-0.4114390072257411,A m$^{-2}$
electron_current_density,0.0263555139206599,-1.9116474820550893,-0.457177019228647,A m$^{-2}$
electron_current_density,0.026494802958393,-4.26493618571299,-0.4731497265178153,A m$^{-2}$
electron_current_density,0.026634091996126,-1.0822852065054165,-0.4604508999330519,A m$^{-2}$
electron_current_density,0.0267733810338591,3.289041338181136,-0.4199228973324757,A m$^{-2}$
electron_current_density,0.0269182843255713,-0.5000357699661021,-0.4593170823904846,A m$^{-2}$
electron_current_density,0.0270631876172834,-0.5498734166586094,-0.472727002105915,A m$^{-2}$
electron_current_density,0.0272080909089956,-0.52125123110306,-0.462017338505672,A m$^{-2}$
electron_current_density,0.0273529942007077,-0.406226502189894,-0.4284132615701539,A m$^{-2}$
electron_current_density,0.0275037380373423,-0.5007880770763926,-0.461413347915342,A m$^{-2}$
electron_current_density,0.0276544818739769,-0.5252172981363739,-0.4725307985022147,A m$^{-2}$
electron_current_density,0.0278052257106114,-0.5071316220731645,-0.4637067603936157,A m$^{-2}$
electron_current_density,0.027955969547246,1.7296773863520525,-0.436152078971587,A m$^{-2}$
electron_current_density,0.0281127893407428,2.6702921694767374,-0.4635646064184396,A m$^{-2}$
electron_current_density,0.0282696091342396,10.328261274607216,-0.4728130270237726,A m$^{-2}$
electron_current_density,0.0284264289277364,2.9660012132131066,-0.4655895028824231,A m$^{-2}$
electron_current_density,0.0285832487212332,-12.425130965016445,-0.4429347924533777,A m$^{-2}$
electron_current_density,0.0287463893721641,-0.657742447065879,-0.4658123267988874,A m$^{-2}$
electron_current_density,0.0289095300230949,1.7059479797521893,-0.4736019168750033,A m$^{-2}$
electron_current_density,0.0290726706740258,1.299195064866715,-0.4676650806111365,A m$^{-2}$
electron_current_density,0.0292358113249567,-4.240837583809487,-0.4488448894267833,A m$^{-2}$
electron_current_density,0.029405527604979,-0.0034645241437054,-0.468166248584513,A m$^{-2}$
electron_current_density,0.0295752438850014,0.8379332189192621,-0.4748361176474241,A m$^{-2}$
electron_current_density,0.0297449601650237,-0.5365798585693167,-0.4699135472031407,A m$^{-2}$
electron_current_density,0.029914676445046,-2.112571254314352,-0.4540661074847275,A m$^{-2}$
electron_current_density,0.0300912333947717,-0.5440645219986073,-0.4706309474474957,A m$^{-2}$
electron_current_density,0.0302677903444974,0.2857577283105763,-0.4764442543723797,A m$^{-2}$
electron_current_density,0.0304443472942232,0.1181463813488079,-0.4723219265297663,A m$^{-2}$
electron_current_density,0.0306209042439489,-1.47505093431762,-0.4587903022618721,A m$^{-2}$
electron_current_density,0.03080457758685,-0.4739721924949989,-0.4732111116305285,A m$^{-2}$
electron_current_density,0.0309882509297511,-0.3800372437725887,-0.4783629781383372,A m$^{-2}$
electron_current_density,0.0311719242726522,-0.4625938005046549,-0.47487655298607,A m$^{-2}$
electron_current_density,0.0313555976155534,-0.7233586178094316,-0.4631682605289693,A m$^{-2}$
electron_current_density,0.0315466741885508,-0.4755799366241642,-0.4759058587631201,A m$^{-2}$
electron_current_density,0.0317377507615483,-0.3910068245385434,-0.4805417621373434,A m$^{-2}$
electron_current_density,0.0319288273345457,-0.4666844403370906,-0.4775675155645185,A m$^{-2}$
electron_current_density,0.0321199039075432,-0.9650274075911858,-0.4673150648520783,A m$^{-2}$
electron_current_density,0.032318682108951,-0.2833037041795962,-0.4787158993250009,A m$^{-2}$
electron_current_density,0.0325174603103589,-0.357711354129921,-0.4829450894728862,A m$^{-2}$
electron_current_density,0.0327162385117668,-0.5005318909467279,-0.4803899083561907,A m$^{-2}$
electron_current_density,0.0329150167131746,-0.6460033538692698,-0.4713165527835455,A m$^{-2}$
electron_current_density,0.0331218069686994,-0.4893704669314074,-0.4816445567079026,A m$^{-2}$
electron_current_density,0.0333285972242242,-0.4585576450408244,-0.4855520438192313,A m$^{-2}$
electron_current_density,0.0335353874797489,-0.4870866524422022,-0.4833467868928335,A m$^{-2}$
electron_current_density,0.0337421777352737,-0.5753899772281187,-0.4752450861928186,A m$^{-2}$
electron_current_density,0.0339573029827965,-0.4898918203528042,-0.4847034168272637,A m$^{-2}$
electron_current_density,0.0341724282303193,-0.4607847043851134,-0.4883543879388521,A m$^{-2}$
electron_current_density,0.0343875534778421,-0.4879377234640397,-0.4864461358600588,A m$^{-2}$
electron_current_density,0.0346026787253649,-0.6837518946373697,-0.4791558715845759,A m$^{-2}$
electron_current_density,0.0348264749192634,-0.3761231173408579,-0.487899806023358,A m$^{-2}$
electron_current_density,0.0350502711131619,-0.4240101369394482,-0.4913443961179499,A m$^{-2}$
electron_current_density,0.0352740673070604,-0.5019037920637183,-0.4896916421337338,A m$^{-2}$
electron_current_density,0.0354978635009589,-0.5725483950524037,-0.4830879346693771,A m$^{-2}$
electron_current_density,0.0357306801367568,-0.4945339504048975,-0.4912397444625553,A m$^{-2}$
electron_current_density,0.0359634967725548,-0.4807647046177777,-0.4945178376701989,A m$^{-2}$
electron_current_density,0.0361963134083527,-0.4938563440876131,-0.493088189514195,A m$^{-2}$
electron_current_density,0.0364291300441507,-0.5341206269331926,-0.4870726456523122,A m$^{-2}$
electron_current_density,0.0366713307043141,-0.4948347696612817,-0.4947297978158474,A m$^{-2}$
electron_current_density,0.0369135313644775,-0.4814731361973733,-0.4978735844374405,A m$^{-2}$
electron_current_density,0.0371557320246408,-0.4942362808669158,-0.4966415239774096,A m$^{-2}$
electron_current_density,0.0373979326848042,-0.594499364378642,-0.4911354901312723,A m$^{-2}$
electron_current_density,0.0376498956065367,-0.4698367096093626,-0.4983769057644214,A m$^{-2}$
electron_current_density,0.0379018585282693,-0.4772385481708254,-0.5014131000436503,A m$^{-2}$
electron_current_density,0.0381538214500018,-0.4987015422036709,-0.500358629602644,A m$^{-2}$
electron_current_density,0.0384057843717343,-0.525877612668063,-0.4952990074418891,A m$^{-2}$
electron_current_density,0.0386679030376584,-0.4972283355681868,-0.5021920341007832,A m$^{-2}$
electron_current_density,0.0389300217035826,-0.4904105059984314,-0.5051450534851374,A m$^{-2}$
electron_current_density,0.0391921403695068,-0.4970489217691126,-0.5042539333127569,A m$^{-2}$
electron_current_density,0.039454259035431,-0.5173622247803623,-0.4995912290638782,A m$^{-2}$
electron_current_density,0.0397269427880777,-0.4975178679387713,-0.5061895860426208,A m$^{-2}$
electron_current_density,0.0399996265407245,-0.4907884494599687,-0.5090779760155001,A m$^{-2}$
electron_current_density,0.0402723102933713,-0.4973681660322053,-0.508337498659511,A m$^{-2}$
electron_current_density,0.0405449940460181,-0.5174723693668022,-0.5040299871428282,A m$^{-2}$
electron_current_density,0.0408286687270842,-0.4978285555222722,-0.5103778260932005,A m$^{-2}$
electron_current_density,0.0411123434081504,-0.4911758884274557,-0.5132171774151321,A m$^{-2}$
electron_current_density,0.0413960180892166,-0.4977081753546667,-0.5126169817295545,A m$^{-2}$
electron_current_density,0.0416796927702828,-0.5176358396578933,-0.5086301835315109,A m$^{-2}$
electron_current_density,0.0419748013856546,-0.4981629617735997,-0.5147647162684393,A m$^{-2}$
electron_current_density,0.0422699100010265,-0.4915778837908984,-0.517568368774225,A m$^{-2}$
electron_current_density,0.0425650186163984,-0.4980717367954096,-0.5171000401329534,A m$^{-2}$
electron_current_density,0.0428601272317702,-0.5463727417703332,-0.5134052670333189,A m$^{-2}$
electron_current_density,0.0431671306433521,-0.5059685456543452,-0.5193580557159335,A m$^{-2}$
electron_current_density,0.0434741340549339,-0.4484214232369937,-0.5221375047708982,A m$^{-2}$
electron_current_density,0.0437811374665157,-0.4738385241334565,-0.5217941716303727,A m$^{-2}$
electron_current_density,0.0440881408780975,-0.5557411494036035,-0.5183673430370609,A m$^{-2}$
electron_current_density,0.0444075185235252,-0.4998267527398388,-0.5241653698841785,A m$^{-2}$
electron_current_density,0.0447268961689528,-0.4963230125849462,-0.5269306448760541,A m$^{-2}$
electron_current_density,0.0450462738143804,-0.499903276831799,-0.5267067122391978,A m$^{-2}$
electron_current_density,0.0453656514598081,-0.5107066362659247,-0.5235269245244536,A m$^{-2}$
electron_current_density,0.0456979021011717,-0.5002343099358779,-0.5291955980089262,A m$^{-2}$
electron_current_density,0.0460301527425354,-0.4967304135168076,-0.5319577621612297,A m$^{-2}$
electron_current_density,0.0463624033838991,-0.5003309977281283,-0.5318503877799602,A m$^{-2}$
electron_current_density,0.0466946540252628,-0.5111724631148552,-0.5289026911475756,A m$^{-2}$
electron_current_density,0.0470402965280083,-0.500674380343332,-0.5344642205091771,A m$^{-2}$
electron_current_density,0.0473859390307539,-0.497169691400204,-0.5372319606487247,A m$^{-2}$
electron_current_density,0.0477315815334994,-0.5007919731280467,-0.5372382245029457,A m$^{-2}$
electron_current_density,0.0480772240362449,-0.5116741098399096,-0.5345085785934435,A m$^{-2}$
electron_current_density,0.0484367981794696,-0.5011487165889956,-0.5399801308370102,A m$^{-2}$
electron_current_density,0.0487963723226943,-0.4976432510451342,-0.5427602390573913,A m$^{-2}$
electron_current_density,0.049155946465919,-0.5012878988279778,-0.5428771357219573,A m$^{-2}$
electron_current_density,0.0495155206091436,-0.5275181391802228,-0.5403533140889236,A m$^{-2}$
electron_current_density,0.0498895879285524,-0.5056260321287814,-0.5457499646023974,A m$^{-2}$
electron_current_density,0.0502636552479611,-0.4747971764982839,-0.5485483835684639,A m$^{-2}$
electron_current_density,0.0506377225673699,-0.4823508245715244,-0.5487733690860449,A m$^{-2}$
electron_current_density,0.0510117898867786,-0.5354699817091475,-0.5464448312457304,A m$^{-2}$
electron_current_density,0.0514009345516168,-0.5027165156741037,-0.5517796767036486,A m$^{-2}$
electron_current_density,0.0517900792164551,-0.5008394914103806,-0.5546015811694552,A m$^{-2}$
electron_current_density,0.0521792238812933,-0.5029485487313838,-0.5549324554054185,A m$^{-2}$
electron_current_density,0.0525683685461315,-0.509133221953657,-0.5527900457628498,A m$^{-2}$
electron_current_density,0.0529731982714638,-0.5032990744280598,-0.5580744492902878,A m$^{-2}$
electron_current_density,0.0533780279967961,-0.501408424946878,-0.5609243099321208,A m$^{-2}$
electron_current_density,0.0537828577221284,-0.5035515357080244,-0.5613591174520163,A m$^{-2}$
electron_current_density,0.0541876874474608,-0.5098168856497403,-0.559394650855116,A m$^{-2}$
electron_current_density,0.0546088344432208,-0.5039213466332634,-0.5646385645801639,A m$^{-2}$
electron_current_density,0.0550299814389808,-0.5020176687092855,-0.5675204310188741,A m$^{-2}$
electron_current_density,0.0554511284347408,-0.5041950178894017,-0.5680575533320359,A m$^{-2}$
electron_current_density,0.0558722754305008,-0.5105404793587199,-0.566263598381733,A m$^{-2}$
electron_current_density,0.0563103973887934,-0.5045848416653955,-0.5714793371645925,A m$^{-2}$
electron_current_density,0.0567485193470861,-0.5026689444663108,-0.5743999351608181,A m$^{-2}$
electron_current_density,0.0571866413053787,-0.5048804995798739,-0.5750403854957064,A m$^{-2}$
electron_current_density,0.0576247632636713,-0.5113048189218568,-0.5734132816953459,A m$^{-2}$
electron_current_density,0.0580805443858702,-0.5052910628869673,-0.5786095553802895,A m$^{-2}$
electron_current_density,0.0585363255080691,-0.5033640085039174,-0.5815721879928865,A m$^{-2}$
electron_current_density,0.058992106630268,-0.5056095135424417,-0.5823149421279851,A m$^{-2}$
electron_current_density,0.0594478877524669,-0.5121106977261161,-0.5808494580412102,A m$^{-2}$
electron_current_density,0.0599220398177102,-0.5060415840587359,-0.586032521721842,A m$^{-2}$
electron_current_density,0.0603961918829534,-0.5041047347807708,-0.58903958886816,A m$^{-2}$
electron_current_density,0.0608703439481967,-0.5063837139302306,-0.5898833357567842,A m$^{-2}$
electron_current_density,0.06134449601344,-0.5129589944798116,-0.5885746560807832,A m$^{-2}$
electron_current_density,0.0618377594901935,-0.5068381603902021,-0.5937498724813269,A m$^{-2}$
electron_current_density,0.062331022966947,-0.5048932331683658,-0.5968032572082725,A m$^{-2}$
electron_current_density,0.0628242864437006,-0.5072050075175547,-0.5977466261985934,A m$^{-2}$
electron_current_density,0.0633175499204541,-0.5138508244753561,-0.5965903081143519,A m$^{-2}$
electron_current_density,0.063830695122878,-0.5076828821079397,-0.6017621146061546,A m$^{-2}$
electron_current_density,0.064343840325302,-0.5057320119075841,-0.6048632034139686,A m$^{-2}$
electron_current_density,0.0648569855277259,-0.5080757329210596,-0.6059047280258253,A m$^{-2}$
electron_current_density,0.0653701307301498,-0.5395985693451288,-0.6048966111021359,A m$^{-2}$
electron_current_density,0.0659039590210741,-0.4891344068622737,-0.6100685936750139,A m$^{-2}$
electron_current_density,0.0664377873119984,-0.4833195400957911,-0.6132182979716256,A m$^{-2}$
electron_current_density,0.0669716156029227,-0.5134303551126695,-0.6143563880105308,A m$^{-2}$
electron_current_density,0.0675054438938469,-0.5288228563333346,-0.6134921845825663,A m$^{-2}$
electron_current_density,0.0680607889362346,-0.5099743909536643,-0.6186674751273432,A m$^{-2}$
electron_current_density,0.0686161339786222,-0.5094207101460281,-0.6218667898240744,A m$^{-2}$
electron_current_density,0.0691714790210098,-0.5104559082909319,-0.6231001176190897,A m$^{-2}$
electron_current_density,0.0697268240633974,-0.5131219049647692,-0.6223760053714009,A m$^{-2}$
electron_current_density,0.07030455312225,-0.5109829629220572,-0.6275618000413692,A m$^{-2}$
electron_current_density,0.0708822821811024,-0.5104268860437216,-0.6308151583149642,A m$^{-2}$
electron_current_density,0.0714600112399549,-0.5114964640778337,-0.6321452227859301,A m$^{-2}$
electron_current_density,0.0720377402988074,-0.5142335071179605,-0.6315606196688381,A m$^{-2}$
electron_current_density,0.0726387555955455,-0.5120576168540787,-0.6367598634789609,A m$^{-2}$
electron_current_density,0.0732397708922835,-0.511501359062744,-0.6400676141986601,A m$^{-2}$
electron_current_density,0.0738407861890215,-0.5126073692136649,-0.6414930428285416,A m$^{-2}$
electron_current_density,0.0744418014857596,-0.5154173189676748,-0.6410448426179152,A m$^{-2}$
electron_current_density,0.0750670416071939,-0.5132073636196499,-0.6462586598772965,A m$^{-2}$
electron_current_density,0.0756922817286283,-0.5126537258367684,-0.649620485249725,A m$^{-2}$
electron_current_density,0.0763175218500627,-0.5137988517958562,-0.6511395140402534,A m$^{-2}$
electron_current_density,0.076942761971497,-0.5166842765222603,-0.6508245865009915,A m$^{-2}$
electron_current_density,0.0775932033355904,-0.514443807805225,-0.6560536482392109,A m$^{-2}$
electron_current_density,0.0782436446996838,-0.5138963358335674,-0.6594688642846321,A m$^{-2}$
electron_current_density,0.0788940860637772,-0.5150841124508886,-0.6610795405246777,A m$^{-2}$
electron_current_density,0.0795445274278705,-0.5180485804913506,-0.6608947309153538,A m$^{-2}$
electron_current_density,0.0802211858085788,-0.5157819545640275,-0.6661392009403171,A m$^{-2}$
electron_current_density,0.0808978441892872,-0.5152451463100169,-0.6696067828597954,A m$^{-2}$
electron_current_density,0.0815745025699955,-0.5164802498821054,-0.671306965226758,A m$^{-2}$
electron_current_density,0.0822511609507038,-0.5195287200892607,-0.6712490687657477,A m$^{-2}$
electron_current_density,0.0829550930642787,-0.51724127306354,-0.676508659793081,A m$^{-2}$
electron_current_density,0.0836590251778536,-0.516720852210544,-0.6800272738301127,A m$^{-2}$
electron_current_density,0.0843629572914285,-0.5180094886941927,-0.6818146396963886,A m$^{-2}$
electron_current_density,0.0850668894050034,-0.5211488361365997,-0.6818794597757714,A m$^{-2}$
electron_current_density,0.085799194560233,-0.5188471159143063,-0.6871546350487127,A m$^{-2}$
electron_current_density,0.0865314997154626,-0.5183503990386572,-0.6907243351835186,A m$^{-2}$
electron_current_density,0.0872638048706923,-0.5197008285638277,-0.6925976445668898,A m$^{-2}$
electron_current_density,0.0879961100259219,-0.5229405572128765,-0.6927833163648094,A m$^{-2}$
electron_current_density,0.0887579318408871,-0.5206326360176491,-0.6980798754483843,A m$^{-2}$
electron_current_density,0.0895197536558522,-0.5201690325668571,-0.7017038246009298,A m$^{-2}$
electron_current_density,0.0902815754708174,-0.5215922861160996,-0.7036642722683313,A m$^{-2}$
electron_current_density,0.0910433972857825,-0.5280673057062744,-0.7039703942497397,A m$^{-2}$
electron_current_density,0.0918359254738093,-0.5234240297848588,-0.7092881785649311,A m$^{-2}$
electron_current_density,0.0926284536618361,-0.5174869312837443,-0.7129650577582722,A m$^{-2}$
electron_current_density,0.0934209818498629,-0.5134217283443203,-0.7150105486231808,A m$^{-2}$
electron_current_density,0.0942135100378897,-0.5493810047086995,-0.7154342060147076,A m$^{-2}$
electron_current_density,0.0950379822654876,-0.5254544023992441,-0.7207721024927193,A m$^{-2}$
electron_current_density,0.0958624544930855,-0.5267180532898111,-0.724500162017735,A m$^{-2}$
electron_current_density,0.0966869267206834,-0.5267409434518456,-0.726628268799637,A m$^{-2}$
electron_current_density,0.0975113989482813,-0.5254872897342205,-0.727166364891735,A m$^{-2}$
electron_current_density,0.0983691027679685,-0.528116197739294,-0.7325230325588772,A m$^{-2}$
electron_current_density,0.0992268065876555,-0.5295045445517093,-0.7363002790967653,A m$^{-2}$
electron_current_density,0.1000845104073427,-0.5296163266959015,-0.7385083661544111,A m$^{-2}$
electron_current_density,0.1009422142270298,-0.528414985550602,-0.7391576168245085,A m$^{-2}$
electron_current_density,0.1018344890880632,-0.5312321886024385,-0.7445314684521817,A m$^{-2}$
electron_current_density,0.1027267639490966,-0.532773285845303,-0.7483556907549548,A m$^{-2}$
electron_current_density,0.1036190388101301,-0.5330016728765927,-0.750640918099001,A m$^{-2}$
electron_current_density,0.1045113136711635,-0.5332644329973784,-0.7513977759761405,A m$^{-2}$
electron_current_density,0.1054395530113155,-0.5351796017987618,-0.7567870830859273,A m$^{-2}$
electron_current_density,0.1063677923514676,-0.5346065698535657,-0.7606559695490832,A m$^{-2}$
electron_current_density,0.1072960316916196,-0.5373883865834905,-0.7630153646914661,A m$^{-2}$
electron_current_density,0.1082242710317716,-0.5372905346199193,-0.7638741842112649,A m$^{-2}$
electron_current_density,0.1091899244534178,-0.5393417237306396,-0.7692820801538589,A m$^{-2}$
electron_current_density,0.1101555778750641,-0.5413450519852081,-0.7731986758871109,A m$^{-2}$
electron_current_density,0.1111212312967103,-0.5418749985809648,-0.775633180316194,A m$^{-2}$
electron_current_density,0.1120868847183566,-0.536981398647105,-0.7765953006679502,A m$^{-2}$
electron_current_density,0.1130914602522748,-0.5443156227831124,-0.7820266743451334,A m$^{-2}$
electron_current_density,0.114096035786193,-0.5455822490175324,-0.7859918345237933,A m$^{-2}$
electron_current_density,0.1151006113201112,-0.5473606309486055,-0.7885007773384163,A m$^{-2}$
electron_current_density,0.1161051868540294,-0.5496747889198352,-0.7895634288685535,A m$^{-2}$
electron_current_density,0.117150253314444,-0.5507092728168644,-0.7950163437655027,A m$^{-2}$
electron_current_density,0.1181953197748585,-0.5522725853659081,-0.7990278637173338,A m$^{-2}$
electron_current_density,0.1192403862352731,-0.554388534744661,-0.8016082025628478,A m$^{-2}$
electron_current_density,0.1202854526956876,-0.551343724159061,-0.8027674494481648,A m$^{-2}$
electron_current_density,0.1213726421302377,-0.5599836817875178,-0.8082402316249716,A m$^{-2}$
electron_current_density,0.1224598315647878,-0.5673717232719669,-0.8122955759908319,A m$^{-2}$
electron_current_density,0.1235470209993379,-0.5615003224924316,-0.8149438588670099,A m$^{-2}$
electron_current_density,0.1246342104338881,-0.5621671974943347,-0.8161952464851139,A m$^{-2}$
electron_current_density,0.1257652206723455,-0.5675581166188615,-0.8216860040615419,A m$^{-2}$
electron_current_density,0.126896230910803,-0.5694132005157273,-0.8257823297708797,A m$^{-2}$
electron_current_density,0.1280272411492605,-0.5728668663316828,-0.8284946767369578,A m$^{-2}$
electron_current_density,0.129158251387718,-0.5779216176591947,-0.8298331587148076,A m$^{-2}$
electron_current_density,0.130334848693435,-0.5786352917281465,-0.835339892236035,A m$^{-2}$
electron_current_density,0.1315114459991521,-0.581071909448433,-0.8394741146400873,A m$^{-2}$
electron_current_density,0.1326880433048691,-0.5850479946540742,-0.8422462263002258,A m$^{-2}$
electron_current_density,0.1338646406105861,-0.5906910978758635,-0.8436636163108724,A m$^{-2}$
electron_current_density,0.1350886624388134,-0.5918356227669938,-0.8491884876096873,A m$^{-2}$
electron_current_density,0.1363126842670407,-0.5946438803419123,-0.853362562069585,A m$^{-2}$
electron_current_density,0.137536706095268,-0.5993106342835748,-0.8561935190729446,A m$^{-2}$
electron_current_density,0.1387607279234953,-0.6058892724382008,-0.8576887162822432,A m$^{-2}$
electron_current_density,0.1400340857908787,-0.6073918424462637,-0.8632407114763293,A m$^{-2}$
electron_current_density,0.1413074436582622,-0.6107978517796404,-0.8674575263923261,A m$^{-2}$
electron_current_density,0.1425808015256456,-0.6161507021354061,-0.8703468201204595,A m$^{-2}$
electron_current_density,0.143854159393029,-0.6234667210604717,-0.8719152960405818,A m$^{-2}$
electron_current_density,0.1451788418627653,-0.6255689683875444,-0.8774930440466355,A m$^{-2}$
electron_current_density,0.1465035243325017,-0.6296542150776555,-0.8817496451836611,A m$^{-2}$
electron_current_density,0.147828206802238,-0.6357246316778539,-0.8846921138439962,A m$^{-2}$
electron_current_density,0.1491528892719743,-0.6437403725838864,-0.8863262384315949,A m$^{-2}$
electron_current_density,0.1505309650592881,-0.6465827201517991,-0.8919285656577303,A m$^{-2}$
electron_current_density,0.1519090408466019,-0.6514307532547022,-0.8962214329878203,A m$^{-2}$
electron_current_density,0.1532871166339157,-0.6582255976607885,-0.8992109518385568,A m$^{-2}$
electron_current_density,0.1546651924212295,-0.666849102182055,-0.9009016298054808,A m$^{-2}$
electron_current_density,0.1560988136240214,-0.6705980234844306,-0.9065273557472328,A m$^{-2}$
electron_current_density,0.1575324348268132,-0.6762901653943182,-0.9108525213560726,A m$^{-2}$
electron_current_density,0.158966056029605,-0.6837831114739238,-0.9138819725074732,A m$^{-2}$
electron_current_density,0.1603996772323969,-0.6931527164259297,-0.9156182329002368,A m$^{-2}$
electron_current_density,0.1618910826921071,-0.6971123270233152,-0.9212667129162968,A m$^{-2}$
electron_current_density,0.1633824881518173,-0.7042847661284246,-0.9256202511237822,A m$^{-2}$
electron_current_density,0.1648738936115275,-0.7125551286380193,-0.9286817304031209,A m$^{-2}$
electron_current_density,0.1663652990712377,-0.7214650062209236,-0.9304480211885772,A m$^{-2}$
electron_current_density,0.1679168178691753,-0.7279638970010435,-0.936128549761686,A m$^{-2}$
electron_current_density,0.1694683366671129,-0.7356988262403795,-0.9405157416540983,A m$^{-2}$
electron_current_density,0.1710198554650506,-0.7441869015401421,-0.943606886052605,A m$^{-2}$
electron_current_density,0.1725713742629882,-0.7530760185933729,-0.94539620130409,A m$^{-2}$
electron_current_density,0.1741854293575843,-0.761056556058286,-0.95111980532435,A m$^{-2}$
electron_current_density,0.1757994844521804,-0.7696823971385345,-0.9555411869654112,A m$^{-2}$
electron_current_density,0.1774135395467765,-0.7785766309126234,-0.9586550530870808,A m$^{-2}$
electron_current_density,0.1790275946413727,-0.7874023817508078,-0.960451418699761,A m$^{-2}$
electron_current_density,0.180706706652039,-0.7966187992871469,-0.966220583261947,A m$^{-2}$
electron_current_density,0.1823858186627054,-0.8058399950818952,-0.9706723546320012,A m$^{-2}$
electron_current_density,0.1840649306733718,-0.8148790648825985,-0.9737973170436796,A m$^{-2}$
electron_current_density,0.1857440426840382,-0.8232432307272002,-0.975580026277022,A m$^{-2}$
electron_current_density,0.1874908338275397,-0.8338749591353763,-0.9813991029378576,A m$^{-2}$
electron_current_density,0.1892376249710413,-0.8440886168344061,-0.9858770773909624,A m$^{-2}$
electron_current_density,0.1909844161145429,-0.8529061805956413,-0.9889991879500571,A m$^{-2}$
electron_current_density,0.1927312072580445,-0.8595796348102127,-0.9907427900827596,A m$^{-2}$
electron_current_density,0.1945484054435333,-0.8719385193746878,-0.9966184916888228,A m$^{-2}$
electron_current_density,0.1963656036290222,-0.882626356742314,-1.0011186468001485,A m$^{-2}$
electron_current_density,0.1981828018145111,-0.890894136548641,-1.004221456057227,A m$^{-2}$
electron_current_density,0.2,-0.8962143968066931,-1.0059625254548987,A m$^{-2}$
electron_current_density,0.2018171981854889,-0.9090921043055348,-1.011673484475098,A m$^{-2}$
electron_current_density,0.2036343963709777,-0.9193625566538084,-1.0160016255647395,A m$^{-2}$
electron_current_density,0.2054515945564666,-0.926542183491787,-1.0189823386684875,A m$^{-2}$
electron_current_density,0.2072687927419555,-0.9305264957444582,-1.0207057847760108,A m$^{-2}$
electron_current_density,0.2090155838854571,-0.9425978040188194,-1.0260026847952195,A m$^{-2}$
electron_current_density,0.2107623750289586,-0.951540214010562,-1.029993002279801,A m$^{-2}$
electron_current_density,0.2125091661724602,-0.9573470676976348,-1.032765415491096,A m$^{-2}$
electron_current_density,0.2142559573159618,-0.960255868663012,-1.0343929827844471,A m$^{-2}$
electron_current_density,0.2159350693266282,-0.9707882050847486,-1.0392649414751036,A m$^{-2}$
electron_current_density,0.2176141813372945,-0.9783226461237932,-1.0429509201385911,A m$^{-2}$
electron_current_density,0.2192932933479609,-0.9829477352973952,-1.0455226073328605,A m$^{-2}$
electron_current_density,0.2209724053586273,-0.988629863869754,-1.0470397407787186,A m$^{-2}$
electron_current_density,0.2225864604532234,-0.9922011039683574,-1.051539074994584,A m$^{-2}$
electron_current_density,0.2242005155478195,-0.9982718492002044,-1.0549492093948882,A m$^{-2}$
electron_current_density,0.2258145706424157,-1.0032131362955743,-1.057328640157141,A m$^{-2}$
electron_current_density,0.2274286257370118,-1.0128859235312082,-1.0587266050546398,A m$^{-2}$
electron_current_density,0.2289801445349494,-1.013034889538663,-1.0628966023876991,A m$^{-2}$
electron_current_density,0.230531663332887,-1.0064336962061926,-1.0660556705345623,A m$^{-2}$
electron_current_density,0.2320831821308246,-1.0114610795358183,-1.0682519343624874,A m$^{-2}$
electron_current_density,0.2336347009287622,-1.032412124551374,-1.0695260914689988,A m$^{-2}$
electron_current_density,0.2351261063884724,-1.024831649407452,-1.0734033655961728,A m$^{-2}$
electron_current_density,0.2366175118481826,-1.0277684879373632,-1.0763335286284008,A m$^{-2}$
electron_current_density,0.2381089173078928,-1.031122759950511,-1.078356288159659,A m$^{-2}$
electron_current_density,0.239600322767603,-1.0343946651848124,-1.0795043088785663,A m$^{-2}$
electron_current_density,0.2410339439703949,-1.035372734256918,-1.0831255798187347,A m$^{-2}$
electron_current_density,0.2424675651731867,-1.0368972068531266,-1.085851835216743,A m$^{-2}$
electron_current_density,0.2439011863759785,-1.039514738212332,-1.0877148909812329,A m$^{-2}$
electron_current_density,0.2453348075787704,-1.0430794715348517,-1.0887427812273305,A m$^{-2}$
electron_current_density,0.2467128833660842,-1.043109138391006,-1.0921376073018685,A m$^{-2}$
electron_current_density,0.248090959153398,-1.044194997821934,-1.0946780922374912,A m$^{-2}$
electron_current_density,0.2494690349407119,-1.0461902558063816,-1.0963915223618124,A m$^{-2}$
electron_current_density,0.2508471107280257,-1.0307922137450918,-1.0973018671436154,A m$^{-2}$
electron_current_density,0.252171793197762,-1.051881965057457,-1.1004912344292097,A m$^{-2}$
electron_current_density,0.2534964756674983,-1.0522833341760218,-1.1028602943823798,A m$^{-2}$
electron_current_density,0.2548211581372346,-1.0513208812958796,-1.104432347024081,A m$^{-2}$
electron_current_density,0.2561458406069709,-1.0499394486783258,-1.1052280701347876,A m$^{-2}$
electron_current_density,0.2574191984743543,-1.0534939278667657,-1.1082304728584114,A m$^{-2}$
electron_current_density,0.2586925563417378,-1.0549426626832323,-1.1104409146498713,A m$^{-2}$
electron_current_density,0.2599659142091212,-1.0552294782474372,-1.1118794714275342,A m$^{-2}$
electron_current_density,0.2612392720765046,-1.0544609246924157,-1.1125641345915092,A m$^{-2}$
electron_current_density,0.262463293904732,-1.0567351346460112,-1.1153957594796078,A m$^{-2}$
electron_current_density,0.2636873157329593,-1.0579005215753208,-1.1174591584537237,A m$^{-2}$
electron_current_density,0.2649113375611865,-1.0580624891935055,-1.1187717792291656,A m$^{-2}$
electron_current_density,0.2661353593894139,-1.0573060340327392,-1.1193494055095905,A m$^{-2}$
electron_current_density,0.2673119566951309,-1.0592209543698716,-1.122024588663236,A m$^{-2}$
electron_current_density,0.2684885540008479,-1.060171958696003,-1.1239515088838357,A m$^{-2}$
electron_current_density,0.2696651513065649,-1.060242802959884,-1.1251454561348966,A m$^{-2}$
electron_current_density,0.2708417486122819,-1.0595024626360243,-1.1256203879920883,A m$^{-2}$
electron_current_density,0.2719727588507394,-1.061138687660138,-1.128151954828084,A m$^{-2}$
electron_current_density,0.2731037690891969,-1.0619247168815782,-1.129952110987806,A m$^{-2}$
electron_current_density,0.2742347793276544,-1.06192830827243,-1.1310343631455426,A m$^{-2}$
electron_current_density,0.2753657895661119,-1.061206228798014,-1.1314104091994697,A m$^{-2}$
electron_current_density,0.276452979000662,-1.062623145482952,-1.1338112305763424,A m$^{-2}$
electron_current_density,0.2775401684352121,-1.0632807016319814,-1.135495338178644,A m$^{-2}$
electron_current_density,0.2786273578697622,-1.0632345197019903,-1.1364740234824613,A m$^{-2}$
electron_current_density,0.2797145473043123,-1.0625318589119028,-1.1367581419067412,A m$^{-2}$
electron_current_density,0.2807596137647269,-1.0637744207339344,-1.1390416180152674,A m$^{-2}$
electron_current_density,0.2818046802251415,-1.0643312164745409,-1.1406195024953552,A m$^{-2}$
electron_current_density,0.282849746685556,-1.0642484528148537,-1.1415022822995329,A m$^{-2}$
electron_current_density,0.2838948131459706,-1.0635658587597856,-1.141699831418609,A m$^{-2}$
electron_current_density,0.2848993886798888,-1.0646688645874849,-1.1438745693567152,A m$^{-2}$
electron_current_density,0.285903964213807,-1.065146413398378,-1.1453534716647291,A m$^{-2}$
electron_current_density,0.2869085397477252,-1.065037277634081,-1.1461460685302998,A m$^{-2}$
electron_current_density,0.2879131152816434,-1.0478535517552745,-1.14626141091519,A m$^{-2}$
electron_current_density,0.2888787687032896,-1.0668366351278782,-1.1483355427512665,A m$^{-2}$
electron_current_density,0.2898444221249359,-1.087594198115344,-1.1497221622958202,A m$^{-2}$
electron_current_density,0.2908100755465821,-1.0622665766896686,-1.150429997682415,A m$^{-2}$
electron_current_density,0.2917757289682283,-1.0499726072279043,-1.150467403461787,A m$^{-2}$
electron_current_density,0.2927039683083803,-1.066037487756494,-1.1524483848201776,A m$^{-2}$
electron_current_density,0.2936322076485324,-1.066759295618827,-1.153748966167563,A m$^{-2}$
electron_current_density,0.2945604469886844,-1.0662550178230443,-1.1543771971588672,A m$^{-2}$
electron_current_density,0.2954886863288364,-1.0645819480840109,-1.154340837794667,A m$^{-2}$
electron_current_density,0.2963809611898699,-1.0664643784813834,-1.1562355567739655,A m$^{-2}$
electron_current_density,0.2972732360509034,-1.0671303607186788,-1.1574559530908417,A m$^{-2}$
electron_current_density,0.2981655109119368,-1.0666355844199609,-1.1580094972356438,A m$^{-2}$
electron_current_density,0.2990577857729702,-1.0650314502337173,-1.1579034369996788,A m$^{-2}$
electron_current_density,0.2999154895926573,-1.0668044100822882,-1.1597182961644512,A m$^{-2}$
electron_current_density,0.3007731934123444,-1.067423944520896,-1.160864015912331,A m$^{-2}$
electron_current_density,0.3016308972320315,-1.066939939092573,-1.1613475677872758,A m$^{-2}$
electron_current_density,0.3024886010517186,-1.0653992117750182,-1.1611757542224397,A m$^{-2}$
electron_current_density,0.3033130732793165,-1.0670771343710843,-1.1629167331039347,A m$^{-2}$
electron_current_density,0.3041375455069145,-1.0676572477602606,-1.1639929748196154,A m$^{-2}$
electron_current_density,0.3049620177345125,-1.0671849359832055,-1.1644110170819884,A m$^{-2}$
electron_current_density,0.3057864899621104,-1.0657033843626118,-1.1641772714555478,A m$^{-2}$
electron_current_density,0.3065790181501371,-1.067297207909058,-1.1658499743379522,A m$^{-2}$
electron_current_density,0.3073715463381639,-1.067843231952576,-1.1668616526239792,A m$^{-2}$
electron_current_density,0.3081640745261906,-1.0673832813362716,-1.1672184631817009,A m$^{-2}$
electron_current_density,0.3089566027142174,-1.065957602888807,-1.1669261504116122,A m$^{-2}$
electron_current_density,0.3097184245291826,-1.067475735834822,-1.1685364338589777,A m$^{-2}$
electron_current_density,0.3104802463441477,-1.0679917688699994,-1.1694890024702354,A m$^{-2}$
electron_current_density,0.3112420681591129,-1.0675446548191612,-1.1697893574883975,A m$^{-2}$
electron_current_density,0.312003889974078,-1.0661722132342546,-1.169443142939259,A m$^{-2}$
electron_current_density,0.3127361951293076,-1.0676212187950298,-1.1709972681536789,A m$^{-2}$
electron_current_density,0.3134685002845373,-1.0681104537966457,-1.1718958139541542,A m$^{-2}$
electron_current_density,0.314200805439767,-1.0676765041780207,-1.172144191317746,A m$^{-2}$
electron_current_density,0.3149331105949966,-1.0663551415387411,-1.171747783503219,A m$^{-2}$
electron_current_density,0.3156370427085715,-1.0677402271375676,-1.173250028456586,A m$^{-2}$
electron_current_density,0.3163409748221464,-1.0682051868313405,-1.174098538857142,A m$^{-2}$
electron_current_density,0.3170449069357213,-1.0677846138850746,-1.1742984713153897,A m$^{-2}$
electron_current_density,0.3177488390492962,-1.0599792019682237,-1.1738549716432336,A m$^{-2}$
electron_current_density,0.3184254974300045,-1.067938437486368,-1.175309539486777,A m$^{-2}$
electron_current_density,0.3191021558107128,-1.068665889053844,-1.1761117746874528,A m$^{-2}$
electron_current_density,0.3197788141914212,-1.0679655977061857,-1.1762666021347576,A m$^{-2}$
electron_current_density,0.3204554725721295,-1.0658923293966094,-1.175778948874987,A m$^{-2}$
electron_current_density,0.3211059139362228,-1.0680152046180234,-1.1771897999705636,A m$^{-2}$
electron_current_density,0.3217563553003162,-1.0687119830787692,-1.177949308778107,A m$^{-2}$
electron_current_density,0.3224067966644096,-1.0680355854638084,-1.1780621866075076,A m$^{-2}$
electron_current_density,0.3230572380285029,-1.066038296025256,-1.177533156692042,A m$^{-2}$
electron_current_density,0.3236824781499373,-1.0680779872156991,-1.178904027531715,A m$^{-2}$
electron_current_density,0.3243077182713717,-1.068746022919913,-1.1796241594801458,A m$^{-2}$
electron_current_density,0.3249329583928061,-1.0680929102261707,-1.1796980647891095,A m$^{-2}$
electron_current_density,0.3255581985142404,-1.066168691494028,-1.179130274809644,A m$^{-2}$
electron_current_density,0.3261592138109784,-1.0681292806378933,-1.1804646932629768,A m$^{-2}$
electron_current_density,0.3267602291077165,-1.0687702082207509,-1.1811486083978118,A m$^{-2}$
electron_current_density,0.3273612444044545,-1.0681398055558282,-1.1811863450147435,A m$^{-2}$
electron_current_density,0.3279622597011925,-1.0662860715508276,-1.180582252083111,A m$^{-2}$
electron_current_density,0.328539988760045,-1.0681710977907373,-1.1818835499830929,A m$^{-2}$
electron_current_density,0.3291177178188975,-1.068786316574739,-1.1825342270544756,A m$^{-2}$
electron_current_density,0.32969544687775,-1.0681780795392577,-1.1825384298632935,A m$^{-2}$
electron_current_density,0.3302731759366025,-1.0663925067047455,-1.1819003324389945,A m$^{-2}$
electron_current_density,0.3308285209789902,-1.0682050733203765,-1.1831716564402324,A m$^{-2}$
electron_current_density,0.3313838660213778,-1.0687957948721512,-1.1837919001533448,A m$^{-2}$
electron_current_density,0.3319392110637654,-1.0682092054123566,-1.1837650391537862,A m$^{-2}$
electron_current_density,0.3324945561061531,-1.0508118031737843,-1.1830950782820275,A m$^{-2}$
electron_current_density,0.3330283843970774,-1.0857631238751373,-1.1843393995349365,A m$^{-2}$
electron_current_density,0.3335622126880016,-1.077308227905742,-1.1849318472123318,A m$^{-2}$
electron_current_density,0.3340960409789258,-1.067038055225253,-1.1848762315016268,A m$^{-2}$
electron_current_density,0.3346298692698501,-1.0602887195057504,-1.1841763094679705,A m$^{-2}$
electron_current_density,0.335143014472274,-1.0683869448154255,-1.185396531207778,A m$^{-2}$
electron_current_density,0.335656159674698,-1.0693043602979806,-1.185963824086384,A m$^{-2}$
electron_current_density,0.336169304877122,-1.0683747462767703,-1.1858817546448608,A m$^{-2}$
electron_current_density,0.3366824500795459,-1.0656685926730614,-1.1851539487315708,A m$^{-2}$
electron_current_density,0.3371757135562994,-1.068400063707388,-1.1863533922579264,A m$^{-2}$
electron_current_density,0.337668977033053,-1.0692834937051203,-1.1868983621130849,A m$^{-2}$
electron_current_density,0.3381622405098065,-1.0683868691016682,-1.186792298652522,A m$^{-2}$
electron_current_density,0.33865550398656,-1.0657777727077282,-1.186038684676017,A m$^{-2}$
electron_current_density,0.3391296560518033,-1.0684096527725748,-1.1872197885324431,A m$^{-2}$
electron_current_density,0.3396038081170465,-1.069260588279696,-1.1877445686166186,A m$^{-2}$
electron_current_density,0.3400779601822897,-1.0683957561236423,-1.1876163258145067,A m$^{-2}$
electron_current_density,0.3405521122475329,-1.0658800608465793,-1.1868383877672315,A m$^{-2}$
electron_current_density,0.3410078933697318,-1.0684162968269708,-1.1880034281226206,A m$^{-2}$
electron_current_density,0.3414636744919307,-1.0692360592046732,-1.1885099888855564,A m$^{-2}$
electron_current_density,0.3419194556141297,-1.0684019400774838,-1.188361219327136,A m$^{-2}$
electron_current_density,0.3423752367363286,-1.0659763675630052,-1.1875602914444443,A m$^{-2}$
electron_current_density,0.3428133586946212,-1.0684204862493334,-1.188711428727528,A m$^{-2}$
electron_current_density,0.3432514806529139,-1.0692102516539772,-1.189201609772904,A m$^{-2}$
electron_current_density,0.3436896026112065,-1.068405868452262,-1.1890338318226743,A m$^{-2}$
electron_current_density,0.3441277245694992,-1.066067463829618,-1.1882111098303951,A m$^{-2}$
electron_current_density,0.3445488715652592,-1.0684226334524958,-1.1893503855032963,A m$^{-2}$
electron_current_density,0.3449700185610191,-1.0691834555113262,-1.189825903311812,A m$^{-2}$
electron_current_density,0.3453911655567792,-1.0684079182645234,-1.1896405071469336,A m$^{-2}$
electron_current_density,0.3458123125525392,-1.066153998709435,-1.1887970526433915,A m$^{-2}$
electron_current_density,0.3462171422778715,-1.0684230862470911,-1.1899263985713098,A m$^{-2}$
electron_current_density,0.3466219720032038,-1.069155916559326,-1.1903888541518173,A m$^{-2}$
electron_current_density,0.3470268017285361,-1.068408407926722,-1.190187107764642,A m$^{-2}$
electron_current_density,0.3474316314538684,-1.0491777684549357,-1.1893238525117475,A m$^{-2}$
electron_current_density,0.3478207761187066,-1.064349201439183,-1.1904450999547311,A m$^{-2}$
electron_current_density,0.3482099207835449,-1.0947977859762197,-1.190895986244303,A m$^{-2}$
electron_current_density,0.3485990654483831,-1.0796649030716423,-1.1906790411981414,A m$^{-2}$
electron_current_density,0.3489882101132214,-1.042279093096627,-1.1897967913154717,A m$^{-2}$
electron_current_density,0.3493622774326301,-1.0685956083130632,-1.1909116800291006,A m$^{-2}$
electron_current_density,0.3497363447520388,-1.069767406572134,-1.1913523892652935,A m$^{-2}$
electron_current_density,0.3501104120714475,-1.068564154764885,-1.1911212863851306,A m$^{-2}$
electron_current_density,0.3504844793908563,-1.0650768909612398,-1.1902207262974067,A m$^{-2}$
electron_current_density,0.350844053534081,-1.0685869305976174,-1.1913309134569667,A m$^{-2}$
electron_current_density,0.3512036276773057,-1.0697175476515268,-1.1917627443940642,A m$^{-2}$
electron_current_density,0.3515632018205303,-1.0685564362031834,-1.1915184192390584,A m$^{-2}$
electron_current_density,0.351922775963755,-1.0651908600392734,-1.1906001154126415,A m$^{-2}$
electron_current_density,0.3522684184665005,-1.068577838081228,-1.1917071846579006,A m$^{-2}$
electron_current_density,0.3526140609692461,-1.0696689732139726,-1.192131349762128,A m$^{-2}$
electron_current_density,0.3529597034719916,-1.0685483286762378,-1.1918746379830718,A m$^{-2}$
electron_current_density,0.3533053459747371,-1.0652997292076076,-1.1909390069220775,A m$^{-2}$
electron_current_density,0.3536375966161008,-1.0685684210850503,-1.19204451886562,A m$^{-2}$
electron_current_density,0.3539698472574645,-1.06962156301745,-1.1924622231686826,A m$^{-2}$
electron_current_density,0.3543020978988282,-1.0685399131687758,-1.192193932354887,A m$^{-2}$
electron_current_density,0.3546343485401919,-1.065404148715812,-1.1912414284969706,A m$^{-2}$
electron_current_density,0.3549537261856196,-1.068558755567839,-1.1923471499630582,A m$^{-2}$
electron_current_density,0.3552731038310472,-1.0695752137708896,-1.1927596888616112,A m$^{-2}$
electron_current_density,0.3555924814764749,-1.0685312584972195,-1.1924806880172678,A m$^{-2}$
electron_current_density,0.3559118591219025,-1.0326982193308352,-1.1915117357668,A m$^{-2}$
electron_current_density,0.3562188625334843,-1.1024944216867671,-1.1926190573161737,A m$^{-2}$
electron_current_density,0.3565258659450661,-1.0952839934509464,-1.1930274108809136,A m$^{-2}$
electron_current_density,0.3568328693566479,-1.0646875700859046,-1.1927382511719262,A m$^{-2}$
electron_current_density,0.3571398727682297,-1.0472405270645695,-1.1917529560579514,A m$^{-2}$
electron_current_density,0.3574349813836016,-1.0688105754738708,-1.192863223449325,A m$^{-2}$
electron_current_density,0.3577300899989735,-1.0705135108415376,-1.1932683031609046,A m$^{-2}$
electron_current_density,0.3580251986143453,-1.0687558674222242,-1.1929694454512767,A m$^{-2}$
electron_current_density,0.3583203072297172,-1.063672331457599,-1.1919678058697134,A m$^{-2}$
electron_current_density,0.3586039819107833,-1.0687919359128164,-1.193082344547778,A m$^{-2}$
electron_current_density,0.3588876565918495,-1.0704377114480004,-1.193485011369826,A m$^{-2}$
electron_current_density,0.3591713312729158,-1.068739307248368,-1.1931768407828938,A m$^{-2}$
electron_current_density,0.3594550059539819,-1.063825109595406,-1.192158752737492,A m$^{-2}$
electron_current_density,0.3597276897066287,-1.068773993714872,-1.19327887094258,A m$^{-2}$
electron_current_density,0.3600003734592755,-1.070365547757336,-1.1936799418171955,A m$^{-2}$
electron_current_density,0.3602730572119222,-1.0687233713923987,-1.1933627712668988,A m$^{-2}$
electron_current_density,0.360545740964569,-1.0639702649209015,-1.1923280287013678,A m$^{-2}$
electron_current_density,0.3608078596304932,-1.0687566527622856,-1.1934550268674382,A m$^{-2}$
electron_current_density,0.3610699782964174,-1.070296472093664,-1.1938552810819685,A m$^{-2}$
electron_current_density,0.3613320969623416,-1.0687079665522248,-1.1935293543811256,A m$^{-2}$
electron_current_density,0.3615942156282657,-1.0641089713156495,-1.192477648870326,A m$^{-2}$
electron_current_density,0.3618461785499982,-1.0687398291893646,-1.1936128292728223,A m$^{-2}$
electron_current_density,0.3620981414717307,-1.0702300136990728,-1.194013014650542,A m$^{-2}$
electron_current_density,0.3623501043934632,-1.0686930125970855,-1.193678509102408,A m$^{-2}$
electron_current_density,0.3626020673151957,-1.0642422251602688,-1.1926094286786864,A m$^{-2}$
electron_current_density,0.3628442679753591,-1.0687234519704132,-1.1937541053981329,A m$^{-2}$
electron_current_density,0.3630864686355225,-1.070165777587394,-1.194154944426985,A m$^{-2}$
electron_current_density,0.3633286692956858,-1.0686784432532814,-1.1938119729628769,A m$^{-2}$
electron_current_density,0.3635708699558492,-1.024347064656482,-1.192724999966722,A m$^{-2}$
electron_current_density,0.3638036865916472,-1.0591748897512212,-1.1938805091253577,A m$^{-2}$
electron_current_density,0.3640365032274452,-1.130306890190344,-1.1942827050177172,A m$^{-2}$
electron_current_density,0.3642693198632431,-1.117058673367744,-1.193931317812049,A m$^{-2}$
electron_current_density,0.364502136499041,-0.9985437005826988,-1.1928258258334226,A m$^{-2}$
electron_current_density,0.3647259326929395,-1.069250292051474,-1.193993536385844,A m$^{-2}$
electron_current_density,0.3649497288868381,-1.0721386686664685,-1.194397779122343,A m$^{-2}$
electron_current_density,0.3651735250807366,-1.0691397342208873,-1.1940379646650652,A m$^{-2}$
electron_current_density,0.3653973212746351,-1.0604960215819366,-1.1929132046282978,A m$^{-2}$
electron_current_density,0.3656124465221579,-1.0692163128284145,-1.1940945387199389,A m$^{-2}$
electron_current_density,0.3658275717696807,-1.0720097605946524,-1.1945015290969396,A m$^{-2}$
electron_current_density,0.3660426970172035,-1.0691098658217295,-1.1941332319540214,A m$^{-2}$
electron_current_density,0.3662578222647262,-1.060744394033068,-1.1929883746151575,A m$^{-2}$
electron_current_density,0.3664646125202511,-1.0691849811903853,-1.19418493965674,A m$^{-2}$
electron_current_density,0.3666714027757758,-1.071891204658188,-1.1945954809125017,A m$^{-2}$
electron_current_density,0.3668781930313005,-1.0690823990029834,-1.1942186841865765,A m$^{-2}$
electron_current_density,0.3670849832868254,-1.0609736072561753,-1.1930528626794663,A m$^{-2}$
electron_current_density,0.3672837614882332,-1.06915586294327,-1.1942661957176728,A m$^{-2}$
electron_current_density,0.367482539689641,-1.07178124212091,-1.1946809712001405,A m$^{-2}$
electron_current_density,0.3676813178910489,-1.0690569125138187,-1.1942954759000344,A m$^{-2}$
electron_current_density,0.3678800960924568,-1.061187050438912,-1.1931075666631823,A m$^{-2}$
electron_current_density,0.3680711726654542,-1.069128562327159,-1.1943392722618271,A m$^{-2}$
electron_current_density,0.3682622492384517,-1.0716782880780076,-1.1947589696054532,A m$^{-2}$
electron_current_density,0.3684533258114491,-1.0690330301309234,-1.194364505915321,A m$^{-2}$
electron_current_density,0.3686444023844465,-1.061387718174199,-1.1931532395096591,A m$^{-2}$
electron_current_density,0.3688280757273476,-1.069102733513225,-1.194405026689058,A m$^{-2}$
electron_current_density,0.3690117490702488,-1.0715809703051176,-1.194830352991826,A m$^{-2}$
electron_current_density,0.3691954224131499,-1.069010428364851,-1.194426585907462,A m$^{-2}$
electron_current_density,0.369379095756051,-1.0615781773232804,-1.1931905376521792,A m$^{-2}$
electron_current_density,0.3695556527057768,-1.0690780804781124,-1.194464232254885,A m$^{-2}$
electron_current_density,0.3697322096555025,-1.0714881235404854,-1.194895921385231,A m$^{-2}$
electron_current_density,0.3699087666052282,-1.0689888341533005,-1.1944824475317333,A m$^{-2}$
electron_current_density,0.370085323554954,-1.0617606437173497,-1.1932200229942862,A m$^{-2}$
electron_current_density,0.3702550398349763,-1.0690543402601766,-1.194517586775813,A m$^{-2}$
electron_current_density,0.3704247561149987,-1.0713987209905402,-1.1949564072690109,A m$^{-2}$
electron_current_density,0.3705944723950209,-1.068968008279258,-1.1945327507647887,A m$^{-2}$
electron_current_density,0.3707641886750433,-0.9870138536323678,-1.193242168556515,A m$^{-2}$
electron_current_density,0.3709273293259741,-1.0697473220862568,-1.194565720741939,A m$^{-2}$
electron_current_density,0.371090469976905,-1.0739577624875756,-1.1950124843523051,A m$^{-2}$
electron_current_density,0.3712536106278358,-1.0695547562758687,-1.1945780914998283,A m$^{-2}$
electron_current_density,0.3714167512787666,-1.0568927438755291,-1.1932573629628125,A m$^{-2}$
electron_current_density,0.3715735710722634,-1.0697044025899691,-1.1946092045967072,A m$^{-2}$
electron_current_density,0.3717303908657603,-1.0737992958929763,-1.1950647757982276,A m$^{-2}$
electron_current_density,0.3718872106592572,-1.0695185194975518,-1.194619008551616,A m$^{-2}$
electron_current_density,0.3720440304527539,-1.0571899793627302,-1.1932659138853494,A m$^{-2}$
electron_current_density,0.3721947742893885,-1.069666681979954,-1.194648555796774,A m$^{-2}$
electron_current_density,0.3723455181260231,-1.073660259279174,-1.1951138622735649,A m$^{-2}$
electron_current_density,0.3724962619626576,-1.0694867772136334,-1.194655990114856,A m$^{-2}$
electron_current_density,0.3726470057992922,-1.057452913898636,-1.1932680499069028,A m$^{-2}$
electron_current_density,0.3727919090910043,-1.0696329871420336,-1.1946842448445472,A m$^{-2}$
electron_current_density,0.3729368123827166,-1.0735361109246015,-1.195160289532057,A m$^{-2}$
electron_current_density,0.3730817156744287,-1.069458437259761,-1.1946894798006211,A m$^{-2}$
electron_current_density,0.3732266189661409,-1.0576899383710332,-1.1932639103921936,A m$^{-2}$
electron_current_density,0.373365908003874,-1.069602316641992,-1.194716704871918,A m$^{-2}$
electron_current_density,0.373505197041607,-1.0734230101877007,-1.1952046057194277,A m$^{-2}$
electron_current_density,0.37364448607934,-1.0694325851995072,-1.1947199382485434,A m$^{-2}$
electron_current_density,0.3737837751170731,-1.0008953032041192,-1.193253685174485,A m$^{-2}$
electron_current_density,0.3739176674241654,-1.056013103342434,-1.194746497735782,A m$^{-2}$
electron_current_density,0.3740515597312576,-1.1590581990731108,-1.1952474926530263,A m$^{-2}$
electron_current_density,0.3741854520383499,-1.1420230529068107,-1.1947479354398178,A m$^{-2}$
electron_current_density,0.3743193443454422,-0.9634832243350706,-1.1932375465552971,A m$^{-2}$
electron_current_density,0.3744480490173262,-1.0701757783191723,-1.194774086293254,A m$^{-2}$
electron_current_density,0.3745767536892104,-1.0754906826576462,-1.1952894887293126,A m$^{-2}$
electron_current_density,0.3747054583610945,-1.069893302047965,-1.1947738173212838,A m$^{-2}$
electron_current_density,0.3748341630329786,-1.0537505484261334,-1.1932153689674871,A m$^{-2}$
electron_current_density,0.3749578810637194,-1.070151556886077,-1.1947997895728488,A m$^{-2}$
electron_current_density,0.3750815990944602,-1.0754088329284224,-1.1953310569596596,A m$^{-2}$
electron_current_density,0.375205317125201,-1.069876576460892,-1.1947978809443418,A m$^{-2}$
electron_current_density,0.3753290351559418,-1.0538944175779488,-1.193186946975236,A m$^{-2}$
electron_current_density,0.3754479597521225,-1.0701328501991831,-1.1948239069796902,A m$^{-2}$
electron_current_density,0.3755668843483032,-1.075346056362095,-1.1953726661984887,A m$^{-2}$
electron_current_density,0.3756858089444839,-1.0698638724340073,-1.194820404585072,A m$^{-2}$
electron_current_density,0.3758047335406645,-0.8986710413880249,-1.1931519760747842,A m$^{-2}$
electron_current_density,0.3759190504231112,-1.1915900266900223,-1.1948467237087854,A m$^{-2}$
electron_current_density,0.3760333673055579,-1.2193848895432264,-1.1954148009895489,A m$^{-2}$
electron_current_density,0.3761476841880046,-1.0473361699002333,-1.1948416520541305,A m$^{-2}$
electron_current_density,0.3762620010704513,-0.9545412901783294,-1.1931100403450534,A m$^{-2}$
electron_current_density,0.3763718887642676,-1.0710739593410887,-1.194868515634972,A m$^{-2}$
electron_current_density,0.376481776458084,-1.0786872247587556,-1.1954579723839664,A m$^{-2}$
electron_current_density,0.3765916641519004,-1.0705940853604274,-1.1948618770939892,A m$^{-2}$
electron_current_density,0.3767015518457167,-1.0470992067811664,-1.1930605964848755,A m$^{-2}$
electron_current_density,0.3768071819590808,-1.0711143755041326,-1.1948895546155367,A m$^{-2}$
electron_current_density,0.3769128120724448,-1.0788615536617692,-1.1955027305599173,A m$^{-2}$
electron_current_density,0.3770184421858089,-1.0706407007281316,-1.1948813279569417,A m$^{-2}$
electron_current_density,0.377124072299173,-1.046725625973616,-1.1930029528748889,A m$^{-2}$
electron_current_density,0.3772256097913325,-1.071162605750344,-1.1949101141087344,A m$^{-2}$
electron_current_density,0.377327147283492,-1.0790587009272987,-1.1955496796503686,A m$^{-2}$
electron_current_density,0.3774286847756516,-1.0706909309693575,-1.194900252244076,A m$^{-2}$
electron_current_density,0.3775302222678111,-0.9573101055440194,-1.1929362425633006,A m$^{-2}$
electron_current_density,0.3776278257066952,-1.050065415238662,-1.1949304755400314,A m$^{-2}$
electron_current_density,0.3777254291455794,-1.2131073665883971,-1.195599495732892,A m$^{-2}$
electron_current_density,0.3778230325844635,-1.357627398273948,-1.194918902385693,A m$^{-2}$
electron_current_density,0.3779206360233476,-0.7972468888489426,-1.1928593841256987,A m$^{-2}$
electron_current_density,0.3780144578331972,-1.073098885782958,-1.1949509447757432,A m$^{-2}$
electron_current_density,0.3781082796430469,-1.085905655452709,-1.1956529785136878,A m$^{-2}$
electron_current_density,0.3782021014528965,-1.072179488583931,-1.1949375947572876,A m$^{-2}$
electron_current_density,0.3782959232627461,-1.031890152495571,-1.192771142642143,A m$^{-2}$
electron_current_density,0.3783861099621504,-1.073339256109679,-1.1949719477157947,A m$^{-2}$
electron_current_density,0.3784762966615547,-1.0868378321466663,-1.1957111155102005,A m$^{-2}$
electron_current_density,0.3785664833609589,-1.072404821187234,-1.194956698891784,A m$^{-2}$
electron_current_density,0.3786566700603632,-0.5764429811115107,-1.1926699352567511,A m$^{-2}$
electron_current_density,0.3787433624910727,-1.1298621397179995,-1.194993865362395,A m$^{-2}$
electron_current_density,0.3788300549217823,-1.6768025960546895,-1.1957749627465626,A m$^{-2}$
electron_current_density,0.3789167473524919,-0.9795105181449394,-1.1949765160315005,A m$^{-2}$
electron_current_density,0.3790034397832014,-0.6219102971179706,-1.192553717304997,A m$^{-2}$
electron_current_density,0.3790867733300767,-1.0778731821890373,-1.195017091380762,A m$^{-2}$
electron_current_density,0.3791701068769518,-1.102826790882791,-1.19584575479142,A m$^{-2}$
electron_current_density,0.379253440423827,-1.0758671210297124,-1.1949973812617884,A m$^{-2}$
electron_current_density,0.3793367739707022,-0.9958131106249402,-1.192419972831101,A m$^{-2}$
electron_current_density,0.3794168787731397,-1.0787080895732843,-1.1950420838922735,A m$^{-2}$
electron_current_density,0.3794969835755771,-1.1059327755277342,-1.195924978720314,A m$^{-2}$
electron_current_density,0.3795770883780146,-1.0765840554271535,-1.195019678954102,A m$^{-2}$
electron_current_density,0.379657193180452,-0.5812538068719888,-1.1922655871196317,A m$^{-2}$
electron_current_density,0.3797341943356188,-0.983938244907979,-1.1950693857941348,A m$^{-2}$
electron_current_density,0.3798111954907857,-1.7216288711114909,-1.1960144424099095,A m$^{-2}$
electron_current_density,0.3798881966459524,-1.1970973143216048,-1.1950438578630496,A m$^{-2}$
electron_current_density,0.3799651978011192,-1.720065393658999,-1.19208669446005,A m$^{-2}$
electron_current_density,0.3800392155593136,-0.6017661932691867,-1.1950996504926257,A m$^{-2}$
electron_current_density,0.3801132333175079,0.3076133474779339,-1.1961163601863858,A m$^{-2}$
electron_current_density,0.3801872510757023,-1.3072985584901622,-1.195070449225278,A m$^{-2}$
electron_current_density,0.3802612688338966,-1.9649290539554296,-1.191878487250157,A m$^{-2}$
electron_current_density,0.3803324187863389,-1.0683431124506582,-1.1951336740074578,A m$^{-2}$
electron_current_density,0.3804035687387812,-1.0687127274082435,-1.1962334588503132,A m$^{-2}$
electron_current_density,0.3804747186912235,-1.0683365382244876,-1.1951000885558922,A m$^{-2}$
electron_current_density,0.3805458686436658,-1.067185477508232,-1.191634981192931,A m$^{-2}$
electron_current_density,0.3806142619030137,-1.0683523807589927,-1.1951724348032595,A m$^{-2}$
electron_current_density,0.3806826551623617,-1.0687483455778413,-1.1963691105289798,A m$^{-2}$
electron_current_density,0.3807510484217096,-1.0683450663327347,-1.1951335529480192,A m$^{-2}$
electron_current_density,0.3808194416810576,-1.067109006053867,-1.1913487745605449,A m$^{-2}$
electron_current_density,0.3808851850549274,-1.0683630163891236,-1.1952171828811489,A m$^{-2}$
electron_current_density,0.3809509284287973,-1.0687891497853663,-1.196527517265518,A m$^{-2}$
electron_current_density,0.3810166718026672,-1.068354817240311,-1.195171822889438,A m$^{-2}$
electron_current_density,0.3810824151765369,-1.0670212817949667,-1.191010745048223,A m$^{-2}$
electron_current_density,0.3811456113343016,-1.0683752545380356,-1.1952694475727117,A m$^{-2}$
electron_current_density,0.3812088074920663,-1.068836006999763,-1.196713798376263,A m$^{-2}$
electron_current_density,0.3812720036498309,-1.068365988890281,-1.1952160080786465,A m$^{-2}$
electron_current_density,0.3813351998075956,-1.066920347026563,-1.190609658965652,A m$^{-2}$
electron_current_density,0.3813959474407201,-1.0683893895676235,-1.1953310492723146,A m$^{-2}$
electron_current_density,0.3814566950738445,-1.0688900028025934,-1.196934114205469,A m$^{-2}$
electron_current_density,0.381517442706969,-1.068378828092616,-1.1952673983687812,A m$^{-2}$
electron_current_density,0.3815781903400935,-1.0668038451676538,-1.190132051302623,A m$^{-2}$
electron_current_density,0.3816365843162586,-1.0684057695183455,-1.1954041825193067,A m$^{-2}$
electron_current_density,0.3816949782924236,-1.0689524026002697,-1.1971957526710304,A m$^{-2}$
electron_current_density,0.3817533722685886,-1.0683936190979388,-1.1953274660913376,A m$^{-2}$
electron_current_density,0.3818117662447536,-1.066669065771745,-1.1895622678525906,A m$^{-2}$
electron_current_density,0.3818678977560072,-1.0684247939337848,-1.1954914229645643,A m$^{-2}$
electron_current_density,0.381924029267261,-1.0690246430922836,-1.1975070215449284,A m$^{-2}$
electron_current_density,0.3819801607785146,-1.0684106792019623,-1.1953978066721074,A m$^{-2}$
electron_current_density,0.3820362922897682,-1.066512984318036,-1.1888829461212735,A m$^{-2}$
electron_current_density,0.3820902489949379,-1.068446909289653,-1.19559567126286,A m$^{-2}$
electron_current_density,0.3821442057001075,-1.069108299960824,-1.197876867230821,A m$^{-2}$
electron_current_density,0.3821981624052772,-1.0684303479938848,-1.1954800068650395,A m$^{-2}$
electron_current_density,0.3822521191104469,-1.0663323722120748,-1.1880761313971426,A m$^{-2}$
electron_current_density,0.3823039852720331,-1.0684725947578575,-1.195720015941563,A m$^{-2}$
electron_current_density,0.3823558514336194,-1.069205012273451,-1.1983141490145204,A m$^{-2}$
electron_current_density,0.3824077175952057,-1.068452965282396,-1.1955754492394697,A m$^{-2}$
electron_current_density,0.3824595837567919,-1.0661240064234143,-1.1871250618002551,A m$^{-2}$
electron_current_density,0.3825094403725589,-1.068502328876818,-1.195867542166239,A m$^{-2}$
electron_current_density,0.3825592969883259,-1.0693163448466343,-1.1988266356465551,A m$^{-2}$
electron_current_density,0.3826091536040928,-1.0684788336089102,-1.1956850125859475,A m$^{-2}$
electron_current_density,0.3826590102198599,-1.065885012196531,-1.186016048771369,A m$^{-2}$
electron_current_density,0.3827069351493266,-1.0685365429999851,-1.1960410444710896,A m$^{-2}$
electron_current_density,0.3827548600787934,-1.0694435845159096,-1.1994200119723637,A m$^{-2}$
electron_current_density,0.3828027850082602,-1.0685081654593211,-1.1958088018461246,A m$^{-2}$
electron_current_density,0.3828507099377269,-1.0656133331124478,-1.1847395213138692,A m$^{-2}$
electron_current_density,0.3828967780237585,-1.0685755535304018,-1.1962430152690051,A m$^{-2}$
electron_current_density,0.3829428461097901,-1.069587473774149,-1.20009780672526,A m$^{-2}$
electron_current_density,0.3829889141958216,-1.0685410184422668,-1.1959461793869162,A m$^{-2}$
electron_current_density,0.3830349822818532,-1.0653082950776374,-1.1832883817778148,A m$^{-2}$
electron_current_density,0.3830792654675401,-1.0686194843939385,-1.196476067100907,A m$^{-2}$
electron_current_density,0.383123548653227,-1.069747916417816,-1.200863150745115,A m$^{-2}$
electron_current_density,0.383167831838914,-1.0685772259007238,-1.196096238578461,A m$^{-2}$
electron_current_density,0.3832121150246009,-1.064971165393369,-1.18165176971284,A m$^{-2}$
electron_current_density,0.3832546824656108,-1.0686681919583196,-1.1967440612191405,A m$^{-2}$
electron_current_density,0.3832972499066207,-1.069923718283039,-1.201723234728866,A m$^{-2}$
electron_current_density,0.3833398173476305,-1.0686163456762123,-1.1962589198517846,A m$^{-2}$
electron_current_density,0.3833823847886404,-1.0646055732819937,-1.179803080612804,A m$^{-2}$
electron_current_density,0.3834233029612158,-1.068721205239348,-1.1970541135852708,A m$^{-2}$
electron_current_density,0.3834642211337912,-1.0701124326570242,-1.2026967738223169,A m$^{-2}$
electron_current_density,0.3835051393063665,-1.0686576409013526,-1.1964366712909775,A m$^{-2}$
electron_current_density,0.3835460574789419,-1.0642176490171895,-1.177682783308625,A m$^{-2}$
electron_current_density,0.3835853902837145,-1.068777704404034,-1.1974192501662664,A m$^{-2}$
electron_current_density,0.3836247230884871,-1.0703103843724608,-1.203823539211777,A m$^{-2}$
electron_current_density,0.3836640558932598,-1.0687001148582675,-1.1966364476539115,A m$^{-2}$
electron_current_density,0.3837033886980324,-1.0638157550889054,-1.1751816843274765,A m$^{-2}$
electron_current_density,0.3837411975598145,-1.0688365503615562,-1.1978605531740316,A m$^{-2}$
electron_current_density,0.3837790064215967,-1.0705129225615997,-1.205171860359534,A m$^{-2}$
electron_current_density,0.3838168152833788,-1.0687426036342036,-1.19687123446189,A m$^{-2}$
electron_current_density,0.3838546241451609,-1.0634096600591023,-1.172151668628517,A m$^{-2}$
electron_current_density,0.3838909681088707,-1.0688964012124007,-1.1984015836059718,A m$^{-2}$
electron_current_density,0.3839273120725804,-1.0707149983196922,-1.2068228130132514,A m$^{-2}$
electron_current_density,0.3839636560362902,-1.0687839444606575,-1.197157622640237,A m$^{-2}$
electron_current_density,0.384,-1.063346362541206,-1.172061090709754,A m$^{-2}$
total_current_density,0.016,-0.8723829178964789,-1.0153026890988197,A m$^{-2}$
total_current_density,0.0160363439637097,-0.8720958985501862,-1.017097703555701,A m$^{-2}$
total_current_density,0.0160726879274195,-0.8719777934452717,-1.017689005284001,A m$^{-2}$
total_current_density,0.0161090318911293,-0.8720348054879752,-1.0170898944935574,A m$^{-2}$
total_current_density,0.0161453758548391,-0.8716565877700715,-1.015413213002483,A m$^{-2}$
total_current_density,0.0161831847166212,-0.8719065819757639,-1.0170714401887293,A m$^{-2}$
total_current_density,0.0162209935784033,-0.8725192898395993,-1.0175885840800163,A m$^{-2}$
total_current_density,0.0162588024401854,-0.8721837996621635,-1.0170661630445064,A m$^{-2}$
total_current_density,0.0162966113019675,-0.8712793627704345,-1.015599663625839,A m$^{-2}$
total_current_density,0.0163359441067401,-0.8717491899263415,-1.0170491139958613,A m$^{-2}$
total_current_density,0.0163752769115128,-0.8723547646251465,-1.0175013855335795,A m$^{-2}$
total_current_density,0.0164146097162854,-0.8721698645169659,-1.0170450340428785,A m$^{-2}$
total_current_density,0.016453942521058,-0.8711877363478331,-1.0157617044944165,A m$^{-2}$
total_current_density,0.0164948606936334,-0.8721404221475934,-1.0170299812926509,A m$^{-2}$
total_current_density,0.0165357788662088,-0.8724104505473593,-1.017425950964369,A m$^{-2}$
total_current_density,0.0165766970387842,-0.8719853599106875,-1.0170265514687762,A m$^{-2}$
total_current_density,0.0166176152113596,-0.8712948758866441,-1.0159021836738535,A m$^{-2}$
total_current_density,0.0166601826523694,-0.8721140897201441,-1.0170134763511844,A m$^{-2}$
total_current_density,0.0167027500933793,-0.8724148096454644,-1.0173605546106823,A m$^{-2}$
total_current_density,0.0167453175343891,-0.8721107975706548,-1.017010432712797,A m$^{-2}$
total_current_density,0.0167878849753989,-0.8712673516519538,-1.0160242226980674,A m$^{-2}$
total_current_density,0.0168321681610859,-0.8721059897776435,-1.0169991647922527,A m$^{-2}$
total_current_density,0.0168764513467729,-0.8723463833742747,-1.0173036816998249,A m$^{-2}$
total_current_density,0.0169207345324598,-0.8720510638611255,-1.0169963631314352,A m$^{-2}$
total_current_density,0.0169650177181468,-0.8714069476051762,-1.0161307281235723,A m$^{-2}$
total_current_density,0.0170110858041783,-0.8720911664803968,-1.016986660458648,A m$^{-2}$
total_current_density,0.0170571538902099,-0.8723251879536095,-1.017253888301908,A m$^{-2}$
total_current_density,0.0171032219762414,-0.8720889933513127,-1.016984012340588,A m$^{-2}$
total_current_density,0.017149290062273,-0.871420575655266,-1.0162243004418947,A m$^{-2}$
total_current_density,0.0171972149917398,-0.8720822806311894,-1.0169756558404708,A m$^{-2}$
total_current_density,0.0172451399212065,-0.8722900289417007,-1.0172099911546355,A m$^{-2}$
total_current_density,0.0172930648506733,-0.8720803263493869,-1.0169730998160076,A m$^{-2}$
total_current_density,0.0173409897801401,-0.8714863009205114,-1.0163071764070255,A m$^{-2}$
total_current_density,0.017390846395907,-0.872074545975749,-1.016965878964565,A m$^{-2}$
total_current_density,0.017440703011674,-0.8722593777446637,-1.0171709212286275,A m$^{-2}$
total_current_density,0.017490559627441,-0.8720727560659266,-1.0169633655013546,A m$^{-2}$
total_current_density,0.017540416243208,-0.8715436723756601,-1.0163817233003338,A m$^{-2}$
total_current_density,0.0175922824047942,-0.8720677938960497,-1.0169570016286111,A m$^{-2}$
total_current_density,0.0176441485663805,-0.8722325955451367,-1.0171353710632662,A m$^{-2}$
total_current_density,0.0176960147279668,-0.8720661332119551,-1.0169544857891504,A m$^{-2}$
total_current_density,0.0177478808895531,-0.871593854905341,-1.016449638854333,A m$^{-2}$
total_current_density,0.0178018375947228,-0.8720618856016149,-1.0169489269095393,A m$^{-2}$
total_current_density,0.0178557942998924,-0.8722091491867626,-1.0171029419072954,A m$^{-2}$
total_current_density,0.0179097510050621,-0.8720603310966468,-1.0169463591109134,A m$^{-2}$
total_current_density,0.0179637077102317,-0.8716378182232836,-1.0165126729995757,A m$^{-2}$
total_current_density,0.0180198392214854,-0.8720567071622985,-1.0169413207921123,A m$^{-2}$
total_current_density,0.018075970732739,-0.8721885977003729,-1.01707227810035,A m$^{-2}$
total_current_density,0.0181321022439927,-0.8720552439787896,-1.0169386425680218,A m$^{-2}$
total_current_density,0.0181882337552464,-0.8716885073397957,-1.0165727700122598,A m$^{-2}$
total_current_density,0.0182466277314114,-0.8720549011879902,-1.0169340435821246,A m$^{-2}$
total_current_density,0.0183050217075764,-0.8721524719982158,-1.0170427845984669,A m$^{-2}$
total_current_density,0.0183634156837414,-0.8720388287237719,-1.0169311784984705,A m$^{-2}$
total_current_density,0.0184218096599065,-0.8717297606490151,-1.016631753286182,A m$^{-2}$
total_current_density,0.0184825572930309,-0.87204776119927,-1.0169268001307057,A m$^{-2}$
total_current_density,0.0185433049261554,-0.8721532045054605,-1.0170132280973148,A m$^{-2}$
total_current_density,0.0186040525592799,-0.872046508716512,-1.0169236453370325,A m$^{-2}$
total_current_density,0.0186648001924044,-0.8717433095635707,-1.0166920456394983,A m$^{-2}$
total_current_density,0.0187279963501691,-0.872044174202458,-1.0169193119548616,A m$^{-2}$
total_current_density,0.0187911925079337,-0.8721389867363822,-1.0169824106797445,A m$^{-2}$
total_current_density,0.0188543886656983,-0.8720429922459778,-1.0169157218384215,A m$^{-2}$
total_current_density,0.018917584823463,-0.8717699661257692,-1.0167562580690257,A m$^{-2}$
total_current_density,0.0189833281973328,-0.8720410274017762,-1.0169112548891983,A m$^{-2}$
total_current_density,0.0190490715712026,-0.8721265388090447,-1.0169489094301971,A m$^{-2}$
total_current_density,0.0191148149450725,-0.8720399196423463,-1.0169070190542486,A m$^{-2}$
total_current_density,0.0191805583189423,-0.8717932269558893,-1.0168275054249418,A m$^{-2}$
total_current_density,0.0192489515782903,-0.8720382837310423,-1.016902249361511,A m$^{-2}$
total_current_density,0.0193173448376382,-0.8721157210510196,-1.0169110198037286,A m$^{-2}$
total_current_density,0.0193857380969862,-0.8720372583657953,-1.0168970612374617,A m$^{-2}$
total_current_density,0.0194541313563341,-0.8718133200591169,-1.0169094618969696,A m$^{-2}$
total_current_density,0.0195252813087764,-0.8720359184913923,-1.0168918655862005,A m$^{-2}$
total_current_density,0.0195964312612187,-0.8721064451714178,-1.016866757839602,A m$^{-2}$
total_current_density,0.019667581213661,-0.8720349891621825,-1.0168852809571451,A m$^{-2}$
total_current_density,0.0197387311661033,-0.8718303694365472,-1.017007080260428,A m$^{-2}$
total_current_density,0.0198127489242976,-0.8720339194973037,-1.0168794457216477,A m$^{-2}$
total_current_density,0.019886766682492,-0.8720986758750787,-1.0168131448537356,A m$^{-2}$
total_current_density,0.0199607844406864,-0.8720331067366733,-1.016870838175413,A m$^{-2}$
total_current_density,0.0200348021988807,-0.8718443886117944,-1.0171238392770796,A m$^{-2}$
total_current_density,0.0201118033540475,-0.8720322879467634,-1.0168649687198776,A m$^{-2}$
total_current_density,0.0201888045092143,-0.872092435823248,-1.0167496840403036,A m$^{-2}$
total_current_density,0.0202658056643811,-0.872031621373868,-1.0168534923671706,A m$^{-2}$
total_current_density,0.0203428068195479,-0.8718552662904705,-1.0172610714133552,A m$^{-2}$
total_current_density,0.0204229116219854,-0.8720310402439525,-1.0168482883363663,A m$^{-2}$
total_current_density,0.0205030164244228,-0.8720878152254199,-1.0166756477526109,A m$^{-2}$
total_current_density,0.0205831212268602,-0.8720305619200445,-1.0168330109779795,A m$^{-2}$
total_current_density,0.0206632260292976,-0.8718627404384685,-1.017412597202941,A m$^{-2}$
total_current_density,0.0207465595761729,-0.8720302112306799,-1.0168309696462785,A m$^{-2}$
total_current_density,0.0208298931230481,-0.8720849885824009,-1.0165982968070455,A m$^{-2}$
total_current_density,0.0209132266699234,-0.8720299809315255,-1.0168114574324545,A m$^{-2}$
total_current_density,0.0209965602167986,-0.8718663534703219,-1.0175471422017006,A m$^{-2}$
total_current_density,0.0210832526475082,-0.8720298597297718,-1.0168180692210658,A m$^{-2}$
total_current_density,0.0211699450782177,-0.8720842435576404,-1.0165427105120897,A m$^{-2}$
total_current_density,0.0212566375089272,-0.8720299635751825,-1.0167963876241457,A m$^{-2}$
total_current_density,0.0213433299396368,-0.8718653739176094,-1.0175777042755962,A m$^{-2}$
total_current_density,0.021433516639041,-0.8720300782187793,-1.016821819689682,A m$^{-2}$
total_current_density,0.0215237033384453,-0.8720860320364485,-1.0165736375665229,A m$^{-2}$
total_current_density,0.0216138900378495,-0.8720306434914573,-1.0168082876706028,A m$^{-2}$
total_current_density,0.0217040767372538,-0.871858654382211,-1.0172993151491216,A m$^{-2}$
total_current_density,0.0217978985471034,-0.8720310104085188,-1.0168681889358748,A m$^{-2}$
total_current_density,0.0218917203569531,-0.8720910644208038,-1.016837845117476,A m$^{-2}$
total_current_density,0.0219855421668027,-0.8720322323557684,-1.016895703898191,A m$^{-2}$
total_current_density,0.0220793639766524,-0.8718443607391893,-1.016291894782961,A m$^{-2}$
total_current_density,0.0221769674155365,-0.8720328849178363,-1.017004073744972,A m$^{-2}$
total_current_density,0.0222745708544206,-0.8721004933158517,-1.017620918309326,A m$^{-2}$
total_current_density,0.0223721742933047,-0.872035077976052,-1.0171574108490584,A m$^{-2}$
total_current_density,0.0224697777321888,-0.871819424275467,-1.013841634872942,A m$^{-2}$
total_current_density,0.0225713152243483,-0.872036083901842,-1.0172960363879109,A m$^{-2}$
total_current_density,0.0226728527165079,-0.8721162943633334,-1.0193657553677695,A m$^{-2}$
total_current_density,0.0227743902086675,-0.8720397857432675,-1.017753530023799,A m$^{-2}$
total_current_density,0.022875927700827,-0.8717783511704943,-1.0090479169186952,A m$^{-2}$
total_current_density,0.0229815578141911,-0.8720412936837185,-1.0178060118448866,A m$^{-2}$
total_current_density,0.0230871879275552,-0.8721421180397704,-1.0225268874304063,A m$^{-2}$
total_current_density,0.0231928180409192,-0.8720474924765191,-1.018853971838566,A m$^{-2}$
total_current_density,0.0232984481542833,-0.8717751105608755,-1.001334308277944,A m$^{-2}$
total_current_density,0.0234083358480996,-0.8719970946904803,-1.018542182841425,A m$^{-2}$
total_current_density,0.023518223541916,-0.8721379095293667,-1.0271710837536827,A m$^{-2}$
total_current_density,0.0236281112357323,-0.8720575030352904,-1.0204784745483917,A m$^{-2}$
total_current_density,0.0237379989295486,-0.8716858276026549,-0.991250485272678,A m$^{-2}$
total_current_density,0.0238523158119953,-0.8720514547067536,-1.0194214708240066,A m$^{-2}$
total_current_density,0.023966632694442,-0.8722094089482073,-1.032583436183725,A m$^{-2}$
total_current_density,0.0240809495768887,-0.8720709448645189,-1.0223313259239168,A m$^{-2}$
total_current_density,0.0241952664593354,-0.8715290606902228,-0.9808130818817108,A m$^{-2}$
total_current_density,0.0243141910555161,-0.8720659399559887,-1.0202848167160534,A m$^{-2}$
total_current_density,0.0244331156516968,-0.8723089350533235,-1.0374193830167262,A m$^{-2}$
total_current_density,0.0245520402478774,-0.8721059500853379,-1.0238778879767243,A m$^{-2}$
total_current_density,0.0246709648440581,-0.8712123530859617,-0.9727014698622464,A m$^{-2}$
total_current_density,0.0247946828747989,-0.8720942195869903,-1.0209533122667858,A m$^{-2}$
total_current_density,0.0249184009055397,-0.8725532023658313,-1.040432747208897,A m$^{-2}$
total_current_density,0.0250421189362805,-0.8721976262271345,-1.024677091204501,A m$^{-2}$
total_current_density,0.0251658369670213,-0.8733187841976909,-0.9688104282408512,A m$^{-2}$
total_current_density,0.0252945416389054,-0.872145403321282,-1.0212932514292823,A m$^{-2}$
total_current_density,0.0254232463107895,-0.8696320809754897,-1.0411145649122575,A m$^{-2}$
total_current_density,0.0255519509826736,-0.8715953585651925,-1.0246331184548492,A m$^{-2}$
total_current_density,0.0256806556545578,-1.15597097856438,-0.9694034101790808,A m$^{-2}$
total_current_density,0.02581454796165,-0.9032710149840372,-1.0212694510186022,A m$^{-2}$
total_current_density,0.0259484402687423,-0.5016352113801902,-1.0397744281074004,A m$^{-2}$
total_current_density,0.0260823325758346,-0.4713529242067917,-1.023956867340913,A m$^{-2}$
total_current_density,0.0262162248829268,0.1014191429112647,-0.9733511909093512,A m$^{-2}$
total_current_density,0.0263555139206599,-2.286786870831034,-1.0209575600803305,A m$^{-2}$
total_current_density,0.026494802958393,-4.639692722019422,-1.0372035870136145,A m$^{-2}$
total_current_density,0.026634091996126,-1.4574676885404385,-1.0229715130441406,A m$^{-2}$
total_current_density,0.0267733810338591,2.9137945581483726,-0.9789760165584896,A m$^{-2}$
total_current_density,0.0269182843255713,-0.8752286558850761,-1.0204929152246862,A m$^{-2}$
total_current_density,0.0270631876172834,-0.9256603264418948,-1.03422960312628,A m$^{-2}$
total_current_density,0.0272080909089956,-0.8967238794741161,-1.021948307441193,A m$^{-2}$
total_current_density,0.0273529942007077,-0.7777941042638216,-0.9848379797193954,A m$^{-2}$
total_current_density,0.0275037380373423,-0.8763125991988026,-1.0199986122249969,A m$^{-2}$
total_current_density,0.0276544818739769,-0.903252688545042,-1.0314223605664772,A m$^{-2}$
total_current_density,0.0278052257106114,-0.8832161383667443,-1.0210420566536893,A m$^{-2}$
total_current_density,0.027955969547246,1.362421881606184,-0.990103586770178,A m$^{-2}$
total_current_density,0.0281127893407428,2.2943995157826893,-1.0195450671311266,A m$^{-2}$
total_current_density,0.0282696091342396,9.94883498583604,-1.0290275423697013,A m$^{-2}$
total_current_density,0.0284264289277364,2.589841407102295,-1.0203017073525007,A m$^{-2}$
total_current_density,0.0285832487212332,-12.793009815417284,-0.9944880994426624,A m$^{-2}$
total_current_density,0.0287463893721641,-1.0330782575185933,-1.0191581382000905,A m$^{-2}$
total_current_density,0.0289095300230949,1.3288361621499294,-1.027082171207961,A m$^{-2}$
total_current_density,0.0290726706740258,0.923821287335113,-1.0197188353655875,A m$^{-2}$
total_current_density,0.0292358113249567,-4.611740830968024,-0.9980085732635884,A m$^{-2}$
total_current_density,0.029405527604979,-0.3784754784674514,-1.0188399636276084,A m$^{-2}$
total_current_density,0.0295752438850014,0.461852823909984,-1.0255363141345843,A m$^{-2}$
total_current_density,0.0297449601650237,-0.9115660793748452,-1.0192662071146508,A m$^{-2}$
total_current_density,0.029914676445046,-2.484704274441896,-1.0007927369709064,A m$^{-2}$
total_current_density,0.0300912333947717,-0.9188395611683312,-1.0185827889447256,A m$^{-2}$
total_current_density,0.0302677903444974,-0.0897375926375408,-1.0243169921678803,A m$^{-2}$
total_current_density,0.0304443472942232,-0.2565805398832617,-1.0189152247556563,A m$^{-2}$
total_current_density,0.0306209042439489,-1.847814043979,-1.0029891715360004,A m$^{-2}$
total_current_density,0.03080457758685,-0.8485349105411513,-1.01837559566211,A m$^{-2}$
total_current_density,0.0309882509297511,-0.7550789784287633,-1.023352264404141,A m$^{-2}$
total_current_density,0.0311719242726522,-0.8370971299489913,-1.0186411102920685,A m$^{-2}$
total_current_density,0.0313555976155534,-1.0964379615599067,-1.0047315439920936,A m$^{-2}$
total_current_density,0.0315466741885508,-0.8499652650345774,-1.0182080484424572,A m$^{-2}$
total_current_density,0.0317377507615483,-0.7657593917626528,-1.0225828437666715,A m$^{-2}$
total_current_density,0.0319288273345457,-0.8410024665801519,-1.0184246940754371,A m$^{-2}$
total_current_density,0.0321199039075432,-1.3382702782831286,-1.0061268920296724,A m$^{-2}$
total_current_density,0.032318682108951,-0.6574975132529928,-1.0180714831624698,A m$^{-2}$
total_current_density,0.0325174603103589,-0.7321429221338359,-1.021962495346021,A m$^{-2}$
total_current_density,0.0327162385117668,-0.8746517767633584,-1.01825162131204,A m$^{-2}$
total_current_density,0.0329150167131746,-1.019318218790303,-1.0072567522582632,A m$^{-2}$
total_current_density,0.0331218069686994,-0.8633902090325136,-1.0179591948342792,A m$^{-2}$
total_current_density,0.0333285972242242,-0.83276645727964,-1.0214568594204847,A m$^{-2}$
total_current_density,0.0335353874797489,-0.8610261253785723,-1.0181114829005629,A m$^{-2}$
total_current_density,0.0337421777352737,-0.9486412916099104,-1.0081823933230094,A m$^{-2}$
total_current_density,0.0339573029827965,-0.8637311234496969,-1.0178658600710893,A m$^{-2}$
total_current_density,0.0341724282303193,-0.8347774530605567,-1.0210395988951375,A m$^{-2}$
total_current_density,0.0343875534778421,-0.8616898244976972,-1.0179964785661249,A m$^{-2}$
total_current_density,0.0346026787253649,-1.0569264192215937,-1.008950060952893,A m$^{-2}$
total_current_density,0.0348264749192634,-0.7497651525447978,-1.0177874466874344,A m$^{-2}$
total_current_density,0.0350502711131619,-0.7977572009322791,-1.0206911768039335,A m$^{-2}$
total_current_density,0.0352740673070604,-0.8754511051256704,-1.017900901846693,A m$^{-2}$
total_current_density,0.0354978635009589,-0.9456135670027634,-1.0095939459786942,A m$^{-2}$
total_current_density,0.0357306801367568,-0.867973093124828,-1.0177209378844705,A m$^{-2}$
total_current_density,0.0359634967725548,-0.8542866086926983,-1.0203971791172126,A m$^{-2}$
total_current_density,0.0361963134083527,-0.8671925002610505,-1.0178205823233375,A m$^{-2}$
total_current_density,0.0364291300441507,-0.9070183288510554,-1.010139520880566,A m$^{-2}$
total_current_density,0.0366713307043141,-0.8680564114626055,-1.017664021825203,A m$^{-2}$
total_current_density,0.0369135313644775,-0.8547600258398889,-1.0201467024215765,A m$^{-2}$
total_current_density,0.0371557320246408,-0.8673457637564378,-1.017752393757978,A m$^{-2}$
total_current_density,0.0373979326848042,-0.9672179049162372,-1.0106060547076408,A m$^{-2}$
total_current_density,0.0376498956065367,-0.8428193185312375,-1.0176149302930555,A m$^{-2}$
total_current_density,0.0379018585282693,-0.8502586971030986,-1.019931485767108,A m$^{-2}$
total_current_density,0.0381538214500018,-0.8715619755606714,-1.0176939832473624,A m$^{-2}$
total_current_density,0.0384057843717343,-0.8983901055427188,-1.0110079133451362,A m$^{-2}$
total_current_density,0.0386679030376584,-0.8699568150045986,-1.0175723709009403,A m$^{-2}$
total_current_density,0.0389300217035826,-0.8631635519763601,-1.0197454974319953,A m$^{-2}$
total_current_density,0.0391921403695068,-0.8696442424600099,-1.0176436336591936,A m$^{-2}$
total_current_density,0.039454259035431,-0.8896247958645398,-1.0113567977982605,A m$^{-2}$
total_current_density,0.0397269427880777,-0.8699704596785356,-1.0175351037436218,A m$^{-2}$
total_current_density,0.0399996265407245,-0.8632535432192427,-1.0195831094517387,A m$^{-2}$
total_current_density,0.0402723102933713,-0.8696755893309304,-1.0175997762911244,A m$^{-2}$
total_current_density,0.0405449940460181,-0.8894585286111927,-1.0116623784949346,A m$^{-2}$
total_current_density,0.0408286687270842,-0.869981163753597,-1.017502250250498,A m$^{-2}$
total_current_density,0.0411123434081504,-0.86332905063078,-1.0194403196367356,A m$^{-2}$
total_current_density,0.0413960180892166,-0.8697026378933299,-1.0175612921435278,A m$^{-2}$
total_current_density,0.0416796927702828,-0.8893183457474321,-1.0119318566902966,A m$^{-2}$
total_current_density,0.0419748013856546,-0.8699895347324129,-1.0174731101083103,A m$^{-2}$
total_current_density,0.0422699100010265,-0.8633931294745467,-1.0193139542414975,A m$^{-2}$
total_current_density,0.0425650186163984,-0.8697263074194517,-1.0175272972585607,A m$^{-2}$
total_current_density,0.0428601272317702,-0.917726006776492,-1.01217098753694,A m$^{-2}$
total_current_density,0.0431671306433521,-0.877440472727206,-1.0174471147519428,A m$^{-2}$
total_current_density,0.0434741340549339,-0.8198677784320764,-1.0192014501738356,A m$^{-2}$
total_current_density,0.0437811374665157,-0.8451238280057687,-1.0174970806338928,A m$^{-2}$
total_current_density,0.0440881408780975,-0.9267406126128128,-1.0123844238021782,A m$^{-2}$
total_current_density,0.0444075185235252,-0.8709140790720675,-1.0174238017294492,A m$^{-2}$
total_current_density,0.0447268961689528,-0.8673687279481612,-1.0191007314198417,A m$^{-2}$
total_current_density,0.0450462738143804,-0.8707886044041729,-1.0174700681831348,A m$^{-2}$
total_current_density,0.0453656514598081,-0.8813156781466154,-1.0125755396036733,A m$^{-2}$
total_current_density,0.0456979021011717,-0.8709078928559508,-1.017402892283892,A m$^{-2}$
total_current_density,0.0460301527425354,-0.8673517981280496,-1.0190105126697169,A m$^{-2}$
total_current_density,0.0463624033838991,-0.8707863372520711,-1.017445896895858,A m$^{-2}$
total_current_density,0.0466946540252628,-0.8813506223611052,-1.0127473750988063,A m$^{-2}$
total_current_density,0.0470402965280083,-0.8709014480447572,-1.0173839870417158,A m$^{-2}$
total_current_density,0.0473859390307539,-0.867333726817804,-1.0189290413673753,A m$^{-2}$
total_current_density,0.0477315815334994,-0.8707837581597044,-1.0174240910051484,A m$^{-2}$
total_current_density,0.0480772240362449,-0.8813869957589839,-1.0129030642520171,A m$^{-2}$
total_current_density,0.0484367981794696,-0.8708949425896185,-1.017366772662746,A m$^{-2}$
total_current_density,0.0487963723226943,-0.8673153920374566,-1.0188549435976744,A m$^{-2}$
total_current_density,0.049155946465919,-0.8707811079122996,-1.0174042776765004,A m$^{-2}$
total_current_density,0.0495155206091436,-0.8967318459274053,-1.013044979538305,A m$^{-2}$
total_current_density,0.0498895879285524,-0.8748552849028766,-1.0173510244102206,A m$^{-2}$
total_current_density,0.0502636552479611,-0.8439397384653469,-1.0187872266228806,A m$^{-2}$
total_current_density,0.0506377225673699,-0.8513087399868468,-1.017386185882522,A m$^{-2}$
total_current_density,0.0510117898867786,-0.904151685080136,-1.0131749592067467,A m$^{-2}$
total_current_density,0.0514009345516168,-0.8713914042983308,-1.017336551078128,A m$^{-2}$
total_current_density,0.0517900792164551,-0.8694132290456809,-1.018725048555193,A m$^{-2}$
total_current_density,0.0521792238812933,-0.8713331789048224,-1.0173695863049912,A m$^{-2}$
total_current_density,0.0525683685461315,-0.877241981764286,-1.0132945662994517,A m$^{-2}$
total_current_density,0.0529731982714638,-0.8713827205773197,-1.01732318897602,A m$^{-2}$
total_current_density,0.0533780279967961,-0.8693799934091535,-1.0186676909925223,A m$^{-2}$
total_current_density,0.0537828577221284,-0.8713252539304481,-1.0173542838068843,A m$^{-2}$
total_current_density,0.0541876874474608,-0.8773081460871872,-1.0134050954843166,A m$^{-2}$
total_current_density,0.0546088344432208,-0.8713740884348125,-1.017310807743875,A m$^{-2}$
total_current_density,0.0550299814389808,-0.8693470756248753,-1.0186145801972413,A m$^{-2}$
total_current_density,0.0554511284347408,-0.8713174364129785,-1.017340122176057,A m$^{-2}$
total_current_density,0.0558722754305008,-0.8773734009692715,-1.013507082403743,A m$^{-2}$
total_current_density,0.0563103973887934,-0.8713655728965057,-1.017299426855379,A m$^{-2}$
total_current_density,0.0567485193470861,-0.8693147546987122,-1.0185657585894354,A m$^{-2}$
total_current_density,0.0571866413053787,-0.8713098007793199,-1.017327103098708,A m$^{-2}$
total_current_density,0.0576247632636713,-0.877437155209037,-1.0136015373294875,A m$^{-2}$
total_current_density,0.0580805443858702,-0.8713572472531839,-1.017288794751077,A m$^{-2}$
total_current_density,0.0585363255080691,-0.8692833429696456,-1.0185201687261358,A m$^{-2}$
total_current_density,0.058992106630268,-0.8713024297726996,-1.0173149498991598,A m$^{-2}$
total_current_density,0.0594478877524669,-0.8774987540007296,-1.0136899885863109,A m$^{-2}$
total_current_density,0.0599220398177102,-0.8713491924391454,-1.0172788029698074,A m$^{-2}$
total_current_density,0.0603961918829534,-0.8692531829791852,-1.0184773440992574,A m$^{-2}$
total_current_density,0.0608703439481967,-0.8712954136762653,-1.017303538025915,A m$^{-2}$
total_current_density,0.06134449601344,-0.8775574861547015,-1.0137732498705594,A m$^{-2}$
total_current_density,0.0618377594901935,-0.8713414960851731,-1.0172693716548755,A m$^{-2}$
total_current_density,0.062331022966947,-0.8692246435158114,-1.0184369388698538,A m$^{-2}$
total_current_density,0.0628242864437006,-0.8712888491410263,-1.0172927745249825,A m$^{-2}$
total_current_density,0.0633175499204541,-0.877612592110455,-1.0138519706528086,A m$^{-2}$
total_current_density,0.063830695122878,-0.8713342514938212,-1.0172604307159312,A m$^{-2}$
total_current_density,0.064343840325302,-0.8691981153771537,-1.0183986501890907,A m$^{-2}$
total_current_density,0.0648569855277259,-0.8712828382253432,-1.0172825781983932,A m$^{-2}$
total_current_density,0.0653701307301498,-0.9024794057142334,-1.0139267197842283,A m$^{-2}$
total_current_density,0.0659039590210741,-0.8518822538601414,-1.0172519185921909,A m$^{-2}$
total_current_density,0.0664377873119984,-0.8458640424818002,-1.0183622127251324,A m$^{-2}$
total_current_density,0.0669716156029227,-0.8757076008286766,-1.0172728780385414,A m$^{-2}$
total_current_density,0.0675054438938469,-0.8907714282033646,-1.0139978990720893,A m$^{-2}$
total_current_density,0.0680607889362346,-0.8717659774552828,-1.0172438052069244,A m$^{-2}$
total_current_density,0.0686161339786222,-0.8709926937427714,-1.0183274910121118,A m$^{-2}$
total_current_density,0.0691714790210098,-0.8717481502968328,-1.0172636364411036,A m$^{-2}$
total_current_density,0.0697268240633974,-0.8740744853963386,-1.0140651872811803,A m$^{-2}$
total_current_density,0.07030455312225,-0.8717598360794462,-1.0172362070868486,A m$^{-2}$
total_current_density,0.0708822821811024,-0.8709679889121621,-1.0182949439479163,A m$^{-2}$
total_current_density,0.0714600112399549,-0.8717419440106633,-1.0172549661026624,A m$^{-2}$
total_current_density,0.0720377402988074,-0.8741237938629416,-1.0141290347922718,A m$^{-2}$
total_current_density,0.0726387555955455,-0.8717537029737126,-1.017228901953533,A m$^{-2}$
total_current_density,0.0732397708922835,-0.8709433970658691,-1.018263657416206,A m$^{-2}$
total_current_density,0.0738407861890215,-0.8717357861716776,-1.017246632661545,A m$^{-2}$
total_current_density,0.0744418014857596,-0.8741729023291828,-1.0141905662491122,A m$^{-2}$
total_current_density,0.0750670416071939,-0.8717475701751825,-1.017221840724162,A m$^{-2}$
total_current_density,0.0756922817286283,-0.8709188938210597,-1.0182334241837212,A m$^{-2}$
total_current_density,0.0763175218500627,-0.8717296725660457,-1.0172385816085856,A m$^{-2}$
total_current_density,0.076942761971497,-0.874221897873501,-1.01425012319647,A m$^{-2}$
total_current_density,0.0775932033355904,-0.8717414200813778,-1.0172149921351237,A m$^{-2}$
total_current_density,0.0782436446996838,-0.8708944167768014,-1.018204110412805,A m$^{-2}$
total_current_density,0.0788940860637772,-0.8717235896692905,-1.0172307773486595,A m$^{-2}$
total_current_density,0.0795445274278705,-0.8742709581389512,-1.0143079544897742,A m$^{-2}$
total_current_density,0.0802211858085788,-0.8717352213406921,-1.017208329334671,A m$^{-2}$
total_current_density,0.0808978441892872,-0.8708698507513123,-1.0181756013309964,A m$^{-2}$
total_current_density,0.0815745025699955,-0.8717175113280868,-1.017223189401614,A m$^{-2}$
total_current_density,0.0822511609507038,-0.8743203871344265,-1.0143642715314596,A m$^{-2}$
total_current_density,0.0829550930642787,-0.8717289239797281,-1.0172018298413608,A m$^{-2}$
total_current_density,0.0836590251778536,-0.8708450075222294,-1.018147800600083,A m$^{-2}$
total_current_density,0.0843629572914285,-0.8717113934773221,-1.0172157921059704,A m$^{-2}$
total_current_density,0.0850668894050034,-0.8743706623482993,-1.0144189488475668,A m$^{-2}$
total_current_density,0.085799194560233,-0.8717224520794167,-1.0171955500570773,A m$^{-2}$
total_current_density,0.0865314997154626,-0.8708195983906273,-1.0181209309029575,A m$^{-2}$
total_current_density,0.0872638048706923,-0.8717051678481025,-1.0172086403179452,A m$^{-2}$
total_current_density,0.0879961100259219,-0.8744225007082354,-1.0144712729492176,A m$^{-2}$
total_current_density,0.0887579318408871,-0.8717156937283335,-1.0171896136425915,A m$^{-2}$
total_current_density,0.0895197536558522,-0.8707931960899549,-1.0180954831182556,A m$^{-2}$
total_current_density,0.0902815754708174,-0.8716987329716381,-1.0172018556089113,A m$^{-2}$
total_current_density,0.0910433972857825,-0.877599240564289,-1.0145216343347223,A m$^{-2}$
total_current_density,0.0918359254738093,-0.8724909837598691,-1.0171838029995537,A m$^{-2}$
total_current_density,0.0926284536618361,-0.8660285108349115,-1.018070573247249,A m$^{-2}$
total_current_density,0.0934209818498629,-0.8613795644259098,-1.01719521393432,A m$^{-2}$
total_current_density,0.0942135100378897,-0.8967070107055336,-1.014570995653541,A m$^{-2}$
total_current_density,0.0950379822654876,-0.8722216809918487,-1.017178099926603,A m$^{-2}$
total_current_density,0.0958624544930855,-0.8728699179602691,-1.0180461248087085,A m$^{-2}$
total_current_density,0.0966869267206834,-0.8722309132706012,-1.0171886952573432,A m$^{-2}$
total_current_density,0.0975113989482813,-0.8702697050722265,-1.014619463902409,A m$^{-2}$
total_current_density,0.0983691027679685,-0.8722282391133338,-1.0171724975531928,A m$^{-2}$
total_current_density,0.0992268065876555,-0.8728958356747412,-1.01802210744662,A m$^{-2}$
total_current_density,0.1000845104073427,-0.8722373045100097,-1.0171822912827322,A m$^{-2}$
total_current_density,0.1009422142270298,-0.8702172772847035,-1.0146670846615966,A m$^{-2}$
total_current_density,0.1018344890880632,-0.8722349951911967,-1.01716699276763,A m$^{-2}$
total_current_density,0.1027267639490966,-0.8729222979589075,-1.0179985061262404,A m$^{-2}$
total_current_density,0.1036190388101301,-0.8722437682204321,-1.0171759976527204,A m$^{-2}$
total_current_density,0.1045113136711635,-0.8715484487733769,-1.0147138557022783,A m$^{-2}$
total_current_density,0.1054395530113155,-0.8725011090754216,-1.0171615903522215,A m$^{-2}$
total_current_density,0.1063677923514676,-0.8709066934905515,-1.017975338210851,A m$^{-2}$
total_current_density,0.1072960316916196,-0.8726102121338606,-1.017169818235402,A m$^{-2}$
total_current_density,0.1082242710317716,-0.8713795221938097,-1.0147587279931147,A m$^{-2}$
total_current_density,0.1091899244534178,-0.8722630896037882,-1.0171565486477288,A m$^{-2}$
total_current_density,0.1101555778750641,-0.8730349530328585,-1.017953635642642,A m$^{-2}$
total_current_density,0.1111212312967103,-0.8722719775660912,-1.0171640103136448,A m$^{-2}$
total_current_density,0.1120868847183566,-0.8660219259257887,-1.0148011030780637,A m$^{-2}$
total_current_density,0.1130914602522748,-0.871940502240518,-1.017151761131395,A m$^{-2}$
total_current_density,0.114096035786193,-0.8717197631177273,-1.017932963439319,A m$^{-2}$
total_current_density,0.1151006113201112,-0.8719371212662002,-1.0171584630642123,A m$^{-2}$
total_current_density,0.1161051868540294,-0.8726200560847368,-1.0148419267758164,A m$^{-2}$
total_current_density,0.117150253314444,-0.8719343415317119,-1.0171471012814934,A m$^{-2}$
total_current_density,0.1181953197748585,-0.8716956161269411,-1.0179128117358618,A m$^{-2}$
total_current_density,0.1192403862352731,-0.871931218792585,-1.0171530482832292,A m$^{-2}$
total_current_density,0.1202854526956876,-0.8669302000290016,-1.0148816663725535,A m$^{-2}$
total_current_density,0.1213726421302377,-0.8734830066888676,-1.017142580251116,A m$^{-2}$
total_current_density,0.1224598315647878,-0.8786961546200085,-1.017893223463282,A m$^{-2}$
total_current_density,0.1235470209993379,-0.8705647077917386,-1.0171477762615886,A m$^{-2}$
total_current_density,0.1246342104338881,-0.8688896529777365,-1.014920208430149,A m$^{-2}$
total_current_density,0.1257652206723455,-0.8717634483669556,-1.0171382160534708,A m$^{-2}$
total_current_density,0.126896230910803,-0.8710069127654558,-1.0178742691766036,A m$^{-2}$
total_current_density,0.1280272411492605,-0.8717579139589537,-1.0171426642832448,A m$^{-2}$
total_current_density,0.129158251387718,-0.8740232028841677,-1.0149573732983503,A m$^{-2}$
total_current_density,0.130334848693435,-0.8717233181439856,-1.0171340362721637,A m$^{-2}$
total_current_density,0.1315114459991521,-0.8710462143201341,-1.017856058017931,A m$^{-2}$
total_current_density,0.1326880433048691,-0.8718128730540806,-1.0171377392960474,A m$^{-2}$
total_current_density,0.1338646406105861,-0.8741555647015934,-1.0149919007699555,A m$^{-2}$
total_current_density,0.1350886624388134,-0.8717183496100113,-1.017130330494246,A m$^{-2}$
total_current_density,0.1363126842670407,-0.8708397551920743,-1.0178397390561302,A m$^{-2}$
total_current_density,0.137536706095268,-0.8717195463504421,-1.017133285898154,A m$^{-2}$
total_current_density,0.1387607279234953,-0.8744149571899802,-1.015022314852965,A m$^{-2}$
total_current_density,0.1400340857908787,-0.8717013053125477,-1.017127183563899,A m$^{-2}$
total_current_density,0.1413074436582622,-0.8707832516665992,-1.0178256388615845,A m$^{-2}$
total_current_density,0.1425808015256456,-0.8717084058388678,-1.0171293824086594,A m$^{-2}$
total_current_density,0.143854159393029,-0.8744966756552943,-1.0150491683577665,A m$^{-2}$
total_current_density,0.1451788418627653,-0.8716912686959142,-1.017124376526783,A m$^{-2}$
total_current_density,0.1465035243325017,-0.8707591236436664,-1.0178128817440633,A m$^{-2}$
total_current_density,0.147828206802238,-0.871706446912518,-1.017125810260174,A m$^{-2}$
total_current_density,0.1491528892719743,-0.874496517472586,-1.0150730935974888,A m$^{-2}$
total_current_density,0.1505309650592881,-0.8716924077874995,-1.0171219709981996,A m$^{-2}$
total_current_density,0.1519090408466019,-0.8707846805410961,-1.017801709090427,A m$^{-2}$
total_current_density,0.1532871166339157,-0.8717181469184314,-1.0171226284945305,A m$^{-2}$
total_current_density,0.1546651924212295,-0.874376992755758,-1.015093510478023,A m$^{-2}$
total_current_density,0.1560988136240214,-0.8717096848959205,-1.0171200531819926,A m$^{-2}$
total_current_density,0.1575324348268132,-0.8708800145001964,-1.0177924593379768,A m$^{-2}$
total_current_density,0.158966056029605,-0.8717485749353305,-1.0171199200287846,A m$^{-2}$
total_current_density,0.1603996772323969,-0.874394678914736,-1.0151095535626566,A m$^{-2}$
total_current_density,0.1618910826921071,-0.8711587298935238,-1.0171187571149645,A m$^{-2}$
total_current_density,0.1633824881518173,-0.8710357273623051,-1.0177856587270244,A m$^{-2}$
total_current_density,0.1648738936115275,-0.8719149985399922,-1.0171178137985923,A m$^{-2}$
total_current_density,0.1663652990712377,-0.8733356914411415,-1.015118232115546,A m$^{-2}$
total_current_density,0.1679168178691753,-0.8718742010741896,-1.017118709006775,A m$^{-2}$
total_current_density,0.1694683366671129,-0.8715660760818557,-1.0177837607268574,A m$^{-2}$
total_current_density,0.1710198554650506,-0.8719268832328746,-1.0171169094666472,A m$^{-2}$
total_current_density,0.1725713742629882,-0.8725980190300229,-1.0151173179807935,A m$^{-2}$
total_current_density,0.1741854293575843,-0.8719458947064805,-1.0171198598995344,A m$^{-2}$
total_current_density,0.1757994844521804,-0.8718776667564481,-1.017786550606953,A m$^{-2}$
total_current_density,0.1774135395467765,-0.8720108586697337,-1.0171171486947683,A m$^{-2}$
total_current_density,0.1790275946413727,-0.8719976592657559,-1.0151068856905554,A m$^{-2}$
total_current_density,0.180706706652039,-0.8720676282113774,-1.017122249665724,A m$^{-2}$
total_current_density,0.1823858186627054,-0.8721088164665172,-1.0177941684773295,A m$^{-2}$
total_current_density,0.1840649306733718,-0.8719242392515066,-1.01711856156471,A m$^{-2}$
total_current_density,0.1857440426840382,-0.8710097174048553,-1.0150855765723692,A m$^{-2}$
total_current_density,0.1874908338275397,-0.8721921034486319,-1.0171261923378605,A m$^{-2}$
total_current_density,0.1892376249710413,-0.8729522202777089,-1.0178078261811725,A m$^{-2}$
total_current_density,0.1909844161145429,-0.8723013326290703,-1.01712143947121,A m$^{-2}$
total_current_density,0.1927312072580445,-0.8694705658225803,-1.015050495290717,A m$^{-2}$
total_current_density,0.1945484054435333,-0.8723580710626514,-1.017132123916597,A m$^{-2}$
total_current_density,0.1963656036290222,-0.8736127754516999,-1.0178292026515068,A m$^{-2}$
total_current_density,0.1981828018145111,-0.8724651883402447,-1.0171261850924107,A m$^{-2}$
total_current_density,0.2,-0.86837088228287,-1.0150692038803748,A m$^{-2}$
total_current_density,0.2018171981854889,-0.8724767357298032,-1.017122477354225,A m$^{-2}$
total_current_density,0.2036343963709777,-0.8740403117884353,-1.017789473267058,A m$^{-2}$
total_current_density,0.2054515945564666,-0.8725600548873739,-1.0171159806422847,A m$^{-2}$
total_current_density,0.2072687927419555,-0.8679282313318553,-1.0152007877644436,A m$^{-2}$
total_current_density,0.2090155838854571,-0.8725115747989368,-1.0170995136048948,A m$^{-2}$
total_current_density,0.2107623750289586,-0.874033987541804,-1.0176980170111254,A m$^{-2}$
total_current_density,0.2125091661724602,-0.8724836227080325,-1.0170932488761926,A m$^{-2}$
total_current_density,0.2142559573159618,-0.8681045587652545,-1.015365169069022,A m$^{-2}$
total_current_density,0.2159350693266282,-0.8724723727710908,-1.0170811514790925,A m$^{-2}$
total_current_density,0.2176141813372945,-0.8739054647980629,-1.0176250444585526,A m$^{-2}$
total_current_density,0.2192932933479609,-0.8724973366442307,-1.0170751486550011,A m$^{-2}$
total_current_density,0.2209724053586273,-0.8722248424675807,-1.015496797513329,A m$^{-2}$
total_current_density,0.2225864604532234,-0.8708970664823034,-1.017066353700232,A m$^{-2}$
total_current_density,0.2242005155478195,-0.8721246462385971,-1.0175663406369526,A m$^{-2}$
total_current_density,0.2258145706424157,-0.8722877416392504,-1.017060612365849,A m$^{-2}$
total_current_density,0.2274286257370118,-0.8772628614194833,-1.0156029969013851,A m$^{-2}$
total_current_density,0.2289801445349494,-0.8736450917649266,-1.017054352786644,A m$^{-2}$
total_current_density,0.230531663332887,-0.8633195108163082,-1.017518799751612,A m$^{-2}$
total_current_density,0.2320831821308246,-0.8646794822143657,-1.0170488563522553,A m$^{-2}$
total_current_density,0.2336347009287622,-0.8820388696193476,-1.0156891639866394,A m$^{-2}$
total_current_density,0.2351261063884724,-0.8716308505390458,-1.0170445812024245,A m$^{-2}$
total_current_density,0.2366175118481826,-0.8717676156032523,-1.017480131829024,A m$^{-2}$
total_current_density,0.2381089173078928,-0.872367420251728,-1.0170393043369086,A m$^{-2}$
total_current_density,0.239600322767603,-0.8729493786543917,-1.0157586146173951,A m$^{-2}$
total_current_density,0.2410339439703949,-0.871821579892879,-1.0170367901459243,A m$^{-2}$
total_current_density,0.2424675651731867,-0.8712585160284975,-1.0174493032125218,A m$^{-2}$
total_current_density,0.2439011863759785,-0.8718254904381186,-1.0170316889480475,A m$^{-2}$
total_current_density,0.2453348075787704,-0.8733914069672001,-1.0158145614154042,A m$^{-2}$
total_current_density,0.2467128833660842,-0.8718529349479062,-1.017030432339701,A m$^{-2}$
total_current_density,0.248090959153398,-0.871385762239312,-1.017424152164511,A m$^{-2}$
total_current_density,0.2494690349407119,-0.8718577151494072,-1.0170254774163558,A m$^{-2}$
total_current_density,0.2508471107280257,-0.854982706543463,-1.015860521067602,A m$^{-2}$
total_current_density,0.252171793197762,-0.8748927783105973,-1.017025164329029,A m$^{-2}$
total_current_density,0.2534964756674983,-0.8741284814665469,-1.01740331813394,A m$^{-2}$
total_current_density,0.2548211581372346,-0.8720310431118447,-1.0170203333488737,A m$^{-2}$
total_current_density,0.2561458406069709,-0.8695543028347084,-1.015898682001142,A m$^{-2}$
total_current_density,0.2574191984743543,-0.8722048285545041,-1.0170207773149058,A m$^{-2}$
total_current_density,0.2586925563417378,-0.8727680882625812,-1.0173859694401175,A m$^{-2}$
total_current_density,0.2599659142091212,-0.8721968472632912,-1.0170160500188747,A m$^{-2}$
total_current_density,0.2612392720765046,-0.870603432927231,-1.0159305216781096,A m$^{-2}$
total_current_density,0.262463293904732,-0.8721787030242387,-1.017017108735519,A m$^{-2}$
total_current_density,0.2636873157329593,-0.8726641917064862,-1.0173714597869066,A m$^{-2}$
total_current_density,0.2649113375611865,-0.8721710446506838,-1.0170124670637586,A m$^{-2}$
total_current_density,0.2661353593894139,-0.8707881135428698,-1.015957193846336,A m$^{-2}$
total_current_density,0.2673119566951309,-0.8721583053194656,-1.017014030637784,A m$^{-2}$
total_current_density,0.2684885540008479,-0.8725834290635912,-1.017359281307884,A m$^{-2}$
total_current_density,0.2696651513065649,-0.8721510745631822,-1.0170094586425462,A m$^{-2}$
total_current_density,0.2708417486122819,-0.8709328701027048,-1.015979608674637,A m$^{-2}$
total_current_density,0.2719727588507394,-0.8721420801052115,-1.0170114413921283,A m$^{-2}$
total_current_density,0.2731037690891969,-0.8725194267266148,-1.0173490312749147,A m$^{-2}$
total_current_density,0.2742347793276544,-0.8721353079106702,-1.0170069251533138,A m$^{-2}$
total_current_density,0.2753657895661119,-0.8710483721882667,-1.0159983080360733,A m$^{-2}$
total_current_density,0.276452979000662,-0.8721289764061103,-1.0170093067070214,A m$^{-2}$
total_current_density,0.2775401684352121,-0.8724679061072491,-1.0173405679896483,A m$^{-2}$
total_current_density,0.2786273578697622,-0.8721226578392111,-1.0170048300876953,A m$^{-2}$
total_current_density,0.2797145473043123,-0.8711418628190426,-1.0160137371096811,A m$^{-2}$
total_current_density,0.2807596137647269,-0.872118264160741,-1.017007550202922,A m$^{-2}$
total_current_density,0.2818046802251415,-0.8724259106274148,-1.0173335903024747,A m$^{-2}$
total_current_density,0.282849746685556,-0.872112376928988,-1.0170030993324324,A m$^{-2}$
total_current_density,0.2838948131459706,-0.8712184155156109,-1.0160266199600207,A m$^{-2}$
total_current_density,0.2848993886798888,-0.8721094193218135,-1.017006063728162,A m$^{-2}$
total_current_density,0.285903964213807,-0.8723913271753857,-1.017327677225904,A m$^{-2}$
total_current_density,0.2869085397477252,-0.8721039333410265,-1.0170016306183138,A m$^{-2}$
total_current_density,0.2879131152816434,-0.8547617725817553,-1.0160375451385204,A m$^{-2}$
total_current_density,0.2888787687032896,-0.8735722665896061,-1.0170048040879274,A m$^{-2}$
total_current_density,0.2898444221249359,-0.8941738374266299,-1.017322658361672,A m$^{-2}$
total_current_density,0.2908100755465821,-0.868709267135161,-1.0170003820045328,A m$^{-2}$
total_current_density,0.2917757289682283,-0.8562991921561094,-1.0160468185997682,A m$^{-2}$
total_current_density,0.2927039683083803,-0.8722197498209345,-1.0170037368656286,A m$^{-2}$
total_current_density,0.2936322076485324,-0.8728156763820865,-1.0173183979811329,A m$^{-2}$
total_current_density,0.2945604469886844,-0.8722057608420588,-1.0169993200503649,A m$^{-2}$
total_current_density,0.2954886863288364,-0.870447694715808,-1.0160546846870775,A m$^{-2}$
total_current_density,0.2963809611898699,-0.8722086205453283,-1.0170028344423514,A m$^{-2}$
total_current_density,0.2972732360509034,-0.8727724545894091,-1.0173147872783124,A m$^{-2}$
total_current_density,0.2981655109119368,-0.872195283796814,-1.016998418019865,A m$^{-2}$
total_current_density,0.2990577857729702,-0.87052873939993,-1.0160613398953056,A m$^{-2}$
total_current_density,0.2999154895926573,-0.8721988473469584,-1.0170020745605983,A m$^{-2}$
total_current_density,0.3007731934123444,-0.8727346076974498,-1.0173117384898536,A m$^{-2}$
total_current_density,0.3016308972320315,-0.8721861370946027,-1.0169976542887111,A m$^{-2}$
total_current_density,0.3024886010517186,-0.8706003637367854,-1.0160669428733475,A m$^{-2}$
total_current_density,0.3033130732793165,-0.8721900984753408,-1.0170014391525783,A m$^{-2}$
total_current_density,0.3041375455069145,-0.8727008084359307,-1.0173091805358214,A m$^{-2}$
total_current_density,0.3049620177345125,-0.8721779891234871,-1.016997011402528,A m$^{-2}$
total_current_density,0.3057864899621104,-0.8706648481884471,-1.0160716224597528,A m$^{-2}$
total_current_density,0.3065790181501371,-0.8721821351626546,-1.0170009135454727,A m$^{-2}$
total_current_density,0.3073715463381639,-0.8726701035172627,-1.0173070556203223,A m$^{-2}$
total_current_density,0.3081640745261906,-0.8721706022107321,-1.016996475138775,A m$^{-2}$
total_current_density,0.3089566027142174,-0.8707238352710308,-1.0160754250380517,A m$^{-2}$
total_current_density,0.3097184245291826,-0.8721747844531387,-1.0170005009032184,A m$^{-2}$
total_current_density,0.3104802463441477,-0.8726418035322872,-1.0173053743071858,A m$^{-2}$
total_current_density,0.3112420681591129,-0.8721638047346775,-1.0169960476413222,A m$^{-2}$
total_current_density,0.312003889974078,-0.8707785158472356,-1.0160783903901076,A m$^{-2}$
total_current_density,0.3127361951293076,-0.872167920243899,-1.017000188590251,A m$^{-2}$
total_current_density,0.3134685002845373,-0.8726154067438977,-1.0173040870732544,A m$^{-2}$
total_current_density,0.314200805439767,-0.8721574720434914,-1.016995716763986,A m$^{-2}$
total_current_density,0.3149331105949966,-0.870829758702824,-1.016080662043171,A m$^{-2}$
total_current_density,0.3156370427085715,-0.8721614500907025,-1.016999952471221,A m$^{-2}$
total_current_density,0.3163409748221464,-0.8725905458560236,-1.0173031005478996,A m$^{-2}$
total_current_density,0.3170449069357213,-0.8721515129971401,-1.0169954599930755,A m$^{-2}$
total_current_density,0.3177488390492962,-0.8643466344073529,-1.016082357872626,A m$^{-2}$
total_current_density,0.3184254974300045,-0.872255420705413,-1.0169997861259672,A m$^{-2}$
total_current_density,0.3191021558107128,-0.8729505007674068,-1.0173023893684447,A m$^{-2}$
total_current_density,0.3197788141914212,-0.8722375085785561,-1.0169952710593693,A m$^{-2}$
total_current_density,0.3204554725721295,-0.8701710922115629,-1.016083523270121,A m$^{-2}$
total_current_density,0.3211059139362228,-0.872245978393347,-1.0169996844769744,A m$^{-2}$
total_current_density,0.3217563553003162,-0.8729142962324877,-1.0173019334437408,A m$^{-2}$
total_current_density,0.3224067966644096,-0.8722288510110796,-1.0169951450002763,A m$^{-2}$
total_current_density,0.3230572380285029,-0.8702417857436858,-1.0160841941877394,A m$^{-2}$
total_current_density,0.3236824781499373,-0.8722369717875882,-1.0169996435405555,A m$^{-2}$
total_current_density,0.3243077182713717,-0.872879789046878,-1.017301716903115,A m$^{-2}$
total_current_density,0.3249329583928061,-0.8722206060691988,-1.0169950778766004,A m$^{-2}$
total_current_density,0.3255581985142404,-0.8703093046009929,-1.016084398915651,A m$^{-2}$
total_current_density,0.3261592138109784,-0.8722283460934962,-1.016999660192892,A m$^{-2}$
total_current_density,0.3267602291077165,-0.8728467596444291,-1.0173017272880005,A m$^{-2}$
total_current_density,0.3273612444044545,-0.872212718841385,-1.0169950665759897,A m$^{-2}$
total_current_density,0.3279622597011925,-0.8703740455956988,-1.0160841595436976,A m$^{-2}$
total_current_density,0.328539988760045,-0.8722200570616297,-1.016999732041066,A m$^{-2}$
total_current_density,0.3291177178188975,-0.8728150310087286,-1.0173019549594546,A m$^{-2}$
total_current_density,0.32969544687775,-0.8722051451305965,-1.0169951086772535,A m$^{-2}$
total_current_density,0.3302731759366025,-0.870436328491496,-1.0160834929631624,A m$^{-2}$
total_current_density,0.3308285209789902,-0.8722120688543639,-1.0169998572607473,A m$^{-2}$
total_current_density,0.3313838660213778,-0.8727844603887922,-1.0173023926080489,A m$^{-2}$
total_current_density,0.3319392110637654,-0.8721978493895955,-1.0169952023449984,A m$^{-2}$
total_current_density,0.3324945561061531,-0.8548202464771716,-1.016082411839903,A m$^{-2}$
total_current_density,0.3330283843970774,-0.8897345044652607,-1.0170000345857138,A m$^{-2}$
total_current_density,0.3335622126880016,-0.8812616169009838,-1.0173030349081378,A m$^{-2}$
total_current_density,0.3340960409789258,-0.8709940397750551,-1.0169953461945012,A m$^{-2}$
total_current_density,0.3346298692698501,-0.8642680318525349,-1.016080917001907,A m$^{-2}$
total_current_density,0.335143014472274,-0.8723287106453269,-1.0170002652231536,A m$^{-2}$
total_current_density,0.335656159674698,-0.8732292557622574,-1.0173038861818964,A m$^{-2}$
total_current_density,0.336169304877122,-0.8723035953970706,-1.0169955411719087,A m$^{-2}$
total_current_density,0.3366824500795459,-0.8696220660339651,-1.016078990066134,A m$^{-2}$
total_current_density,0.3371757135562994,-0.8723170392155648,-1.0170005529472632,A m$^{-2}$
total_current_density,0.337668977033053,-0.8731847428005104,-1.0173049603493625,A m$^{-2}$
total_current_density,0.3381622405098065,-0.8722930127424547,-1.0169957904626248,A m$^{-2}$
total_current_density,0.33865550398656,-0.8697092652771492,-1.0160766449955232,A m$^{-2}$
total_current_density,0.3391296560518033,-0.872305836054732,-1.0170008906927397,A m$^{-2}$
total_current_density,0.3396038081170465,-0.873142030442871,-1.0173062301969835,A m$^{-2}$
total_current_density,0.3400779601822897,-0.8722828618767569,-1.016996087542033,A m$^{-2}$
total_current_density,0.3405521122475329,-0.869793056252788,-1.016073909156325,A m$^{-2}$
total_current_density,0.3410078933697318,-0.8722950527876056,-1.017001278354502,A m$^{-2}$
total_current_density,0.3414636744919307,-0.8731009268669896,-1.017307695142755,A m$^{-2}$
total_current_density,0.3419194556141297,-0.8722730952098071,-1.0169964321930045,A m$^{-2}$
total_current_density,0.3423752367363286,-0.8698737961482641,-1.0160707812643122,A m$^{-2}$
total_current_density,0.3428133586946212,-0.872284647621156,-1.017001716483543,A m$^{-2}$
total_current_density,0.3432514806529139,-0.8730612668016472,-1.017309357019526,A m$^{-2}$
total_current_density,0.3436896026112065,-0.872263671988637,-1.0169968248175063,A m$^{-2}$
total_current_density,0.3441277245694992,-0.8699517902861731,-1.0160672566063795,A m$^{-2}$
total_current_density,0.3445488715652592,-0.8722745848837183,-1.0170022059302966,A m$^{-2}$
total_current_density,0.3449700185610191,-0.8730229101792515,-1.0173112187652409,A m$^{-2}$
total_current_density,0.3453911655567792,-0.872254557890517,-1.0169972660032445,A m$^{-2}$
total_current_density,0.3458123125525392,-0.8700272954582452,-1.016063328073408,A m$^{-2}$
total_current_density,0.3462171422778715,-0.8722648346629359,-1.0170027478002044,A m$^{-2}$
total_current_density,0.3466219720032038,-0.8729857401782718,-1.017313284468473,A m$^{-2}$
total_current_density,0.3470268017285361,-0.8722457243901204,-1.0169977567239972,A m$^{-2}$
total_current_density,0.3474316314538684,-0.8530425170948951,-1.0160589864738427,A m$^{-2}$
total_current_density,0.3478207761187066,-0.868182249998115,-1.017003343474089,A m$^{-2}$
total_current_density,0.3482099207835449,-0.8986188618590357,-1.0173155592533605,A m$^{-2}$
total_current_density,0.3485990654483831,-0.8834942593011884,-1.0169982981167525,A m$^{-2}$
total_current_density,0.3489882101132214,-0.8461382024036372,-1.0160542203750091,A m$^{-2}$
total_current_density,0.3493622774326301,-0.8724211994220669,-1.017003994642886,A m$^{-2}$
total_current_density,0.3497363447520388,-0.8735803943488099,-1.0173180493937002,A m$^{-2}$
total_current_density,0.3501104120714475,-0.8723866768092576,-1.0169988916607184,A m$^{-2}$
total_current_density,0.3504844793908563,-0.8689309296076131,-1.0160490161841738,A m$^{-2}$
total_current_density,0.350844053534081,-0.8724066009484053,-1.0170047032922465,A m$^{-2}$
total_current_density,0.3512036276773057,-0.8735249647146917,-1.0173207622490523,A m$^{-2}$
total_current_density,0.3515632018205303,-0.8723735629704703,-1.0169995390251811,A m$^{-2}$
total_current_density,0.351922775963755,-0.8690394930816645,-1.016043357937078,A m$^{-2}$
total_current_density,0.3522684184665005,-0.8723925954860242,-1.0170054717147383,A m$^{-2}$
total_current_density,0.3526140609692461,-0.8734717925319262,-1.017323706381179,A m$^{-2}$
total_current_density,0.3529597034719916,-0.8723609844461665,-1.0170002422183542,A m$^{-2}$
total_current_density,0.3533053459747371,-0.8691438186665786,-1.0160372252103298,A m$^{-2}$
total_current_density,0.3536375966161008,-0.872379113019426,-1.017006303044969,A m$^{-2}$
total_current_density,0.3539698472574645,-0.8734206034217848,-1.0173268935974995,A m$^{-2}$
total_current_density,0.3543020978988282,-0.8723488743008255,-1.0170010040009771,A m$^{-2}$
total_current_density,0.3546343485401919,-0.8692444154468618,-1.0160305909528935,A m$^{-2}$
total_current_density,0.3549537261856196,-0.8723660929668916,-1.017007201336781,A m$^{-2}$
total_current_density,0.3552731038310472,-0.8733711624805303,-1.0173303390646546,A m$^{-2}$
total_current_density,0.3555924814764749,-0.8723371754886902,-1.0170018278921278,A m$^{-2}$
total_current_density,0.3559118591219025,-0.8365373428983457,-1.016023434829556,A m$^{-2}$
total_current_density,0.3562188625334843,-0.906298479897098,-1.017008168001499,A m$^{-2}$
total_current_density,0.3565258659450661,-0.8990753478631877,-1.0173340482048432,A m$^{-2}$
total_current_density,0.3568328693566479,-0.8684904675526444,-1.0170027151691374,A m$^{-2}$
total_current_density,0.3571398727682297,-0.8510797097456574,-1.0160157374514642,A m$^{-2}$
total_current_density,0.3574349813836016,-0.8726121951872621,-1.0170092067119472,A m$^{-2}$
total_current_density,0.3577300899989735,-0.8743021293774,-1.01733803483798,A m$^{-2}$
total_current_density,0.3580251986143453,-0.8725565447717595,-1.0170036691357267,A m$^{-2}$
total_current_density,0.3583203072297172,-0.8675100256829331,-1.01600746923243,A m$^{-2}$
total_current_density,0.3586039819107833,-0.8725916799221551,-1.0170103215796151,A m$^{-2}$
total_current_density,0.3588876565918495,-0.874224585049611,-1.0173423146961038,A m$^{-2}$
total_current_density,0.3591713312729158,-0.8725382915367155,-1.017004693456709,A m$^{-2}$
total_current_density,0.3594550059539819,-0.8676610709971093,-1.0159985967501042,A m$^{-2}$
total_current_density,0.3597276897066287,-0.8725722102436587,-1.017011517303949,A m$^{-2}$
total_current_density,0.3600003734592755,-0.8741510172024274,-1.0173469054404438,A m$^{-2}$
total_current_density,0.3602730572119222,-0.8725209802802119,-1.017005792319196,A m$^{-2}$
total_current_density,0.360545740964569,-0.8678047727571427,-1.015989082728367,A m$^{-2}$
total_current_density,0.3608078596304932,-0.8725536315717876,-1.017012799039159,A m$^{-2}$
total_current_density,0.3610699782964174,-0.8740808218584527,-1.0173518266921826,A m$^{-2}$
total_current_density,0.3613320969623416,-0.872504463832755,-1.0170069703586295,A m$^{-2}$
total_current_density,0.3615942156282657,-0.867942253845091,-1.0159788856700385,A m$^{-2}$
total_current_density,0.3618461785499982,-0.8725358104255523,-1.01701417253883,A m$^{-2}$
total_current_density,0.3620981414717307,-0.8740134803844797,-1.0173571002868522,A m$^{-2}$
total_current_density,0.3623501043934632,-0.8724886164411589,-1.0170082327095733,A m$^{-2}$
total_current_density,0.3626020673151957,-0.8680744680721061,-1.015967959384522,A m$^{-2}$
total_current_density,0.3628442679753591,-0.8725186338080866,-1.0170156442389169,A m$^{-2}$
total_current_density,0.3630864686355225,-0.8739485570831479,-1.0173627505641054,A m$^{-2}$
total_current_density,0.3633286692956858,-0.8724733333266393,-1.0170095851407817,A m$^{-2}$
total_current_density,0.3635708699558492,-0.8281796030201838,-1.0159562524766286,A m$^{-2}$
total_current_density,0.3638036865916472,-0.8629691388584398,-1.0170172212502309,A m$^{-2}$
total_current_density,0.3640365032274452,-0.9340879593138012,-1.0173688045557951,A m$^{-2}$
total_current_density,0.3642693198632431,-0.920852701014388,-1.0170110340191387,A m$^{-2}$
total_current_density,0.364502136499041,-0.8023796769492384,-1.0159437077380664,A m$^{-2}$
total_current_density,0.3647259326929395,-0.8730432818251677,-1.0170189115274018,A m$^{-2}$
total_current_density,0.3649497288868381,-0.8759163243358918,-1.0173752923958572,A m$^{-2}$
total_current_density,0.3651735250807366,-0.872932562335006,-1.017012586470337,A m$^{-2}$
total_current_density,0.3653973212746351,-0.8643345616348342,-1.0159302613022376,A m$^{-2}$
total_current_density,0.3656124465221579,-0.8730088537575249,-1.0170207239513374,A m$^{-2}$
total_current_density,0.3658275717696807,-0.8757869193901097,-1.0173822477778414,A m$^{-2}$
total_current_density,0.3660426970172035,-0.8729022952353785,-1.017014250430312,A m$^{-2}$
total_current_density,0.3662578222647262,-0.8645827686288972,-1.0159158420308865,A m$^{-2}$
total_current_density,0.3664646125202511,-0.87297716286656,-1.017022668453934,A m$^{-2}$
total_current_density,0.3666714027757758,-0.8756679570373039,-1.0173897080320482,A m$^{-2}$
total_current_density,0.3668781930313005,-0.8728745105311931,-1.017016034631788,A m$^{-2}$
total_current_density,0.3670849832868254,-0.8648118755940111,-1.0159003717559083,A m$^{-2}$
total_current_density,0.3672837614882332,-0.8729477588189496,-1.0170247557690566,A m$^{-2}$
total_current_density,0.367482539689641,-0.8755576643042366,-1.017397714102676,A m$^{-2}$
total_current_density,0.3676813178910489,-0.872848772219909,-1.0170179487895878,A m$^{-2}$
total_current_density,0.3678800960924568,-0.8650252558959283,-1.0158837627280652,A m$^{-2}$
total_current_density,0.3680711726654542,-0.872920231965362,-1.0170269982271982,A m$^{-2}$
total_current_density,0.3682622492384517,-0.875454442826258,-1.0174063126729231,A m$^{-2}$
total_current_density,0.3684533258114491,-0.8728246914003157,-1.0170200039358803,A m$^{-2}$
total_current_density,0.3686444023844465,-0.8652258931494452,-1.0158659158001813,A m$^{-2}$
total_current_density,0.3688280757273476,-0.8728942248074594,-1.0170294096685288,A m$^{-2}$
total_current_density,0.3690117490702488,-0.8753569086417161,-1.0174155561498772,A m$^{-2}$
total_current_density,0.3691954224131499,-0.8728019339610648,-1.017022212374834,A m$^{-2}$
total_current_density,0.369379095756051,-0.8654163482061321,-1.0158467195303995,A m$^{-2}$
total_current_density,0.3695556527057768,-0.8728694311087131,-1.01703200569003,A m$^{-2}$
total_current_density,0.3697322096555025,-0.8752638844035815,-1.0174255034510618,A m$^{-2}$
total_current_density,0.3699087666052282,-0.8727802175256294,-1.0170245879561648,A m$^{-2}$
total_current_density,0.370085323554954,-0.8655988498994893,-1.015826048567941,A m$^{-2}$
total_current_density,0.3702550398349763,-0.8728455757050881,-1.0170348038386012,A m$^{-2}$
total_current_density,0.3704247561149987,-0.8751743179995434,-1.0174362209275227,A m$^{-2}$
total_current_density,0.3705944723950209,-0.8727592914383173,-1.0170271462975955,A m$^{-2}$
total_current_density,0.3707641886750433,-0.7908564977536835,-1.0158037615559563,A m$^{-2}$
total_current_density,0.3709273293259741,-0.8735373728452217,-1.0170378239782882,A m$^{-2}$
total_current_density,0.371090469976905,-0.8777288521477453,-1.017447783502806,A m$^{-2}$
total_current_density,0.3712536106278358,-0.8733448695724743,-1.0170299049964855,A m$^{-2}$
total_current_density,0.3714167512787666,-0.860740080751081,-1.0157796986254866,A m$^{-2}$
total_current_density,0.3715735710722634,-0.8734943169977026,-1.0170410885269128,A m$^{-2}$
total_current_density,0.3717303908657603,-0.8775700227431518,-1.017460275950885,A m$^{-2}$
total_current_density,0.3718872106592572,-0.8733085108959956,-1.017032883930451,A m$^{-2}$
total_current_density,0.3720440304527539,-0.861037897991177,-1.015753678551403,A m$^{-2}$
total_current_density,0.3721947742893885,-0.8734564730648396,-1.0170446231286443,A m$^{-2}$
total_current_density,0.3723455181260231,-0.8774306335164792,-1.017473794621066,A m$^{-2}$
total_current_density,0.3724962619626576,-0.8732766580309639,-1.0170361056354,A m$^{-2}$
total_current_density,0.3726470057992922,-0.861301430771296,-1.0157254949844263,A m$^{-2}$
total_current_density,0.3727919090910043,-0.8734226647819107,-1.0170484568877296,A m$^{-2}$
total_current_density,0.3729368123827166,-0.8773061397112546,-1.0174884492570129,A m$^{-2}$
total_current_density,0.3730817156744287,-0.8732482159783411,-1.0170395958351777,A m$^{-2}$
total_current_density,0.3732266189661409,-0.8615390692691657,-1.0156949132948454,A m$^{-2}$
total_current_density,0.373365908003874,-0.8733918877410258,-1.0170526230465118,A m$^{-2}$
total_current_density,0.373505197041607,-0.8771926964375739,-1.0175043645868376,A m$^{-2}$
total_current_density,0.37364448607934,-0.873222267598364,-1.0170433835983133,A m$^{-2}$
total_current_density,0.3737837751170731,-0.8047461958034998,-1.0156616657491129,A m$^{-2}$
total_current_density,0.3739176674241654,-0.8598022897429687,-1.017057159590742,A m$^{-2}$
total_current_density,0.3740515597312576,-0.962826411633671,-1.017521683259672,A m$^{-2}$
total_current_density,0.3741854520383499,-0.9458123602500684,-1.017047502193365,A m$^{-2}$
total_current_density,0.3743193443454422,-0.767338870718329,-1.0156254424089557,A m$^{-2}$
total_current_density,0.3744480490173262,-0.8739641205916662,-1.0170621110463212,A m$^{-2}$
total_current_density,0.3745767536892104,-0.879255576361612,-1.017540572345658,A m$^{-2}$
total_current_density,0.3747054583610945,-0.8736817778929238,-1.0170519905614637,A m$^{-2}$
total_current_density,0.3748341630329786,-0.8576100980932423,-1.0155858838688545,A m$^{-2}$
total_current_density,0.3749578810637194,-0.8739397329262131,-1.017067528647437,A m$^{-2}$
total_current_density,0.3750815990944602,-0.8791731132767644,-1.017561223703526,A m$^{-2}$
total_current_density,0.375205317125201,-0.8736648996483761,-1.0170568933200017,A m$^{-2}$
total_current_density,0.3753290351559418,-0.8577552142778637,-1.01554257482738,A m$^{-2}$
total_current_density,0.3754479597521225,-0.8739208514794434,-1.0170734720305097,A m$^{-2}$
total_current_density,0.3755668843483032,-0.8791096821064669,-1.0175838602887033,A m$^{-2}$
total_current_density,0.3756858089444839,-0.8736520342685112,-1.0170622621945316,A m$^{-2}$
total_current_density,0.3758047335406645,-0.7025374479533164,-1.015495031393721,A m$^{-2}$
total_current_density,0.3759190504231112,-0.9953767749830884,-1.017080010956671,A m$^{-2}$
total_current_density,0.3760333673055579,-1.0231435447859631,-1.0176087424117812,A m$^{-2}$
total_current_density,0.3761476841880046,-0.8511230943162309,-1.017068157462972,A m$^{-2}$
total_current_density,0.3762620010704513,-0.7584155131286654,-1.0154426870652904,A m$^{-2}$
total_current_density,0.3763718887642676,-0.8748599805238886,-1.0170872273769491,A m$^{-2}$
total_current_density,0.376481776458084,-0.8824430252407629,-1.017636175452692,A m$^{-2}$
total_current_density,0.3765916641519004,-0.8743803055226653,-1.0170746496908631,A m$^{-2}$
total_current_density,0.3767015518457167,-0.8509775261038164,-1.0153848753353234,A m$^{-2}$
total_current_density,0.3768071819590808,-0.874900070431392,-1.0170952181751198,A m$^{-2}$
total_current_density,0.3769128120724448,-0.8826161046491908,-1.0176665195746015,A m$^{-2}$
total_current_density,0.3770184421858089,-0.8744266191576655,-1.0170818219028732,A m$^{-2}$
total_current_density,0.377124072299173,-0.8506065700231356,-1.0153208077624478,A m$^{-2}$
total_current_density,0.3772256097913325,-0.8749479414860628,-1.0171040984604294,A m$^{-2}$
total_current_density,0.377327147283492,-0.8828118711425613,-1.0177002018087822,A m$^{-2}$
total_current_density,0.3774286847756516,-0.87447651588373,-1.0170897722411276,A m$^{-2}$
total_current_density,0.3775302222678111,-0.7611954215337862,-1.015249546364612,A m$^{-2}$
total_current_density,0.3776278257066952,-0.8538499876951751,-1.01711400581868,A m$^{-2}$
total_current_density,0.3777254291455794,-1.0168575413940264,-1.0177377314566478,A m$^{-2}$
total_current_density,0.3778230325844635,-1.1614122476342428,-1.017098617471882,A m$^{-2}$
total_current_density,0.3779206360233476,-0.6011444502546989,-1.015169971333889,A m$^{-2}$
total_current_density,0.3780144578331972,-0.876881125575061,-1.0171251051391272,A m$^{-2}$
total_current_density,0.3781082796430469,-0.8896465807321755,-1.0177797169466103,A m$^{-2}$
total_current_density,0.3782021014528965,-0.8759620476622242,-1.0171084965319106,A m$^{-2}$
total_current_density,0.3782959232627461,-0.8357996774161107,-1.0150807342610384,A m$^{-2}$
total_current_density,0.3783861099621504,-0.8771207903263165,-1.01713759669037,A m$^{-2}$
total_current_density,0.3784762966615547,-0.8905760427209184,-1.0178268955789422,A m$^{-2}$
total_current_density,0.3785664833609589,-0.8761867279325547,-1.0171195773152513,A m$^{-2}$
total_current_density,0.3786566700603632,-0.3803659475212763,-1.0149801976359742,A m$^{-2}$
total_current_density,0.3787433624910727,-0.933640961348756,-1.017151724790646,A m$^{-2}$
total_current_density,0.3788300549217823,-1.4805300784883135,-1.0178801640203774,A m$^{-2}$
total_current_density,0.3789167473524919,-0.7832897771147354,-1.0171320631766567,A m$^{-2}$
total_current_density,0.3790034397832014,-0.4258549162760575,-1.0148663651613776,A m$^{-2}$
total_current_density,0.3790867733300767,-0.8816492249570866,-1.0171677888133086,A m$^{-2}$
total_current_density,0.3791701068769518,-0.906543358901148,-1.0179406171250482,A m$^{-2}$
total_current_density,0.379253440423827,-0.8796437059648116,-1.017146201344019,A m$^{-2}$
total_current_density,0.3793367739707022,-0.799774532741931,-1.0147367885168,A m$^{-2}$
total_current_density,0.3794168787731397,-0.8824825978728155,-1.0171861586196875,A m$^{-2}$
total_current_density,0.3794969835755771,-0.9096434588700418,-1.018009602046952,A m$^{-2}$
total_current_density,0.3795770883780146,-0.8803592338816828,-1.0171622944211174,A m$^{-2}$
total_current_density,0.379657193180452,-0.3852333264163951,-1.014588443965771,A m$^{-2}$
total_current_density,0.3797341943356188,-0.7877096263818737,-1.0172072941671606,A m$^{-2}$
total_current_density,0.3798111954907857,-1.5253273467483752,-1.018088786739787,A m$^{-2}$
total_current_density,0.3798881966459524,-1.0008695217350003,-1.017180714966709,A m$^{-2}$
total_current_density,0.3799651978011192,-1.5240545899771771,-1.0144175749301727,A m$^{-2}$
total_current_density,0.3800392155593136,-0.4055381091827338,-1.0172317711778716,A m$^{-2}$
total_current_density,0.3801132333175079,0.5039123158031937,-1.0181802481033702,A m$^{-2}$
total_current_density,0.3801872510757023,-1.111071503592661,-1.0172019237288137,A m$^{-2}$
total_current_density,0.3802612688338966,-1.7689069939269664,-1.0142194898767127,A m$^{-2}$
total_current_density,0.3803324187863389,-0.8721171303209853,-1.017260314254537,A m$^{-2}$
total_current_density,0.3804035687387812,-0.872422428077055,-1.018286584535848,A m$^{-2}$
total_current_density,0.3804747186912235,-0.8721117069854528,-1.017226492654562,A m$^{-2}$
total_current_density,0.3805458686436658,-0.8711601349516827,-1.0139883081741066,A m$^{-2}$
total_current_density,0.3806142619030137,-0.8721249963017865,-1.0172938389283488,A m$^{-2}$
total_current_density,0.3806826551623617,-0.8724526625387957,-1.0184110556645276,A m$^{-2}$
total_current_density,0.3807510484217096,-0.8721189469826849,-1.0172551324150632,A m$^{-2}$
total_current_density,0.3808194416810576,-0.8710946067595999,-1.013716650091436,A m$^{-2}$
total_current_density,0.3808851850549274,-0.8721341782291704,-1.0173335036237316,A m$^{-2}$
total_current_density,0.3809509284287973,-0.8724879128759145,-1.0185577499470633,A m$^{-2}$
total_current_density,0.3810166718026672,-0.8721273760742086,-1.0172887239089612,A m$^{-2}$
total_current_density,0.3810824151765369,-0.8710183762749028,-1.01339525889793,A m$^{-2}$
total_current_density,0.3811456113343016,-0.8721448581164466,-1.0173807753686528,A m$^{-2}$
total_current_density,0.3812088074920663,-0.8725288370540668,-1.0187317910605709,A m$^{-2}$
total_current_density,0.3812720036498309,-0.8721371410057008,-1.0173283553321342,A m$^{-2}$
total_current_density,0.3813351998075956,-0.870929622793664,-1.0130126097016936,A m$^{-2}$
total_current_density,0.3813959474407201,-0.872157347227552,-1.017437494453681,A m$^{-2}$
total_current_density,0.3814566950738445,-0.8725765926699882,-1.0189395173218891,A m$^{-2}$
total_current_density,0.381517442706969,-0.8721485075991022,-1.0173753467595985,A m$^{-2}$
total_current_density,0.3815781903400935,-0.8708257637778026,-1.0125545798890117,A m$^{-2}$
total_current_density,0.3816365843162586,-0.8721720312673925,-1.0175059369878865,A m$^{-2}$
total_current_density,0.3816949782924236,-0.8726325989543908,-1.0191886247180335,A m$^{-2}$
total_current_density,0.3817533722685886,-0.8721617991810883,-1.0174312589002876,A m$^{-2}$
total_current_density,0.3818117662447536,-0.8707036814827145,-1.0120043148392286,A m$^{-2}$
total_current_density,0.3818678977560072,-0.8721893729691282,-1.0175888452635282,A m$^{-2}$
total_current_density,0.381924029267261,-0.8726985457021705,-1.0194881492608927,A m$^{-2}$
total_current_density,0.3819801607785146,-0.8721773961352387,-1.0174978542406667,A m$^{-2}$
total_current_density,0.3820362922897682,-0.870559720043955,-1.011342555788508,A m$^{-2}$
total_current_density,0.3820902489949379,-0.8722099143721926,-1.0176893897822288,A m$^{-2}$
total_current_density,0.3821442057001075,-0.8727763860409598,-1.019848146826689,A m$^{-2}$
total_current_density,0.3821981624052772,-0.8721957308244618,-1.0175769769987384,A m$^{-2}$
total_current_density,0.3822521191104469,-0.870389757267676,-1.0105487320047166,A m$^{-2}$
total_current_density,0.3823039852720331,-0.8722342665839294,-1.0178110183534446,A m$^{-2}$
total_current_density,0.3823558514336194,-0.8728682737806526,-1.0202789120167142,A m$^{-2}$
total_current_density,0.3824077175952057,-0.872217268007048,-1.0176703185938032,A m$^{-2}$
total_current_density,0.3824595837567919,-0.8701894174059495,-1.0096029521072951,A m$^{-2}$
total_current_density,0.3825094403725589,-0.8722630732104896,-1.0179571887938232,A m$^{-2}$
total_current_density,0.3825592969883259,-0.8729764095580891,-1.0207897625115236,A m$^{-2}$
total_current_density,0.3826091536040928,-0.8722424625530274,-1.0177790868544792,A m$^{-2}$
total_current_density,0.3826590102198599,-0.8699544941981128,-1.0084885786709834,A m$^{-2}$
total_current_density,0.3827069351493266,-0.8722969483566246,-1.0181310435651734,A m$^{-2}$
total_current_density,0.3827548600787934,-0.8731027730711098,-1.0213876803736286,A m$^{-2}$
total_current_density,0.3828027850082602,-0.872271690247916,-1.017903666722907,A m$^{-2}$
total_current_density,0.3828507099377269,-0.8696816119396343,-1.007194239209106,A m$^{-2}$
total_current_density,0.3828967780237585,-0.872336377017551,-1.0183352287251348,A m$^{-2}$
total_current_density,0.3829428461097901,-0.8732487302176807,-1.022076663085097,A m$^{-2}$
total_current_density,0.3829889141958216,-0.8723051517984385,-1.0180434926558364,A m$^{-2}$
total_current_density,0.3830349822818532,-0.8693691339277836,-1.005713298483582,A m$^{-2}$
total_current_density,0.3830792654675401,-0.8723815817589012,-1.018572146464351,A m$^{-2}$
total_current_density,0.383123548653227,-0.8734145217501496,-1.0228588924396185,A m$^{-2}$
total_current_density,0.383167831838914,-0.872342751000976,-1.0181973884515148,A m$^{-2}$
total_current_density,0.3832121150246009,-0.8690184536586469,-1.0040390644492194,A m$^{-2}$
total_current_density,0.3832546824656108,-0.8724323160181866,-1.0188448434508337,A m$^{-2}$
total_current_density,0.3832972499066207,-0.8735984900304201,-1.0237383169013003,A m$^{-2}$
total_current_density,0.3833398173476305,-0.8723839184777651,-1.018364457536711,A m$^{-2}$
total_current_density,0.3833823847886404,-0.8686369560255209,-1.0021559886735878,A m$^{-2}$
total_current_density,0.3834233029612158,-0.8724872932320561,-1.0191584126590605,A m$^{-2}$
total_current_density,0.3834642211337912,-0.8737948979470861,-1.0247257694842906,A m$^{-2}$
total_current_density,0.3835051393063665,-0.8724270915407528,-1.0185451967130985,A m$^{-2}$
total_current_density,0.3835460574789419,-0.868249415451803,-1.0000322832572612,A m$^{-2}$
total_current_density,0.3835853902837145,-0.8725418506906114,-1.0195208530281383,A m$^{-2}$
total_current_density,0.3836247230884871,-0.8739847147769002,-1.0258411273537056,A m$^{-2}$
total_current_density,0.3836640558932598,-0.872467451934587,-1.01874164399323,A m$^{-2}$
total_current_density,0.3837033886980324,-0.8679465716170919,-0.997631350363784,A m$^{-2}$
total_current_density,0.3837411975598145,-0.872578072379343,-1.0199400121873308,A m$^{-2}$
total_current_density,0.3837790064215967,-0.8740961851057152,-1.0270999038373816,A m$^{-2}$
total_current_density,0.3838168152833788,-0.8724871575061607,-1.018953684906271,A m$^{-2}$
total_current_density,0.3838546241451609,-0.868078678210191,-0.9949969407926303,A m$^{-2}$
total_current_density,0.3838909681088707,-0.8725263892156525,-1.0204047156561613,A m$^{-2}$
total_current_density,0.3839273120725804,-0.8738493921047213,-1.0284431649680834,A m$^{-2}$
total_current_density,0.3839636560362902,-0.8724171684339735,-1.0191633354322007,A m$^{-2}$
total_current_density,0.384,-0.8684586772518738,-0.9952099158761464,A m$^{-2}$
excitation_source,0.016,2.420753039079022e+19,3.448370571222944e+19,m$^{-3}$ s$^{-1}$
excitation_source,0.0160363439637097,2.957388881517647e+19,3.903548054814221e+19,m$^{-3}$ s$^{-1}$
excitation_source,0.0160726879274195,3.483103227641858e+19,4.351461758483344e+19,m$^{-3}$ s$^{-1}$
excitation_source,0.0161090318911293,3.992125746015613e+19,4.783924339553642e+19,m$^{-3}$ s$^{-1}$
excitation_source,0.0161453758548391,4.477361445137784e+19,5.193926392007604e+19,m$^{-3}$ s$^{-1}$
excitation_source,0.0161831847166212,4.889859100179368e+19,5.604011195998407e+19,m$^{-3}$ s$^{-1}$
excitation_source,0.0162209935784033,5.248961037282367e+19,5.99974581143434e+19,m$^{-3}$ s$^{-1}$
excitation_source,0.0162588024401854,5.602601382567607e+19,6.375685829511313e+19,m$^{-3}$ s$^{-1}$
excitation_source,0.0162966113019675,5.957937635596644e+19,6.73314790803791e+19,m$^{-3}$ s$^{-1}$
excitation_source,0.0163359441067401,6.276101875082959e+19,7.086772974824571e+19,m$^{-3}$ s$^{-1}$
excitation_source,0.0163752769115128,6.4959948644508254e+19,7.425588702062025e+19,m$^{-3}$ s$^{-1}$
excitation_source,0.0164146097162854,6.712908321994168e+19,7.749240138390785e+19,m$^{-3}$ s$^{-1}$
excitation_source,0.016453942521058,6.92319307617861e+19,8.054030281034298e+19,m$^{-3}$ s$^{-1}$
excitation_source,0.0164948606936334,7.12858049190932e+19,8.35823337467135e+19,m$^{-3}$ s$^{-1}$
excitation_source,0.0165357788662088,7.334390847214163e+19,8.649157443916775e+19,m$^{-3}$ s$^{-1}$
excitation_source,0.0165766970387842,7.537169629964352e+19,8.925027112712217e+19,m$^{-3}$ s$^{-1}$
excitation_source,0.0166176152113596,7.67839226975078e+19,9.192668438318498e+19,m$^{-3}$ s$^{-1}$
excitation_source,0.0166601826523694,7.790289243588579e+19,9.45070985450067e+19,m$^{-3}$ s$^{-1}$
excitation_source,0.0167027500933793,7.907005707661463e+19,9.703795871422318e+19,m$^{-3}$ s$^{-1}$
excitation_source,0.0167453175343891,8.022634013371787e+19,9.946381479240063e+19,m$^{-3}$ s$^{-1}$
excitation_source,0.0167878849753989,8.137548344367215e+19,1.0173309438068366e+20,m$^{-3}$ s$^{-1}$
excitation_source,0.0168321681610859,8.254799517482608e+19,1.0405053307885665e+20,m$^{-3}$ s$^{-1}$
excitation_source,0.0168764513467729,8.37077154708203e+19,1.0629504363370352e+20,m$^{-3}$ s$^{-1}$
excitation_source,0.0169207345324598,8.4858596949256e+19,1.083852810665662e+20,m$^{-3}$ s$^{-1}$
excitation_source,0.0169650177181468,8.561277647887584e+19,1.1043153442555806e+20,m$^{-3}$ s$^{-1}$
excitation_source,0.0170110858041783,8.615362871036374e+19,1.1252179498765766e+20,m$^{-3}$ s$^{-1}$
excitation_source,0.0170571538902099,8.67248395694685e+19,1.1449876299411828e+20,m$^{-3}$ s$^{-1}$
excitation_source,0.0171032219762414,8.729928812177788e+19,1.163896788429466e+20,m$^{-3}$ s$^{-1}$
excitation_source,0.017149290062273,8.78768080159512e+19,1.1824619119385869e+20,m$^{-3}$ s$^{-1}$
excitation_source,0.0171972149917398,8.84738337176456e+19,1.2014081953429622e+20,m$^{-3}$ s$^{-1}$
excitation_source,0.0172451399212065,8.907465629062214e+19,1.2197327175424996e+20,m$^{-3}$ s$^{-1}$
excitation_source,0.0172930648506733,8.967898533683601e+19,1.236966662853398e+20,m$^{-3}$ s$^{-1}$
excitation_source,0.0173409897801401,9.028669131570387e+19,1.253937762123838e+20,m$^{-3}$ s$^{-1}$
excitation_source,0.017390846395907,9.091680437426222e+19,1.271212967563664e+20,m$^{-3}$ s$^{-1}$
excitation_source,0.017440703011674,9.155092914518629e+19,1.288257873222052e+20,m$^{-3}$ s$^{-1}$
excitation_source,0.017490559627441,9.218883744344118e+19,1.3050700648487046e+20,m$^{-3}$ s$^{-1}$
excitation_source,0.017540416243208,9.28304086648274e+19,1.3208140183308406e+20,m$^{-3}$ s$^{-1}$
excitation_source,0.0175922824047942,9.349728902016056e+19,1.3366838352093374e+20,m$^{-3}$ s$^{-1}$
excitation_source,0.0176441485663805,9.416842300894957e+19,1.352373168006562e+20,m$^{-3}$ s$^{-1}$
excitation_source,0.0176960147279668,9.484360803466912e+19,1.3678900916937436e+20,m$^{-3}$ s$^{-1}$
excitation_source,0.0177478808895531,9.552270917317848e+19,1.3832477328220378e+20,m$^{-3}$ s$^{-1}$
excitation_source,0.0178018375947228,9.62301474427371e+19,1.3986927321204692e+20,m$^{-3}$ s$^{-1}$
excitation_source,0.0178557942998924,9.694208283808422e+19,1.413972314543957e+20,m$^{-3}$ s$^{-1}$
excitation_source,0.0179097510050621,9.76583092028302e+19,1.4288058694265224e+20,m$^{-3}$ s$^{-1}$
excitation_source,0.0179637077102317,9.837865503438332e+19,1.443190583693835e+20,m$^{-3}$ s$^{-1}$
excitation_source,0.0180198392214854,9.913060028031653e+19,1.4575078665705464e+20,m$^{-3}$ s$^{-1}$
excitation_source,0.018075970732739,9.988726454323828e+19,1.471711322675968e+20,m$^{-3}$ s$^{-1}$
excitation_source,0.0181321022439927,1.0064841151642896e+20,1.485828022666001e+20,m$^{-3}$ s$^{-1}$
excitation_source,0.0181882337552464,1.0141934230915927e+20,1.4998942046526787e+20,m$^{-3}$ s$^{-1}$
excitation_source,0.0182466277314114,1.0221583315366596e+20,1.513682407773478e+20,m$^{-3}$ s$^{-1}$
excitation_source,0.0183050217075764,1.0301162051326548e+20,1.5273756553961783e+20,m$^{-3}$ s$^{-1}$
excitation_source,0.0183634156837414,1.0374705389657824e+20,1.541012561570632e+20,m$^{-3}$ s$^{-1}$
excitation_source,0.0184218096599065,1.0437847243357897e+20,1.55464484902919e+20,m$^{-3}$ s$^{-1}$
excitation_source,0.0184825572930309,1.0501893506312588e+20,1.567721078296153e+20,m$^{-3}$ s$^{-1}$
excitation_source,0.0185433049261554,1.0567628823710287e+20,1.5807254726479518e+20,m$^{-3}$ s$^{-1}$
excitation_source,0.0186040525592799,1.0634286516385702e+20,1.593712908136332e+20,m$^{-3}$ s$^{-1}$
excitation_source,0.0186648001924044,1.0701866348789544e+20,1.6067552208311622e+20,m$^{-3}$ s$^{-1}$
excitation_source,0.0187279963501691,1.0772852416342055e+20,1.6188743831272545e+20,m$^{-3}$ s$^{-1}$
excitation_source,0.0187911925079337,1.0844772479471333e+20,1.6309540481611294e+20,m$^{-3}$ s$^{-1}$
excitation_source,0.0188543886656983,1.0917619827879045e+20,1.6430703686387912e+20,m$^{-3}$ s$^{-1}$
excitation_source,0.018917584823463,1.0991381699139936e+20,1.6553213402191947e+20,m$^{-3}$ s$^{-1}$
excitation_source,0.0189833281973328,1.1069026491147756e+20,1.6661697269873695e+20,m$^{-3}$ s$^{-1}$
excitation_source,0.0190490715712026,1.1147614817197908e+20,1.67702604752632e+20,m$^{-3}$ s$^{-1}$
excitation_source,0.0191148149450725,1.1227127370531312e+20,1.6879942771040394e+20,m$^{-3}$ s$^{-1}$
excitation_source,0.0191805583189423,1.1307535420256136e+20,1.699206127344236e+20,m$^{-3}$ s$^{-1}$
excitation_source,0.0192489515782903,1.139237869174919e+20,1.7083968547012447e+20,m$^{-3}$ s$^{-1}$
excitation_source,0.0193173448376382,1.1478166275734928e+20,1.7176664820011346e+20,m$^{-3}$ s$^{-1}$
excitation_source,0.0193857380969862,1.1564862443531697e+20,1.7271549887975073e+20,m$^{-3}$ s$^{-1}$
excitation_source,0.0194541313563341,1.1652417880578803e+20,1.737036567091896e+20,m$^{-3}$ s$^{-1}$
excitation_source,0.0195252813087764,1.174505586550263e+20,1.7441114651158918e+20,m$^{-3}$ s$^{-1}$
excitation_source,0.0195964312612187,1.1838625418175449e+20,1.7513713471039308e+20,m$^{-3}$ s$^{-1}$
excitation_source,0.019667581213661,1.1933069329914705e+20,1.759001670696093e+20,m$^{-3}$ s$^{-1}$
excitation_source,0.0197387311661033,1.2028311556144991e+20,1.767232449058799e+20,m$^{-3}$ s$^{-1}$
excitation_source,0.0198127489242976,1.2129403179006386e+20,1.7708547167240995e+20,m$^{-3}$ s$^{-1}$
excitation_source,0.019886766682492,1.2231393871205623e+20,1.7745977062463583e+20,m$^{-3}$ s$^{-1}$
excitation_source,0.0199607844406864,1.2334198250566587e+20,1.7788451367053348e+20,m$^{-3}$ s$^{-1}$
excitation_source,0.0200348021988807,1.243770536254537e+20,1.783879191864045e+20,m$^{-3}$ s$^{-1}$
excitation_source,0.0201118033540475,1.254797952980879e+20,1.783805202862159e+20,m$^{-3}$ s$^{-1}$
excitation_source,0.0201888045092143,1.2659092304902536e+20,1.7842099713199764e+20,m$^{-3}$ s$^{-1}$
excitation_source,0.0202658056643811,1.2770921237919374e+20,1.7849796708204485e+20,m$^{-3}$ s$^{-1}$
excitation_source,0.0203428068195479,1.2883309524035358e+20,1.7857326400213926e+20,m$^{-3}$ s$^{-1}$
excitation_source,0.0204229116219854,1.300357380031626e+20,1.7798682689310143e+20,m$^{-3}$ s$^{-1}$
excitation_source,0.0205030164244228,1.3124577363612683e+20,1.7746900088660627e+20,m$^{-3}$ s$^{-1}$
excitation_source,0.0205831212268602,1.324614877767971e+20,1.7705477670109086e+20,m$^{-3}$ s$^{-1}$
excitation_source,0.0206632260292976,1.3368070591892886e+20,1.7666116007902662e+20,m$^{-3}$ s$^{-1}$
excitation_source,0.0207465595761729,1.3499221773706858e+20,1.7537916282188805e+20,m$^{-3}$ s$^{-1}$
excitation_source,0.0208298931230481,1.363095945755007e+20,1.7419423798097347e+20,m$^{-3}$ s$^{-1}$
excitation_source,0.0209132266699234,1.3763047021377166e+20,1.7314120238722213e+20,m$^{-3}$ s$^{-1}$
excitation_source,0.0209965602167986,1.3895185983840364e+20,1.7204837111004217e+20,m$^{-3}$ s$^{-1}$
excitation_source,0.0210832526475082,1.403822348039898e+20,1.7000145199917462e+20,m$^{-3}$ s$^{-1}$
excitation_source,0.0211699450782177,1.4181621367652296e+20,1.680841376079749e+20,m$^{-3}$ s$^{-1}$
excitation_source,0.0212566375089272,1.4325055335666585e+20,1.6615497072348853e+20,m$^{-3}$ s$^{-1}$
excitation_source,0.0213433299396368,1.44681169920566e+20,1.6426659337688338e+20,m$^{-3}$ s$^{-1}$
excitation_source,0.021433516639041,1.4624160717834787e+20,1.6148749913030355e+20,m$^{-3}$ s$^{-1}$
excitation_source,0.0215237033384453,1.478023780064581e+20,1.5864872115618618e+20,m$^{-3}$ s$^{-1}$
excitation_source,0.0216138900378495,1.4935903991131184e+20,1.5588016972941833e+20,m$^{-3}$ s$^{-1}$
excitation_source,0.0217040767372538,1.50905984419535e+20,1.5309012128886197e+20,m$^{-3}$ s$^{-1}$
excitation_source,0.0217978985471034,1.526091458997672e+20,1.495137847946974e+20,m$^{-3}$ s$^{-1}$
excitation_source,0.0218917203569531,1.543079661851583e+20,1.4606402209537468e+20,m$^{-3}$ s$^{-1}$
excitation_source,0.0219855421668027,1.5599632097203172e+20,1.4242608066473651e+20,m$^{-3}$ s$^{-1}$
excitation_source,0.0220793639766524,1.576664173873193e+20,1.384869058426972e+20,m$^{-3}$ s$^{-1}$
excitation_source,0.0221769674155365,1.5952683452934377e+20,1.3471749743936386e+20,m$^{-3}$ s$^{-1}$
excitation_source,0.0222745708544206,1.613762417001014e+20,1.30826791063128e+20,m$^{-3}$ s$^{-1}$
excitation_source,0.0223721742933047,1.632060702141117e+20,1.2658647996227884e+20,m$^{-3}$ s$^{-1}$
excitation_source,0.0224697777321888,1.6500525088339218e+20,1.2143233746868984e+20,m$^{-3}$ s$^{-1}$
excitation_source,0.0225713152243483,1.6704003524854455e+20,1.1815037172193963e+20,m$^{-3}$ s$^{-1}$
excitation_source,0.0226728527165079,1.6905422000800242e+20,1.1440329124984263e+20,m$^{-3}$ s$^{-1}$
excitation_source,0.0227743902086675,1.7103550141519767e+20,1.0978922832098366e+20,m$^{-3}$ s$^{-1}$
excitation_source,0.022875927700827,1.7296757857532297e+20,1.0347627283155413e+20,m$^{-3}$ s$^{-1}$
excitation_source,0.0229815578141911,1.7519780313571318e+20,1.0146813696748026e+20,m$^{-3}$ s$^{-1}$
excitation_source,0.0230871879275552,1.7739336400098355e+20,9.850643140017372e+19,m$^{-3}$ s$^{-1}$
excitation_source,0.0231928180409192,1.7953584991899543e+20,9.380890944537204e+19,m$^{-3}$ s$^{-1}$
excitation_source,0.0232984481542833,1.816294033255189e+20,8.648506315791257e+19,m$^{-3}$ s$^{-1}$
excitation_source,0.0234083358480996,1.8398917524305025e+20,8.63912804710162e+19,m$^{-3}$ s$^{-1}$
excitation_source,0.023518223541916,1.8587044933332232e+20,8.459841233819766e+19,m$^{-3}$ s$^{-1}$
excitation_source,0.0236281112357323,1.8763545279620035e+20,8.009815318183097e+19,m$^{-3}$ s$^{-1}$
excitation_source,0.0237379989295486,1.8924797525362527e+20,7.198838922803655e+19,m$^{-3}$ s$^{-1}$
excitation_source,0.0238523158119953,1.912081468761048e+20,7.396067765793941e+19,m$^{-3}$ s$^{-1}$
excitation_source,0.023966632694442,1.930304193622681e+20,7.336795931252285e+19,m$^{-3}$ s$^{-1}$
excitation_source,0.0240809495768887,1.9467211463733697e+20,6.9208184164903305e+19,m$^{-3}$ s$^{-1}$
excitation_source,0.0241952664593354,1.960800941577749e+20,6.072874184928679e+19,m$^{-3}$ s$^{-1}$
excitation_source,0.0243141910555161,1.979672334909775e+20,6.437488346042305e+19,m$^{-3}$ s$^{-1}$
excitation_source,0.0244331156516968,1.996190452740801e+20,6.470728200577157e+19,m$^{-3}$ s$^{-1}$
excitation_source,0.0245520402478774,2.009674024709702e+20,6.095468626051834e+19,m$^{-3}$ s$^{-1}$
excitation_source,0.0246709648440581,2.018989954704946e+20,5.2634745527676944e+19,m$^{-3}$ s$^{-1}$
excitation_source,0.0247946828747989,2.0356444522919903e+20,5.723198838868253e+19,m$^{-3}$ s$^{-1}$
excitation_source,0.0249184009055397,2.047889467818807e+20,5.809940466013748e+19,m$^{-3}$ s$^{-1}$
excitation_source,0.0250421189362805,2.0541490139445877e+20,5.480143875877235e+19,m$^{-3}$ s$^{-1}$
excitation_source,0.0251658369670213,2.0629650195390733e+20,4.712135400215845e+19,m$^{-3}$ s$^{-1}$
excitation_source,0.0252945416389054,2.0209653058259665e+20,5.192693773012969e+19,m$^{-3}$ s$^{-1}$
excitation_source,0.0254232463107895,1.94210112392776e+20,5.297987579155729e+19,m$^{-3}$ s$^{-1}$
excitation_source,0.0255519509826736,1.7920940685316938e+20,5.01656750265946e+19,m$^{-3}$ s$^{-1}$
excitation_source,0.0256806556545578,2.4233810896161692e+20,4.349742239756518e+19,m$^{-3}$ s$^{-1}$
excitation_source,0.02581454796165,8.840741406043121e+19,4.7938649529426166e+19,m$^{-3}$ s$^{-1}$
excitation_source,0.0259484402687423,1.4530832464406694e+17,4.891156236561384e+19,m$^{-3}$ s$^{-1}$
excitation_source,0.0260823325758346,11899878.018815586,4.656079967659275e+19,m$^{-3}$ s$^{-1}$
excitation_source,0.0262162248829268,760903251.0213187,4.104729675304574e+19,m$^{-3}$ s$^{-1}$
excitation_source,0.0263555139206599,70287211.57114623,4.484573989767909e+19,m$^{-3}$ s$^{-1}$
excitation_source,0.026494802958393,20359898.75289337,4.5664861622217695e+19,m$^{-3}$ s$^{-1}$
excitation_source,0.026634091996126,0.0,4.375334539844485e+19,m$^{-3}$ s$^{-1}$
excitation_source,0.0267733810338591,0.0,3.931407175701373e+19,m$^{-3}$ s$^{-1}$
excitation_source,0.0269182843255713,0.0,4.236863551954316e+19,m$^{-3}$ s$^{-1}$
excitation_source,0.0270631876172834,0.0,4.298512250024731e+19,m$^{-3}$ s$^{-1}$
excitation_source,0.0272080909089956,0.0,4.14352892327465e+19,m$^{-3}$ s$^{-1}$
excitation_source,0.0273529942007077,0.0,3.791523591997967e+19,m$^{-3}$ s$^{-1}$
excitation_source,0.0275037380373423,0.0,4.031719217526304e+19,m$^{-3}$ s$^{-1}$
excitation_source,0.0276544818739769,1703945.2974978047,4.078084715484978e+19,m$^{-3}$ s$^{-1}$
excitation_source,0.0278052257106114,4668417.151123389,3.954297456615142e+19,m$^{-3}$ s$^{-1}$
excitation_source,0.027955969547246,34243605.35814714,3.6765570393298633e+19,m$^{-3}$ s$^{-1}$
excitation_source,0.0281127893407428,65711992.37528964,3.862288819884486e+19,m$^{-3}$ s$^{-1}$
excitation_source,0.0282696091342396,678172931.3504891,3.894853925536571e+19,m$^{-3}$ s$^{-1}$
excitation_source,0.0284264289277364,280570480.55037373,3.79324830165058e+19,m$^{-3}$ s$^{-1}$
excitation_source,0.0285832487212332,1398065639.1408615,3.5702304802843533e+19,m$^{-3}$ s$^{-1}$
excitation_source,0.0287463893721641,80846434.1325988,3.714111327492384e+19,m$^{-3}$ s$^{-1}$
excitation_source,0.0289095300230949,226931111.5232231,3.736428266412539e+19,m$^{-3}$ s$^{-1}$
excitation_source,0.0290726706740258,213483500.71836048,3.651669570785699e+19,m$^{-3}$ s$^{-1}$
excitation_source,0.0292358113249567,1089998688.3374567,3.469624799280738e+19,m$^{-3}$ s$^{-1}$
excitation_source,0.029405527604979,1208731.8084496516,3.582160639477692e+19,m$^{-3}$ s$^{-1}$
excitation_source,0.0295752438850014,374209551.56328535,3.5980024744097903e+19,m$^{-3}$ s$^{-1}$
excitation_source,0.0297449601650237,294349380.4525728,3.5277364856088297e+19,m$^{-3}$ s$^{-1}$
excitation_source,0.029914676445046,1362930412.5254483,3.377942977428272e+19,m$^{-3}$ s$^{-1}$
excitation_source,0.0300912333947717,403402815.2147605,3.4689375893938938e+19,m$^{-3}$ s$^{-1}$
excitation_source,0.0302677903444974,238483642.8924885,3.480078695495713e+19,m$^{-3}$ s$^{-1}$
excitation_source,0.0304443472942232,105373962.85753198,3.4194448886658765e+19,m$^{-3}$ s$^{-1}$
excitation_source,0.0306209042439489,1267459429.2235548,3.2927078490331124e+19,m$^{-3}$ s$^{-1}$
excitation_source,0.03080457758685,391576222.9184036,3.3661856197856723e+19,m$^{-3}$ s$^{-1}$
excitation_source,0.0309882509297511,301714630.63834715,3.3732843655386763e+19,m$^{-3}$ s$^{-1}$
excitation_source,0.0311719242726522,352793120.380496,3.3201497073848103e+19,m$^{-3}$ s$^{-1}$
excitation_source,0.0313555976155534,529849484.8337134,3.211202789131757e+19,m$^{-3}$ s$^{-1}$
excitation_source,0.0315466741885508,333925255.6217267,3.271303299584048e+19,m$^{-3}$ s$^{-1}$
excitation_source,0.0317377507615483,263043568.52674305,3.2753815892401533e+19,m$^{-3}$ s$^{-1}$
excitation_source,0.0319288273345457,300711295.9458593,3.2281801345200546e+19,m$^{-3}$ s$^{-1}$
excitation_source,0.0321199039075432,595527640.4671743,3.133193459546379e+19,m$^{-3}$ s$^{-1}$
excitation_source,0.032318682108951,165489510.00829306,3.1829177951608177e+19,m$^{-3}$ s$^{-1}$
excitation_source,0.0325174603103589,192513950.0424926,3.1847057030563807e+19,m$^{-3}$ s$^{-1}$
excitation_source,0.0327162385117668,246886742.67369723,3.142274727162647e+19,m$^{-3}$ s$^{-1}$
excitation_source,0.0329150167131746,290334214.8708694,3.059117741199849e+19,m$^{-3}$ s$^{-1}$
excitation_source,0.0331218069686994,198094234.809458,3.10212764012215e+19,m$^{-3}$ s$^{-1}$
excitation_source,0.0333285972242242,165574647.9591074,3.1035999205970625e+19,m$^{-3}$ s$^{-1}$
excitation_source,0.0335353874797489,155066655.84641463,3.066435742587527e+19,m$^{-3}$ s$^{-1}$
excitation_source,0.0337421777352737,159212134.3841747,2.992861505702101e+19,m$^{-3}$ s$^{-1}$
excitation_source,0.0339573029827965,114832565.16583174,3.029398804419995e+19,m$^{-3}$ s$^{-1}$
excitation_source,0.0341724282303193,88962923.30908342,3.029494402429329e+19,m$^{-3}$ s$^{-1}$
excitation_source,0.0343875534778421,74537625.43239827,2.9954941164873773e+19,m$^{-3}$ s$^{-1}$
excitation_source,0.0346026787253649,77635980.45690158,2.9292321772752232e+19,m$^{-3}$ s$^{-1}$
excitation_source,0.0348264749192634,30778755.348377567,2.9605094237201543e+19,m$^{-3}$ s$^{-1}$
excitation_source,0.0350502711131619,36917829.965591006,2.959514541945316e+19,m$^{-3}$ s$^{-1}$
excitation_source,0.0352740673070604,46280809.18385471,2.928169965087074e+19,m$^{-3}$ s$^{-1}$
excitation_source,0.0354978635009589,55681897.04579534,2.868005329712825e+19,m$^{-3}$ s$^{-1}$
excitation_source,0.0357306801367568,50645647.94936137,2.894950920044929e+19,m$^{-3}$ s$^{-1}$
excitation_source,0.0359634967725548,51673761.35027528,2.893080520855264e+19,m$^{-3}$ s$^{-1}$
excitation_source,0.0361963134083527,55540345.10559872,2.8639898727236383e+19,m$^{-3}$ s$^{-1}$
excitation_source,0.0364291300441507,62677107.25858429,2.808969123914578e+19,m$^{-3}$ s$^{-1}$
excitation_source,0.0366713307043141,60534175.757986,2.832302748404546e+19,m$^{-3}$ s$^{-1}$
excitation_source,0.0369135313644775,61256758.68033386,2.8297198533440217e+19,m$^{-3}$ s$^{-1}$
excitation_source,0.0371557320246408,65253489.57047055,2.802560765485564e+19,m$^{-3}$ s$^{-1}$
excitation_source,0.0373979326848042,81286577.43607202,2.7519238417322365e+19,m$^{-3}$ s$^{-1}$
excitation_source,0.0376498956065367,65541339.51016081,2.7722115552008114e+19,m$^{-3}$ s$^{-1}$
excitation_source,0.0379018585282693,66416413.46441873,2.7694042779853177e+19,m$^{-3}$ s$^{-1}$
excitation_source,0.0381538214500018,69241066.46743737,2.745163411126903e+19,m$^{-3}$ s$^{-1}$
excitation_source,0.0384057843717343,72845579.68525314,2.699496384541589e+19,m$^{-3}$ s$^{-1}$
excitation_source,0.0386679030376584,68713324.73436867,2.718500050478708e+19,m$^{-3}$ s$^{-1}$
excitation_source,0.0389300217035826,67611826.73017946,2.7161235360776253e+19,m$^{-3}$ s$^{-1}$
excitation_source,0.0391921403695068,68367831.71834415,2.693312002975601e+19,m$^{-3}$ s$^{-1}$
excitation_source,0.039454259035431,70998606.13925606,2.650858955580553e+19,m$^{-3}$ s$^{-1}$
excitation_source,0.0397269427880777,68114346.89413436,2.667679729462233e+19,m$^{-3}$ s$^{-1}$
excitation_source,0.0399996265407245,67036457.780598044,2.664903522016212e+19,m$^{-3}$ s$^{-1}$
excitation_source,0.0402723102933713,67778853.19823886,2.643348708335305e+19,m$^{-3}$ s$^{-1}$
excitation_source,0.0405449940460181,70358454.66841257,2.603710202584454e+19,m$^{-3}$ s$^{-1}$
excitation_source,0.0408286687270842,67529786.50779633,2.6186331376145576e+19,m$^{-3}$ s$^{-1}$
excitation_source,0.0411123434081504,66474002.03561185,2.6155150250752995e+19,m$^{-3}$ s$^{-1}$
excitation_source,0.0413960180892166,67205097.1139244,2.5950705153004503e+19,m$^{-3}$ s$^{-1}$
excitation_source,0.0416796927702828,69739452.63972163,2.5579131367846003e+19,m$^{-3}$ s$^{-1}$
excitation_source,0.0419748013856546,66961820.28062285,2.5711705621175984e+19,m$^{-3}$ s$^{-1}$
excitation_source,0.0422699100010265,65926996.90340652,2.567754899664552e+19,m$^{-3}$ s$^{-1}$
excitation_source,0.0425650186163984,66648773.90215085,2.5482954525936984e+19,m$^{-3}$ s$^{-1}$
excitation_source,0.0428601272317702,72951362.83962774,2.5133380887601865e+19,m$^{-3}$ s$^{-1}$
excitation_source,0.0431671306433521,67404591.19078822,2.525120145835816e+19,m$^{-3}$ s$^{-1}$
excitation_source,0.0434741340549339,59605503.61354955,2.5214404896499823e+19,m$^{-3}$ s$^{-1}$
excitation_source,0.0437811374665157,33257209253.62087,2.502857679064521e+19,m$^{-3}$ s$^{-1}$
excitation_source,0.0440881408780975,126725202432.32307,2.4698607368290062e+19,m$^{-3}$ s$^{-1}$
excitation_source,0.0444075185235252,195161938754.636,2.4803237898414023e+19,m$^{-3}$ s$^{-1}$
excitation_source,0.0447268961689528,273466198366.10883,2.4764052045974622e+19,m$^{-3}$ s$^{-1}$
excitation_source,0.0450462738143804,354702518574.6913,2.4586042757041623e+19,m$^{-3}$ s$^{-1}$
excitation_source,0.0453656514598081,442308286143.7991,2.4284690685936247e+19,m$^{-3}$ s$^{-1}$
excitation_source,0.0456979021011717,513671955513.1727,2.4389631011882177e+19,m$^{-3}$ s$^{-1}$
excitation_source,0.0460301527425354,588959341488.998,2.436034211282579e+19,m$^{-3}$ s$^{-1}$
excitation_source,0.0463624033838991,671663523799.0559,2.4201094765384696e+19,m$^{-3}$ s$^{-1}$
excitation_source,0.0466946540252628,765277094189.1772,2.3915693765418435e+19,m$^{-3}$ s$^{-1}$
excitation_source,0.0470402965280083,829054530777.1398,2.401038715043263e+19,m$^{-3}$ s$^{-1}$
excitation_source,0.0473859390307539,901165664906.3088,2.3979305221572927e+19,m$^{-3}$ s$^{-1}$
excitation_source,0.0477315815334994,985153341721.6272,2.3826326695958057e+19,m$^{-3}$ s$^{-1}$
excitation_source,0.0480772240362449,1084551803957.1376,2.3554929170000888e+19,m$^{-3}$ s$^{-1}$
excitation_source,0.0484367981794696,1140606612317.514,2.3640226345717887e+19,m$^{-3}$ s$^{-1}$
excitation_source,0.0487963723226943,1209384011015.0237,2.360742945845063e+19,m$^{-3}$ s$^{-1}$
excitation_source,0.049155946465919,1294462233253.809,2.3460077390969168e+19,m$^{-3}$ s$^{-1}$
excitation_source,0.0495155206091436,1441220880392.465,2.3201368724005278e+19,m$^{-3}$ s$^{-1}$
excitation_source,0.0498895879285524,1458993326196.9338,2.327797590718302e+19,m$^{-3}$ s$^{-1}$
excitation_source,0.0502636552479611,1441942268422.007,2.3243497329930064e+19,m$^{-3}$ s$^{-1}$
excitation_source,0.0506377225673699,118775831863283.28,2.3101182666608165e+19,m$^{-3}$ s$^{-1}$
excitation_source,0.0510117898867786,530085605680240.06,2.285399174137726e+19,m$^{-3}$ s$^{-1}$
excitation_source,0.0514009345516168,882964306364147.9,2.292248518982208e+19,m$^{-3}$ s$^{-1}$
excitation_source,0.0517900792164551,1259680415883368.5,2.288631885996396e+19,m$^{-3}$ s$^{-1}$
excitation_source,0.0521792238812933,1642628711618557.5,2.274849541168993e+19,m$^{-3}$ s$^{-1}$
excitation_source,0.0525683685461315,2040994604945927.5,2.251176971996169e+19,m$^{-3}$ s$^{-1}$
excitation_source,0.0529731982714638,2402371387127599.0,2.257261476240317e+19,m$^{-3}$ s$^{-1}$
excitation_source,0.0533780279967961,2772648105789265.0,2.2534719788815667e+19,m$^{-3}$ s$^{-1}$
excitation_source,0.0537828577221284,3161284967700471.0,2.240087579368728e+19,m$^{-3}$ s$^{-1}$
excitation_source,0.0541876874474608,3577803012066862.5,2.217365468441781e+19,m$^{-3}$ s$^{-1}$
excitation_source,0.0546088344432208,3919971041123292.0,2.222722622049084e+19,m$^{-3}$ s$^{-1}$
excitation_source,0.0550299814389808,4283069791710197.5,2.218753978439962e+19,m$^{-3}$ s$^{-1}$
excitation_source,0.0554511284347408,4676888324566345.0,2.2067416960612995e+19,m$^{-3}$ s$^{-1}$
excitation_source,0.0558722754305008,5111253363886818.0,2.186034620923791e+19,m$^{-3}$ s$^{-1}$
excitation_source,0.0563103973887934,5433232599406108.0,2.191926808536662e+19,m$^{-3}$ s$^{-1}$
excitation_source,0.0567485193470861,5788404309453592.0,2.1889897870739616e+19,m$^{-3}$ s$^{-1}$
excitation_source,0.0571866413053787,6186853949244108.0,2.1774515188351304e+19,m$^{-3}$ s$^{-1}$
excitation_source,0.0576247632636713,6638677821823686.0,2.157525287619452e+19,m$^{-3}$ s$^{-1}$
excitation_source,0.0580805443858702,6939519403839264.0,2.162805107096388e+19,m$^{-3}$ s$^{-1}$
excitation_source,0.0585363255080691,7286011939570606.0,2.159708727122109e+19,m$^{-3}$ s$^{-1}$
excitation_source,0.058992106630268,7688498394215180.0,2.148451885790288e+19,m$^{-3}$ s$^{-1}$
excitation_source,0.0594478877524669,8157302013267644.0,2.129237240438737e+19,m$^{-3}$ s$^{-1}$
excitation_source,0.0599220398177102,8436104476228715.0,2.133920194384173e+19,m$^{-3}$ s$^{-1}$
excitation_source,0.0603961918829534,8773171322874830.0,2.130651783074343e+19,m$^{-3}$ s$^{-1}$
excitation_source,0.0608703439481967,9179057392150206.0,2.119636802170252e+19,m$^{-3}$ s$^{-1}$
excitation_source,0.06134449601344,9664263495110878.0,2.1010686947500016e+19,m$^{-3}$ s$^{-1}$
excitation_source,0.0618377594901935,9920190599538010.0,2.105165431191773e+19,m$^{-3}$ s$^{-1}$
excitation_source,0.062331022966947,1.0247100838117868e+16,2.1017102716152648e+19,m$^{-3}$ s$^{-1}$
excitation_source,0.0628242864437006,1.0655708378145964e+16,2.090898535167632e+19,m$^{-3}$ s$^{-1}$
excitation_source,0.0633175499204541,1.115663545655718e+16,2.072915654098488e+19,m$^{-3}$ s$^{-1}$
excitation_source,0.063830695122878,1.1388935452566252e+16,2.076432182680805e+19,m$^{-3}$ s$^{-1}$
excitation_source,0.064343840325302,1.1704985080477826e+16,2.072773720884526e+19,m$^{-3}$ s$^{-1}$
excitation_source,0.0648569855277259,1.211559842325416e+16,2.0621273584063656e+19,m$^{-3}$ s$^{-1}$
excitation_source,0.0653701307301498,1.324024491942502e+16,2.0446715393651933e+19,m$^{-3}$ s$^{-1}$
excitation_source,0.0659039590210741,1.2348331715480284e+16,2.047609819759966e+19,m$^{-3}$ s$^{-1}$
excitation_source,0.0664377873119984,3.160150120714525e+16,2.0437298698166075e+19,m$^{-3}$ s$^{-1}$
excitation_source,0.0669716156029227,6.417540156589677e+16,2.0332116080309453e+19,m$^{-3}$ s$^{-1}$
excitation_source,0.0675054438938469,9.726107209006408e+16,2.0162262563338117e+19,m$^{-3}$ s$^{-1}$
excitation_source,0.0680607889362346,1.24777599312265e+17,2.018585804115123e+19,m$^{-3}$ s$^{-1}$
excitation_source,0.0686161339786222,1.5528815164596426e+17,2.014721978854393e+19,m$^{-3}$ s$^{-1}$
excitation_source,0.0691714790210098,1.860022483905001e+17,2.005520385718143e+19,m$^{-3}$ s$^{-1}$
excitation_source,0.0697268240633974,2.1721394548638205e+17,1.9901587014853083e+19,m$^{-3}$ s$^{-1}$
excitation_source,0.07030455312225,2.473133061020249e+17,1.993226460015033e+19,m$^{-3}$ s$^{-1}$
excitation_source,0.0708822821811024,2.7769805145307123e+17,1.990126620672865e+19,m$^{-3}$ s$^{-1}$
excitation_source,0.0714600112399549,3.086744942847984e+17,1.9810127907714814e+19,m$^{-3}$ s$^{-1}$
excitation_source,0.0720377402988074,3.405523818570327e+17,1.966033431860761e+19,m$^{-3}$ s$^{-1}$
excitation_source,0.0726387555955455,3.700854551605707e+17,1.968582637591934e+19,m$^{-3}$ s$^{-1}$
excitation_source,0.0732397708922835,4.002927656323904e+17,1.9652533601470865e+19,m$^{-3}$ s$^{-1}$
excitation_source,0.0738407861890215,4.314962876029857e+17,1.9561952444683137e+19,m$^{-3}$ s$^{-1}$
excitation_source,0.0744418014857596,4.640207410758318e+17,1.941553058043654e+19,m$^{-3}$ s$^{-1}$
excitation_source,0.0750670416071939,4.9291969982379226e+17,1.9435750266984616e+19,m$^{-3}$ s$^{-1}$
excitation_source,0.0756922817286283,5.2289806758314726e+17,1.9399955970654454e+19,m$^{-3}$ s$^{-1}$
excitation_source,0.0763175218500627,5.542926926435753e+17,1.930960625590417e+19,m$^{-3}$ s$^{-1}$
excitation_source,0.076942761971497,5.874424920143447e+17,1.916611593414081e+19,m$^{-3}$ s$^{-1}$
excitation_source,0.0775932033355904,6.15641238985984e+17,1.918096013337143e+19,m$^{-3}$ s$^{-1}$
excitation_source,0.0782436446996838,6.453401381692895e+17,1.914244853867066e+19,m$^{-3}$ s$^{-1}$
excitation_source,0.0788940860637772,6.768900695776905e+17,1.90520060347482e+19,m$^{-3}$ s$^{-1}$
excitation_source,0.0795445274278705,7.106433673619373e+17,1.8911017870214943e+19,m$^{-3}$ s$^{-1}$
excitation_source,0.0802211858085788,7.380785443262339e+17,1.892036696952105e+19,m$^{-3}$ s$^{-1}$
excitation_source,0.0808978441892872,7.674495092696332e+17,1.887891526283789e+19,m$^{-3}$ s$^{-1}$
excitation_source,0.0815745025699955,7.991203323518953e+17,1.878805736035462e+19,m$^{-3}$ s$^{-1}$
excitation_source,0.0822511609507038,8.334560578650335e+17,1.864915153407612e+19,m$^{-3}$ s$^{-1}$
excitation_source,0.0829550930642787,8.600682163986995e+17,1.86528724502315e+19,m$^{-3}$ s$^{-1}$
excitation_source,0.0836590251778536,8.890661973239313e+17,1.860825243443974e+19,m$^{-3}$ s$^{-1}$
excitation_source,0.0843629572914285,9.20826499027206e+17,1.851665849405176e+19,m$^{-3}$ s$^{-1}$
excitation_source,0.0850668894050034,9.557263506641206e+17,1.837939894685508e+19,m$^{-3}$ s$^{-1}$
excitation_source,0.085799194560233,9.814613253383716e+17,1.8377378577460972e+19,m$^{-3}$ s$^{-1}$
excitation_source,0.0865314997154626,1.0100464104108938e+18,1.8341558780445897e+19,m$^{-3}$ s$^{-1}$
excitation_source,0.0872638048706923,1.041869960817362e+18,1.8262098808536224e+19,m$^{-3}$ s$^{-1}$
excitation_source,0.0879961100259219,1.077321198487146e+18,1.8139117194671608e+19,m$^{-3}$ s$^{-1}$
excitation_source,0.0887579318408871,1.102131744453364e+18,1.814514469509488e+19,m$^{-3}$ s$^{-1}$
excitation_source,0.0895197536558522,1.1302713791325272e+18,1.810737767094444e+19,m$^{-3}$ s$^{-1}$
excitation_source,0.0902815754708174,1.16214008434189e+18,1.8027006684932905e+19,m$^{-3}$ s$^{-1}$
excitation_source,0.0910433972857825,1.2052646483533706e+18,1.7905197693143048e+19,m$^{-3}$ s$^{-1}$
excitation_source,0.0918359254738093,1.223816226587038e+18,1.7905958544704494e+19,m$^{-3}$ s$^{-1}$
excitation_source,0.0926284536618361,1.238325124672767e+18,1.7864970847408753e+19,m$^{-3}$ s$^{-1}$
excitation_source,0.0934209818498629,1.2563341475636398e+18,1.7783408739539137e+19,m$^{-3}$ s$^{-1}$
excitation_source,0.0942135100378897,1.4987824005523525e+18,1.7662421295531174e+19,m$^{-3}$ s$^{-1}$
excitation_source,0.0950379822654876,1.6628219792808658e+18,1.7657761914833136e+19,m$^{-3}$ s$^{-1}$
excitation_source,0.0958624544930855,1.8932278099387343e+18,1.761333536433518e+19,m$^{-3}$ s$^{-1}$
excitation_source,0.0966869267206834,2.1162250152665792e+18,1.7530298580715792e+19,m$^{-3}$ s$^{-1}$
excitation_source,0.0975113989482813,2.330037115182336e+18,1.7409784199078074e+19,m$^{-3}$ s$^{-1}$
excitation_source,0.0983691027679685,2.566851141375164e+18,1.7399546436721654e+19,m$^{-3}$ s$^{-1}$
excitation_source,0.0992268065876555,2.79573056082318e+18,1.7351459940854338e+19,m$^{-3}$ s$^{-1}$
excitation_source,0.1000845104073427,3.014838207027524e+18,1.7266664927770393e+19,m$^{-3}$ s$^{-1}$
excitation_source,0.1009422142270298,3.222326919973398e+18,1.7146277634905336e+19,m$^{-3}$ s$^{-1}$
excitation_source,0.1018344890880632,3.4598431923024507e+18,1.7130298650491007e+19,m$^{-3}$ s$^{-1}$
excitation_source,0.1027267639490966,3.687069175103963e+18,1.7078329074503533e+19,m$^{-3}$ s$^{-1}$
excitation_source,0.1036190388101301,3.9021012875550735e+18,1.6991492482540577e+19,m$^{-3}$ s$^{-1}$
excitation_source,0.1045113136711635,4.1137078064463206e+18,1.6870887107430652e+19,m$^{-3}$ s$^{-1}$
excitation_source,0.1054395530113155,4.343165999433853e+18,1.6849001985357892e+19,m$^{-3}$ s$^{-1}$
excitation_source,0.1063677923514676,4.5594174251569393e+18,1.6792926876208992e+19,m$^{-3}$ s$^{-1}$
excitation_source,0.1072960316916196,5.066520950200605e+18,1.670376715821699e+19,m$^{-3}$ s$^{-1}$
excitation_source,0.1082242710317716,5.540382539444623e+18,1.659200255088658e+19,m$^{-3}$ s$^{-1}$
excitation_source,0.1091899244534178,6.050005312096882e+18,1.6578705602799385e+19,m$^{-3}$ s$^{-1}$
excitation_source,0.1101555778750641,6.554788856143813e+18,1.6532960990987129e+19,m$^{-3}$ s$^{-1}$
excitation_source,0.1111212312967103,7.035925782549222e+18,1.6455729142334712e+19,m$^{-3}$ s$^{-1}$
excitation_source,0.1120868847183566,7.434748426456748e+18,1.6347960172846735e+19,m$^{-3}$ s$^{-1}$
excitation_source,0.1130914602522748,8.107308501062315e+18,1.632931615668978e+19,m$^{-3}$ s$^{-1}$
excitation_source,0.114096035786193,8.712976871078905e+18,1.627974372834212e+19,m$^{-3}$ s$^{-1}$
excitation_source,0.1151006113201112,9.322278036027392e+18,1.6200200964386068e+19,m$^{-3}$ s$^{-1}$
excitation_source,0.1161051868540294,9.937122265614655e+18,1.6091623569905846e+19,m$^{-3}$ s$^{-1}$
excitation_source,0.117150253314444,1.0547117918980252e+19,1.6067463367922491e+19,m$^{-3}$ s$^{-1}$
excitation_source,0.1181953197748585,1.116130585439312e+19,1.6013855759354526e+19,m$^{-3}$ s$^{-1}$
excitation_source,0.1192403862352731,1.178171235554187e+19,1.5931744483606575e+19,m$^{-3}$ s$^{-1}$
excitation_source,0.1202854526956876,1.2282599793287008e+19,1.58220501005477e+19,m$^{-3}$ s$^{-1}$
excitation_source,0.1213726421302377,1.3062802501646166e+19,1.5792209609304605e+19,m$^{-3}$ s$^{-1}$
excitation_source,0.1224598315647878,1.3833266188070582e+19,1.5734353542139345e+19,m$^{-3}$ s$^{-1}$
excitation_source,0.1235470209993379,1.429466386337613e+19,1.5649410627187718e+19,m$^{-3}$ s$^{-1}$
excitation_source,0.1246342104338881,1.4906808237880791e+19,1.5538285114180006e+19,m$^{-3}$ s$^{-1}$
excitation_source,0.1257652206723455,1.5664604778549176e+19,1.5502594539559096e+19,m$^{-3}$ s$^{-1}$
excitation_source,0.126896230910803,1.6321605070422764e+19,1.5440271230467113e+19,m$^{-3}$ s$^{-1}$
excitation_source,0.1280272411492605,1.7018854645639387e+19,1.5352227817283408e+19,m$^{-3}$ s$^{-1}$
excitation_source,0.129158251387718,1.776114024742021e+19,1.523935050515816e+19,m$^{-3}$ s$^{-1}$
excitation_source,0.130334848693435,1.838739002663972e+19,1.5197635888115409e+19,m$^{-3}$ s$^{-1}$
excitation_source,0.1315114459991521,1.9058670205202645e+19,1.5130621923958045e+19,m$^{-3}$ s$^{-1}$
excitation_source,0.1326880433048691,1.978522488621261e+19,1.5039203517312911e+19,m$^{-3}$ s$^{-1}$
excitation_source,0.1338646406105861,2.0581254336636277e+19,1.4924202470272629e+19,m$^{-3}$ s$^{-1}$
excitation_source,0.1350886624388134,2.123667949061155e+19,1.489062878224702e+19,m$^{-3}$ s$^{-1}$
excitation_source,0.1363126842670407,2.1939806082565382e+19,1.4834441731154604e+19,m$^{-3}$ s$^{-1}$
excitation_source,0.137536706095268,2.2702719067174486e+19,1.4755026732295514e+19,m$^{-3}$ s$^{-1}$
excitation_source,0.1387607279234953,2.3532486635843342e+19,1.465311944386365e+19,m$^{-3}$ s$^{-1}$
excitation_source,0.1400340857908787,2.417811445206464e+19,1.4615500574968744e+19,m$^{-3}$ s$^{-1}$
excitation_source,0.1413074436582622,2.488507777777516e+19,1.4554969935176495e+19,m$^{-3}$ s$^{-1}$
excitation_source,0.1425808015256456,2.5660075402100814e+19,1.4472274189685987e+19,m$^{-3}$ s$^{-1}$
excitation_source,0.143854159393029,2.6508445934140195e+19,1.4368128683730125e+19,m$^{-3}$ s$^{-1}$
excitation_source,0.1451788418627653,2.714366956107914e+19,1.432491742484051e+19,m$^{-3}$ s$^{-1}$
excitation_source,0.1465035243325017,2.7847495901241315e+19,1.4259823987260983e+19,m$^{-3}$ s$^{-1}$
excitation_source,0.147828206802238,2.862441788487026e+19,1.41735757053186e+19,m$^{-3}$ s$^{-1}$
excitation_source,0.1491528892719743,2.9476578554303857e+19,1.4066865486026248e+19,m$^{-3}$ s$^{-1}$
excitation_source,0.1505309650592881,3.009423119615435e+19,1.4017881103589044e+19,m$^{-3}$ s$^{-1}$
excitation_source,0.1519090408466019,3.0783879870574563e+19,1.3947991230116907e+19,m$^{-3}$ s$^{-1}$
excitation_source,0.1532871166339157,3.154624791987126e+19,1.3857901996017842e+19,m$^{-3}$ s$^{-1}$
excitation_source,0.1546651924212295,3.2378531574357746e+19,1.3748280837623745e+19,m$^{-3}$ s$^{-1}$
excitation_source,0.1560988136240214,3.296826884153728e+19,1.3693331383374318e+19,m$^{-3}$ s$^{-1}$
excitation_source,0.1575324348268132,3.3627107255856914e+19,1.3618397514959268e+19,m$^{-3}$ s$^{-1}$
excitation_source,0.158966056029605,3.4350223279710417e+19,1.352416147030575e+19,m$^{-3}$ s$^{-1}$
excitation_source,0.1603996772323969,3.514304405439429e+19,1.3411258222878847e+19,m$^{-3}$ s$^{-1}$
excitation_source,0.1618910826921071,3.564519536204329e+19,1.3350145138655826e+19,m$^{-3}$ s$^{-1}$
excitation_source,0.1633824881518173,3.6289577670729433e+19,1.3269910533908134e+19,m$^{-3}$ s$^{-1}$
excitation_source,0.1648738936115275,3.695646117424413e+19,1.3171206288158577e+19,m$^{-3}$ s$^{-1}$
excitation_source,0.1663652990712377,3.762156783714434e+19,1.3069958396880589e+19,m$^{-3}$ s$^{-1}$
excitation_source,0.1679168178691753,3.812916714860876e+19,1.3019686681631433e+19,m$^{-3}$ s$^{-1}$
excitation_source,0.1694683366671129,3.8658472548114506e+19,1.2951092155899832e+19,m$^{-3}$ s$^{-1}$
excitation_source,0.1710198554650506,3.918317241532168e+19,1.2864680759816516e+19,m$^{-3}$ s$^{-1}$
excitation_source,0.1725713742629882,3.968331396957091e+19,1.2760909690539747e+19,m$^{-3}$ s$^{-1}$
excitation_source,0.1741854293575843,4.008605572171498e+19,1.2705106299029922e+19,m$^{-3}$ s$^{-1}$
excitation_source,0.1757994844521804,4.0468913129046606e+19,1.2631546520614443e+19,m$^{-3}$ s$^{-1}$
excitation_source,0.1774135395467765,4.0810183962245095e+19,1.2540711328142877e+19,m$^{-3}$ s$^{-1}$
excitation_source,0.1790275946413727,4.10903614162404e+19,1.243301521201112e+19,m$^{-3}$ s$^{-1}$
excitation_source,0.180706706652039,4.13203642757067e+19,1.237146363713918e+19,m$^{-3}$ s$^{-1}$
excitation_source,0.1823858186627054,4.148419217681697e+19,1.2292649615878525e+19,m$^{-3}$ s$^{-1}$
excitation_source,0.1840649306733718,4.1573817818281296e+19,1.219701596665178e+19,m$^{-3}$ s$^{-1}$
excitation_source,0.1857440426840382,4.157448199652398e+19,1.2084927509652107e+19,m$^{-3}$ s$^{-1}$
excitation_source,0.1874908338275397,4.159926111643878e+19,1.2017396385717148e+19,m$^{-3}$ s$^{-1}$
excitation_source,0.1892376249710413,4.152595620239258e+19,1.1933005767938e+19,m$^{-3}$ s$^{-1}$
excitation_source,0.1909844161145429,4.130603320598166e+19,1.183215471576172e+19,m$^{-3}$ s$^{-1}$
excitation_source,0.1927312072580445,4.0905435972682375e+19,1.171514891880748e+19,m$^{-3}$ s$^{-1}$
excitation_source,0.1945484054435333,4.066075192422627e+19,1.1641384066593251e+19,m$^{-3}$ s$^{-1}$
excitation_source,0.1963656036290222,4.024670677056992e+19,1.15510585094862e+19,m$^{-3}$ s$^{-1}$
excitation_source,0.1981828018145111,3.9633138372794335e+19,1.144451999861841e+19,m$^{-3}$ s$^{-1}$
excitation_source,0.2,3.880388265123658e+19,1.1322766473958818e+19,m$^{-3}$ s$^{-1}$
excitation_source,0.2018171981854889,3.821163520288031e+19,1.126260383629122e+19,m$^{-3}$ s$^{-1}$
excitation_source,0.2036343963709777,3.741398609699476e+19,1.118709569627483e+19,m$^{-3}$ s$^{-1}$
excitation_source,0.2054515945564666,3.640079990250528e+19,1.1096636857704495e+19,m$^{-3}$ s$^{-1}$
excitation_source,0.2072687927419555,3.518031410556003e+19,1.0992689563393176e+19,m$^{-3}$ s$^{-1}$
excitation_source,0.2090155838854571,3.4235475395006763e+19,1.0931848168159386e+19,m$^{-3}$ s$^{-1}$
excitation_source,0.2107623750289586,3.30893182003041e+19,1.0856652740344312e+19,m$^{-3}$ s$^{-1}$
excitation_source,0.2125091661724602,3.176546834247924e+19,1.076847982429275e+19,m$^{-3}$ s$^{-1}$
excitation_source,0.2142559573159618,3.0340198445228868e+19,1.066849993552794e+19,m$^{-3}$ s$^{-1}$
excitation_source,0.2159350693266282,2.9146673357449458e+19,1.0606356146133838e+19,m$^{-3}$ s$^{-1}$
excitation_source,0.2176141813372945,2.779089620596801e+19,1.0531694414297326e+19,m$^{-3}$ s$^{-1}$
excitation_source,0.2192932933479609,2.6289337662808228e+19,1.044561695901412e+19,m$^{-3}$ s$^{-1}$
excitation_source,0.2209724053586273,2.4755791458829017e+19,1.034907379773147e+19,m$^{-3}$ s$^{-1}$
excitation_source,0.2225864604532234,2.321698689575144e+19,1.0286156646129906e+19,m$^{-3}$ s$^{-1}$
excitation_source,0.2242005155478195,2.1745532129571783e+19,1.0212181859607284e+19,m$^{-3}$ s$^{-1}$
excitation_source,0.2258145706424157,2.0198377096039727e+19,1.0128044457828594e+19,m$^{-3}$ s$^{-1}$
excitation_source,0.2274286257370118,1.8689263142866264e+19,1.0034525575620932e+19,m$^{-3}$ s$^{-1}$
excitation_source,0.2289801445349494,1.702575141013957e+19,9.97122428368848e+18,m$^{-3}$ s$^{-1}$
excitation_source,0.230531663332887,1.5232064511369976e+19,9.898042220939688e+18,m$^{-3}$ s$^{-1}$
excitation_source,0.2320831821308246,1.3702328040942197e+19,9.815715801260458e+18,m$^{-3}$ s$^{-1}$
excitation_source,0.2336347009287622,1.2545404218225336e+19,9.72489367514881e+18,m$^{-3}$ s$^{-1}$
excitation_source,0.2351261063884724,1.105725038575825e+19,9.66149768040004e+18,m$^{-3}$ s$^{-1}$
excitation_source,0.2366175118481826,9.66802808768641e+18,9.589182195065025e+18,m$^{-3}$ s$^{-1}$
excitation_source,0.2381089173078928,8.541671258215014e+18,9.511239208600478e+18,m$^{-3}$ s$^{-1}$
excitation_source,0.239600322767603,7.934734211389e+18,9.435904941456898e+18,m$^{-3}$ s$^{-1}$
excitation_source,0.2410339439703949,7.323339605049162e+18,9.385298886631582e+18,m$^{-3}$ s$^{-1}$
excitation_source,0.2424675651731867,6.706044684474923e+18,9.32659559951084e+18,m$^{-3}$ s$^{-1}$
excitation_source,0.2439011863759785,6.085169713213598e+18,9.260270439685126e+18,m$^{-3}$ s$^{-1}$
excitation_source,0.2453348075787704,5.458029636639021e+18,9.186756546409428e+18,m$^{-3}$ s$^{-1}$
excitation_source,0.2467128833660842,4.827954656345546e+18,9.136188423217416e+18,m$^{-3}$ s$^{-1}$
excitation_source,0.248090959153398,4.19508383412904e+18,9.078130441033134e+18,m$^{-3}$ s$^{-1}$
excitation_source,0.2494690349407119,3.557096971328172e+18,9.012993360218876e+18,m$^{-3}$ s$^{-1}$
excitation_source,0.2508471107280257,2.861597432137868e+18,8.941152613797636e+18,m$^{-3}$ s$^{-1}$
excitation_source,0.252171793197762,2.5566252124976287e+18,8.890730296018784e+18,m$^{-3}$ s$^{-1}$
excitation_source,0.2534964756674983,2.4772451752174986e+18,8.833335802822426e+18,m$^{-3}$ s$^{-1}$
excitation_source,0.2548211581372346,2.3939361158923387e+18,8.769325560880376e+18,m$^{-3}$ s$^{-1}$
excitation_source,0.2561458406069709,2.309109546725941e+18,8.699028714288179e+18,m$^{-3}$ s$^{-1}$
excitation_source,0.2574191984743543,2.237451070787345e+18,8.648832781861054e+18,m$^{-3}$ s$^{-1}$
excitation_source,0.2586925563417378,2.1602671850425544e+18,8.592108411210215e+18,m$^{-3}$ s$^{-1}$
excitation_source,0.2599659142091212,2.079910813399106e+18,8.529168448947555e+18,m$^{-3}$ s$^{-1}$
excitation_source,0.2612392720765046,1.996865400818161e+18,8.460304543298435e+18,m$^{-3}$ s$^{-1}$
excitation_source,0.262463293904732,1.9220260225832689e+18,8.410392636144155e+18,m$^{-3}$ s$^{-1}$
excitation_source,0.2636873157329593,1.844319155018296e+18,8.354336958385822e+18,m$^{-3}$ s$^{-1}$
excitation_source,0.2649113375611865,1.764183289566973e+18,8.292415057129351e+18,m$^{-3}$ s$^{-1}$
excitation_source,0.2661353593894139,1.6819959011136927e+18,8.224887930796222e+18,m$^{-3}$ s$^{-1}$
excitation_source,0.2673119566951309,1.6065776333236524e+18,8.175300592143537e+18,m$^{-3}$ s$^{-1}$
excitation_source,0.2684885540008479,1.528960660761342e+18,8.119906508261775e+18,m$^{-3}$ s$^{-1}$
excitation_source,0.2696651513065649,1.4494864587893143e+18,8.058954372258418e+18,m$^{-3}$ s$^{-1}$
excitation_source,0.2708417486122819,1.368454951807256e+18,7.992679913939372e+18,m$^{-3}$ s$^{-1}$
excitation_source,0.2719727588507394,1.293058270067311e+18,7.943444816972002e+18,m$^{-3}$ s$^{-1}$
excitation_source,0.2731037690891969,1.215982517620784e+18,7.888701233366424e+18,m$^{-3}$ s$^{-1}$
excitation_source,0.2742347793276544,1.1374985303239208e+18,7.828674067807252e+18,m$^{-3}$ s$^{-1}$
excitation_source,0.2753657895661119,1.057848259088214e+18,7.763572971834658e+18,m$^{-3}$ s$^{-1}$
excitation_source,0.276452979000662,9.829184368415258e+17,7.723610082411776e+18,m$^{-3}$ s$^{-1}$
excitation_source,0.2775401684352121,9.0672103069777e+17,7.678809481662436e+18,m$^{-3}$ s$^{-1}$
excitation_source,0.2786273578697622,8.294742856016625e+17,7.628998580229594e+18,m$^{-3}$ s$^{-1}$
excitation_source,0.2797145473043123,7.513760512463342e+17,7.574355425897429e+18,m$^{-3}$ s$^{-1}$
excitation_source,0.2807596137647269,6.772466164878504e+17,7.534986068869352e+18,m$^{-3}$ s$^{-1}$
excitation_source,0.2818046802251415,6.021807882653992e+17,7.49063554533161e+18,m$^{-3}$ s$^{-1}$
excitation_source,0.282849746685556,5.263569496489413e+17,7.441474342420415e+18,m$^{-3}$ s$^{-1}$
excitation_source,0.2838948131459706,4.499389363425511e+17,7.387667435151015e+18,m$^{-3}$ s$^{-1}$
excitation_source,0.2848993886798888,3.76860225773828e+17,7.348544455607789e+18,m$^{-3}$ s$^{-1}$
excitation_source,0.285903964213807,3.031155485217924e+17,7.304635001902603e+18,m$^{-3}$ s$^{-1}$
excitation_source,0.2869085397477252,2.2885264464063357e+17,7.256097217511865e+18,m$^{-3}$ s$^{-1}$
excitation_source,0.2879131152816434,1.5181513349240755e+17,7.203084982393338e+18,m$^{-3}$ s$^{-1}$
excitation_source,0.2888787687032896,8.253587782888219e+16,7.164214313835514e+18,m$^{-3}$ s$^{-1}$
excitation_source,0.2898444221249359,2.751153248844851e+16,7.120735515097294e+18,m$^{-3}$ s$^{-1}$
excitation_source,0.2908100755465821,2.60278085725848e+16,7.0727962513426e+18,m$^{-3}$ s$^{-1}$
excitation_source,0.2917757289682283,2.488869796753289e+16,7.02054090021657e+18,m$^{-3}$ s$^{-1}$
excitation_source,0.2927039683083803,2.4445651997314336e+16,6.981925077482556e+18,m$^{-3}$ s$^{-1}$
excitation_source,0.2936322076485324,2.363228904436008e+16,6.938865708481911e+18,m$^{-3}$ s$^{-1}$
excitation_source,0.2945604469886844,2.2786228276293868e+16,6.89150148256278e+18,m$^{-3}$ s$^{-1}$
excitation_source,0.2954886863288364,2.1911674441895384e+16,6.839968570185781e+18,m$^{-3}$ s$^{-1}$
excitation_source,0.2963809611898699,2.1137635600759364e+16,6.801607633806506e+18,m$^{-3}$ s$^{-1}$
excitation_source,0.2972732360509034,2.033245744660267e+16,6.758956049368573e+18,m$^{-3}$ s$^{-1}$
excitation_source,0.2981655109119368,1.9500078812920776e+16,6.7121447522302e+18,m$^{-3}$ s$^{-1}$
excitation_source,0.2990577857729702,1.8644224715835824e+16,6.661302768123994e+18,m$^{-3}$ s$^{-1}$
excitation_source,0.2999154895926573,1.7874767160523622e+16,6.623194908720098e+18,m$^{-3}$ s$^{-1}$
excitation_source,0.3007731934123444,1.707948905384692e+16,6.580939292811273e+18,m$^{-3}$ s$^{-1}$
excitation_source,0.3016308972320315,1.626187982907514e+16,6.534660104285487e+18,m$^{-3}$ s$^{-1}$
excitation_source,0.3024886010517186,1.5425262038604534e+16,6.484480103268118e+18,m$^{-3}$ s$^{-1}$
excitation_source,0.3033130732793165,1.4662385790167362e+16,6.446622122748416e+18,m$^{-3}$ s$^{-1}$
excitation_source,0.3041375455069145,1.3878418109271924e+16,6.404750642231055e+18,m$^{-3}$ s$^{-1}$
excitation_source,0.3049620177345125,1.3076470609458856e+16,6.358983924091857e+18,m$^{-3}$ s$^{-1}$
excitation_source,0.3057864899621104,1.225951969816503e+16,6.309439196460141e+18,m$^{-3}$ s$^{-1}$
excitation_source,0.3065790181501371,1.1504881165243648e+16,6.271826836500667e+18,m$^{-3}$ s$^{-1}$
excitation_source,0.3073715463381639,1.0733388444273402e+16,6.230327729304611e+18,m$^{-3}$ s$^{-1}$
excitation_source,0.3081640745261906,9947827452822940.0,6.185054908280776e+18,m$^{-3}$ s$^{-1}$
excitation_source,0.3089566027142174,9150870566428042.0,6.136161260660571e+18,m$^{-3}$ s$^{-1}$
excitation_source,0.3097184245291826,8405853351452507.0,6.105712454138209e+18,m$^{-3}$ s$^{-1}$
excitation_source,0.3104802463441477,7647797541652973.0,6.071544679304023e+18,m$^{-3}$ s$^{-1}$
excitation_source,0.3112420681591129,6879202351344716.0,6.033752917066879e+18,m$^{-3}$ s$^{-1}$
excitation_source,0.312003889974078,6102468547504907.0,5.99243280361257e+18,m$^{-3}$ s$^{-1}$
excitation_source,0.3127361951293076,5368234484357973.0,5.962147741821451e+18,m$^{-3}$ s$^{-1}$
excitation_source,0.3134685002845373,4624407460367568.0,5.928241068898505e+18,m$^{-3}$ s$^{-1}$
excitation_source,0.314200805439767,3873230061122413.0,5.890805144337155e+18,m$^{-3}$ s$^{-1}$
excitation_source,0.3149331105949966,3116857213113698.0,5.849932157416686e+18,m$^{-3}$ s$^{-1}$
excitation_source,0.3156370427085715,2394383956725630.0,5.819808083774735e+18,m$^{-3}$ s$^{-1}$
excitation_source,0.3163409748221464,1665432578204800.5,5.786156196994501e+18,m$^{-3}$ s$^{-1}$
excitation_source,0.3170449069357213,932013008019081.6,5.749065591140249e+18,m$^{-3}$ s$^{-1}$
excitation_source,0.3177488390492962,194854483104499.44,5.708625338734415e+18,m$^{-3}$ s$^{-1}$
excitation_source,0.3184254974300045,3248894293522.9683,5.678659889571755e+18,m$^{-3}$ s$^{-1}$
excitation_source,0.3191021558107128,3109332333335.497,5.645256359003721e+18,m$^{-3}$ s$^{-1}$
excitation_source,0.3197788141914212,2964703960694.0283,5.608500888538456e+18,m$^{-3}$ s$^{-1}$
excitation_source,0.3204554725721295,2815751840369.592,5.568479717465619e+18,m$^{-3}$ s$^{-1}$
excitation_source,0.3211059139362228,2682578680299.368,5.538670020699857e+18,m$^{-3}$ s$^{-1}$
excitation_source,0.3217563553003162,2544591188509.172,5.505508334334243e+18,m$^{-3}$ s$^{-1}$
excitation_source,0.3224067966644096,2402489439815.0835,5.469078116307753e+18,m$^{-3}$ s$^{-1}$
excitation_source,0.3230572380285029,2256950934051.8164,5.429463018562499e+18,m$^{-3}$ s$^{-1}$
excitation_source,0.3236824781499373,2124633867020.896,5.399805767876482e+18,m$^{-3}$ s$^{-1}$
excitation_source,0.3243077182713717,1988439626536.1096,5.366879343917597e+18,m$^{-3}$ s$^{-1}$
excitation_source,0.3249329583928061,1849005970740.2568,5.330764754614737e+18,m$^{-3}$ s$^{-1}$
excitation_source,0.3255581985142404,1706949655217.6165,5.291543279838947e+18,m$^{-3}$ s$^{-1}$
excitation_source,0.3261592138109784,1575757448792.7458,5.262034785353215e+18,m$^{-3}$ s$^{-1}$
excitation_source,0.3267602291077165,1441548707228.273,5.229336973344909e+18,m$^{-3}$ s$^{-1}$
excitation_source,0.3273612444044545,1304903114073.9524,5.193528606572365e+18,m$^{-3}$ s$^{-1}$
excitation_source,0.3279622597011925,1166380640925.1294,5.154688783214033e+18,m$^{-3}$ s$^{-1}$
excitation_source,0.328539988760045,1036552651365.927,5.125325005941456e+18,m$^{-3}$ s$^{-1}$
excitation_source,0.3291177178188975,904497114956.2598,5.09284908143886e+18,m$^{-3}$ s$^{-1}$
excitation_source,0.32969544687775,770739441981.5282,5.057337708568748e+18,m$^{-3}$ s$^{-1}$
excitation_source,0.3302731759366025,635786419935.3679,5.018867973435787e+18,m$^{-3}$ s$^{-1}$
excitation_source,0.3308285209789902,507535013247.56494,4.989644549486082e+18,m$^{-3}$ s$^{-1}$
excitation_source,0.3313838660213778,377777713375.1922,4.957383705895834e+18,m$^{-3}$ s$^{-1}$
excitation_source,0.3319392110637654,246989114760.47668,4.922160239493732e+18,m$^{-3}$ s$^{-1}$
excitation_source,0.3324945561061531,113926380192.9742,4.884049376830902e+18,m$^{-3}$ s$^{-1}$
excitation_source,0.3330283843970774,144164875.4850609,4.854961634831181e+18,m$^{-3}$ s$^{-1}$
excitation_source,0.3335622126880016,143275741.51601154,4.822908974295781e+18,m$^{-3}$ s$^{-1}$
excitation_source,0.3340960409789258,142142672.92870048,4.787964435810718e+18,m$^{-3}$ s$^{-1}$
excitation_source,0.3346298692698501,141476402.88554806,4.750201192057188e+18,m$^{-3}$ s$^{-1}$
excitation_source,0.335143014472274,142784081.08803096,4.721244541697001e+18,m$^{-3}$ s$^{-1}$
excitation_source,0.335656159674698,143135560.6140806,4.693583595438105e+18,m$^{-3}$ s$^{-1}$
excitation_source,0.336169304877122,143241313.70730805,4.664429884544589e+18,m$^{-3}$ s$^{-1}$
excitation_source,0.3366824500795459,143109566.1798389,4.632554372230584e+18,m$^{-3}$ s$^{-1}$
excitation_source,0.3371757135562994,143700503.1651797,4.609125951034719e+18,m$^{-3}$ s$^{-1}$
excitation_source,0.337668977033053,144045080.8082434,4.582907694394493e+18,m$^{-3}$ s$^{-1}$
excitation_source,0.3381622405098065,144151264.32040042,4.55396031769702e+18,m$^{-3}$ s$^{-1}$
excitation_source,0.33865550398656,144027007.87246412,4.522345049145424e+18,m$^{-3}$ s$^{-1}$
excitation_source,0.3391296560518033,144603487.46981603,4.499008552501934e+18,m$^{-3}$ s$^{-1}$
excitation_source,0.3396038081170465,144940981.85735065,4.472937086579888e+18,m$^{-3}$ s$^{-1}$
excitation_source,0.3400779601822897,145047192.66062206,4.444190170043088e+18,m$^{-3}$ s$^{-1}$
excitation_source,0.3405521122475329,144929826.3074908,4.412827796981693e+18,m$^{-3}$ s$^{-1}$
excitation_source,0.3410078933697318,145491901.0063506,4.38957999990575e+18,m$^{-3}$ s$^{-1}$
excitation_source,0.3414636744919307,145822150.92588785,4.3636506712228367e+18,m$^{-3}$ s$^{-1}$
excitation_source,0.3419194556141297,145928037.70217928,4.33509816701131e+18,m$^{-3}$ s$^{-1}$
excitation_source,0.3423752367363286,145817040.73959047,4.30398132726496e+18,m$^{-3}$ s$^{-1}$
excitation_source,0.3428133586946212,146364753.9500591,4.280818750271583e+18,m$^{-3}$ s$^{-1}$
excitation_source,0.3432514806529139,146687619.14972258,4.255026710871967e+18,m$^{-3}$ s$^{-1}$
excitation_source,0.3436896026112065,146792878.33964723,4.226662480034351e+18,m$^{-3}$ s$^{-1}$
excitation_source,0.3441277245694992,146687801.45687884,4.195783818039485e+18,m$^{-3}$ s$^{-1}$
excitation_source,0.3445488715652592,147221192.78237513,4.172702693323744e+18,m$^{-3}$ s$^{-1}$
excitation_source,0.3449700185610191,147536554.47534844,4.147042907552751e+18,m$^{-3}$ s$^{-1}$
excitation_source,0.3453911655567792,147640926.07593787,4.118860718735456e+18,m$^{-3}$ s$^{-1}$
excitation_source,0.3458123125525392,147541382.59487152,4.088212877054819e+18,m$^{-3}$ s$^{-1}$
excitation_source,0.3462171422778715,148060492.62556812,4.0652091624137344e+18,m$^{-3}$ s$^{-1}$
excitation_source,0.3466219720032038,148368253.69532728,4.0396764130532224e+18,m$^{-3}$ s$^{-1}$
excitation_source,0.3470268017285361,148471517.05221298,4.011669941792724e+18,m$^{-3}$ s$^{-1}$
excitation_source,0.3474316314538684,146003284.10742548,3.981245554036837e+18,m$^{-3}$ s$^{-1}$
excitation_source,0.3478207761187066,148314379.7732301,3.958314943890471e+18,m$^{-3}$ s$^{-1}$
excitation_source,0.3482099207835449,152763973.64469427,3.9329038369077417e+18,m$^{-3}$ s$^{-1}$
excitation_source,0.3485990654483831,149271491.2189487,3.905066664582313e+18,m$^{-3}$ s$^{-1}$
excitation_source,0.3489882101132214,141251305.28062114,3.874858349506751e+18,m$^{-3}$ s$^{-1}$
excitation_source,0.3493622774326301,141987374.77410668,3.851996284657928e+18,m$^{-3}$ s$^{-1}$
excitation_source,0.3497363447520388,139290545.39727464,3.826701253231874e+18,m$^{-3}$ s$^{-1}$
excitation_source,0.3501104120714475,136266096.31075174,3.79902686614683e+18,m$^{-3}$ s$^{-1}$
excitation_source,0.3504844793908563,132945136.0583199,3.76902722222685e+18,m$^{-3}$ s$^{-1}$
excitation_source,0.350844053534081,130591951.2180993,3.746228897242432e+18,m$^{-3}$ s$^{-1}$
excitation_source,0.3512036276773057,127918287.48703489,3.721044204482368e+18,m$^{-3}$ s$^{-1}$
excitation_source,0.3515632018205303,124953646.61376344,3.693525992425169e+18,m$^{-3}$ s$^{-1}$
excitation_source,0.351922775963755,121726775.82183358,3.663727592899398e+18,m$^{-3}$ s$^{-1}$
excitation_source,0.3522684184665005,119365619.805431,3.640987961946418e+18,m$^{-3}$ s$^{-1}$
excitation_source,0.3526140609692461,116720299.19565728,3.615907702597236e+18,m$^{-3}$ s$^{-1}$
excitation_source,0.3529597034719916,113818053.51401868,3.588538957053515e+18,m$^{-3}$ s$^{-1}$
excitation_source,0.3533053459747371,110685419.93170393,3.558934239108607e+18,m$^{-3}$ s$^{-1}$
excitation_source,0.3536375966161008,108323450.08983396,3.5362481348149e+18,m$^{-3}$ s$^{-1}$
excitation_source,0.3539698472574645,105711052.98866557,3.5145040718453606e+18,m$^{-3}$ s$^{-1}$
excitation_source,0.3543020978988282,102873351.38855968,3.491792836504525e+18,m$^{-3}$ s$^{-1}$
excitation_source,0.3546343485401919,99834809.733075,3.4669177950397235e+18,m$^{-3}$ s$^{-1}$
excitation_source,0.3549537261856196,97478471.07678331,3.448706313997084e+18,m$^{-3}$ s$^{-1}$
excitation_source,0.3552731038310472,94903021.3415398,3.428277480066359e+18,m$^{-3}$ s$^{-1}$
excitation_source,0.3555924814764749,92131598.47643624,3.4056742810976425e+18,m$^{-3}$ s$^{-1}$
excitation_source,0.3559118591219025,86440697.05584541,3.380940078138845e+18,m$^{-3}$ s$^{-1}$
excitation_source,0.3562188625334843,89601623.25869498,3.362765413628211e+18,m$^{-3}$ s$^{-1}$
excitation_source,0.3565258659450661,105439638.00565197,3.3424065932012145e+18,m$^{-3}$ s$^{-1}$
excitation_source,0.3568328693566479,122090324.67106956,3.3199060760887045e+18,m$^{-3}$ s$^{-1}$
excitation_source,0.3571398727682297,139495130.28387043,3.2953066604248924e+18,m$^{-3}$ s$^{-1}$
excitation_source,0.3574349813836016,161557447.50407106,3.277164653463367e+18,m$^{-3}$ s$^{-1}$
excitation_source,0.3577300899989735,181178810.20198363,3.2568709929562337e+18,m$^{-3}$ s$^{-1}$
excitation_source,0.3580251986143453,200353097.6929895,3.234467628283812e+18,m$^{-3}$ s$^{-1}$
excitation_source,0.3583203072297172,218913796.0410252,3.209996830295096e+18,m$^{-3}$ s$^{-1}$
excitation_source,0.3586039819107833,238946772.41951627,3.1918831173099177e+18,m$^{-3}$ s$^{-1}$
excitation_source,0.3588876565918495,258456149.88059947,3.1716495780560614e+18,m$^{-3}$ s$^{-1}$
excitation_source,0.3591713312729158,277285563.1663656,3.149337688573562e+18,m$^{-3}$ s$^{-1}$
excitation_source,0.3594550059539819,295285183.52953696,3.124989227725914e+18,m$^{-3}$ s$^{-1}$
excitation_source,0.3597276897066287,315393654.09463304,3.1068992201299446e+18,m$^{-3}$ s$^{-1}$
excitation_source,0.3600003734592755,334748295.5504679,3.086720574423238e+18,m$^{-3}$ s$^{-1}$
excitation_source,0.3602730572119222,353208692.0012005,3.0644943297302743e+18,m$^{-3}$ s$^{-1}$
excitation_source,0.360545740964569,370640753.7181666,3.040261807973501e+18,m$^{-3}$ s$^{-1}$
excitation_source,0.3608078596304932,390767866.3266997,3.022190687013198e+18,m$^{-3}$ s$^{-1}$
excitation_source,0.3610699782964174,409929548.564428,3.0020615119058524e+18,m$^{-3}$ s$^{-1}$
excitation_source,0.3613320969623416,428000442.8166178,2.9799149212893e+18,m$^{-3}$ s$^{-1}$
excitation_source,0.3615942156282657,444861361.2879631,2.955791815295792e+18,m$^{-3}$ s$^{-1}$
excitation_source,0.3618461785499982,464955352.22799695,2.937734524253339e+18,m$^{-3}$ s$^{-1}$
excitation_source,0.3620981414717307,483890093.6645144,2.917649192806264e+18,m$^{-3}$ s$^{-1}$
excitation_source,0.3623501043934632,501554496.8561145,2.8955760959371244e+18,m$^{-3}$ s$^{-1}$
excitation_source,0.3626020673151957,517843522.56652194,2.871555747667694e+18,m$^{-3}$ s$^{-1}$
excitation_source,0.3628442679753591,537857313.3821963,2.8535069812245734e+18,m$^{-3}$ s$^{-1}$
excitation_source,0.3630864686355225,556535087.1696341,2.8334596513095444e+18,m$^{-3}$ s$^{-1}$
excitation_source,0.3633286692956858,573779311.0530276,2.811453706924969e+18,m$^{-3}$ s$^{-1}$
excitation_source,0.3635708699558492,567331352.6717824,2.7875293123955743e+18,m$^{-3}$ s$^{-1}$
excitation_source,0.3638036865916472,603938825.0125215,2.769483502666761e+18,m$^{-3}$ s$^{-1}$
excitation_source,0.3640365032274452,663096011.2599801,2.749468103067615e+18,m$^{-3}$ s$^{-1}$
excitation_source,0.3642693198632431,671252598.1468424,2.7275227754079616e+18,m$^{-3}$ s$^{-1}$
excitation_source,0.364502136499041,609712065.9833603,2.703687371951949e+18,m$^{-3}$ s$^{-1}$
excitation_source,0.3647259326929395,662943840.8790808,2.6856386714055864e+18,m$^{-3}$ s$^{-1}$
excitation_source,0.3649497288868381,674912073.1335335,2.665648885067051e+18,m$^{-3}$ s$^{-1}$
excitation_source,0.3651735250807366,683261984.2416735,2.6437574279468943e+18,m$^{-3}$ s$^{-1}$
excitation_source,0.3653973212746351,687978103.0498881,2.6200038582275533e+18,m$^{-3}$ s$^{-1}$
excitation_source,0.3656124465221579,703643027.8215871,2.6019461359702564e+18,m$^{-3}$ s$^{-1}$
excitation_source,0.3658275717696807,715599902.0323035,2.582912081387659e+18,m$^{-3}$ s$^{-1}$
excitation_source,0.3660426970172035,723836770.1011614,2.564883108168992e+18,m$^{-3}$ s$^{-1}$
excitation_source,0.3662578222647262,728343979.2554362,2.545047317689435e+18,m$^{-3}$ s$^{-1}$
excitation_source,0.3664646125202511,744070846.8703024,2.530720661078671e+18,m$^{-3}$ s$^{-1}$
excitation_source,0.3666714027757758,755988184.506896,2.514541854992534e+18,m$^{-3}$ s$^{-1}$
excitation_source,0.3668781930313005,764089500.7042649,2.496542342836068e+18,m$^{-3}$ s$^{-1}$
excitation_source,0.3670849832868254,768371125.7285938,2.4767535205200026e+18,m$^{-3}$ s$^{-1}$
excitation_source,0.3672837614882332,784128185.457731,2.46241554653955e+18,m$^{-3}$ s$^{-1}$
excitation_source,0.367482539689641,795980232.7884219,2.446242875889565e+18,m$^{-3}$ s$^{-1}$
excitation_source,0.3676813178910489,803926459.7814332,2.428266713830961e+18,m$^{-3}$ s$^{-1}$
excitation_source,0.3678800960924568,807969433.1664492,2.4085181632309023e+18,m$^{-3}$ s$^{-1}$
excitation_source,0.3680711726654542,823726650.7479885,2.394163673747439e+18,m$^{-3}$ s$^{-1}$
excitation_source,0.3682622492384517,835489941.0939761,2.377991329814916e+18,m$^{-3}$ s$^{-1}$
excitation_source,0.3684533258114491,843264474.0470563,2.360032116235951e+18,m$^{-3}$ s$^{-1}$
excitation_source,0.3686444023844465,847059332.3345851,2.340316867610762e+18,m$^{-3}$ s$^{-1}$
excitation_source,0.3688280757273476,862788187.6019791,2.3259403640066647e+18,m$^{-3}$ s$^{-1}$
excitation_source,0.3690117490702488,874441415.6513917,2.3097622319481405e+18,m$^{-3}$ s$^{-1}$
excitation_source,0.3691954224131499,882030470.7303445,2.291813265755092e+18,m$^{-3}$ s$^{-1}$
excitation_source,0.369379095756051,885571222.3974165,2.2721240583528044e+18,m$^{-3}$ s$^{-1}$
excitation_source,0.3695556527057768,901244581.4361691,2.2577197020942e+18,m$^{-3}$ s$^{-1}$
excitation_source,0.3697322096555025,912768478.3631676,2.2415293315998236e+18,m$^{-3}$ s$^{-1}$
excitation_source,0.3699087666052282,920160938.67378,2.2235835832477156e+18,m$^{-3}$ s$^{-1}$
excitation_source,0.370085323554954,923444903.1335096,2.2039128371211976e+18,m$^{-3}$ s$^{-1}$
excitation_source,0.3702550398349763,939036873.7828286,2.1894744157930447e+18,m$^{-3}$ s$^{-1}$
excitation_source,0.3704247561149987,950414049.197972,2.1732649875067443e+18,m$^{-3}$ s$^{-1}$
excitation_source,0.3705944723950209,957601317.7676438,2.1553150662364508e+18,m$^{-3}$ s$^{-1}$
excitation_source,0.3707641886750433,879231334.0555961,2.135654850724549e+18,m$^{-3}$ s$^{-1}$
excitation_source,0.3709273293259741,929227113.2863628,2.121175738931603e+18,m$^{-3}$ s$^{-1}$
excitation_source,0.371090469976905,908872272.7935864,2.1049400259316536e+18,m$^{-3}$ s$^{-1}$
excitation_source,0.3712536106278358,881025906.2225608,2.0869781426000476e+18,m$^{-3}$ s$^{-1}$
excitation_source,0.3714167512787666,846565587.416347,2.0673201411981235e+18,m$^{-3}$ s$^{-1}$
excitation_source,0.3715735710722634,833255613.0020747,2.052793255280091e+18,m$^{-3}$ s$^{-1}$
excitation_source,0.3717303908657603,812586987.4875824,2.0365235791777736e+18,m$^{-3}$ s$^{-1}$
excitation_source,0.3718872106592572,785397247.2950692,2.0185415043576036e+18,m$^{-3}$ s$^{-1}$
excitation_source,0.3720440304527539,752492905.1627759,1.9988769757408896e+18,m$^{-3}$ s$^{-1}$
excitation_source,0.3721947742893885,738001709.9533046,1.9842947217930944e+18,m$^{-3}$ s$^{-1}$
excitation_source,0.3723455181260231,717119996.6270738,1.9679829023463283e+18,m$^{-3}$ s$^{-1}$
excitation_source,0.3724962619626576,690618227.7884734,1.949971918768175e+18,m$^{-3}$ s$^{-1}$
excitation_source,0.3726470057992922,659240828.7691718,1.9302916528889075e+18,m$^{-3}$ s$^{-1}$
excitation_source,0.3727919090910043,643723275.8687519,1.9156458666590415e+18,m$^{-3}$ s$^{-1}$
excitation_source,0.3729368123827166,622716053.441493,1.8992831644678712e+18,m$^{-3}$ s$^{-1}$
excitation_source,0.3730817156744287,596930794.7578056,1.8812340135492728e+18,m$^{-3}$ s$^{-1}$
excitation_source,0.3732266189661409,567056785.3366032,1.8615282656274929e+18,m$^{-3}$ s$^{-1}$
excitation_source,0.373365908003874,550646714.4602642,1.8482547782905032e+18,m$^{-3}$ s$^{-1}$
excitation_source,0.373505197041607,529590159.8260506,1.8351379387067471e+18,m$^{-3}$ s$^{-1}$
excitation_source,0.37364448607934,504546249.5246701,1.8203785715475407e+18,m$^{-3}$ s$^{-1}$
excitation_source,0.3737837751170731,450493475.0001704,1.803998143410778e+18,m$^{-3}$ s$^{-1}$
excitation_source,0.3739176674241654,453159929.9208478,1.7924922053457032e+18,m$^{-3}$ s$^{-1}$
excitation_source,0.3740515597312576,472916891.22880673,1.7793226243285097e+18,m$^{-3}$ s$^{-1}$
excitation_source,0.3741854520383499,442954246.1564306,1.764511666914938e+18,m$^{-3}$ s$^{-1}$
excitation_source,0.3743193443454422,356472100.2722757,1.748080515395477e+18,m$^{-3}$ s$^{-1}$
excitation_source,0.3744480490173262,377397131.2929961,1.7365133437287183e+18,m$^{-3}$ s$^{-1}$
excitation_source,0.3745767536892104,360484310.6621543,1.7232827025879416e+18,m$^{-3}$ s$^{-1}$
excitation_source,0.3747054583610945,339781394.0839018,1.7084107343494216e+18,m$^{-3}$ s$^{-1}$
excitation_source,0.3748341630329786,315983946.5747751,1.6919183527443988e+18,m$^{-3}$ s$^{-1}$
excitation_source,0.3749578810637194,302548062.3544688,1.6802821440392678e+18,m$^{-3}$ s$^{-1}$
excitation_source,0.3750815990944602,285459861.0943925,1.6669814494564137e+18,m$^{-3}$ s$^{-1}$
excitation_source,0.375205317125201,265389972.66483504,1.652038322912945e+18,m$^{-3}$ s$^{-1}$
excitation_source,0.3753290351559418,242988513.1137634,1.6354734295062129e+18,m$^{-3}$ s$^{-1}$
excitation_source,0.3754479597521225,228623465.3686697,1.6237596821012646e+18,m$^{-3}$ s$^{-1}$
excitation_source,0.3755668843483032,211423369.75951803,1.6103791799116529e+18,m$^{-3}$ s$^{-1}$
excitation_source,0.3756858089444839,192016107.04415745,1.5953539317597542e+18,m$^{-3}$ s$^{-1}$
excitation_source,0.3758047335406645,145808882.16961423,1.578704379304276e+18,m$^{-3}$ s$^{-1}$
excitation_source,0.3759190504231112,173497661.81988224,1.5669037962877376e+18,m$^{-3}$ s$^{-1}$
excitation_source,0.3760333673055579,169763539.82332012,1.5534328706077527e+18,m$^{-3}$ s$^{-1}$
excitation_source,0.3761476841880046,144090775.541027,1.5383136188480778e+18,m$^{-3}$ s$^{-1}$
excitation_source,0.3762620010704513,129745951.43708938,1.521566291467175e+18,m$^{-3}$ s$^{-1}$
excitation_source,0.3763718887642676,143869620.36139187,1.5096686661707766e+18,m$^{-3}$ s$^{-1}$
excitation_source,0.376481776458084,143150829.67683882,1.4960957214327058e+18,m$^{-3}$ s$^{-1}$
excitation_source,0.3765916641519004,140336137.66602114,1.4808695466271355e+18,m$^{-3}$ s$^{-1}$
excitation_source,0.3767015518457167,135542651.52385527,1.464010242779596e+18,m$^{-3}$ s$^{-1}$
excitation_source,0.3768071819590808,136954902.90031606,1.4520043225283192e+18,m$^{-3}$ s$^{-1}$
excitation_source,0.3769128120724448,136225099.22158203,1.4383166447475318e+18,m$^{-3}$ s$^{-1}$
excitation_source,0.3770184421858089,133468988.9273772,1.4229694524287473e+18,m$^{-3}$ s$^{-1}$
excitation_source,0.377124072299173,128798148.94788872,1.4059827518141614e+18,m$^{-3}$ s$^{-1}$
excitation_source,0.3772256097913325,130133152.23970178,1.3938560746937708e+18,m$^{-3}$ s$^{-1}$
excitation_source,0.377327147283492,129397785.58531366,1.3800396675168937e+18,m$^{-3}$ s$^{-1}$
excitation_source,0.3774286847756516,126703303.20296444,1.3645560283365747e+18,m$^{-3}$ s$^{-1}$
excitation_source,0.3775302222678111,111766243.24638778,1.3474251407638303e+18,m$^{-3}$ s$^{-1}$
excitation_source,0.3776278257066952,120984810.09532496,1.3351638386660155e+18,m$^{-3}$ s$^{-1}$
excitation_source,0.3777254291455794,137897928.48986813,1.3212032285498143e+18,m$^{-3}$ s$^{-1}$
excitation_source,0.3778230325844635,152219366.79821253,1.305566192019335e+18,m$^{-3}$ s$^{-1}$
excitation_source,0.3779206360233476,87292826.89594494,1.289360135924907e+18,m$^{-3}$ s$^{-1}$
excitation_source,0.3780144578331972,114685090.99947332,1.2799597680380042e+18,m$^{-3}$ s$^{-1}$
excitation_source,0.3781082796430469,113186593.05065784,1.2688906409644518e+18,m$^{-3}$ s$^{-1}$
excitation_source,0.3782021014528965,108904709.26919486,1.2561651704971822e+18,m$^{-3}$ s$^{-1}$
excitation_source,0.3782959232627461,102050418.1476356,1.2417919782219443e+18,m$^{-3}$ s$^{-1}$
excitation_source,0.3783861099621504,103369473.55920212,1.232282750980256e+18,m$^{-3}$ s$^{-1}$
excitation_source,0.3784762966615547,101834852.70682612,1.2210784239835016e+18,m$^{-3}$ s$^{-1}$
excitation_source,0.3785664833609589,97667820.39474306,1.2081911215155292e+18,m$^{-3}$ s$^{-1}$
excitation_source,0.3786566700603632,50977129.87463219,1.193628628074778e+18,m$^{-3}$ s$^{-1}$
excitation_source,0.3787433624910727,97036624.89462924,1.1839979527962028e+18,m$^{-3}$ s$^{-1}$
excitation_source,0.3788300549217823,138587896.48577797,1.1726424352687892e+18,m$^{-3}$ s$^{-1}$
excitation_source,0.3789167473524919,75888804.4282947,1.1595739641042706e+18,m$^{-3}$ s$^{-1}$
excitation_source,0.3790034397832014,44943033.14665679,1.1447994678784942e+18,m$^{-3}$ s$^{-1}$
excitation_source,0.3790867733300767,72442899.92482972,1.1350331137191292e+18,m$^{-3}$ s$^{-1}$
excitation_source,0.3791701068769518,68493351.1264328,1.123508421770461e+18,m$^{-3}$ s$^{-1}$
excitation_source,0.379253440423827,61285332.15348992,1.1102371444606684e+18,m$^{-3}$ s$^{-1}$
excitation_source,0.3793367739707022,51565702.38628898,1.095225359479762e+18,m$^{-3}$ s$^{-1}$
excitation_source,0.3794168787731397,50444963.07255071,1.085307109452886e+18,m$^{-3}$ s$^{-1}$
excitation_source,0.3794969835755771,46123756.54607315,1.0735929020475336e+18,m$^{-3}$ s$^{-1}$
excitation_source,0.3795770883780146,39414553.21017087,1.060094506403082e+18,m$^{-3}$ s$^{-1}$
excitation_source,0.379657193180452,18299576.75896208,1.0448171960071776e+18,m$^{-3}$ s$^{-1}$
excitation_source,0.3797341943356188,26096941.46063684,1.0347284148160276e+18,m$^{-3}$ s$^{-1}$
excitation_source,0.3798111954907857,37051607.79802412,1.0228015430170756e+18,m$^{-3}$ s$^{-1}$
excitation_source,0.3798881966459524,23585033.90042939,1.009048599025688e+18,m$^{-3}$ s$^{-1}$
excitation_source,0.3799651978011192,33647514.83701647,9.93474168886132e+17,m$^{-3}$ s$^{-1}$
excitation_source,0.3800392155593136,11655916.874213705,9.831932388705088e+17,m$^{-3}$ s$^{-1}$
excitation_source,0.3801132333175079,5816975.442715763,9.710271822252751e+17,m$^{-3}$ s$^{-1}$
excitation_source,0.3801872510757023,23614881.63979948,9.569886184942136e+17,m$^{-3}$ s$^{-1}$
excitation_source,0.3802612688338966,33825388.20023521,9.41081678611688e+17,m$^{-3}$ s$^{-1}$
excitation_source,0.3803324187863389,17518459.86601877,9.305832522746806e+17,m$^{-3}$ s$^{-1}$
excitation_source,0.3804035687387812,16649168.128799776,9.181474079089774e+17,m$^{-3}$ s$^{-1}$
excitation_source,0.3804747186912235,15766385.074425178,9.037878972871666e+17,m$^{-3}$ s$^{-1}$
excitation_source,0.3805458686436658,14872111.392853271,8.875088155170176e+17,m$^{-3}$ s$^{-1}$
excitation_source,0.3806142619030137,14042370.363278108,8.767902489348056e+17,m$^{-3}$ s$^{-1}$
excitation_source,0.3806826551623617,13198848.918603327,8.670656525514294e+17,m$^{-3}$ s$^{-1}$
excitation_source,0.3807510484217096,12343650.420351444,8.554047262196044e+17,m$^{-3}$ s$^{-1}$
excitation_source,0.3808194416810576,11478911.71624869,8.41792185546956e+17,m$^{-3}$ s$^{-1}$
excitation_source,0.3808851850549274,10672214.569834195,8.338341522556746e+17,m$^{-3}$ s$^{-1}$
excitation_source,0.3809509284287973,9853599.314624906,8.238578266028518e+17,m$^{-3}$ s$^{-1}$
excitation_source,0.3810166718026672,9025320.37087871,8.118603249496655e+17,m$^{-3}$ s$^{-1}$
excitation_source,0.3810824151765369,8189684.675104879,7.978242006609373e+17,m$^{-3}$ s$^{-1}$
excitation_source,0.3811456113343016,7405005.262337366,7.896743142044371e+17,m$^{-3}$ s$^{-1}$
excitation_source,0.3812088074920663,6610493.548361605,7.794111630394057e+17,m$^{-3}$ s$^{-1}$
excitation_source,0.3812720036498309,5808589.810587676,7.670325053369391e+17,m$^{-3}$ s$^{-1}$
excitation_source,0.3813351998075956,5001810.800615576,7.525194912675305e+17,m$^{-3}$ s$^{-1}$
excitation_source,0.3813959474407201,4238145.203091038,7.441468603703832e+17,m$^{-3}$ s$^{-1}$
excitation_source,0.3814566950738445,3467018.2867135857,7.335550619684852e+17,m$^{-3}$ s$^{-1}$
excitation_source,0.381517442706969,2691096.9101125365,7.20744003262825e+17,m$^{-3}$ s$^{-1}$
excitation_source,0.3815781903400935,1913155.3894134972,7.056949791674162e+17,m$^{-3}$ s$^{-1}$
excitation_source,0.3816365843162586,1169531.2369785607,6.970601395164201e+17,m$^{-3}$ s$^{-1}$
excitation_source,0.3816949782924236,421178.1000877635,6.86089377547832e+17,m$^{-3}$ s$^{-1}$
excitation_source,0.3817533722685886,0.0,6.727872452164113e+17,m$^{-3}$ s$^{-1}$
excitation_source,0.3818117662447536,0.0,6.571379981747807e+17,m$^{-3}$ s$^{-1}$
excitation_source,0.3818678977560072,0.0,6.481894501755802e+17,m$^{-3}$ s$^{-1}$
excitation_source,0.381924029267261,0.0,6.367786871442255e+17,m$^{-3}$ s$^{-1}$
excitation_source,0.3819801607785146,0.0,6.229188964419089e+17,m$^{-3}$ s$^{-1}$
excitation_source,0.3820362922897682,0.0,6.066020293481734e+17,m$^{-3}$ s$^{-1}$
excitation_source,0.3820902489949379,0.0,5.972714542197937e+17,m$^{-3}$ s$^{-1}$
excitation_source,0.3821442057001075,0.0,5.853462945848696e+17,m$^{-3}$ s$^{-1}$
excitation_source,0.3821981624052772,0.0,5.708545126751627e+17,m$^{-3}$ s$^{-1}$
excitation_source,0.3822521191104469,0.0,5.566989991609288e+17,m$^{-3}$ s$^{-1}$
excitation_source,0.3823039852720331,0.0,5.50195480636128e+17,m$^{-3}$ s$^{-1}$
excitation_source,0.3823558514336194,0.0,5.4104493827643386e+17,m$^{-3}$ s$^{-1}$
excitation_source,0.3824077175952057,0.0,5.2925333031743e+17,m$^{-3}$ s$^{-1}$
excitation_source,0.3824595837567919,0.0,5.148012849745575e+17,m$^{-3}$ s$^{-1}$
excitation_source,0.3825094403725589,0.0,5.079775332005238e+17,m$^{-3}$ s$^{-1}$
excitation_source,0.3825592969883259,0.0,4.9833153260566496e+17,m$^{-3}$ s$^{-1}$
excitation_source,0.3826091536040928,0.0,4.858925847999202e+17,m$^{-3}$ s$^{-1}$
excitation_source,0.3826590102198599,0.0,4.7066626736779584e+17,m$^{-3}$ s$^{-1}$
excitation_source,0.3827069351493266,0.0,4.6342511144247904e+17,m$^{-3}$ s$^{-1}$
excitation_source,0.3827548600787934,0.0,4.531957027646271e+17,m$^{-3}$ s$^{-1}$
excitation_source,0.3828027850082602,0.0,4.400436020691173e+17,m$^{-3}$ s$^{-1}$
excitation_source,0.3828507099377269,0.0,4.240135003615917e+17,m$^{-3}$ s$^{-1}$
excitation_source,0.3828967780237585,0.0,4.16231383630068e+17,m$^{-3}$ s$^{-1}$
excitation_source,0.3829428461097901,0.0,4.053246850591385e+17,m$^{-3}$ s$^{-1}$
excitation_source,0.3829889141958216,0.0,3.914108122997032e+17,m$^{-3}$ s$^{-1}$
excitation_source,0.3830349822818532,0.0,3.7458936101271846e+17,m$^{-3}$ s$^{-1}$
excitation_source,0.3830792654675401,0.0,3.6612539561958496e+17,m$^{-3}$ s$^{-1}$
excitation_source,0.383123548653227,0.0,3.544604062395709e+17,m$^{-3}$ s$^{-1}$
excitation_source,0.383167831838914,0.0,3.42673858839254e+17,m$^{-3}$ s$^{-1}$
excitation_source,0.3832121150246009,0.0,3.2889300594040704e+17,m$^{-3}$ s$^{-1}$
excitation_source,0.3832546824656108,0.0,3.2347563385651206e+17,m$^{-3}$ s$^{-1}$
excitation_source,0.3832972499066207,0.0,3.149448651627992e+17,m$^{-3}$ s$^{-1}$
excitation_source,0.3833398173476305,0.0,3.034662591166925e+17,m$^{-3}$ s$^{-1}$
excitation_source,0.3833823847886404,0.0,2.891743039976563e+17,m$^{-3}$ s$^{-1}$
excitation_source,0.3834233029612158,0.0,2.833288950472816e+17,m$^{-3}$ s$^{-1}$
excitation_source,0.3834642211337912,0.0,2.7438962814497645e+17,m$^{-3}$ s$^{-1}$
excitation_source,0.3835051393063665,0.0,2.6258938898927136e+17,m$^{-3}$ s$^{-1}$
excitation_source,0.3835460574789419,0.0,2.481177184134164e+17,m$^{-3}$ s$^{-1}$
excitation_source,0.3835853902837145,0.0,2.420415243692788e+17,m$^{-3}$ s$^{-1}$
excitation_source,0.3836247230884871,0.0,2.330803106841916e+17,m$^{-3}$ s$^{-1}$
excitation_source,0.3836640558932598,0.0,2.2152729937890707e+17,m$^{-3}$ s$^{-1}$
excitation_source,0.3837033886980324,0.0,2.0760859558043072e+17,m$^{-3}$ s$^{-1}$
excitation_source,0.3837411975598145,0.0,2.020109460900679e+17,m$^{-3}$ s$^{-1}$
excitation_source,0.3837790064215967,0.0,1.970083110938662e+17,m$^{-3}$ s$^{-1}$
excitation_source,0.3838168152833788,0.0,1.8991121898952186e+17,m$^{-3}$ s$^{-1}$
excitation_source,0.3838546241451609,0.0,1.8069668029510832e+17,m$^{-3}$ s$^{-1}$
excitation_source,0.3838909681088707,0.0,1.8007808567473373e+17,m$^{-3}$ s$^{-1}$
excitation_source,0.3839273120725804,0.0,1.7783403003586774e+17,m$^{-3}$ s$^{-1}$
excitation_source,0.3839636560362902,0.0,1.7409999837638714e+17,m$^{-3}$ s$^{-1}$
excitation_source,0.384,0.0,1.6933106589915034e+17,m$^{-3}$ s$^{-1}$
ionization_source,0.016,3.476463659690462e+18,2.4122936190917263e+19,m$^{-3}$ s$^{-1}$
ionization_source,0.0160363439637097,6.94380710494014e+18,2.8692824449637188e+19,m$^{-3}$ s$^{-1}$
ionization_source,0.0160726879274195,1.114551096160108e+19,3.3430238638863712e+19,m$^{-3}$ s$^{-1}$
ionization_source,0.0161090318911293,1.608777755635386e+19,3.822411622631367e+19,m$^{-3}$ s$^{-1}$
ionization_source,0.0161453758548391,2.1420290719516398e+19,4.295666913281648e+19,m$^{-3}$ s$^{-1}$
ionization_source,0.0161831847166212,2.664279640018244e+19,4.785706985992004e+19,m$^{-3}$ s$^{-1}$
ionization_source,0.0162209935784033,3.195469059314984e+19,5.276416301135354e+19,m$^{-3}$ s$^{-1}$
ionization_source,0.0162588024401854,3.718915042059142e+19,5.76271609738646e+19,m$^{-3}$ s$^{-1}$
ionization_source,0.0162966113019675,4.237899963244903e+19,6.234479156353645e+19,m$^{-3}$ s$^{-1}$
ionization_source,0.0163359441067401,4.737983875057055e+19,6.718465102095669e+19,m$^{-3}$ s$^{-1}$
ionization_source,0.0163752769115128,5.17868648055293e+19,7.194461132327678e+19,m$^{-3}$ s$^{-1}$
ionization_source,0.0164146097162854,5.6120755730431566e+19,7.659708413400198e+19,m$^{-3}$ s$^{-1}$
ionization_source,0.016453942521058,6.033714764379667e+19,8.110758829377544e+19,m$^{-3}$ s$^{-1}$
ionization_source,0.0164948606936334,6.455438817030936e+19,8.569254325028223e+19,m$^{-3}$ s$^{-1}$
ionization_source,0.0165357788662088,6.873691905340707e+19,9.017368966617724e+19,m$^{-3}$ s$^{-1}$
ionization_source,0.0165766970387842,7.2845997851789025e+19,9.45352482270612e+19,m$^{-3}$ s$^{-1}$
ionization_source,0.0166176152113596,7.62573846215314e+19,9.876535607121256e+19,m$^{-3}$ s$^{-1}$
ionization_source,0.0166601826523694,7.94039799432303e+19,1.030330975463172e+20,m$^{-3}$ s$^{-1}$
ionization_source,0.0167027500933793,8.25618560324355e+19,1.072103126188573e+20,m$^{-3}$ s$^{-1}$
ionization_source,0.0167453175343891,8.566614478169026e+19,1.1126837588139844e+20,m$^{-3}$ s$^{-1}$
ionization_source,0.0167878849753989,8.871495524678972e+19,1.1518053061697896e+20,m$^{-3}$ s$^{-1}$
ionization_source,0.0168321681610859,9.182355876753116e+19,1.1916072987258836e+20,m$^{-3}$ s$^{-1}$
ionization_source,0.0168764513467729,9.488694952110255e+19,1.2304335991947636e+20,m$^{-3}$ s$^{-1}$
ionization_source,0.0169207345324598,9.79049772465374e+19,1.2678250788120746e+20,m$^{-3}$ s$^{-1}$
ionization_source,0.0169650177181468,1.0023270845437654e+20,1.304271599506371e+20,m$^{-3}$ s$^{-1}$
ionization_source,0.0170110858041783,1.0227044513846782e+20,1.3413485765274305e+20,m$^{-3}$ s$^{-1}$
ionization_source,0.0170571538902099,1.0431758611803518e+20,1.3771903437632288e+20,m$^{-3}$ s$^{-1}$
ionization_source,0.0171032219762414,1.0633927144954533e+20,1.4119253205448471e+20,m$^{-3}$ s$^{-1}$
ionization_source,0.017149290062273,1.0833220024065085e+20,1.4458359381725536e+20,m$^{-3}$ s$^{-1}$
ionization_source,0.0171972149917398,1.1037232245539707e+20,1.480290499604586e+20,m$^{-3}$ s$^{-1}$
ionization_source,0.0172451399212065,1.1239278444055963e+20,1.5138088851333084e+20,m$^{-3}$ s$^{-1}$
ionization_source,0.0172930648506733,1.1439072833529828e+20,1.54601615674145e+20,m$^{-3}$ s$^{-1}$
ionization_source,0.0173409897801401,1.1636349442644831e+20,1.5774992846788116e+20,m$^{-3}$ s$^{-1}$
ionization_source,0.017390846395907,1.1838670563075236e+20,1.6094004790677497e+20,m$^{-3}$ s$^{-1}$
ionization_source,0.017440703011674,1.2039217722349748e+20,1.6406674164663678e+20,m$^{-3}$ s$^{-1}$
ionization_source,0.017490559627441,1.2237754310164432e+20,1.6712778687737827e+20,m$^{-3}$ s$^{-1}$
ionization_source,0.017540416243208,1.2434057336884951e+20,1.7004952314273536e+20,m$^{-3}$ s$^{-1}$
ionization_source,0.0175922824047942,1.26357248546143e+20,1.729892571446517e+20,m$^{-3}$ s$^{-1}$
ionization_source,0.0176441485663805,1.2835784004665392e+20,1.7586999117302923e+20,m$^{-3}$ s$^{-1}$
ionization_source,0.0176960147279668,1.3034031391865251e+20,1.786910870720912e+20,m$^{-3}$ s$^{-1}$
ionization_source,0.0177478808895531,1.3230272187251296e+20,1.814526242241138e+20,m$^{-3}$ s$^{-1}$
ionization_source,0.0178018375947228,1.3432209077168747e+20,1.842176267033165e+20,m$^{-3}$ s$^{-1}$
ionization_source,0.0178557942998924,1.3632677607857172e+20,1.869244231135348e+20,m$^{-3}$ s$^{-1}$
ionization_source,0.0179097510050621,1.3831495763299172e+20,1.8954438877541155e+20,m$^{-3}$ s$^{-1}$
ionization_source,0.0179637077102317,1.4028485569624952e+20,1.92076638290988e+20,m$^{-3}$ s$^{-1}$
ionization_source,0.0180198392214854,1.4231529343748624e+20,1.945842520085105e+20,m$^{-3}$ s$^{-1}$
ionization_source,0.018075970732739,1.4433218368415492e+20,1.9703720826957994e+20,m$^{-3}$ s$^{-1}$
ionization_source,0.0181321022439927,1.4633382464489044e+20,1.994377817942178e+20,m$^{-3}$ s$^{-1}$
ionization_source,0.0181882337552464,1.4832660274519697e+20,2.0178952621141675e+20,m$^{-3}$ s$^{-1}$
ionization_source,0.0182466277314114,1.5036992156411983e+20,2.0407962629887053e+20,m$^{-3}$ s$^{-1}$
ionization_source,0.0183050217075764,1.5239202980540704e+20,2.0631473934492257e+20,m$^{-3}$ s$^{-1}$
ionization_source,0.0183634156837414,1.542283844496895e+20,2.084988452690288e+20,m$^{-3}$ s$^{-1}$
ionization_source,0.0184218096599065,1.5577182160999514e+20,2.106377324202769e+20,m$^{-3}$ s$^{-1}$
ionization_source,0.0184825572930309,1.573360932953147e+20,2.1266711202621876e+20,m$^{-3}$ s$^{-1}$
ionization_source,0.0185433049261554,1.58909823274119e+20,2.1464089700881557e+20,m$^{-3}$ s$^{-1}$
ionization_source,0.0186040525592799,1.6048066704152258e+20,2.1656537230494935e+20,m$^{-3}$ s$^{-1}$
ionization_source,0.0186648001924044,1.6204771168546167e+20,2.184491382138283e+20,m$^{-3}$ s$^{-1}$
ionization_source,0.0187279963501691,1.6367090592163676e+20,2.2016173391911053e+20,m$^{-3}$ s$^{-1}$
ionization_source,0.0187911925079337,1.652918978207355e+20,2.2181847401804304e+20,m$^{-3}$ s$^{-1}$
ionization_source,0.0188543886656983,1.6690972961205928e+20,2.2342857591320625e+20,m$^{-3}$ s$^{-1}$
ionization_source,0.018917584823463,1.685233444137284e+20,2.250041937646926e+20,m$^{-3}$ s$^{-1}$
ionization_source,0.0189833281973328,1.7019796381486868e+20,2.263302183010055e+20,m$^{-3}$ s$^{-1}$
ionization_source,0.0190490715712026,1.7186993627326068e+20,2.2760126283787908e+20,m$^{-3}$ s$^{-1}$
ionization_source,0.0191148149450725,1.7353814355549238e+20,2.28830275565718e+20,m$^{-3}$ s$^{-1}$
ionization_source,0.0191805583189423,1.7520131491899707e+20,2.3003385365266534e+20,m$^{-3}$ s$^{-1}$
ionization_source,0.0192489515782903,1.76931205595601e+20,2.308896537355956e+20,m$^{-3}$ s$^{-1}$
ionization_source,0.0193173448376382,1.786576484029169e+20,2.31693693078443e+20,m$^{-3}$ s$^{-1}$
ionization_source,0.0193857380969862,1.803792912666452e+20,2.324635984378621e+20,m$^{-3}$ s$^{-1}$
ionization_source,0.0194541313563341,1.8209456362403427e+20,2.332213593126352e+20,m$^{-3}$ s$^{-1}$
ionization_source,0.0195252813087764,1.8388336733476192e+20,2.3351094920382277e+20,m$^{-3}$ s$^{-1}$
ionization_source,0.0195964312612187,1.856674524203948e+20,2.3375608055645343e+20,m$^{-3}$ s$^{-1}$
ionization_source,0.019667581213661,1.8744514207477465e+20,2.3398005420327213e+20,m$^{-3}$ s$^{-1}$
ionization_source,0.0197387311661033,1.892144581557873e+20,2.3421164094817622e+20,m$^{-3}$ s$^{-1}$
ionization_source,0.0198127489242976,1.910655106082756e+20,2.3374990288051533e+20,m$^{-3}$ s$^{-1}$
ionization_source,0.019886766682492,1.929099530227827e+20,2.3323549979547736e+20,m$^{-3}$ s$^{-1}$
ionization_source,0.0199607844406864,1.947456693134096e+20,2.3271248421150448e+20,m$^{-3}$ s$^{-1}$
ionization_source,0.0200348021988807,1.96570136704188e+20,2.3221539641981737e+20,m$^{-3}$ s$^{-1}$
ionization_source,0.0201118033540475,1.9848630749185733e+20,2.309273090665348e+20,m$^{-3}$ s$^{-1}$
ionization_source,0.0201888045092143,2.003931540910776e+20,2.29622748133429e+20,m$^{-3}$ s$^{-1}$
ionization_source,0.0202658056643811,2.022879747539703e+20,2.283022978083391e+20,m$^{-3}$ s$^{-1}$
ionization_source,0.0203428068195479,2.041675253788028e+20,2.2694368992226096e+20,m$^{-3}$ s$^{-1}$
ionization_source,0.0204229116219854,2.061509705805892e+20,2.2460474677733923e+20,m$^{-3}$ s$^{-1}$
ionization_source,0.0205030164244228,2.081212806995801e+20,2.2227528004200376e+20,m$^{-3}$ s$^{-1}$
ionization_source,0.0205831212268602,2.1007497863647465e+20,2.1999584113291785e+20,m$^{-3}$ s$^{-1}$
ionization_source,0.0206632260292976,2.1200786752957084e+20,2.1771757128542827e+20,m$^{-3}$ s$^{-1}$
ionization_source,0.0207465595761729,2.140596487009898e+20,2.142334067087582e+20,m$^{-3}$ s$^{-1}$
ionization_source,0.0208298931230481,2.1609300940887448e+20,2.1079802784318908e+20,m$^{-3}$ s$^{-1}$
ionization_source,0.0209132266699234,2.181034471711751e+20,2.0744903550884178e+20,m$^{-3}$ s$^{-1}$
ionization_source,0.0209965602167986,2.2008550274258875e+20,2.040875196049856e+20,m$^{-3}$ s$^{-1}$
ionization_source,0.0210832526475082,2.2220499787719256e+20,1.9946372239447605e+20,m$^{-3}$ s$^{-1}$
ionization_source,0.0211699450782177,2.242987801925373e+20,1.9493746094117205e+20,m$^{-3}$ s$^{-1}$
ionization_source,0.0212566375089272,2.263609845909476e+20,1.9044689369404503e+20,m$^{-3}$ s$^{-1}$
ionization_source,0.0213433299396368,2.283844628806581e+20,1.8600196380425444e+20,m$^{-3}$ s$^{-1}$
ionization_source,0.021433516639041,2.3056844774263387e+20,1.804066362879992e+20,m$^{-3}$ s$^{-1}$
ionization_source,0.0215237033384453,2.3271664759892017e+20,1.7487393915293e+20,m$^{-3}$ s$^{-1}$
ionization_source,0.0216138900378495,2.3482136529830026e+20,1.6942749869026797e+20,m$^{-3}$ s$^{-1}$
ionization_source,0.0217040767372538,2.3687315209221413e+20,1.6396500577602758e+20,m$^{-3}$ s$^{-1}$
ionization_source,0.0217978985471034,2.391143484260704e+20,1.577288519440092e+20,m$^{-3}$ s$^{-1}$
ionization_source,0.0218917203569531,2.4130574341367837e+20,1.5162756808284416e+20,m$^{-3}$ s$^{-1}$
ionization_source,0.0219855421668027,2.434371262241331e+20,1.4552422709030707e+20,m$^{-3}$ s$^{-1}$
ionization_source,0.0220793639766524,2.454958237596838e+20,1.3917162932583083e+20,m$^{-3}$ s$^{-1}$
ionization_source,0.0221769674155365,2.4778056256905295e+20,1.33038300433189e+20,m$^{-3}$ s$^{-1}$
ionization_source,0.0222745708544206,2.4999570180664928e+20,1.269491230357884e+20,m$^{-3}$ s$^{-1}$
ionization_source,0.0223721742933047,2.5212747261971277e+20,1.2062973355547694e+20,m$^{-3}$ s$^{-1}$
ionization_source,0.0224697777321888,2.5415848909192747e+20,1.1368518358647705e+20,m$^{-3}$ s$^{-1}$
ionization_source,0.0225713152243483,2.564628546602864e+20,1.084867102753688e+20,m$^{-3}$ s$^{-1}$
ionization_source,0.0226728527165079,2.5866896835841923e+20,1.0314200484469305e+20,m$^{-3}$ s$^{-1}$
ionization_source,0.0227743902086675,2.607577957230017e+20,9.707658484165512e+19,m$^{-3}$ s$^{-1}$
ionization_source,0.022875927700827,2.6270464654734927e+20,8.985066432037164e+19,m$^{-3}$ s$^{-1}$
ionization_source,0.0229815578141911,2.649878965297831e+20,8.638305258657237e+19,m$^{-3}$ s$^{-1}$
ionization_source,0.0230871879275552,2.671298737467439e+20,8.231222023386725e+19,m$^{-3}$ s$^{-1}$
ionization_source,0.0231928180409192,2.6910326532215987e+20,7.692819075500386e+19,m$^{-3}$ s$^{-1}$
ionization_source,0.0232984481542833,2.709151739941834e+20,6.962329889068088e+19,m$^{-3}$ s$^{-1}$
ionization_source,0.0234083358480996,2.7292932601503436e+20,6.829362123413693e+19,m$^{-3}$ s$^{-1}$
ionization_source,0.023518223541916,2.7364941209534952e+20,6.562418601645312e+19,m$^{-3}$ s$^{-1}$
ionization_source,0.0236281112357323,2.7403183452798075e+20,6.111634960362e+19,m$^{-3}$ s$^{-1}$
ionization_source,0.0237379989295486,2.740277038614372e+20,5.40061088166331e+19,m$^{-3}$ s$^{-1}$
ionization_source,0.0238523158119953,2.7423294058163343e+20,5.454029186715975e+19,m$^{-3}$ s$^{-1}$
ionization_source,0.023966632694442,2.739749464578738e+20,5.328143267187804e+19,m$^{-3}$ s$^{-1}$
ionization_source,0.0240809495768887,2.732005412068153e+20,4.948608218483973e+19,m$^{-3}$ s$^{-1}$
ionization_source,0.0241952664593354,2.7184657980043094e+20,4.277058575051317e+19,m$^{-3}$ s$^{-1}$
ionization_source,0.0243141910555161,2.7070682106781984e+20,4.47331883230148e+19,m$^{-3}$ s$^{-1}$
ionization_source,0.0244331156516968,2.6876507495017248e+20,4.436142170868743e+19,m$^{-3}$ s$^{-1}$
ionization_source,0.0245520402478774,2.6595541129794254e+20,4.122983396966401e+19,m$^{-3}$ s$^{-1}$
ionization_source,0.0246709648440581,2.621653599518754e+20,3.5174267567574667e+19,m$^{-3}$ s$^{-1}$
ionization_source,0.0247946828747989,2.585831606411216e+20,3.782287570635816e+19,m$^{-3}$ s$^{-1}$
ionization_source,0.0249184009055397,2.5333117168628285e+20,3.797428430551078e+19,m$^{-3}$ s$^{-1}$
ionization_source,0.0250421189362805,2.463324842922864e+20,3.543086175497533e+19,m$^{-3}$ s$^{-1}$
ionization_source,0.0251658369670213,2.3867557057911207e+20,3.0142703394039407e+19,m$^{-3}$ s$^{-1}$
ionization_source,0.0252945416389054,2.224900347003667e+20,3.291207255022698e+19,m$^{-3}$ s$^{-1}$
ionization_source,0.0254232463107895,1.9653345070180657e+20,3.329200780249776e+19,m$^{-3}$ s$^{-1}$
ionization_source,0.0255519509826736,1.5868523690235327e+20,3.125949122744278e+19,m$^{-3}$ s$^{-1}$
ionization_source,0.0256806556545578,1.7174825770195413e+20,2.6883525836773827e+19,m$^{-3}$ s$^{-1}$
ionization_source,0.02581454796165,2.343773618009192e+19,2.9382894395831177e+19,m$^{-3}$ s$^{-1}$
ionization_source,0.0259484402687423,13911805.969802564,2.9734758685688197e+19,m$^{-3}$ s$^{-1}$
ionization_source,0.0260823325758346,16138595.428603804,2.809491588053008e+19,m$^{-3}$ s$^{-1}$
ionization_source,0.0262162248829268,619488054.010861,2.4615362907926077e+19,m$^{-3}$ s$^{-1}$
ionization_source,0.0263555139206599,45254908.33499135,2.6724657270179045e+19,m$^{-3}$ s$^{-1}$
ionization_source,0.026494802958393,13072040.150038708,2.7045147430292623e+19,m$^{-3}$ s$^{-1}$
ionization_source,0.026634091996126,0.0,2.5756732581328404e+19,m$^{-3}$ s$^{-1}$
ionization_source,0.0267733810338591,0.0,2.3007276616011497e+19,m$^{-3}$ s$^{-1}$
ionization_source,0.0269182843255713,0.0,2.4646011313110065e+19,m$^{-3}$ s$^{-1}$
ionization_source,0.0270631876172834,0.0,2.485667852565752e+19,m$^{-3}$ s$^{-1}$
ionization_source,0.0272080909089956,0.0,2.3821145106260943e+19,m$^{-3}$ s$^{-1}$
ionization_source,0.0273529942007077,0.0,2.1673294494853407e+19,m$^{-3}$ s$^{-1}$
ionization_source,0.0275037380373423,0.0,2.294017371152242e+19,m$^{-3}$ s$^{-1}$
ionization_source,0.0276544818739769,1094015.329481713,2.309940613353497e+19,m$^{-3}$ s$^{-1}$
ionization_source,0.0278052257106114,2997349.7008643923,2.2298909031370744e+19,m$^{-3}$ s$^{-1}$
ionization_source,0.027955969547246,21986051.57897292,2.064243142405244e+19,m$^{-3}$ s$^{-1}$
ionization_source,0.0281127893407428,49520654.21861699,2.158843486536351e+19,m$^{-3}$ s$^{-1}$
ionization_source,0.0282696091342396,370364608.7125678,2.167435669105199e+19,m$^{-3}$ s$^{-1}$
ionization_source,0.0284264289277364,171499602.34376553,2.1016954216015266e+19,m$^{-3}$ s$^{-1}$
ionization_source,0.0285832487212332,1013042283.4696968,1.969637056785526e+19,m$^{-3}$ s$^{-1}$
ionization_source,0.0287463893721641,58404108.01734712,2.039966204705471e+19,m$^{-3}$ s$^{-1}$
ionization_source,0.0289095300230949,163527186.84404284,2.0432419259786027e+19,m$^{-3}$ s$^{-1}$
ionization_source,0.0290726706740258,159883283.45082226,1.988241741639344e+19,m$^{-3}$ s$^{-1}$
ionization_source,0.0292358113249567,884126813.7601562,1.881034902155582e+19,m$^{-3}$ s$^{-1}$
ionization_source,0.029405527604979,1015523.5541120204,1.933472956968926e+19,m$^{-3}$ s$^{-1}$
ionization_source,0.0295752438850014,315889668.85455793,1.9345909515965088e+19,m$^{-3}$ s$^{-1}$
ionization_source,0.0297449601650237,246366312.89888248,1.890442429653384e+19,m$^{-3}$ s$^{-1}$
ionization_source,0.029914676445046,1134350658.102014,1.8041617271288363e+19,m$^{-3}$ s$^{-1}$
ionization_source,0.0300912333947717,334349223.2373442,1.846419789913489e+19,m$^{-3}$ s$^{-1}$
ionization_source,0.0302677903444974,197042862.33094504,1.8460537305273213e+19,m$^{-3}$ s$^{-1}$
ionization_source,0.0304443472942232,86948151.28689156,1.8077735557606173e+19,m$^{-3}$ s$^{-1}$
ionization_source,0.0306209042439489,1047894346.8703736,1.7349540058038469e+19,m$^{-3}$ s$^{-1}$
ionization_source,0.03080457758685,324441111.0113143,1.767548075994595e+19,m$^{-3}$ s$^{-1}$
ionization_source,0.0309882509297511,250553672.1614354,1.7651957873419231e+19,m$^{-3}$ s$^{-1}$
ionization_source,0.0311719242726522,293667864.2096422,1.7314655817742453e+19,m$^{-3}$ s$^{-1}$
ionization_source,0.0313555976155534,442145219.0368653,1.6689791279223749e+19,m$^{-3}$ s$^{-1}$
ionization_source,0.0315466741885508,279405316.3559287,1.6942601191608142e+19,m$^{-3}$ s$^{-1}$
ionization_source,0.0317377507615483,220722988.54565084,1.6904555281844554e+19,m$^{-3}$ s$^{-1}$
ionization_source,0.0319288273345457,253083498.0728567,1.6603119191796513e+19,m$^{-3}$ s$^{-1}$
ionization_source,0.0321199039075432,502766782.20800805,1.60589739310882e+19,m$^{-3}$ s$^{-1}$
ionization_source,0.032318682108951,140397002.11925378,1.6255515564721957e+19,m$^{-3}$ s$^{-1}$
ionization_source,0.0325174603103589,164862239.25061297,1.6206683317419514e+19,m$^{-3}$ s$^{-1}$
ionization_source,0.0327162385117668,213709518.79766297,1.5933978341630837e+19,m$^{-3}$ s$^{-1}$
ionization_source,0.0329150167131746,254455290.93591768,1.5464060854782386e+19,m$^{-3}$ s$^{-1}$
ionization_source,0.0331218069686994,176270924.66552755,1.563772578811025e+19,m$^{-3}$ s$^{-1}$
ionization_source,0.0333285972242242,150040923.883714,1.560166139267894e+19,m$^{-3}$ s$^{-1}$
ionization_source,0.0335353874797489,143668952.28350788,1.5372178730530857e+19,m$^{-3}$ s$^{-1}$
ionization_source,0.0337421777352737,151624752.17166194,1.4962030294659693e+19,m$^{-3}$ s$^{-1}$
ionization_source,0.0339573029827965,113453671.47881287,1.5101467994342451e+19,m$^{-3}$ s$^{-1}$
ionization_source,0.0341724282303193,92336273.23981246,1.5058969330104177e+19,m$^{-3}$ s$^{-1}$
ionization_source,0.0343875534778421,82932312.92258161,1.4847731619902882e+19,m$^{-3}$ s$^{-1}$
ionization_source,0.0346026787253649,95974460.2168929,1.4478272761557445e+19,m$^{-3}$ s$^{-1}$
ionization_source,0.0348264749192634,43955377.86220648,1.4589985554873307e+19,m$^{-3}$ s$^{-1}$
ionization_source,0.0350502711131619,52250040.00459207,1.4542428002905457e+19,m$^{-3}$ s$^{-1}$
ionization_source,0.0352740673070604,64985233.56992391,1.4346431484888742e+19,m$^{-3}$ s$^{-1}$
ionization_source,0.0354978635009589,77640480.33493266,1.4010783747125207e+19,m$^{-3}$ s$^{-1}$
ionization_source,0.0357306801367568,70161304.6863322,1.4099710205630083e+19,m$^{-3}$ s$^{-1}$
ionization_source,0.0359634967725548,71170911.4334703,1.404810045107984e+19,m$^{-3}$ s$^{-1}$
ionization_source,0.0361963134083527,76097854.5640251,1.3864965278182846e+19,m$^{-3}$ s$^{-1}$
ionization_source,0.0364291300441507,85472203.54313958,1.3557735786252866e+19,m$^{-3}$ s$^{-1}$
ionization_source,0.0366713307043141,82183721.46253899,1.362767257021345e+19,m$^{-3}$ s$^{-1}$
ionization_source,0.0369135313644775,82829127.35382679,1.3572751085062492e+19,m$^{-3}$ s$^{-1}$
ionization_source,0.0371557320246408,87908512.19282669,1.3400562210196466e+19,m$^{-3}$ s$^{-1}$
ionization_source,0.0373979326848042,109139267.30331972,1.311745431892024e+19,m$^{-3}$ s$^{-1}$
ionization_source,0.0376498956065367,87139936.38254447,1.3171360875259249e+19,m$^{-3}$ s$^{-1}$
ionization_source,0.0379018585282693,86562866.5201567,1.3118431466628622e+19,m$^{-3}$ s$^{-1}$
ionization_source,0.0381538214500018,88446026.43549761,1.2972020413155627e+19,m$^{-3}$ s$^{-1}$
ionization_source,0.0384057843717343,91176999.1865782,1.2725307524051016e+19,m$^{-3}$ s$^{-1}$
ionization_source,0.0386679030376584,84182706.48132238,1.2782625560225532e+19,m$^{-3}$ s$^{-1}$
ionization_source,0.0389300217035826,81055571.86469541,1.2739321361009848e+19,m$^{-3}$ s$^{-1}$
ionization_source,0.0391921403695068,80181225.09121266,1.260058492622631e+19,m$^{-3}$ s$^{-1}$
ionization_source,0.039454259035431,81436349.2235646,1.2370848597267714e+19,m$^{-3}$ s$^{-1}$
ionization_source,0.0397269427880777,76319350.54693311,1.241687401710042e+19,m$^{-3}$ s$^{-1}$
ionization_source,0.0399996265407245,73348236.50868635,1.2371603222412302e+19,m$^{-3}$ s$^{-1}$
ionization_source,0.0402723102933713,72395874.79925685,1.2239548085906024e+19,m$^{-3}$ s$^{-1}$
ionization_source,0.0405449940460181,73339750.57126614,1.2024606419459463e+19,m$^{-3}$ s$^{-1}$
ionization_source,0.0408286687270842,68601901.86919229,1.2060760143219298e+19,m$^{-3}$ s$^{-1}$
ionization_source,0.0411123434081504,65786159.77698946,1.2013747916922808e+19,m$^{-3}$ s$^{-1}$
ionization_source,0.0413960180892166,64767001.14136546,1.188752756544202e+19,m$^{-3}$ s$^{-1}$
ionization_source,0.0416796927702828,65422815.72628655,1.1685556004549997e+19,m$^{-3}$ s$^{-1}$
ionization_source,0.0419748013856546,61053361.25763127,1.1712984518113083e+19,m$^{-3}$ s$^{-1}$
ionization_source,0.0422699100010265,58392958.17212603,1.166439067842394e+19,m$^{-3}$ s$^{-1}$
ionization_source,0.0425650186163984,57317677.83988663,1.1543276775184427e+19,m$^{-3}$ s$^{-1}$
ionization_source,0.0428601272317702,60885698.622525245,1.1352733353384145e+19,m$^{-3}$ s$^{-1}$
ionization_source,0.0431671306433521,54500706.744127385,1.1372364466670555e+19,m$^{-3}$ s$^{-1}$
ionization_source,0.0434741340549339,46658544.68691993,1.1322296628955023e+19,m$^{-3}$ s$^{-1}$
ionization_source,0.0437811374665157,47995111.24868898,1.1205654709173484e+19,m$^{-3}$ s$^{-1}$
ionization_source,0.0440881408780975,55379515.64404872,1.1025221694679329e+19,m$^{-3}$ s$^{-1}$
ionization_source,0.0444075185235252,48964023.68549964,1.1037808672534831e+19,m$^{-3}$ s$^{-1}$
ionization_source,0.0447268961689528,47792896.71582017,1.0986333551860085e+19,m$^{-3}$ s$^{-1}$
ionization_source,0.0450462738143804,47314007.49548576,1.0873605265555569e+19,m$^{-3}$ s$^{-1}$
ionization_source,0.0453656514598081,47505827.29272534,1.0715403403743238e+19,m$^{-3}$ s$^{-1}$
ionization_source,0.0456979021011717,45695891.02551777,1.0736078020830282e+19,m$^{-3}$ s$^{-1}$
ionization_source,0.0460301527425354,44556097.14677221,1.0697621563585784e+19,m$^{-3}$ s$^{-1}$
ionization_source,0.0463624033838991,44064028.06067623,1.060233302893184e+19,m$^{-3}$ s$^{-1}$
ionization_source,0.0466946540252628,44197306.93112865,1.0452288566231687e+19,m$^{-3}$ s$^{-1}$
ionization_source,0.0470402965280083,42463573.31112351,1.0467585901725565e+19,m$^{-3}$ s$^{-1}$
ionization_source,0.0473859390307539,41356703.74841297,1.042800550307264e+19,m$^{-3}$ s$^{-1}$
ionization_source,0.0477315815334994,40853511.13991692,1.0335644827761551e+19,m$^{-3}$ s$^{-1}$
ionization_source,0.0480772240362449,40930827.12079318,1.0192410040069378e+19,m$^{-3}$ s$^{-1}$
ionization_source,0.0484367981794696,39274554.922746,1.0202714297161011e+19,m$^{-3}$ s$^{-1}$
ionization_source,0.0487963723226943,38202247.74897537,1.0162005965363272e+19,m$^{-3}$ s$^{-1}$
ionization_source,0.049155946465919,37690004.8005469,1.0072208133278515e+19,m$^{-3}$ s$^{-1}$
ionization_source,0.0495155206091436,38840993.56741104,9.935081718641097e+18,m$^{-3}$ s$^{-1}$
ionization_source,0.0498895879285524,36422897.60132579,9.94070563146772e+18,m$^{-3}$ s$^{-1}$
ionization_source,0.0502636552479611,33454939.51606601,9.898844729870004e+18,m$^{-3}$ s$^{-1}$
ionization_source,0.0506377225673699,33440803.526750185,9.811273422125e+18,m$^{-3}$ s$^{-1}$
ionization_source,0.0510117898867786,36991397.83681925,9.679627985983894e+18,m$^{-3}$ s$^{-1}$
ionization_source,0.0514009345516168,34600913.913814016,9.680820753796129e+18,m$^{-3}$ s$^{-1}$
ionization_source,0.0517900792164551,34345671.70159763,9.637764689478908e+18,m$^{-3}$ s$^{-1}$
ionization_source,0.0521792238812933,34365038.09823841,9.552106866713567e+18,m$^{-3}$ s$^{-1}$
ionization_source,0.0525683685461315,34662180.9145878,9.42537616828119e+18,m$^{-3}$ s$^{-1}$
ionization_source,0.0529731982714638,34137360.951159246,9.422333094257502e+18,m$^{-3}$ s$^{-1}$
ionization_source,0.0533780279967961,33883308.95760266,9.378023554777762e+18,m$^{-3}$ s$^{-1}$
ionization_source,0.0537828577221284,33903152.11749365,9.293985111321969e+18,m$^{-3}$ s$^{-1}$
ionization_source,0.0541876874474608,34199873.65932897,9.171651038678416e+18,m$^{-3}$ s$^{-1}$
ionization_source,0.0546088344432208,33677164.04318549,9.164523473596952e+18,m$^{-3}$ s$^{-1}$
ionization_source,0.0550299814389808,33424588.67740621,9.118892082455422e+18,m$^{-3}$ s$^{-1}$
ionization_source,0.0554511284347408,33445089.57760345,9.047355478831132e+18,m$^{-3}$ s$^{-1}$
ionization_source,0.0558722754305008,33741451.83522621,8.941530484560087e+18,m$^{-3}$ s$^{-1}$
ionization_source,0.0563103973887934,33221267.381461862,8.943797148387406e+18,m$^{-3}$ s$^{-1}$
ionization_source,0.0567485193470861,32970473.27616171,8.909997366033553e+18,m$^{-3}$ s$^{-1}$
ionization_source,0.0571866413053787,32991812.284388628,8.841324303338945e+18,m$^{-3}$ s$^{-1}$
ionization_source,0.0576247632636713,33287856.99458002,8.738902785698878e+18,m$^{-3}$ s$^{-1}$
ionization_source,0.0580805443858702,32770649.896887194,8.737841128331978e+18,m$^{-3}$ s$^{-1}$
ionization_source,0.0585363255080691,32521960.255745705,8.702896468096063e+18,m$^{-3}$ s$^{-1}$
ionization_source,0.058992106630268,32544316.7295285,8.635200513015304e+18,m$^{-3}$ s$^{-1}$
ionization_source,0.0594478877524669,32840064.468556788,8.535823974403045e+18,m$^{-3}$ s$^{-1}$
ionization_source,0.0599220398177102,32326325.365977403,8.53148415364008e+18,m$^{-3}$ s$^{-1}$
ionization_source,0.0603961918829534,32080082.365724925,8.495309150013526e+18,m$^{-3}$ s$^{-1}$
ionization_source,0.0608703439481967,32103634.63845028,8.428375568048648e+18,m$^{-3}$ s$^{-1}$
ionization_source,0.06134449601344,32399084.72357895,8.331706722881196e+18,m$^{-3}$ s$^{-1}$
ionization_source,0.0618377594901935,31889343.45797746,8.324116878932997e+18,m$^{-3}$ s$^{-1}$
ionization_source,0.062331022966947,31645908.71946665,8.286617630665537e+18,m$^{-3}$ s$^{-1}$
ionization_source,0.0628242864437006,31670834.608494475,8.220237385031564e+18,m$^{-3}$ s$^{-1}$
ionization_source,0.0633175499204541,31965965.998302456,8.125957753912695e+18,m$^{-3}$ s$^{-1}$
ionization_source,0.063830695122878,31460792.05691808,8.115125420312098e+18,m$^{-3}$ s$^{-1}$
ionization_source,0.064343840325302,31220547.28738856,8.076200634633039e+18,m$^{-3}$ s$^{-1}$
ionization_source,0.0648569855277259,31247025.283164576,8.010169447721626e+18,m$^{-3}$ s$^{-1}$
ionization_source,0.0653701307301498,33061994.22852835,7.917976577982374e+18,m$^{-3}$ s$^{-1}$
ionization_source,0.0659039590210741,29855100.942049723,7.903891552621666e+18,m$^{-3}$ s$^{-1}$
ionization_source,0.0664377873119984,30300972.17585344,7.863433571313316e+18,m$^{-3}$ s$^{-1}$
ionization_source,0.0669716156029227,33519774.938619774,7.797551255934729e+18,m$^{-3}$ s$^{-1}$
ionization_source,0.0675054438938469,35879946.75089364,7.707152274390575e+18,m$^{-3}$ s$^{-1}$
ionization_source,0.0680607889362346,35948594.54093156,7.689793298680611e+18,m$^{-3}$ s$^{-1}$
ionization_source,0.0686161339786222,37242395.42960181,7.650248503500212e+18,m$^{-3}$ s$^{-1}$
ionization_source,0.0691714790210098,38640142.81364472,7.596553787680815e+18,m$^{-3}$ s$^{-1}$
ionization_source,0.0697268240633974,40157134.39905614,7.519726233307053e+18,m$^{-3}$ s$^{-1}$
ionization_source,0.07030455312225,41338174.49478491,7.51185889520995e+18,m$^{-3}$ s$^{-1}$
ionization_source,0.0708822821811024,42626360.49044955,7.480704427794605e+18,m$^{-3}$ s$^{-1}$
ionization_source,0.0714600112399549,44037575.23402797,7.427022302381313e+18,m$^{-3}$ s$^{-1}$
ionization_source,0.0720377402988074,45587792.31229308,7.351547515754254e+18,m$^{-3}$ s$^{-1}$
ionization_source,0.0726387555955455,46741992.58509676,7.340912308531489e+18,m$^{-3}$ s$^{-1}$
ionization_source,0.0732397708922835,48022450.90866546,7.308310144890436e+18,m$^{-3}$ s$^{-1}$
ionization_source,0.0738407861890215,49445722.0375796,7.254479688645514e+18,m$^{-3}$ s$^{-1}$
ionization_source,0.0744418014857596,51028422.45507018,7.180136351337234e+18,m$^{-3}$ s$^{-1}$
ionization_source,0.0750670416071939,52153005.576299086,7.166682781692933e+18,m$^{-3}$ s$^{-1}$
ionization_source,0.0756922817286283,53423663.72822692,7.132526293279746e+18,m$^{-3}$ s$^{-1}$
ionization_source,0.0763175218500627,54857587.22167289,7.07838566861699e+18,m$^{-3}$ s$^{-1}$
ionization_source,0.076942761971497,56472001.80617048,7.004958493387745e+18,m$^{-3}$ s$^{-1}$
ionization_source,0.0775932033355904,57564305.70210758,6.988629662858675e+18,m$^{-3}$ s$^{-1}$
ionization_source,0.0782436446996838,58823178.47083752,6.95280940076548e+18,m$^{-3}$ s$^{-1}$
ionization_source,0.0788940860637772,60266409.04797892,6.89819840549765e+18,m$^{-3}$ s$^{-1}$
ionization_source,0.0795445274278705,61911801.1921661,6.82547785216716e+18,m$^{-3}$ s$^{-1}$
ionization_source,0.0802211858085788,62969331.05667242,6.806210589485358e+18,m$^{-3}$ s$^{-1}$
ionization_source,0.0808978441892872,64214579.81430554,6.768615001797034e+18,m$^{-3}$ s$^{-1}$
ionization_source,0.0815745025699955,65665900.61736695,6.713375148426109e+18,m$^{-3}$ s$^{-1}$
ionization_source,0.0822511609507038,67341650.71966472,6.641156899144244e+18,m$^{-3}$ s$^{-1}$
ionization_source,0.0829550930642787,68362140.43860136,6.61888308056686e+18,m$^{-3}$ s$^{-1}$
ionization_source,0.0836590251778536,69592148.48051237,6.579399228565575e+18,m$^{-3}$ s$^{-1}$
ionization_source,0.0843629572914285,71050564.74552692,6.523373892355853e+18,m$^{-3}$ s$^{-1}$
ionization_source,0.0850668894050034,72756288.31994471,6.451449721130775e+18,m$^{-3}$ s$^{-1}$
ionization_source,0.085799194560233,73737774.06801407,6.426108193972801e+18,m$^{-3}$ s$^{-1}$
ionization_source,0.0865314997154626,74951243.47894298,6.395753498182308e+18,m$^{-3}$ s$^{-1}$
ionization_source,0.0872638048706923,76416108.80426724,6.350828596290815e+18,m$^{-3}$ s$^{-1}$
ionization_source,0.0879961100259219,78151820.5807444,6.290899745052879e+18,m$^{-3}$ s$^{-1}$
ionization_source,0.0887579318408871,79092730.7469276,6.27506315213128e+18,m$^{-3}$ s$^{-1}$
ionization_source,0.0895197536558522,80288808.84664577,6.244037917601405e+18,m$^{-3}$ s$^{-1}$
ionization_source,0.0902815754708174,81759996.51030764,6.198365611865647e+18,m$^{-3}$ s$^{-1}$
ionization_source,0.0910433972857825,84023061.54441977,6.138575707660599e+18,m$^{-3}$ s$^{-1}$
ionization_source,0.0918359254738093,84551991.53532657,6.120125711603457e+18,m$^{-3}$ s$^{-1}$
ionization_source,0.0926284536618361,84827665.72642168,6.087360960691735e+18,m$^{-3}$ s$^{-1}$
ionization_source,0.0934209818498629,85367596.93239036,6.040813664541769e+18,m$^{-3}$ s$^{-1}$
ionization_source,0.0942135100378897,16457956503.540545,5.981003818391548e+18,m$^{-3}$ s$^{-1}$
ionization_source,0.0950379822654876,41965371817.51542,5.959870337124512e+18,m$^{-3}$ s$^{-1}$
ionization_source,0.0958624544930855,67957986657.87396,5.9252671076558e+18,m$^{-3}$ s$^{-1}$
ionization_source,0.0966869267206834,93453288488.46988,5.877716749082821e+18,m$^{-3}$ s$^{-1}$
ionization_source,0.0975113989482813,118258212553.55637,5.817729963510411e+18,m$^{-3}$ s$^{-1}$
ionization_source,0.0983691027679685,144598620557.6764,5.793841520771652e+18,m$^{-3}$ s$^{-1}$
ionization_source,0.0992268065876555,170381508521.04178,5.757300309058367e+18,m$^{-3}$ s$^{-1}$
ionization_source,0.1000845104073427,195406933782.3973,5.708619553412087e+18,m$^{-3}$ s$^{-1}$
ionization_source,0.1009422142270298,219473967398.3449,5.648300704678007e+18,m$^{-3}$ s$^{-1}$
ionization_source,0.1018344890880632,245841578947.44547,5.621584434704392e+18,m$^{-3}$ s$^{-1}$
ionization_source,0.1027267639490966,271392301332.38364,5.583005523751984e+18,m$^{-3}$ s$^{-1}$
ionization_source,0.1036190388101301,295918766289.1508,5.533067857920849e+18,m$^{-3}$ s$^{-1}$
ionization_source,0.1045113136711635,320043789271.1488,5.472263140585019e+18,m$^{-3}$ s$^{-1}$
ionization_source,0.1054395530113155,345744286113.78577,5.442645677260464e+18,m$^{-3}$ s$^{-1}$
ionization_source,0.1063677923514676,528826988888.09,5.401930033735254e+18,m$^{-3}$ s$^{-1}$
ionization_source,0.1072960316916196,4928663539228.863,5.350610282061437e+18,m$^{-3}$ s$^{-1}$
ionization_source,0.1082242710317716,9246670229026.922,5.297045409864411e+18,m$^{-3}$ s$^{-1}$
ionization_source,0.1091899244534178,13725382982879.434,5.276648502139338e+18,m$^{-3}$ s$^{-1}$
ionization_source,0.1101555778750641,18163741110390.305,5.245885746568276e+18,m$^{-3}$ s$^{-1}$
ionization_source,0.1111212312967103,22499844469654.223,5.205157688261757e+18,m$^{-3}$ s$^{-1}$
ionization_source,0.1120868847183566,26502567115445.65,5.154858969940634e+18,m$^{-3}$ s$^{-1}$
ionization_source,0.1130914602522748,213119005203104.53,5.132031526049017e+18,m$^{-3}$ s$^{-1}$
ionization_source,0.114096035786193,441538519521192.5,5.099443612666936e+18,m$^{-3}$ s$^{-1}$
ionization_source,0.1151006113201112,668608799070274.5,5.057492622118482e+18,m$^{-3}$ s$^{-1}$
ionization_source,0.1161051868540294,894942264185448.1,5.006566229155365e+18,m$^{-3}$ s$^{-1}$
ionization_source,0.117150253314444,1126294677600053.2,4.981238563722557e+18,m$^{-3}$ s$^{-1}$
ionization_source,0.1181953197748585,1356423083182686.8,4.946739592297112e+18,m$^{-3}$ s$^{-1}$
ionization_source,0.1192403862352731,1585986107332322.8,4.903459774966497e+18,m$^{-3}$ s$^{-1}$
ionization_source,0.1202854526956876,1796961735593090.0,4.851779643060191e+18,m$^{-3}$ s$^{-1}$
ionization_source,0.1213726421302377,2053403457146368.0,4.823883586438969e+18,m$^{-3}$ s$^{-1}$
ionization_source,0.1224598315647878,2993531744866391.0,4.787385925094158e+18,m$^{-3}$ s$^{-1}$
ionization_source,0.1235470209993379,5112626543709515.0,4.742670036566174e+18,m$^{-3}$ s$^{-1}$
ionization_source,0.1246342104338881,7235401134653603.0,4.690109023650565e+18,m$^{-3}$ s$^{-1}$
ionization_source,0.1257652206723455,9491479959376156.0,4.659574471236296e+18,m$^{-3}$ s$^{-1}$
ionization_source,0.126896230910803,1.1677021403097282e+16,4.6209888762316e+18,m$^{-3}$ s$^{-1}$
ionization_source,0.1280272411492605,1.3875527297936826e+16,4.574728282439537e+18,m$^{-3}$ s$^{-1}$
ionization_source,0.129158251387718,1.6103817740271424e+16,4.52115794376968e+18,m$^{-3}$ s$^{-1}$
ionization_source,0.130334848693435,1.8272946873374588e+16,4.487913235456695e+18,m$^{-3}$ s$^{-1}$
ionization_source,0.1315114459991521,2.0461916948397724e+16,4.44714906124315e+18,m$^{-3}$ s$^{-1}$
ionization_source,0.1326880433048691,2.6940180763019364e+16,4.399233757949984e+18,m$^{-3}$ s$^{-1}$
ionization_source,0.1338646406105861,3.978555015608142e+16,4.3445113737044265e+18,m$^{-3}$ s$^{-1}$
ionization_source,0.1350886624388134,5.266353024232249e+16,4.3193718537464535e+18,m$^{-3}$ s$^{-1}$
ionization_source,0.1363126842670407,6.5440048257291176e+16,4.288285391242603e+18,m$^{-3}$ s$^{-1}$
ionization_source,0.137536706095268,7.823841744362597e+16,4.2504981333439846e+18,m$^{-3}$ s$^{-1}$
ionization_source,0.1387607279234953,9.117053943083682e+16,4.206292813660168e+18,m$^{-3}$ s$^{-1}$
ionization_source,0.1400340857908787,1.0360945544655374e+17,4.1799531084188646e+18,m$^{-3}$ s$^{-1}$
ionization_source,0.1413074436582622,1.1607290003186538e+17,4.14702455298048e+18,m$^{-3}$ s$^{-1}$
ionization_source,0.1425808015256456,1.2867165596298931e+17,4.107793727749889e+18,m$^{-3}$ s$^{-1}$
ionization_source,0.143854159393029,1.415060137757695e+17,4.062536463677861e+18,m$^{-3}$ s$^{-1}$
ionization_source,0.1451788418627653,1.5333443706741786e+17,4.033883731694802e+18,m$^{-3}$ s$^{-1}$
ionization_source,0.1465035243325017,1.652862279911874e+17,3.999030362151784e+18,m$^{-3}$ s$^{-1}$
ionization_source,0.147828206802238,1.7745339481764976e+17,3.9582564107147945e+18,m$^{-3}$ s$^{-1}$
ionization_source,0.1491528892719743,1.899066920175684e+17,3.91183046877602e+18,m$^{-3}$ s$^{-1}$
ionization_source,0.1505309650592881,2.0088329160334384e+17,3.880793978472445e+18,m$^{-3}$ s$^{-1}$
ionization_source,0.1519090408466019,2.120389160808701e+17,3.843928372946877e+18,m$^{-3}$ s$^{-1}$
ionization_source,0.1532871166339157,2.2342730212383485e+17,3.801506943373044e+18,m$^{-3}$ s$^{-1}$
ionization_source,0.1546651924212295,2.3506779545964547e+17,3.753790548563409e+18,m$^{-3}$ s$^{-1}$
ionization_source,0.1560988136240214,2.448680379370418e+17,3.7202950472888366e+18,m$^{-3}$ s$^{-1}$
ionization_source,0.1575324348268132,2.5482815736115066e+17,3.68132505233037e+18,m$^{-3}$ s$^{-1}$
ionization_source,0.158966056029605,2.6494144435031075e+17,3.637146729864032e+18,m$^{-3}$ s$^{-1}$
ionization_source,0.1603996772323969,2.7527090735837555e+17,3.588011787844612e+18,m$^{-3}$ s$^{-1}$
ionization_source,0.1618910826921071,2.840254181231757e+17,3.551978276074967e+18,m$^{-3}$ s$^{-1}$
ionization_source,0.1633824881518173,3.137639586493584e+17,3.510807940494944e+18,m$^{-3}$ s$^{-1}$
ionization_source,0.1648738936115275,3.407007607140344e+17,3.4647586055181635e+18,m$^{-3}$ s$^{-1}$
ionization_source,0.1663652990712377,3.645680747032566e+17,3.4246881727301965e+18,m$^{-3}$ s$^{-1}$
ionization_source,0.1679168178691753,3.841471495025792e+17,3.397877842542389e+18,m$^{-3}$ s$^{-1}$
ionization_source,0.1694683366671129,4.002218405601138e+17,3.366250141376502e+18,m$^{-3}$ s$^{-1}$
ionization_source,0.1710198554650506,4.124389249584544e+17,3.3299946813137526e+18,m$^{-3}$ s$^{-1}$
ionization_source,0.1725713742629882,4.204667184837898e+17,3.289287714524645e+18,m$^{-3}$ s$^{-1}$
ionization_source,0.1741854293575843,4.232039860391584e+17,3.260384477539684e+18,m$^{-3}$ s$^{-1}$
ionization_source,0.1757994844521804,4.210965741579789e+17,3.2268847665891384e+18,m$^{-3}$ s$^{-1}$
ionization_source,0.1774135395467765,4.137562309501742e+17,3.1889728371625784e+18,m$^{-3}$ s$^{-1}$
ionization_source,0.1790275946413727,4.008253414600905e+17,3.146815464096555e+18,m$^{-3}$ s$^{-1}$
ionization_source,0.180706706652039,3.812779574365961e+17,3.115736227939976e+18,m$^{-3}$ s$^{-1}$
ionization_source,0.1823858186627054,3.5531723711657165e+17,3.080264079332298e+18,m$^{-3}$ s$^{-1}$
ionization_source,0.1840649306733718,3.290025214168975e+17,3.0405753477156977e+18,m$^{-3}$ s$^{-1}$
ionization_source,0.1857440426840382,3.23519130165791e+17,2.996826625601983e+18,m$^{-3}$ s$^{-1}$
ionization_source,0.1874908338275397,3.17046916110293e+17,2.9634800975330094e+18,m$^{-3}$ s$^{-1}$
ionization_source,0.1892376249710413,3.088097195576778e+17,2.92592341242994e+18,m$^{-3}$ s$^{-1}$
ionization_source,0.1909844161145429,2.9844101694981395e+17,2.8843247192321377e+18,m$^{-3}$ s$^{-1}$
ionization_source,0.1927312072580445,2.85724197985296e+17,2.8388295216763443e+18,m$^{-3}$ s$^{-1}$
ionization_source,0.1945484054435333,2.7251309346959072e+17,2.8031125612735734e+18,m$^{-3}$ s$^{-1}$
ionization_source,0.1963656036290222,2.5687822804500026e+17,2.7633457952595574e+18,m$^{-3}$ s$^{-1}$
ionization_source,0.1981828018145111,2.3868462501261568e+17,2.7196889140857216e+18,m$^{-3}$ s$^{-1}$
ionization_source,0.2,2.1794280199651117e+17,2.672455599491764e+18,m$^{-3}$ s$^{-1}$
ionization_source,0.2018171981854889,1.9716279338357184e+17,2.64635665715267e+18,m$^{-3}$ s$^{-1}$
ionization_source,0.2036343963709777,1.738248322577481e+17,2.6168039850767544e+18,m$^{-3}$ s$^{-1}$
ionization_source,0.2054515945564666,1.4803596080127613e+17,2.5837431199668173e+18,m$^{-3}$ s$^{-1}$
ionization_source,0.2072687927419555,1.2003615913610618e+17,2.5475614235478927e+18,m$^{-3}$ s$^{-1}$
ionization_source,0.2090155838854571,9.24536665377294e+16,2.5218256342433326e+18,m$^{-3}$ s$^{-1}$
ionization_source,0.2107623750289586,6.274097589694842e+16,2.4927354034092964e+18,m$^{-3}$ s$^{-1}$
ionization_source,0.2125091661724602,3.5011248689605696e+16,2.460651349596987e+18,m$^{-3}$ s$^{-1}$
ionization_source,0.2142559573159618,2.970541842988037e+16,2.425882612412237e+18,m$^{-3}$ s$^{-1}$
ionization_source,0.2159350693266282,2.460295769605693e+16,2.4001681534496e+18,m$^{-3}$ s$^{-1}$
ionization_source,0.2176141813372945,1.916758546777604e+16,2.3715777944461066e+18,m$^{-3}$ s$^{-1}$
ionization_source,0.2192932933479609,1.3450668838727852e+16,2.340399562310231e+18,m$^{-3}$ s$^{-1}$
ionization_source,0.2209724053586273,7533907937868968.0,2.3068838921829765e+18,m$^{-3}$ s$^{-1}$
ionization_source,0.2225864604532234,3666189192424010.5,2.281309971173704e+18,m$^{-3}$ s$^{-1}$
ionization_source,0.2242005155478195,3061908512267648.0,2.253239836130193e+18,m$^{-3}$ s$^{-1}$
ionization_source,0.2258145706424157,2434316618418734.0,2.2229070677713928e+18,m$^{-3}$ s$^{-1}$
ionization_source,0.2274286257370118,1795980069940369.0,2.1905174548751117e+18,m$^{-3}$ s$^{-1}$
ionization_source,0.2289801445349494,1149041834455425.0,2.165166676842661e+18,m$^{-3}$ s$^{-1}$
ionization_source,0.230531663332887,487949988485315.4,2.137625381670847e+18,m$^{-3}$ s$^{-1}$
ionization_source,0.2320831821308246,47174995716134.2,2.10808576298648e+18,m$^{-3}$ s$^{-1}$
ionization_source,0.2336347009287622,35046297149714.875,2.0767189078979812e+18,m$^{-3}$ s$^{-1}$
ionization_source,0.2351261063884724,22089809496039.465,2.05164799817011e+18,m$^{-3}$ s$^{-1}$
ionization_source,0.2366175118481826,9227724278920.852,2.0246363908520663e+18,m$^{-3}$ s$^{-1}$
ionization_source,0.2381089173078928,686011120778.2563,1.9973468128163003e+18,m$^{-3}$ s$^{-1}$
ionization_source,0.239600322767603,615679579765.2625,1.9742395220874824e+18,m$^{-3}$ s$^{-1}$
ionization_source,0.2410339439703949,545485204870.6874,1.9565735845250396e+18,m$^{-3}$ s$^{-1}$
ionization_source,0.2424675651731867,474461973709.2051,1.937189922755812e+18,m$^{-3}$ s$^{-1}$
ionization_source,0.2439011863759785,402721056819.1981,1.9162049671077327e+18,m$^{-3}$ s$^{-1}$
ionization_source,0.2453348075787704,329996529659.6876,1.8937255258241428e+18,m$^{-3}$ s$^{-1}$
ionization_source,0.2467128833660842,257933361226.7682,1.8762410964286976e+18,m$^{-3}$ s$^{-1}$
ionization_source,0.248090959153398,185252585804.34015,1.8571876902715044e+18,m$^{-3}$ s$^{-1}$
ionization_source,0.2494690349407119,111730267771.38792,1.836666070211365e+18,m$^{-3}$ s$^{-1}$
ionization_source,0.2508471107280257,36536269304.96327,1.814769062634982e+18,m$^{-3}$ s$^{-1}$
ionization_source,0.252171793197762,174145480.3352,1.7974822096528492e+18,m$^{-3}$ s$^{-1}$
ionization_source,0.2534964756674983,170717174.19736677,1.7787536391244534e+18,m$^{-3}$ s$^{-1}$
ionization_source,0.2548211581372346,167036365.9271906,1.7586710689398218e+18,m$^{-3}$ s$^{-1}$
ionization_source,0.2561458406069709,163264483.5684977,1.7373161334663516e+18,m$^{-3}$ s$^{-1}$
ionization_source,0.2574191984743543,160360709.9729751,1.7202367402287076e+18,m$^{-3}$ s$^{-1}$
ionization_source,0.2586925563417378,157090601.60794273,1.7018253320621624e+18,m$^{-3}$ s$^{-1}$
ionization_source,0.2599659142091212,153612977.5699191,1.6821591838509873e+18,m$^{-3}$ s$^{-1}$
ionization_source,0.2612392720765046,149955240.43569356,1.6613108790107195e+18,m$^{-3}$ s$^{-1}$
ionization_source,0.262463293904732,146836501.9034504,1.6444437908344148e+18,m$^{-3}$ s$^{-1}$
ionization_source,0.2636873157329593,143526690.14513052,1.6263404171347497e+18,m$^{-3}$ s$^{-1}$
ionization_source,0.2649113375611865,140051184.0449554,1.6070695866074004e+18,m$^{-3}$ s$^{-1}$
ionization_source,0.2661353593894139,136431487.44157043,1.5866964931308805e+18,m$^{-3}$ s$^{-1}$
ionization_source,0.2673119566951309,133266068.9263759,1.5700428990571889e+18,m$^{-3}$ s$^{-1}$
ionization_source,0.2684885540008479,129947336.04386067,1.552237518522021e+18,m$^{-3}$ s$^{-1}$
ionization_source,0.2696651513065649,126495152.72387213,1.533342283366471e+18,m$^{-3}$ s$^{-1}$
ionization_source,0.2708417486122819,122926691.18896776,1.513416299853952e+18,m$^{-3}$ s$^{-1}$
ionization_source,0.2719727588507394,119745531.61158104,1.496974724978151e+18,m$^{-3}$ s$^{-1}$
ionization_source,0.2731037690891969,116440463.27664244,1.4794567556364897e+18,m$^{-3}$ s$^{-1}$
ionization_source,0.2742347793276544,113027320.44560724,1.460918640891069e+18,m$^{-3}$ s$^{-1}$
ionization_source,0.2753657895661119,109520023.3311012,1.4414134863962245e+18,m$^{-3}$ s$^{-1}$
ionization_source,0.276452979000662,106346042.4390859,1.4296279193428716e+18,m$^{-3}$ s$^{-1}$
ionization_source,0.2775401684352121,103071485.2926378,1.4170350245480965e+18,m$^{-3}$ s$^{-1}$
ionization_source,0.2786273578697622,99709172.60633215,1.4034990719080166e+18,m$^{-3}$ s$^{-1}$
ionization_source,0.2797145473043123,96270537.543803,1.3890609730964664e+18,m$^{-3}$ s$^{-1}$
ionization_source,0.2807596137647269,93120931.306006,1.377576429915523e+18,m$^{-3}$ s$^{-1}$
ionization_source,0.2818046802251415,89889557.27676432,1.365156536162723e+18,m$^{-3}$ s$^{-1}$
ionization_source,0.282849746685556,86586938.99995731,1.3518404180789716e+18,m$^{-3}$ s$^{-1}$
ionization_source,0.2838948131459706,83222579.65024537,1.3376660794790193e+18,m$^{-3}$ s$^{-1}$
ionization_source,0.2848993886798888,80110318.20021603,1.326302575386425e+18,m$^{-3}$ s$^{-1}$
ionization_source,0.285903964213807,76931659.61327161,1.3140495575916716e+18,m$^{-3}$ s$^{-1}$
ionization_source,0.2869085397477252,73695349.79583201,1.300943422312884e+18,m$^{-3}$ s$^{-1}$
ionization_source,0.2879131152816434,69316458.02850586,1.2870197002544655e+18,m$^{-3}$ s$^{-1}$
ionization_source,0.2888787687032896,67439558.59340127,1.2757745535842232e+18,m$^{-3}$ s$^{-1}$
ionization_source,0.2898444221249359,66364834.6305479,1.2636822004951642e+18,m$^{-3}$ s$^{-1}$
ionization_source,0.2908100755465821,65098984.814167365,1.250776714466133e+18,m$^{-3}$ s$^{-1}$
ionization_source,0.2917757289682283,64623498.48449434,1.2370915037086374e+18,m$^{-3}$ s$^{-1}$
ionization_source,0.2927039683083803,65885528.26220256,1.2259614961246305e+18,m$^{-3}$ s$^{-1}$
ionization_source,0.2936322076485324,66205422.4872673,1.2140236213452938e+18,m$^{-3}$ s$^{-1}$
ionization_source,0.2945604469886844,66451059.41362256,1.2013099587099853e+18,m$^{-3}$ s$^{-1}$
ionization_source,0.2954886863288364,66625021.10662447,1.1878520796105492e+18,m$^{-3}$ s$^{-1}$
ionization_source,0.2963809611898699,67012430.855341084,1.176833635911364e+18,m$^{-3}$ s$^{-1}$
ionization_source,0.2972732360509034,67325735.29220586,1.1650441469768102e+18,m$^{-3}$ s$^{-1}$
ionization_source,0.2981655109119368,67567493.34619488,1.1525139658359096e+18,m$^{-3}$ s$^{-1}$
ionization_source,0.2990577857729702,67740037.16984487,1.1392730620478628e+18,m$^{-3}$ s$^{-1}$
ionization_source,0.2999154895926573,68118328.89890428,1.1283623760053546e+18,m$^{-3}$ s$^{-1}$
ionization_source,0.3007731934123444,68425125.51751053,1.1167153152142642e+18,m$^{-3}$ s$^{-1}$
ionization_source,0.3016308972320315,68662732.15704185,1.1043607268107492e+18,m$^{-3}$ s$^{-1}$
ionization_source,0.3024886010517186,68833296.38222882,1.091327173626359e+18,m$^{-3}$ s$^{-1}$
ionization_source,0.3033130732793165,69202808.50491957,1.0805202960609806e+18,m$^{-3}$ s$^{-1}$
ionization_source,0.3041375455069145,69503117.21159199,1.069009862579383e+18,m$^{-3}$ s$^{-1}$
ionization_source,0.3049620177345125,69736340.50532155,1.0568233975767224e+18,m$^{-3}$ s$^{-1}$
ionization_source,0.3057864899621104,69904488.62309904,1.0439882206436522e+18,m$^{-3}$ s$^{-1}$
ionization_source,0.3065790181501371,70265430.93313743,1.0332811204512544e+18,m$^{-3}$ s$^{-1}$
ionization_source,0.3073715463381639,70559235.52700247,1.021901679840906e+18,m$^{-3}$ s$^{-1}$
ionization_source,0.3081640745261906,70787881.39580008,1.0098762539961478e+18,m$^{-3}$ s$^{-1}$
ionization_source,0.3089566027142174,70953275.66188912,9.972494706296416e+17,m$^{-3}$ s$^{-1}$
ionization_source,0.3097184245291826,71305772.85163306,9.896984965204256e+17,m$^{-3}$ s$^{-1}$
ionization_source,0.3104802463441477,71593038.72018404,9.81525698916201e+17,m$^{-3}$ s$^{-1}$
ionization_source,0.3112420681591129,71816948.01020189,9.72750931264472e+17,m$^{-3}$ s$^{-1}$
ionization_source,0.312003889974078,71979329.45840114,9.63394147119968e+17,m$^{-3}$ s$^{-1}$
ionization_source,0.3127361951293076,72323451.70245291,9.559004824414054e+17,m$^{-3}$ s$^{-1}$
ionization_source,0.3134685002845373,72604137.80609398,9.478065763788724e+17,m$^{-3}$ s$^{-1}$
ionization_source,0.314200805439767,72823183.34927166,9.39131712787916e+17,m$^{-3}$ s$^{-1}$
ionization_source,0.3149331105949966,72982356.46484917,9.298951462251428e+17,m$^{-3}$ s$^{-1}$
ionization_source,0.3156370427085715,73318140.92396449,9.224566543224152e+17,m$^{-3}$ s$^{-1}$
ionization_source,0.3163409748221464,73592207.80238545,9.14438788869274e+17,m$^{-3}$ s$^{-1}$
ionization_source,0.3170449069357213,73806291.53951518,9.058601741020276e+17,m$^{-3}$ s$^{-1}$
ionization_source,0.3177488390492962,73509030.28404215,8.967394331126918e+17,m$^{-3}$ s$^{-1}$
ionization_source,0.3184254974300045,75190363.75578073,8.893540937722277e+17,m$^{-3}$ s$^{-1}$
ionization_source,0.3191021558107128,76714798.54855707,8.814094717051724e+17,m$^{-3}$ s$^{-1}$
ionization_source,0.3197788141914212,78146222.21368241,8.729235953362208e+17,m$^{-3}$ s$^{-1}$
ionization_source,0.3204554725721295,79482504.73598982,8.639145147620004e+17,m$^{-3}$ s$^{-1}$
ionization_source,0.3211059139362228,81082912.23006253,8.565802765191474e+17,m$^{-3}$ s$^{-1}$
ionization_source,0.3217563553003162,82587857.10677055,8.48706156121292e+17,m$^{-3}$ s$^{-1}$
ionization_source,0.3224067966644096,83995463.65998225,8.403096415058479e+17,m$^{-3}$ s$^{-1}$
ionization_source,0.3230572380285029,85304025.83696721,8.314082609203444e+17,m$^{-3}$ s$^{-1}$
ionization_source,0.3236824781499373,86887051.08979319,8.241230514222737e+17,m$^{-3}$ s$^{-1}$
ionization_source,0.3243077182713717,88370429.55960421,8.163167450410569e+17,m$^{-3}$ s$^{-1}$
ionization_source,0.3249329583928061,89752686.85371147,8.080063376971786e+17,m$^{-3}$ s$^{-1}$
ionization_source,0.3255581985142404,91032519.41055956,7.992088809765335e+17,m$^{-3}$ s$^{-1}$
ionization_source,0.3261592138109784,92595786.03744748,7.919706132445362e+17,m$^{-3}$ s$^{-1}$
ionization_source,0.3267602291077165,94055767.17526044,7.842294841093425e+17,m$^{-3}$ s$^{-1}$
ionization_source,0.3273612444044545,95411369.92672138,7.760020403816932e+17,m$^{-3}$ s$^{-1}$
ionization_source,0.3279622597011925,96661672.31424557,7.673048973164667e+17,m$^{-3}$ s$^{-1}$
ionization_source,0.328539988760045,98203054.16985013,7.60111473223847e+17,m$^{-3}$ s$^{-1}$
ionization_source,0.3291177178188975,99638038.0592891,7.524329313426979e+17,m$^{-3}$ s$^{-1}$
ionization_source,0.32969544687775,100965893.08602406,7.442854077161398e+17,m$^{-3}$ s$^{-1}$
ionization_source,0.3302731759366025,102186058.23795128,7.356851175604815e+17,m$^{-3}$ s$^{-1}$
ionization_source,0.3308285209789902,103703665.17245737,7.285344295666964e+17,m$^{-3}$ s$^{-1}$
ionization_source,0.3313838660213778,105112268.3620565,7.209159273049048e+17,m$^{-3}$ s$^{-1}$
ionization_source,0.3319392110637654,106411479.5206714,7.128453706332658e+17,m$^{-3}$ s$^{-1}$
ionization_source,0.3324945561061531,106019293.68868324,7.043386076942664e+17,m$^{-3}$ s$^{-1}$
ionization_source,0.3330283843970774,111018226.4774624,6.972285394392179e+17,m$^{-3}$ s$^{-1}$
ionization_source,0.3335622126880016,113044891.83726248,6.896675670855708e+17,m$^{-3}$ s$^{-1}$
ionization_source,0.3340960409789258,114849953.31770736,6.816711057798414e+17,m$^{-3}$ s$^{-1}$
ionization_source,0.3346298692698501,117006482.0618832,6.732546196502305e+17,m$^{-3}$ s$^{-1}$
ionization_source,0.335143014472274,120712447.0794795,6.661830972507859e+17,m$^{-3}$ s$^{-1}$
ionization_source,0.335656159674698,123650141.99863534,6.603018099634145e+17,m$^{-3}$ s$^{-1}$
ionization_source,0.336169304877122,126393004.85792762,6.54517072898238e+17,m$^{-3}$ s$^{-1}$
ionization_source,0.3366824500795459,128934205.46286827,6.483397217518624e+17,m$^{-3}$ s$^{-1}$
ionization_source,0.3371757135562994,132039948.08302046,6.433985905854766e+17,m$^{-3}$ s$^{-1}$
ionization_source,0.337668977033053,134944581.21993613,6.380533206934662e+17,m$^{-3}$ s$^{-1}$
ionization_source,0.3381622405098065,137641907.84522069,6.323152038163287e+17,m$^{-3}$ s$^{-1}$
ionization_source,0.33865550398656,140126216.56293583,6.261956239737746e+17,m$^{-3}$ s$^{-1}$
ionization_source,0.3391296560518033,143206496.52024752,6.212770305304119e+17,m$^{-3}$ s$^{-1}$
ionization_source,0.3396038081170465,146073523.05840352,6.159656482421559e+17,m$^{-3}$ s$^{-1}$
ionization_source,0.3400779601822897,148722167.25442076,6.10272562844482e+17,m$^{-3}$ s$^{-1}$
ionization_source,0.3405521122475329,151147779.5872081,6.042089485343951e+17,m$^{-3}$ s$^{-1}$
ionization_source,0.3410078933697318,154197161.18924305,5.993117248136297e+17,m$^{-3}$ s$^{-1}$
ionization_source,0.3414636744919307,157022547.50212878,5.940328484027095e+17,m$^{-3}$ s$^{-1}$
ionization_source,0.3419194556141297,159619823.363331,5.88383208634641e+17,m$^{-3}$ s$^{-1}$
ionization_source,0.3423752367363286,161985346.46767026,5.823737859249928e+17,m$^{-3}$ s$^{-1}$
ionization_source,0.3428133586946212,164998929.33356708,5.774967400085421e+17,m$^{-3}$ s$^{-1}$
ionization_source,0.3432514806529139,167779125.23169532,5.722489792704721e+17,m$^{-3}$ s$^{-1}$
ionization_source,0.3436896026112065,170322780.47323152,5.666412121602276e+17,m$^{-3}$ s$^{-1}$
ionization_source,0.3441277245694992,172627206.77132863,5.606842404430232e+17,m$^{-3}$ s$^{-1}$
ionization_source,0.3445488715652592,175600596.24214333,5.558261505077481e+17,m$^{-3}$ s$^{-1}$
ionization_source,0.3449700185610191,178332506.2562988,5.506081063245697e+17,m$^{-3}$ s$^{-1}$
ionization_source,0.3453911655567792,180820693.58797887,5.450406501281421e+17,m$^{-3}$ s$^{-1}$
ionization_source,0.3458123125525392,183063371.59435612,5.391344194175997e+17,m$^{-3}$ s$^{-1}$
ionization_source,0.3462171422778715,185992649.72694045,5.342940343417541e+17,m$^{-3}$ s$^{-1}$
ionization_source,0.3466219720032038,188673604.03913972,5.2910429813533645e+17,m$^{-3}$ s$^{-1}$
ionization_source,0.3470268017285361,191104851.423472,5.235756008084947e+17,m$^{-3}$ s$^{-1}$
ionization_source,0.3474316314538684,190193075.640964,5.17718429340289e+17,m$^{-3}$ s$^{-1}$
ionization_source,0.3478207761187066,195417914.58594444,5.128944688196272e+17,m$^{-3}$ s$^{-1}$
ionization_source,0.3482099207835449,203567373.37374303,5.077316217869805e+17,m$^{-3}$ s$^{-1}$
ionization_source,0.3485990654483831,200209194.7201702,5.022401394465031e+17,m$^{-3}$ s$^{-1}$
ionization_source,0.3489882101132214,189811387.34320807,4.964303715334932e+17,m$^{-3}$ s$^{-1}$
ionization_source,0.3493622774326301,191164269.0321073,4.916215259211065e+17,m$^{-3}$ s$^{-1}$
ionization_source,0.3497363447520388,187907317.4440806,4.864841381322377e+17,m$^{-3}$ s$^{-1}$
ionization_source,0.3501104120714475,184210854.28714612,4.810283335587549e+17,m$^{-3}$ s$^{-1}$
ionization_source,0.3504844793908563,180114270.30880737,4.752643375987301e+17,m$^{-3}$ s$^{-1}$
ionization_source,0.350844053534081,177315663.58598006,4.704692673121892e+17,m$^{-3}$ s$^{-1}$
ionization_source,0.3512036276773057,174086147.12085637,4.653558965837621e+17,m$^{-3}$ s$^{-1}$
ionization_source,0.3515632018205303,170463100.7365001,4.599342376694898e+17,m$^{-3}$ s$^{-1}$
ionization_source,0.351922775963755,166482979.813832,4.542144042950445e+17,m$^{-3}$ s$^{-1}$
ionization_source,0.3522684184665005,163672542.60298097,4.494317388880768e+17,m$^{-3}$ s$^{-1}$
ionization_source,0.3526140609692461,160476782.86016464,4.443409294601349e+17,m$^{-3}$ s$^{-1}$
ionization_source,0.3529597034719916,156930267.9645668,4.389518876156909e+17,m$^{-3}$ s$^{-1}$
ionization_source,0.3533053459747371,153066707.5999168,4.332746150296421e+17,m$^{-3}$ s$^{-1}$
ionization_source,0.3536375966161008,150253221.15072685,4.2850296518216e+17,m$^{-3}$ s$^{-1}$
ionization_source,0.3539698472574645,147096810.4420469,4.245234361390182e+17,m$^{-3}$ s$^{-1}$
ionization_source,0.3543020978988282,143629412.86281115,4.206856697776355e+17,m$^{-3}$ s$^{-1}$
ionization_source,0.3546343485401919,139882164.36230248,4.16579181574188e+17,m$^{-3}$ s$^{-1}$
ionization_source,0.3549537261856196,137073534.24071705,4.133074248549381e+17,m$^{-3}$ s$^{-1}$
ionization_source,0.3552731038310472,133961385.42477997,4.097591246897693e+17,m$^{-3}$ s$^{-1}$
ionization_source,0.3555924814764749,130575190.58030736,4.059413781918116e+17,m$^{-3}$ s$^{-1}$
ionization_source,0.3559118591219025,123035125.1777341,4.018613542041046e+17,m$^{-3}$ s$^{-1}$
ionization_source,0.3562188625334843,128092147.83443326,3.985956473245189e+17,m$^{-3}$ s$^{-1}$
ionization_source,0.3565258659450661,139455609.08185735,3.950599156818796e+17,m$^{-3}$ s$^{-1}$
ionization_source,0.3568328693566479,150351066.69141304,3.912611938246529e+17,m$^{-3}$ s$^{-1}$
ionization_source,0.3571398727682297,162534497.95252195,3.872065854659123e+17,m$^{-3}$ s$^{-1}$
ionization_source,0.3574349813836016,180366146.6089269,3.839460203799597e+17,m$^{-3}$ s$^{-1}$
ionization_source,0.3577300899989735,195269399.32483715,3.8042189453580864e+17,m$^{-3}$ s$^{-1}$
ionization_source,0.3580251986143453,209646039.7644636,3.766411855256552e+17,m$^{-3}$ s$^{-1}$
ionization_source,0.3583203072297172,223377745.6876385,3.72610939759006e+17,m$^{-3}$ s$^{-1}$
ionization_source,0.3586039819107833,238778444.2124765,3.693545764824224e+17,m$^{-3}$ s$^{-1}$
ionization_source,0.3588876565918495,253594046.23528996,3.658410695490827e+17,m$^{-3}$ s$^{-1}$
ionization_source,0.3591713312729158,267713614.38550332,3.620773474994188e+17,m$^{-3}$ s$^{-1}$
ionization_source,0.3594550059539819,281031076.0061049,3.580704074197518e+17,m$^{-3}$ s$^{-1}$
ionization_source,0.3597276897066287,296479425.55487555,3.548172700855971e+17,m$^{-3}$ s$^{-1}$
ionization_source,0.3600003734592755,311175269.2995635,3.513133693804429e+17,m$^{-3}$ s$^{-1}$
ionization_source,0.3602730572119222,325019377.74182993,3.475655928845613e+17,m$^{-3}$ s$^{-1}$
ionization_source,0.360545740964569,337917252.6676178,3.435808965425669e+17,m$^{-3}$ s$^{-1}$
ionization_source,0.3608078596304932,353370790.8899976,3.403299711387664e+17,m$^{-3}$ s$^{-1}$
ionization_source,0.3610699782964174,367918161.479041,3.368346361885351e+17,m$^{-3}$ s$^{-1}$
ionization_source,0.3613320969623416,381471208.1293154,3.331017466394447e+17,m$^{-3}$ s$^{-1}$
ionization_source,0.3615942156282657,393946409.1764068,3.2913822576205965e+17,m$^{-3}$ s$^{-1}$
ionization_source,0.3618461785499982,409366445.70989776,3.258884573804818e+17,m$^{-3}$ s$^{-1}$
ionization_source,0.3620981414717307,423739808.6917701,3.224006175165861e+17,m$^{-3}$ s$^{-1}$
ionization_source,0.3623501043934632,436988851.9710189,3.186815371374417e+17,m$^{-3}$ s$^{-1}$
ionization_source,0.3626020673151957,449040490.7154886,3.147381156899592e+17,m$^{-3}$ s$^{-1}$
ionization_source,0.3628442679753591,464391813.2739108,3.114884052444358e+17,m$^{-3}$ s$^{-1}$
ionization_source,0.3630864686355225,478568601.5155854,3.08006956789438e+17,m$^{-3}$ s$^{-1}$
ionization_source,0.3633286692956858,491503209.1102685,3.043005863867931e+17,m$^{-3}$ s$^{-1}$
ionization_source,0.3635708699558492,484213078.4586645,3.003761789714012e+17,m$^{-3}$ s$^{-1}$
ionization_source,0.3638036865916472,513748073.97382176,2.971253793071804e+17,m$^{-3}$ s$^{-1}$
ionization_source,0.3640365032274452,562287995.1126477,2.936491823103087e+17,m$^{-3}$ s$^{-1}$
ionization_source,0.3642693198632431,567818350.3418924,2.899543987210085e+17,m$^{-3}$ s$^{-1}$
ionization_source,0.364502136499041,515144670.2276908,2.8604790885229197e+17,m$^{-3}$ s$^{-1}$
ionization_source,0.3647259326929395,559489943.7586738,2.8279482024226144e+17,m$^{-3}$ s$^{-1}$
ionization_source,0.3649497288868381,568962552.681173,2.793226947303169e+17,m$^{-3}$ s$^{-1}$
ionization_source,0.3651735250807366,575379521.9717978,2.7563834794430502e+17,m$^{-3}$ s$^{-1}$
ionization_source,0.3653973212746351,578738027.4416149,2.7174866395309248e+17,m$^{-3}$ s$^{-1}$
ionization_source,0.3656124465221579,591325462.5833479,2.6849203046787245e+17,m$^{-3}$ s$^{-1}$
ionization_source,0.3658275717696807,600785555.2142583,2.652937055083354e+17,m$^{-3}$ s$^{-1}$
ionization_source,0.3660426970172035,607117885.6761913,2.6272234828576147e+17,m$^{-3}$ s$^{-1}$
ionization_source,0.3662578222647262,610323616.2679223,2.599600812741369e+17,m$^{-3}$ s$^{-1}$
ionization_source,0.3664646125202511,622948805.958298,2.5778229516558266e+17,m$^{-3}$ s$^{-1}$
ionization_source,0.3666714027757758,632374634.4624588,2.554079047012437e+17,m$^{-3}$ s$^{-1}$
ionization_source,0.3668781930313005,638604414.4803948,2.5284157111279008e+17,m$^{-3}$ s$^{-1}$
ionization_source,0.3670849832868254,641643501.8274802,2.500879824138541e+17,m$^{-3}$ s$^{-1}$
ionization_source,0.3672837614882332,654282426.7604728,2.479070472790819e+17,m$^{-3}$ s$^{-1}$
ionization_source,0.367482539689641,663654089.4240168,2.4553316087000134e+17,m$^{-3}$ s$^{-1}$
ionization_source,0.3676813178910489,669765782.9946193,2.4297098604362067e+17,m$^{-3}$ s$^{-1}$
ionization_source,0.3678800960924568,672627326.0375087,2.4022520968360205e+17,m$^{-3}$ s$^{-1}$
ionization_source,0.3680711726654542,685257164.8154874,2.380402296777464e+17,m$^{-3}$ s$^{-1}$
ionization_source,0.3682622492384517,694556503.4743396,2.356659460609417e+17,m$^{-3}$ s$^{-1}$
ionization_source,0.3684533258114491,700536914.7696269,2.3310702952931648e+17,m$^{-3}$ s$^{-1}$
ionization_source,0.3686444023844465,703212960.6574667,2.303681732239013e+17,m$^{-3}$ s$^{-1}$
ionization_source,0.3688280757273476,715811948.4918274,2.2817819966004006e+17,m$^{-3}$ s$^{-1}$
ionization_source,0.3690117490702488,725022456.4401253,2.25802571589846e+17,m$^{-3}$ s$^{-1}$
ionization_source,0.3691954224131499,730860636.471375,2.2324597550703e+17,m$^{-3}$ s$^{-1}$
ionization_source,0.369379095756051,733346058.8344966,2.205131189473089e+17,m$^{-3}$ s$^{-1}$
ionization_source,0.3695556527057768,745893405.8087853,2.1831714348326925e+17,m$^{-3}$ s$^{-1}$
ionization_source,0.3697322096555025,755000136.1232027,2.159391728326485e+17,m$^{-3}$ s$^{-1}$
ionization_source,0.3699087666052282,760687256.2386303,2.1338391807533446e+17,m$^{-3}$ s$^{-1}$
ionization_source,0.370085323554954,762979613.8897507,2.106561101662126e+17,m$^{-3}$ s$^{-1}$
ionization_source,0.3702550398349763,775455406.6196581,2.0845305817397056e+17,m$^{-3}$ s$^{-1}$
ionization_source,0.3704247561149987,784444852.5578606,2.0607169037031315e+17,m$^{-3}$ s$^{-1}$
ionization_source,0.3705944723950209,789974085.4355929,2.0351675217808944e+17,m$^{-3}$ s$^{-1}$
ionization_source,0.3707641886750433,725304391.9124722,2.007930080382451e+17,m$^{-3}$ s$^{-1}$
ionization_source,0.3709273293259741,767005464.1889406,1.9858173100895866e+17,m$^{-3}$ s$^{-1}$
ionization_source,0.371090469976905,750679967.9980942,1.961958486970508e+17,m$^{-3}$ s$^{-1}$
ionization_source,0.3712536106278358,728170982.4200766,1.9364015178192947e+17,m$^{-3}$ s$^{-1}$
ionization_source,0.3714167512787666,700191587.337446,1.909194495028551e+17,m$^{-3}$ s$^{-1}$
ionization_source,0.3715735710722634,689689538.1943133,1.886987163060269e+17,m$^{-3}$ s$^{-1}$
ionization_source,0.3717303908657603,673109265.9558761,1.8630713214787027e+17,m$^{-3}$ s$^{-1}$
ionization_source,0.3718872106592572,651131366.4123392,1.8374954523088422e+17,m$^{-3}$ s$^{-1}$
ionization_source,0.3720440304527539,624411215.4467964,1.810308224015904e+17,m$^{-3}$ s$^{-1}$
ionization_source,0.3721947742893885,612951802.1137203,1.787993092506792e+17,m$^{-3}$ s$^{-1}$
ionization_source,0.3723455181260231,596198121.0499538,1.764007576990551e+17,m$^{-3}$ s$^{-1}$
ionization_source,0.3724962619626576,574776302.1296153,1.7384008737315037e+17,m$^{-3}$ s$^{-1}$
ionization_source,0.3726470057992922,549291337.8478221,1.711222373081748e+17,m$^{-3}$ s$^{-1}$
ionization_source,0.3727919090910043,536999978.6861551,1.688785161760232e+17,m$^{-3}$ s$^{-1}$
ionization_source,0.3729368123827166,520143629.693831,1.6647164410858618e+17,m$^{-3}$ s$^{-1}$
ionization_source,0.3730817156744287,499300684.69658816,1.6390662798696848e+17,m$^{-3}$ s$^{-1}$
ionization_source,0.3732266189661409,475031427.664352,1.6118849422031232e+17,m$^{-3}$ s$^{-1}$
ionization_source,0.373365908003874,462016442.7923586,1.5928544203936435e+17,m$^{-3}$ s$^{-1}$
ionization_source,0.373505197041607,445118932.52524215,1.5767990999941354e+17,m$^{-3}$ s$^{-1}$
ionization_source,0.37364448607934,424874723.920007,1.5592809791424883e+17,m$^{-3}$ s$^{-1}$
ionization_source,0.3737837751170731,380149688.6670712,1.5403306882298323e+17,m$^{-3}$ s$^{-1}$
ionization_source,0.3739176674241654,383246606.99763536,1.5256829432577475e+17,m$^{-3}$ s$^{-1}$
ionization_source,0.3740515597312576,400936763.110941,1.509557167616889e+17,m$^{-3}$ s$^{-1}$
ionization_source,0.3741854520383499,375766421.68802303,1.4919848052574298e+17,m$^{-3}$ s$^{-1}$
ionization_source,0.3743193443454422,301143015.3474087,1.472996812987077e+17,m$^{-3}$ s$^{-1}$
ionization_source,0.3744480490173262,317399496.7076903,1.4582521544372058e+17,m$^{-3}$ s$^{-1}$
ionization_source,0.3745767536892104,301665785.19623363,1.4420452092963965e+17,m$^{-3}$ s$^{-1}$
ionization_source,0.3747054583610945,282749187.6121768,1.4244079088784424e+17,m$^{-3}$ s$^{-1}$
ionization_source,0.3748341630329786,261280184.97213945,1.405371640841428e+17,m$^{-3}$ s$^{-1}$
ionization_source,0.3749578810637194,248435895.64538628,1.3905184700674147e+17,m$^{-3}$ s$^{-1}$
ionization_source,0.3750815990944602,232542225.3080741,1.3742187524131747e+17,m$^{-3}$ s$^{-1}$
ionization_source,0.375205317125201,214207040.50595737,1.3565050298929373e+17,m$^{-3}$ s$^{-1}$
ionization_source,0.3753290351559418,194019719.6693112,1.3374092445655005e+17,m$^{-3}$ s$^{-1}$
ionization_source,0.3754479597521225,180323926.4533556,1.3224348545462931e+17,m$^{-3}$ s$^{-1}$
ionization_source,0.3755668843483032,164328407.94434988,1.3060297552833416e+17,m$^{-3}$ s$^{-1}$
ionization_source,0.3756858089444839,146602332.9929459,1.2882272450875592e+17,m$^{-3}$ s$^{-1}$
ionization_source,0.3758047335406645,108879159.5792666,1.2690599673628698e+17,m$^{-3}$ s$^{-1}$
ionization_source,0.3759190504231112,126090449.910703,1.2539503808910813e+17,m$^{-3}$ s$^{-1}$
ionization_source,0.3760333673055579,122166201.6664434,1.2374261475174288e+17,m$^{-3}$ s$^{-1}$
ionization_source,0.3761476841880046,103727496.4718032,1.21952149463027e+17,m$^{-3}$ s$^{-1}$
ionization_source,0.3762620010704513,93434498.07865284,1.20026994302548e+17,m$^{-3}$ s$^{-1}$
ionization_source,0.3763718887642676,103642298.93447123,1.1850097207092728e+17,m$^{-3}$ s$^{-1}$
ionization_source,0.376481776458084,103162344.56595504,1.1683512962656477e+17,m$^{-3}$ s$^{-1}$
ionization_source,0.3765916641519004,101172222.35810988,1.1503300326045965e+17,m$^{-3}$ s$^{-1}$
ionization_source,0.3767015518457167,97754639.1139196,1.1309805404722478e+17,m$^{-3}$ s$^{-1}$
ionization_source,0.3768071819590808,98811434.55197378,1.1155525512829267e+17,m$^{-3}$ s$^{-1}$
ionization_source,0.3769128120724448,98324176.9487856,1.0987433844144189e+17,m$^{-3}$ s$^{-1}$
ionization_source,0.3770184421858089,96374610.06834231,1.0805897867687363e+17,m$^{-3}$ s$^{-1}$
ionization_source,0.377124072299173,93041486.88329564,1.0611277176869629e+17,m$^{-3}$ s$^{-1}$
ionization_source,0.3772256097913325,94045544.4435282,1.0455128629403488e+17,m$^{-3}$ s$^{-1}$
ionization_source,0.377327147283492,93554835.08461864,1.0285346827068904e+17,m$^{-3}$ s$^{-1}$
ionization_source,0.3774286847756516,91647895.6894021,1.0102316091589618e+17,m$^{-3}$ s$^{-1}$
ionization_source,0.3775302222678111,80881020.62598796,9.906412674772371e+16,m$^{-3}$ s$^{-1}$
ionization_source,0.3776278257066952,87592432.69478694,9.748181465158574e+16,m$^{-3}$ s$^{-1}$
ionization_source,0.3777254291455794,99884892.97871771,9.5765069386755e+16,m$^{-3}$ s$^{-1}$
ionization_source,0.3778230325844635,110312587.3692564,9.391793950394506e+16,m$^{-3}$ s$^{-1}$
ionization_source,0.3779206360233476,62022285.80483729,9.21668560908006e+16,m$^{-3}$ s$^{-1}$
ionization_source,0.3780144578331972,79712723.01715417,9.117734320026894e+16,m$^{-3}$ s$^{-1}$
ionization_source,0.3781082796430469,76819817.23391788,9.006400021872312e+16,m$^{-3}$ s$^{-1}$
ionization_source,0.3782021014528965,72026045.39727697,8.88288737044525e+16,m$^{-3}$ s$^{-1}$
ionization_source,0.3782959232627461,65616366.03860822,8.747380522479845e+16,m$^{-3}$ s$^{-1}$
ionization_source,0.3783861099621504,64524570.73206627,8.647033082906963e+16,m$^{-3}$ s$^{-1}$
ionization_source,0.3784762966615547,61535492.23306642,8.534254868674533e+16,m$^{-3}$ s$^{-1}$
ionization_source,0.3785664833609589,56944487.2140851,8.409259598247576e+16,m$^{-3}$ s$^{-1}$
ionization_source,0.3786566700603632,28568856.448583443,8.272238211259234e+16,m$^{-3}$ s$^{-1}$
ionization_source,0.3787433624910727,52133165.70488904,8.170329496286794e+16,m$^{-3}$ s$^{-1}$
ionization_source,0.3788300549217823,72143005.7695032,8.055935400727146e+16,m$^{-3}$ s$^{-1}$
ionization_source,0.3789167473524919,40005239.93862286,7.929281339927114e+16,m$^{-3}$ s$^{-1}$
ionization_source,0.3790034397832014,24033526.745699525,7.790567598398557e+16,m$^{-3}$ s$^{-1}$
ionization_source,0.3790867733300767,39355187.43439651,7.68690909559989e+16,m$^{-3}$ s$^{-1}$
ionization_source,0.3791701068769518,37893238.72761509,7.570705001792877e+16,m$^{-3}$ s$^{-1}$
ionization_source,0.379253440423827,34633083.54015454,7.442195915150954e+16,m$^{-3}$ s$^{-1}$
ionization_source,0.3793367739707022,29880066.031523623,7.301594884265968e+16,m$^{-3}$ s$^{-1}$
ionization_source,0.3794168787731397,30084341.19211724,7.195969721145832e+16,m$^{-3}$ s$^{-1}$
ionization_source,0.3794969835755771,28484191.648374744,7.077735215155019e+16,m$^{-3}$ s$^{-1}$
ionization_source,0.3795770883780146,25414902.93776109,6.947151709489383e+16,m$^{-3}$ s$^{-1}$
ionization_source,0.379657193180452,12464592.419451326,6.804449626336458e+16,m$^{-3}$ s$^{-1}$
ionization_source,0.3797341943356188,19041601.94045794,6.696606292280746e+16,m$^{-3}$ s$^{-1}$
ionization_source,0.3798111954907857,29685983.389235843,6.576089518821507e+16,m$^{-3}$ s$^{-1}$
ionization_source,0.3798881966459524,18754050.334434863,6.443185424143222e+16,m$^{-3}$ s$^{-1}$
ionization_source,0.3799651978011192,24740312.873145327,6.298148080280795e+16,m$^{-3}$ s$^{-1}$
ionization_source,0.3800392155593136,7880590.152336655,6.187792322762311e+16,m$^{-3}$ s$^{-1}$
ionization_source,0.3801132333175079,3734779.699145781,6.064703550448965e+16,m$^{-3}$ s$^{-1}$
ionization_source,0.3801872510757023,15161896.66169149,5.9292017052911176e+16,m$^{-3}$ s$^{-1}$
ionization_source,0.3802612688338966,21717535.92739666,5.781573138240354e+16,m$^{-3}$ s$^{-1}$
ionization_source,0.3803324187863389,11247698.896483723,5.6683573920203736e+16,m$^{-3}$ s$^{-1}$
ionization_source,0.3804035687387812,10689571.538929516,5.542360907057682e+16,m$^{-3}$ s$^{-1}$
ionization_source,0.3804747186912235,10122782.102959525,5.403948295201969e+16,m$^{-3}$ s$^{-1}$
ionization_source,0.3805458686436658,9548615.128333991,5.253450151588299e+16,m$^{-3}$ s$^{-1}$
ionization_source,0.3806142619030137,9015881.238819951,5.137416400763597e+16,m$^{-3}$ s$^{-1}$
ionization_source,0.3806826551623617,8474299.65602154,5.058338977442961e+16,m$^{-3}$ s$^{-1}$
ionization_source,0.3807510484217096,7925220.839811185,4.967599090552245e+16,m$^{-3}$ s$^{-1}$
ionization_source,0.3808194416810576,7370016.749824379,4.865254200183999e+16,m$^{-3}$ s$^{-1}$
ionization_source,0.3808851850549274,6852078.148319629,4.796124499462497e+16,m$^{-3}$ s$^{-1}$
ionization_source,0.3809509284287973,6326487.544289276,4.714873672036998e+16,m$^{-3}$ s$^{-1}$
ionization_source,0.3810166718026672,5794692.384623109,4.621643873047987e+16,m$^{-3}$ s$^{-1}$
ionization_source,0.3810824151765369,5258173.834185392,4.516509585873908e+16,m$^{-3}$ s$^{-1}$
ionization_source,0.3811456113343016,4754371.683050035,4.445259137346316e+16,m$^{-3}$ s$^{-1}$
ionization_source,0.3812088074920663,4244256.718785233,4.361524990663775e+16,m$^{-3}$ s$^{-1}$
ionization_source,0.3812720036498309,3729395.717565507,4.265484725973031e+16,m$^{-3}$ s$^{-1}$
ionization_source,0.3813351998075956,3211404.555695656,4.157243059291282e+16,m$^{-3}$ s$^{-1}$
ionization_source,0.3813959474407201,2721094.2907379083,4.0835157880829256e+16,m$^{-3}$ s$^{-1}$
ionization_source,0.3814566950738445,2225993.498047124,3.996928347131464e+16,m$^{-3}$ s$^{-1}$
ionization_source,0.381517442706969,1727814.4299041263,3.8977115725021896e+16,m$^{-3}$ s$^{-1}$
ionization_source,0.3815781903400935,1228338.331501877,3.786020919209962e+16,m$^{-3}$ s$^{-1}$
ionization_source,0.3816365843162586,750895.6440333755,3.70936870693981e+16,m$^{-3}$ s$^{-1}$
ionization_source,0.3816949782924236,270416.71972370934,3.6194827317639416e+16,m$^{-3}$ s$^{-1}$
ionization_source,0.3817533722685886,0.0,3.5166732929261944e+16,m$^{-3}$ s$^{-1}$
ionization_source,0.3818117662447536,0.0,3.4011777782938336e+16,m$^{-3}$ s$^{-1}$
ionization_source,0.3818678977560072,0.0,3.321029030639558e+16,m$^{-3}$ s$^{-1}$
ionization_source,0.381924029267261,0.0,3.227305352934002e+16,m$^{-3}$ s$^{-1}$
ionization_source,0.3819801607785146,0.0,3.120434508438919e+16,m$^{-3}$ s$^{-1}$
ionization_source,0.3820362922897682,0.0,3.0007819504289224e+16,m$^{-3}$ s$^{-1}$
ionization_source,0.3820902489949379,0.0,2.916400487106425e+16,m$^{-3}$ s$^{-1}$
ionization_source,0.3821442057001075,0.0,2.8181845845333388e+16,m$^{-3}$ s$^{-1}$
ionization_source,0.3821981624052772,0.0,2.7067332984598176e+16,m$^{-3}$ s$^{-1}$
ionization_source,0.3822521191104469,0.0,2.620474842904537e+16,m$^{-3}$ s$^{-1}$
ionization_source,0.3823039852720331,0.0,2.5740694390830176e+16,m$^{-3}$ s$^{-1}$
ionization_source,0.3823558514336194,0.0,2.5147642719712544e+16,m$^{-3}$ s$^{-1}$
ionization_source,0.3824077175952057,0.0,2.4428044224285184e+16,m$^{-3}$ s$^{-1}$
ionization_source,0.3824595837567919,0.0,2.358346346511005e+16,m$^{-3}$ s$^{-1}$
ionization_source,0.3825094403725589,0.0,2.3091260346478584e+16,m$^{-3}$ s$^{-1}$
ionization_source,0.3825592969883259,0.0,2.246445053376785e+16,m$^{-3}$ s$^{-1}$
ionization_source,0.3826091536040928,0.0,2.170720046538285e+16,m$^{-3}$ s$^{-1}$
ionization_source,0.3826590102198599,0.0,2.082299028464949e+16,m$^{-3}$ s$^{-1}$
ionization_source,0.3827069351493266,0.0,2.0295193041537628e+16,m$^{-3}$ s$^{-1}$
ionization_source,0.3827548600787934,0.0,1.962870503587073e+16,m$^{-3}$ s$^{-1}$
ionization_source,0.3828027850082602,0.0,1.883016404196825e+16,m$^{-3}$ s$^{-1}$
ionization_source,0.3828507099377269,0.0,1.7905806605153444e+16,m$^{-3}$ s$^{-1}$
ionization_source,0.3828967780237585,0.0,1.7333226490325134e+16,m$^{-3}$ s$^{-1}$
ionization_source,0.3829428461097901,0.0,1.6620760521802962e+16,m$^{-3}$ s$^{-1}$
ionization_source,0.3829889141958216,0.0,1.577839839903784e+16,m$^{-3}$ s$^{-1}$
ionization_source,0.3830349822818532,0.0,1.481605461808156e+16,m$^{-3}$ s$^{-1}$
ionization_source,0.3830792654675401,0.0,1.4188344443649254e+16,m$^{-3}$ s$^{-1}$
ionization_source,0.383123548653227,0.0,1.3424404963985916e+16,m$^{-3}$ s$^{-1}$
ionization_source,0.383167831838914,0.0,1.2823654963553172e+16,m$^{-3}$ s$^{-1}$
ionization_source,0.3832121150246009,0.0,1.21993066770785e+16,m$^{-3}$ s$^{-1}$
ionization_source,0.3832546824656108,0.0,1.188682837004143e+16,m$^{-3}$ s$^{-1}$
ionization_source,0.3832972499066207,0.0,1.1455405373959046e+16,m$^{-3}$ s$^{-1}$
ionization_source,0.3833398173476305,0.0,1.0914164890353032e+16,m$^{-3}$ s$^{-1}$
ionization_source,0.3833823847886404,0.0,1.0271423881854478e+16,m$^{-3}$ s$^{-1}$
ionization_source,0.3834233029612158,0.0,9931137211779466.0,m$^{-3}$ s$^{-1}$
ionization_source,0.3834642211337912,0.0,9477683436894590.0,m$^{-3}$ s$^{-1}$
ionization_source,0.3835051393063665,0.0,8923351657291807.0,m$^{-3}$ s$^{-1}$
ionization_source,0.3835460574789419,0.0,8279278019297002.0,m$^{-3}$ s$^{-1}$
ionization_source,0.3835853902837145,0.0,7919732434321272.0,m$^{-3}$ s$^{-1}$
ionization_source,0.3836247230884871,0.0,7462751770750870.0,m$^{-3}$ s$^{-1}$
ionization_source,0.3836640558932598,0.0,6923449247777281.0,m$^{-3}$ s$^{-1}$
ionization_source,0.3837033886980324,0.0,6315016501062788.0,m$^{-3}$ s$^{-1}$
ionization_source,0.3837411975598145,0.0,5969273333919905.0,m$^{-3}$ s$^{-1}$
ionization_source,0.3837790064215967,0.0,5769523320633580.0,m$^{-3}$ s$^{-1}$
ionization_source,0.3838168152833788,0.0,5515983116670549.0,m$^{-3}$ s$^{-1}$
ionization_source,0.3838546241451609,0.0,5204942211139952.0,m$^{-3}$ s$^{-1}$
ionization_source,0.3838909681088707,0.0,5147741174010650.0,m$^{-3}$ s$^{-1}$
ionization_source,0.3839273120725804,0.0,5053198789057545.0,m$^{-3}$ s$^{-1}$
ionization_source,0.3839636560362902,0.0,4926696810937608.0,m$^{-3}$ s$^{-1}$
ionization_source,0.384,0.0,4781730021526356.0,m$^{-3}$ s$^{-1}$
