x,electron_density,mean_electron_energy,electric_potential,electron_current_density,ion_current_density,total_current_density,excitation_source,ionization_source,E_over_N,applied_voltage,gas_pressure
0.016,3.460565317806307E11,6.890808408798439,0.0,-0.23417546362560143,-0.781127225473218,-1.0153026890988195,3.448370571222944E19,2.4122936190917263E19,4.586205843272744E-18,200.0,13.3322
0.016036343963709777,3.493557290409884E11,7.317715294639003,0.5483794064687462,-0.23434192733835738,-0.7827557762173435,-1.017097703555701,3.903548054814221E19,2.8692824449637188E19,4.574948581422812E-18,200.0,13.3322
0.016072687927419553,3.52714000986541E11,7.73394541473429,1.0954111114829492,-0.23451987813632144,-0.7831691271476796,-1.017689005284001,4.351461758483344E19,3.3430238638863712E19,4.5636913195728794E-18,200.0,13.3322
0.016109031891129333,3.5613244403204675E11,8.134801435962538,1.6410951150426087,-0.23472456809810122,-0.7823653263954562,-1.0170898944935574,4.783924339553642E19,3.822411622631367E19,4.552434057722946E-18,200.0,13.3322
0.01614537585483911,3.596121793807598E11,8.515557207683383,2.185431417147725,-0.23496217394705077,-0.7804510390554324,-1.0154132130024833,5.193926392007604E19,4.295666913281648E19,4.5411863369792814E-18,200.0,13.3322
0.01618318471662123,3.633004244999918E11,8.898001999845604,2.750273812901086,-0.235243375029044,-0.7818280651596853,-1.0170714401887293,5.604011195998407E19,4.7857069859920036E19,4.529383743633498E-18,200.0,13.3322
0.01622099357840335,3.670555613398527E11,9.27020234744485,3.3136450801045396,-0.23554894892876824,-0.7820396351512483,-1.0175885840800165,5.9997458114343395E19,5.276416301135354E19,4.517571609181445E-18,200.0,13.3322
0.016258802440185467,3.7087887910906354E11,9.629488427056902,3.875545218758086,-0.23587836143573357,-0.7811878016087729,-1.0170661630445064,6.375685829511313E19,5.76271609738646E19,4.505759474729392E-18,200.0,13.3322
0.01629661130196759,3.7477169667519464E11,9.973199439720304,4.435974228861725,-0.23623634927584852,-0.7793633143499907,-1.015599663625839,6.73314790803791E19,6.234479156353645E19,4.4939561628107166E-18,200.0,13.3322
0.016335944106740195,3.7889635229088477E11,10.318730274493605,5.017426375036457,-0.23665524279359612,-0.7803938712022651,-1.0170491139958613,7.086772974824571E19,6.718465102095669E19,4.481571532230916E-18,200.0,13.3322
0.016375276911512804,3.8309561560929395E11,10.654584503071886,5.597272778780735,-0.23709571616647435,-0.7804056693671051,-1.0175013855335795,7.425588702062025E19,7.194461132327678E19,4.469178079117741E-18,200.0,13.3322
0.016414609716285413,3.873709575194695E11,10.97906300470389,6.175513440094562,-0.23755909581155532,-0.779485938231323,-1.0170450340428783,7.749240138390785E19,7.659708413400198E19,4.456784626004565E-18,200.0,13.3322
0.01645394252105802,3.917238827711514E11,11.290483433197927,6.752148358977936,-0.2380493938066084,-0.7777123106878079,-1.0157617044944163,8.054030281034298E19,8.110758829377544E19,4.444399413867187E-18,200.0,13.3322
0.016494860693633415,3.9633535849405927E11,11.60357811758045,7.350316128467135,-0.23860721447912864,-0.778422766813522,-1.0170299812926507,8.35823337467135E19,8.569254325028223E19,4.4314051835702715E-18,200.0,13.3322
0.01653577886620881,4.0103063978090247E11,11.90751021213305,7.946731346526815,-0.23918596024391964,-0.7782399907204495,-1.017425950964369,8.649157443916775E19,9.017368966617724E19,4.418402712297558E-18,200.0,13.3322
0.016576697038784206,4.058114147969071E11,12.201118207576929,8.541394013156978,-0.23978765768664742,-0.7772388937821287,-1.0170265514687762,8.925027112712217E19,9.45352482270612E19,4.4054002410248444E-18,200.0,13.3322
0.016617615211359602,4.106794107616989E11,12.483258001835141,9.134304128357623,-0.24041596566569373,-0.7754862180081596,-1.0159021836738535,9.192668438318498E19,9.876535607121255E19,4.3924055341771856E-18,200.0,13.3322
0.016660182652369453,4.158371503831439E11,12.7667377317254,9.749246613702889,-0.2411135149001427,-0.7758999614510417,-1.0170134763511844,9.45070985450067E19,1.030330975463172E20,4.378772541671141E-18,200.0,13.3322
0.0167027500933793,4.210902288388686E11,13.04148483603557,10.362276408763861,-0.24183234371214338,-0.775528210898539,-1.0173605546106823,9.703795871422318E19,1.072103126188573E20,4.365131784740031E-18,200.0,13.3322
0.016745317534389147,4.264406179052527E11,13.306666074471739,10.973393513540541,-0.2425748515656487,-0.7744355811471483,-1.017010432712797,9.946381479240063E19,1.1126837588139844E20,4.351491027808922E-18,200.0,13.3322
0.016787884975398997,4.318903356640624E11,13.56146446182737,11.58259792803293,-0.24334450166826593,-0.7726797210298015,-1.0160242226980674,1.0173309438068366E20,1.1518053061697896E20,4.337857644960755E-18,200.0,13.3322
0.016832168161085948,4.376666374392116E11,13.817133614211238,12.214320789313296,-0.24418244972873399,-0.7728167150635188,-1.0169991647922527,1.0405053307885663E20,1.1916072987258837E20,4.32355490422535E-18,200.0,13.3322
0.016876451346772903,4.435528922945974E11,14.064419047135214,12.843956226878294,-0.24504279173353855,-0.7722608899662864,-1.0173036816998249,1.0629504363370352E20,1.2304335991947636E20,4.309244789407007E-18,200.0,13.3322
0.016920734532459854,4.495514527627615E11,14.302702695772084,13.471504240727928,-0.24592814771659585,-0.7710682154148393,-1.0169963631314352,1.0838528106656619E20,1.2678250788120746E20,4.2949346745886636E-18,200.0,13.3322
0.016965017718146805,4.5566472811050836E11,14.53138127835221,14.09696483086219,-0.24684201226891353,-0.7692887158546589,-1.0161307281235723,1.1043153442555806E20,1.304271599506371E20,4.280631619723508E-18,200.0,13.3322
0.017011085804178365,4.621484513271703E11,14.760358915383637,14.745412834723808,-0.24782124663773478,-0.7691654138209132,-1.016986660458648,1.1252179498765766E20,1.3413485765274303E20,4.2656261270079426E-18,200.0,13.3322
0.017057153890209925,4.687607025433502E11,14.981228294434638,15.39158268315001,-0.24882455115314214,-0.7684293371487659,-1.017253888301908,1.1449876299411828E20,1.3771903437632288E20,4.250613574339182E-18,200.0,13.3322
0.017103221976241482,4.755043513293302E11,15.193520302847078,16.035474376140797,-0.24985484064722735,-0.7671291716933606,-1.016984012340588,1.163896788429466E20,1.4119253205448471E20,4.2356010216704215E-18,200.0,13.3322
0.017149290062273042,4.8238233914686487E11,15.396779249066178,16.67708791369617,-0.2509157849646567,-0.7653085154772379,-1.0162243004418947,1.1824619119385869E20,1.4458359381725536E20,4.220595280230475E-18,200.0,13.3322
0.017197214991739814,4.896834768766869E11,15.599677827084607,17.342136588185813,-0.25203761133169544,-0.7649380445087754,-1.0169756558404708,1.2014081953429622E20,1.480290499604586E20,4.204851808314451E-18,200.0,13.3322
0.017245139921206586,4.971367960162837E11,15.794679507444362,18.00469881979584,-0.25318584140703865,-0.7640241497475968,-1.0172099911546355,1.2197327175424996E20,1.5138088851333084E20,4.189101525169608E-18,200.0,13.3322
0.01729306485067336,5.0474587209408905E11,15.981423108014397,18.66477460852625,-0.25436374728353756,-0.76260935253247,-1.0169730998160076,1.236966662853398E20,1.54601615674145E20,4.173351242024765E-18,200.0,13.3322
0.01734098978014013,5.125143746864344E11,16.159559723644488,19.32236395437705,-0.25557535072187376,-0.7607318256851519,-1.0163071764070257,1.2539377621238381E20,1.5774992846788116E20,4.157607589546726E-18,200.0,13.3322
0.017390846395907097,5.2076995141586383E11,16.336596048403788,20.00381026533407,-0.25684106508066773,-0.7601248138838974,-1.016965878964565,1.2712129675636641E20,1.6094004790677497E20,4.141088475614798E-18,200.0,13.3322
0.017440703011674066,5.292080076035546E11,16.505887452334168,20.6825425598706,-0.25813625538194446,-0.7590346658466831,-1.0171709212286275,1.288257873222052E20,1.6406674164663678E20,4.124562731016056E-18,200.0,13.3322
0.017490559627441036,5.378330913911436E11,16.667154109274946,21.358560837986637,-0.25946468599285355,-0.7574986795085011,-1.0169633655013546,1.3050700648487046E20,1.6712778687737827E20,4.108036986417314E-18,200.0,13.3322
0.017540416243208002,5.4664987774260284E11,16.820127563575728,22.031865099682182,-0.26083131186071806,-0.7555504114396158,-1.0163817233003338,1.3208140183308406E20,1.7004952314273536E20,4.0915177541510904E-18,200.0,13.3322
0.017592282404794293,5.560320484284836E11,16.971185846845568,22.72941702117062,-0.2622425777475627,-0.7547144238810484,-1.0169570016286111,1.3366838352093374E20,1.729892571446517E20,4.074182637223817E-18,200.0,13.3322
0.01764414856638058,5.656357838119062E11,17.1145966409736,23.424006140551526,-0.26368691864749466,-0.7534484524157715,-1.0171353710632662,1.3523731680065621E20,1.7586999117302923E20,4.05684100796406E-18,200.0,13.3322
0.017696014727966867,5.754669844271576E11,17.250143865937016,24.115632457824905,-0.265169152906234,-0.7517853328829164,-1.0169544857891504,1.3678900916937435E20,1.786910870720912E20,4.039499378704304E-18,200.0,13.3322
0.017747880889553157,5.855317267200912E11,17.37762212817661,24.804295972990754,-0.2666949673869474,-0.7497546714673855,-1.016449638854333,1.3832477328220378E20,1.814526242241138E20,4.02216420028727E-18,200.0,13.3322
0.01780183759472281,5.962590857510886E11,17.50228624092834,25.517560809649062,-0.2682529850792159,-0.7486959418303234,-1.0169489269095393,1.3986927321204693E20,1.8421762670331652E20,4.0039696868693424E-18,200.0,13.3322
0.017855794299892466,6.072588404484564E11,17.61935301296226,26.227590689714606,-0.2698492550544874,-0.747253686852808,-1.0171029419072954,1.413972314543957E20,1.869244231135348E20,3.985768722608669E-18,200.0,13.3322
0.01790975100506212,6.185387899737839E11,17.728658464611364,26.934385613187395,-0.2714894431676852,-0.7454569159432283,-1.0169463591109134,1.4288058694265225E20,1.8954438877541155E20,3.967567758347996E-18,200.0,13.3322
0.01796370771023177,6.301069838626519E11,17.830048811270608,27.63794558006742,-0.27318078095364917,-0.7433318920459264,-1.0165126729995757,1.443190583693835E20,1.9207663829098797E20,3.949373279836873E-18,200.0,13.3322
0.018019839221485433,6.424599079864545E11,17.927647893326156,28.366416863563845,-0.2748855057008348,-0.7420558150912778,-1.0169413207921125,1.4575078665705464E20,1.945842520085105E20,3.930272609380708E-18,200.0,13.3322
0.018075970732739095,6.551522250475315E11,18.01764909803289,29.091355246383248,-0.2766346544765481,-0.7404376236238018,-1.01707227810035,1.4717113226759679E20,1.9703720826957994E20,3.911165453175009E-18,200.0,13.3322
0.018132102243992754,6.68194444712176E11,18.099932872357147,29.81276072852562,-0.27843556921933477,-0.738503073348687,-1.0169386425680218,1.485828022666001E20,1.994377817942178E20,3.89205829696931E-18,200.0,13.3322
0.018188233755246416,6.815974424112307E11,18.174389559752914,30.530633309990964,-0.2802972289919603,-0.7362755410202995,-1.0165727700122598,1.4998942046526787E20,2.0178952621141675E20,3.872957734360934E-18,200.0,13.3322
0.018246627731411436,6.959409824330063E11,18.243988221227415,31.27367601746105,-0.28214742675210913,-0.7347866168300156,-1.0169340435821246,1.513682407773478E20,2.0407962629887053E20,3.852900132611456E-18,200.0,13.3322
0.018305021707576457,7.107132516348407E11,18.30594722201609,32.012859336998616,-0.2840503648767417,-0.7329924197217252,-1.0170427845984669,1.5273756553961783E20,2.0631473934492257E20,3.8328359372646566E-18,200.0,13.3322
0.018363415683741478,7.259286818804099E11,18.360187029917643,32.74818326860367,-0.286015288369739,-0.7309158901287313,-1.0169311784984703,1.541012561570632E20,2.084988452690288E20,3.812771741917857E-18,200.0,13.3322
0.0184218096599065,7.4160225261863E11,18.40663787265645,33.4796478122762,-0.28805381708250327,-0.7285779362036787,-1.016631753286182,1.55464484902919E20,2.106377324202769E20,3.792714358556967E-18,200.0,13.3322
0.018482557293030995,7.584181378360996E11,18.447080751052,34.23648161216394,-0.2900463688371443,-0.7268804312935614,-1.0169268001307057,1.567721078296153E20,2.1266711202621873E20,3.771644494179824E-18,200.0,13.3322
0.018543304926155496,7.757836259305361E11,18.479807301933995,34.98909786314728,-0.2921021901858466,-0.7249110379114683,-1.0170132280973148,1.5807254726479518E20,2.1464089700881554E20,3.7505678178167595E-18,200.0,13.3322
0.018604052559279997,7.937189237347388E11,18.5047761781259,35.73749656522622,-0.2942333694510492,-0.7226902758859831,-1.0169236453370323,1.593712908136332E20,2.1656537230494938E20,3.729491141453695E-18,200.0,13.3322
0.018664800192404494,8.122450782135162E11,18.521955800692897,36.48167771840077,-0.29645510825094007,-0.7202369373885582,-1.0166920456394983,1.6067552208311622E20,2.184491382138283E20,3.708421642821931E-18,200.0,13.3322
0.018727996350169127,8.321794758449976E11,18.531894292102006,37.251357924100105,-0.29858276633143355,-0.7183365456234282,-1.0169193119548616,1.6188743831272545E20,2.2016173391911053E20,3.686278678399136E-18,200.0,13.3322
0.018791192507933756,8.528297300094392E11,18.53401431035029,38.016427122272276,-0.30078743754077664,-0.716194973138968,-1.0169824106797445,1.6309540481611294E20,2.2181847401804304E20,3.664128536245015E-18,200.0,13.3322
0.018854388665698385,8.742247182168418E11,18.528313171813906,38.77688531291727,-0.3030850694660091,-0.7138306523724123,-1.0169157218384215,1.6430703686387912E20,2.2342857591320625E20,3.641978394090893E-18,200.0,13.3322
0.018917584823463014,8.963946397811393E11,18.51479809281098,39.532732496035095,-0.30549569483831374,-0.711260563230712,-1.0167562580690257,1.6553213402191947E20,2.250041937646926E20,3.619835987224847E-18,200.0,13.3322
0.018983328197332856,9.203300251655388E11,18.49273441720316,40.31412814693598,-0.30774589058871993,-0.7091653643004785,-1.0169112548891985,1.6661697269873695E20,2.263302183010055E20,3.596552304988309E-18,200.0,13.3322
0.019049071571202697,9.452140614355226E11,18.462742541280317,41.090479780771375,-0.3100911564350791,-0.7068577529951181,-1.0169489094301971,1.67702604752632E20,2.2760126283787908E20,3.573260887463707E-18,200.0,13.3322
0.019114814945072542,9.710889218121053E11,18.424861134490612,41.86178739754128,-0.31255266000093307,-0.7043543590533156,-1.0169070190542486,1.6879942771040394E20,2.2883027556571798E20,3.549969469939104E-18,200.0,13.3322
0.019180558318942383,9.979989139296101E11,18.379138978524118,42.62805099724568,-0.3151568900761136,-0.7016706153488282,-1.0168275054249418,1.699206127344236E20,2.3003385365266534E20,3.52668659704693E-18,200.0,13.3322
0.019248951578290326,1.0271642567122334E12,18.323508662396584,43.41981936956573,-0.31751009473594477,-0.6993921546255663,-1.016902249361511,1.7083968547012447E20,2.308896537355956E20,3.5021860976780535E-18,200.0,13.3322
0.01931734483763827,1.0576106118843811E12,18.259863831404083,44.20606609904813,-0.3199821983415934,-0.6969288214621352,-1.0169110198037286,1.7176664820011346E20,2.31693693078443E20,3.477677053676757E-18,200.0,13.3322
0.019385738096986217,1.0894010082381118E12,18.18828924161773,44.98679118569286,-0.32260137294297797,-0.6942956882944835,-1.0168970612374615,1.7271549887975073E20,2.3246359843786215E20,3.453168009675461E-18,200.0,13.3322
0.01945413135633416,1.122602015539789E12,18.108879971779945,45.76199462949994,-0.3254025849912071,-0.6915068769057625,-1.0169094618969696,1.737036567091896E20,2.3322135931263517E20,3.4286686492590785E-18,200.0,13.3322
0.019525281308776454,1.1587454702815977E12,18.018193530317948,46.562551247285136,-0.3278305264546961,-0.6890613391315042,-1.0168918655862003,1.7441114651158918E20,2.3351094920382274E20,3.4028644848529217E-18,200.0,13.3322
0.019596431261218746,1.1966545659030913E12,17.91947977838909,47.357057856341356,-0.3304088299177873,-0.6864579279218148,-1.016866757839602,1.7513713471039308E20,2.3375608055645346E20,3.37705063686187E-18,200.0,13.3322
0.019667581213661037,1.2364258491803777E12,17.812875838285343,48.14551445666859,-0.33317490826701046,-0.6837103726901347,-1.0168852809571451,1.759001670696093E20,2.3398005420327213E20,3.351236788870818E-18,200.0,13.3322
0.019738731166103328,1.278161908866031E12,17.69852921463218,48.927921048266846,-0.3361753763818448,-0.6808317038785834,-1.017007080260428,1.767232449058799E20,2.3421164094817626E20,3.3254342353097474E-18,200.0,13.3322
0.019812748924297692,1.3238278092094785E12,17.571601011992353,49.73540396531175,-0.338637988290425,-0.6782414574312223,-1.0168794457216475,1.7708547167240995E20,2.3374990288051533E20,3.2982257758963823E-18,200.0,13.3322
0.019886766682492053,1.3719826313939465E12,17.43677532625649,50.536250234727106,-0.34129145608326794,-0.6755216887704678,-1.0168131448537356,1.7745977062463583E20,2.3323549979547736E20,3.2710060220530183E-18,200.0,13.3322
0.019960784440686413,1.4227782298916855E12,17.294248371174795,51.33045985651293,-0.3441858743748317,-0.6726849638005814,-1.016870838175413,1.7788451367053348E20,2.3271248421150448E20,3.2437862682096543E-18,200.0,13.3322
0.020034802198880777,1.47637707758889E12,17.14422642369101,52.11803283066923,-0.347380407014026,-0.6697434322630536,-1.0171238392770796,1.783879191864045E20,2.3221539641981737E20,3.216580025824435E-18,200.0,13.3322
0.020111803354047574,1.5353637206693198E12,16.98047490496438,52.93025936767546,-0.349822454603287,-0.6670425141165908,-1.0168649687198776,1.783805202862159E20,2.3092730906653478E20,3.1878483750508725E-18,200.0,13.3322
0.02018880450921437,1.5979459593590588E12,16.80920384089595,53.73519484516558,-0.3525091317794558,-0.6642405522608479,-1.0167496840403036,1.7842099713199764E20,2.29622748133429E20,3.1591032128191832E-18,200.0,13.3322
0.02026580566438117,1.6643694447325437E12,16.630673151187683,54.53283926313959,-0.35550433991124325,-0.6613491524559273,-1.0168534923671706,1.7849796708204485E20,2.283022978083391E20,3.1303580505874936E-18,200.0,13.3322
0.020342806819547966,1.7348990664325752E12,16.44515176608035,55.32319262159751,-0.35888122569917275,-0.6583798457141825,-1.0172610714133552,1.7857326400213926E20,2.2694368992226096E20,3.101629399254188E-18,200.0,13.3322
0.0204229116219854,1.8130306605298408E12,16.24507948007203,56.137605994176816,-0.3612372999253035,-0.6556109884110627,-1.0168482883363663,1.7798682689310143E20,2.2460474677733923E20,3.0712321695598692E-18,200.0,13.3322
0.02050301642442283,1.8964965321380317E12,16.038253435337698,56.94399414522119,-0.36390364051130847,-0.6527720072413022,-1.0166756477526107,1.7746900088660627E20,2.2227528004200376E20,3.040818428967132E-18,200.0,13.3322
0.020583121226860263,1.9857059001807603E12,15.824994943952849,57.74235707473065,-0.36695925714782507,-0.6498737538301546,-1.0168330109779795,1.7705477670109086E20,2.1999584113291785E20,3.010404688374395E-18,200.0,13.3322
0.020663226029297696,2.0811039264328289E12,15.605632112928193,58.532694782705185,-0.37048528435117534,-0.6469273128517657,-1.017412597202941,1.7666116007902662E20,2.1771757128542827E20,2.9800113131566654E-18,200.0,13.3322
0.02074655957617294,2.187570298156454E12,15.371423817790717,59.346297887611286,-0.37268628820016675,-0.6441446814461117,-1.0168309696462785,1.7537916282188805E20,2.142334067087582E20,2.9477757589538784E-18,200.0,13.3322
0.02082989312304818,2.3021783154379214E12,15.131790366141598,60.15104661706852,-0.3752727824875453,-0.6413255143195001,-1.0165982968070455,1.7419423798097347E20,2.1079802784318908E20,2.9155198393760924E-18,200.0,13.3322
0.020913226669923426,2.425630199879066E12,14.887097120297403,60.94694097107687,-0.3783314116612882,-0.6384800457711663,-1.0168114574324545,1.7314120238722213E20,2.0744903550884178E20,2.883263919798306E-18,200.0,13.3322
0.020996560216798667,2.558697322169608E12,14.637712532569745,61.73398094963633,-0.38192803342932563,-0.6356191087723752,-1.0175471422017006,1.7204837111004217E20,2.0408751960498556E20,2.851033040830672E-18,200.0,13.3322
0.021083252647508207,2.7084302944818633E12,14.373962960883567,62.543253615885845,-0.38392892073769264,-0.6328891484833732,-1.0168180692210658,1.7000145199917462E20,1.9946372239447605E20,2.816748861710227E-18,200.0,13.3322
0.02116994507821774,2.87096248475922E12,14.10685813971073,63.342728660583745,-0.386385046376116,-0.6301576641359737,-1.0165427105120897,1.680841376079749E20,1.9493746094117205E20,2.782439641979604E-18,200.0,13.3322
0.021256637508927277,3.0475334328474966E12,13.836764416514244,64.13240608373,-0.3893619515012444,-0.627434436122901,-1.0167963876241455,1.6615497072348853E20,1.9044689369404503E20,2.7481304222489807E-18,200.0,13.3322
0.021343329939636817,3.239519111293961E12,13.564046330292022,64.91228588532465,-0.39284753334660866,-0.6247301709289876,-1.0175777042755962,1.6426659337688338E20,1.8600196380425444E20,2.7138512350279533E-18,200.0,13.3322
0.021433516639041073,3.45748453041919E12,13.278472003556466,65.71308253779112,-0.3946949154870046,-0.6221269042026776,-1.016821819689682,1.6148749913030355E20,1.804066362879992E20,2.677264973016019E-18,200.0,13.3322
0.02152370333844533,3.696169196660814E12,12.992467625867686,66.50300127867062,-0.3970167906269619,-0.619556846939561,-1.0165736375665229,1.5864872115618618E20,1.7487393915293E20,2.6406486784944618E-18,200.0,13.3322
0.021613890037849585,3.957813627330782E12,12.706322903637664,67.28204210796315,-0.39977889381105025,-0.6170293938595526,-1.0168082876706028,1.5588016972941833E20,1.6942749869026797E20,2.604032383972905E-18,200.0,13.3322
0.02170407673725384,4.244931965424634E12,12.420321440206635,68.05020502566872,-0.4027444462563801,-0.6145548688927416,-1.0172993151491216,1.5309012128886197E20,1.6396500577602758E20,2.5674498576008785E-18,200.0,13.3322
0.021797898547103484,4.573934618184115E12,12.12416064937683,68.83763247065168,-0.4047172359262657,-0.6121509530096091,-1.0168681889358748,1.495137847946974E20,1.577288519440092E20,2.5282661977669982E-18,200.0,13.3322
0.021891720356953123,4.937376086284362E12,11.831275020432502,69.61293966633464,-0.407026300163851,-0.609811544953625,-1.016837845117476,1.4606402209537468E20,1.5162756808284416E20,2.4890487697836047E-18,200.0,13.3322
0.021985542166802766,5.339363703555505E12,11.541770594404603,70.37612661271758,-0.40935041959365537,-0.6075452843045356,-1.016895703898191,1.4242608066473653E20,1.4552422709030709E20,2.449831341800211E-18,200.0,13.3322
0.02207936397665241,5.784553461137942E12,11.255747628465578,71.1271933098005,-0.4109309375524357,-0.6053609572305252,-1.016291894782961,1.384869058426972E20,1.3917162932583083E20,2.4106467251298334E-18,200.0,13.3322
0.022176967415536514,6.299244606795313E12,10.963363367800593,71.89547669915635,-0.41378584328996737,-0.6032182304550047,-1.017004073744972,1.3471749743936386E20,1.33038300433189E20,2.3685477075478417E-18,200.0,13.3322
0.022274570854420618,6.872306089635595E12,10.678311117110356,72.65021430688235,-0.4164587659646265,-0.6011621523446993,-1.0176209183093259,1.30826791063128E20,1.269491230357884E20,2.3264158786528254E-18,200.0,13.3322
0.022372174293304722,7.51124459268569E12,10.400414104223113,73.39140613297852,-0.417958202319421,-0.5991992085296375,-1.0171574108490584,1.2658647996227884E20,1.2062973355547694E20,2.284284049757809E-18,200.0,13.3322
0.02246977773218883,8.224636301990667E12,10.129499633263782,74.11905217744484,-0.4165081922821857,-0.5973334425907564,-1.013841634872942,1.2143233746868983E20,1.1368518358647705E20,2.2421728663027402E-18,200.0,13.3322
0.022571315224348385,9.055491507754762E12,9.85662892969337,74.86141610658562,-0.4218039459329606,-0.5954920904549503,-1.0172960363879109,1.1815037172193965E20,1.084867102753688E20,2.196874365862341E-18,200.0,13.3322
0.022672852716507944,9.985956418081258E12,9.594657873530393,75.58862221425186,-0.42562186996519,-0.5937438854025796,-1.0193657553677697,1.1440329124984265E20,1.0314200484469305E20,2.1515552199819668E-18,200.0,13.3322
0.0227743902086675,1.1029342375041307E13,9.343105474428036,76.30067050044354,-0.4256641000964744,-0.5920894299273245,-1.017753530023799,1.0978922832098366E20,9.707658484165512E19,2.106236074101593E-18,200.0,13.3322
0.022875927700827053,1.220090045540869E13,9.101514853061122,76.99756096516069,-0.4185271132429421,-0.590520803675753,-1.0090479169186952,1.0347627283155413E20,8.985066432037164E19,2.0609041599652705E-18,200.0,13.3322
0.02298155781419113,1.3571124486190922E13,8.862054005845811,77.70618975255239,-0.428806739286795,-0.5889992725580916,-1.0178060118448866,1.0146813696748026E20,8.638305258657237E19,2.0122773489975477E-18,200.0,13.3322
0.02308718792755521,1.5109197252087346E13,8.635575360858143,78.39790330154861,-0.43497278501267733,-0.5875541024177292,-1.0225268874304065,9.850643140017373E19,8.231222023386725E19,1.963663306285774E-18,200.0,13.3322
0.023192818040919282,1.6837148956750758E13,8.421400868751462,79.07270161214933,-0.43268213588686083,-0.5861718359517053,-1.018853971838566,9.380890944537205E19,7.692819075500386E19,1.915049263574E-18,200.0,13.3322
0.02329844815428336,1.87800750502779E13,8.218897780298358,79.73058468435458,-0.4165154154760613,-0.5848188928018827,-1.001334308277944,8.648506315791257E19,6.962329889068088E19,1.866356839919363E-18,200.0,13.3322
0.02340833584809969,2.105113389320504E13,8.021270958506674,80.39678332708455,-0.43491290968264457,-0.5836292731587804,-1.018542182841425,8.63912804710162E19,6.829362123413693E19,1.814638681559151E-18,200.0,13.3322
0.023518223541916024,2.3594316623530023E13,7.836672475139666,81.04428969921302,-0.4447058014488602,-0.5824652823048226,-1.0271710837536827,8.459841233819766E19,6.5624186016453124E19,1.762998904141847E-18,200.0,13.3322
0.023628111235732357,2.64419239776412E13,7.664416670745293,81.67310380074,-0.43919425031416637,-0.5812842242342251,-1.0204784745483915,8.009815318183097E19,6.111634960362E19,1.7113591267245433E-18,200.0,13.3322
0.02373799892954869,2.9630053862753152E13,7.503872023368504,82.28322563166547,-0.41124486921398173,-0.5800056160586963,-0.991250485272678,7.198838922803655E19,5.40061088166331E19,1.6595407704891356E-18,200.0,13.3322
0.023852315811995387,3.3332670737011516E13,7.349118000232082,82.8979626548186,-0.4402431515535761,-0.5791783192704305,-1.0194214708240066,7.396067765793941E19,5.454029186715975E19,1.605616523152164E-18,200.0,13.3322
0.023966632694442082,3.744711817756431E13,7.2057236978488595,83.49246098414952,-0.45430792417389526,-0.5782755120098297,-1.032583436183725,7.336795931252285E19,5.328143267187804E19,1.551870854633287E-18,200.0,13.3322
0.024080949576888777,4.201238220076511E13,7.0731451791762545,84.06672061965823,-0.44512911110681347,-0.5772022148171033,-1.0223313259239168,6.9208184164903305E19,4.948608218483973E19,1.4981251861144102E-18,200.0,13.3322
0.024195266459335472,4.707028542518623E13,6.950885297034732,84.62074156134472,-0.40500555403249355,-0.5758075278492172,-0.9808130818817107,6.072874184928679E19,4.277058575051317E19,1.444089172164591E-18,200.0,13.3322
0.024314191055516132,5.287316245038524E13,6.8338440020997755,85.175746856072,-0.44486801298579576,-0.5754168037302576,-1.0202848167160534,6.437488346042305E19,4.4733188323014795E19,1.3897245356024363E-18,200.0,13.3322
0.0244331156516968,5.924040495015211E13,6.725697338400919,85.70956897067424,-0.4626445895694564,-0.5747747934472697,-1.0374193830167262,6.470728200577157E19,4.4361421708687426E19,1.3356502444712065E-18,200.0,13.3322
0.02455204024787746,6.620564574616419E13,6.626083415393112,86.22220790515142,-0.4501681897102386,-0.5737096982664859,-1.0238778879767245,6.095468626051834E19,4.122983396966401E19,1.2815759533399765E-18,200.0,13.3322
0.024670964844058122,7.380169037097547E13,6.534672066645179,86.71366365950355,-0.40071178877556957,-0.5719896810866768,-0.9727014698622464,5.2634745527676944E19,3.5174267567574667E19,1.2271430309819092E-18,200.0,13.3322
0.02479468287479893,8.237320425911095E13,6.44722105456554,87.20304883996904,-0.4488118716754327,-0.5721414405913531,-1.0209533122667858,5.723198838868253E19,3.782287570635816E19,1.1749178904622628E-18,200.0,13.3322
0.024918400905539734,9.162775338028553E13,6.366255269205406,87.67129676198763,-0.46866081965940926,-0.5717719275494878,-1.040432747208897,5.809940466013748E19,3.797428430551078E19,1.1230513811694187E-18,200.0,13.3322
0.02504211893628054,1.0157563444959964E14,6.291558814652264,88.11840742555937,-0.4540528816750052,-0.5706242095294958,-1.024677091204501,5.480143875877235E19,3.543086175497533E19,1.0711848718765746E-18,200.0,13.3322
0.02516583696702135,1.1222082995150302E14,6.222934038279973,88.5443808306842,-0.4004019009428328,-0.5684085272980184,-0.9688104282408512,4.712135400215845E19,3.0142703394039407E19,1.0189932582253066E-18,200.0,13.3322
0.025294541638905467,1.2401207780818523E14,6.156985683247222,88.96630268677373,-0.4521051991460425,-0.5691880522832398,-1.0212932514292823,5.192693773012969E19,3.291207255022698E19,9.71725911337135E-19,200.0,13.3322
0.02542324631078958,1.3652416768269012E14,6.095594849827622,89.36832299829636,-0.4720249999929164,-0.569089564919341,-1.0411145649122575,5.297987579155729E19,3.329200780249776E19,9.247836688073697E-19,200.0,13.3322
0.025551950982673696,1.4973045233472234E14,6.038638710734457,89.7504417652521,-0.4568313993809263,-0.5678017190739227,-1.0246331184548492,5.0165675026594595E19,3.125949122744278E19,8.778414262776042E-19,200.0,13.3322
0.025680655654557814,1.635934010153774E14,5.986004011808463,90.11265898764098,-0.4043673540129563,-0.5650360561661245,-0.9694034101790808,4.349742239756518E19,2.6883525836773827E19,8.307100957893284E-19,200.0,13.3322
0.025814547961650076,1.7867870277917825E14,5.935034978119526,90.4701370280067,-0.4548392465701366,-0.5664302044484656,-1.0212694510186022,4.7938649529426166E19,2.9382894395831177E19,7.905241022322057E-19,200.0,13.3322
0.02594844026874234,1.9443134602333416E14,5.887242798251176,90.8099745778699,-0.47321499937690975,-0.5665594287304906,-1.0397744281074004,4.891156236561384E19,2.9734758685688193E19,7.505271966335669E-19,200.0,13.3322
0.026082332575834602,2.1078818147142466E14,5.842557516274289,91.13217163723061,-0.4588289956102593,-0.5651278717306537,-1.023956867340913,4.656079967659275E19,2.809491588053008E19,7.105302910349282E-19,200.0,13.3322
0.026216224882926867,2.276736204936175E14,5.800914051167585,91.43672820608882,-0.4114390072257411,-0.5619121836836098,-0.9733511909093511,4.104729675304574E19,2.4615362907926073E19,6.705079609186336E-19,200.0,13.3322
0.026355513920659934,2.4578033800035753E14,5.760237907936635,91.73694132076352,-0.457177019228647,-0.5637805408516834,-1.0209575600803305,4.484573989767909E19,2.6724657270179045E19,6.381390472569733E-19,200.0,13.3322
0.026494802958393005,2.6444385061791503E14,5.721805378722225,92.02231448516285,-0.4731497265178153,-0.5640538604957992,-1.0372035870136145,4.5664861622217695E19,2.7045147430292623E19,6.057955581129691E-19,200.0,13.3322
0.026634091996126073,2.8357746738775756E14,5.685575264368947,92.29284769928685,-0.46045089993305194,-0.5625206131110887,-1.0229715130441406,4.375334539844485E19,2.5756732581328404E19,5.7345206896896485E-19,200.0,13.3322
0.026773381033859144,3.03083210226457E14,5.651508888546287,92.54854096313547,-0.41992289733247573,-0.5590531192260139,-0.9789760165584895,3.931407175701373E19,2.3007276616011497E19,5.411944328018266E-19,200.0,13.3322
0.0269182843255713,3.2377829496809975E14,5.6179595510396085,92.80088009309019,-0.4593170823904846,-0.5611758328342016,-1.0204929152246862,4.236863551954316E19,2.4646011313110065E19,5.160427807953933E-19,200.0,13.3322
0.027063187617283463,3.4491006058788106E14,5.586037090104026,93.04117293321909,-0.472727002105915,-0.5615026010203648,-1.0342296031262799,4.298512250024731E19,2.485667852565752E19,4.90805275812094E-19,200.0,13.3322
0.027208090908995626,3.6638380663867544E14,5.555715985772875,93.26941948352224,-0.46201733850567206,-0.559930968935521,-1.021948307441193,4.1435289232746504E19,2.3821145106260943E19,4.655677708287948E-19,200.0,13.3322
0.027352994200707782,3.880958120430397E14,5.526972084636049,93.4856197439996,-0.4284132615701539,-0.5564247181492414,-0.9848379797193954,3.791523591997967E19,2.1673294494853407E19,4.404580854020565E-19,200.0,13.3322
0.027503738037342344,4.109720772832135E14,5.498463607846855,93.69958437553863,-0.461413347915342,-0.5585852643096548,-1.0199986122249969,4.031719217526304E19,2.294017371152242E19,4.2120872303693965E-19,200.0,13.3322
0.027654481873976906,4.3418444913038794E14,5.471173895323207,93.90392715181086,-0.47253079850221474,-0.5588915620642624,-1.0314223605664772,4.078084715484978E19,2.309940613353497E19,4.018315411152443E-19,200.0,13.3322
0.02780522571061147,4.576408708346017E14,5.445086231354926,94.09864807281627,-0.4637067603936157,-0.5573352962600736,-1.0210420566536893,3.954297456615142E19,2.2298909031370744E19,3.8245435919354894E-19,200.0,13.3322
0.02795596954724603,4.812424530040363E14,5.420184686385471,94.28374713855492,-0.436152078971587,-0.553951507798591,-0.9901035867701781,3.6765570393298633E19,2.0642431424052437E19,3.632041746602353E-19,200.0,13.3322
0.028112789340742836,5.0600439969557825E14,5.3953436908559755,94.46759056666728,-0.46356460641843966,-0.5559804607126869,-1.0195450671311266,3.862288819884486E19,2.158843486536351E19,3.484534302677303E-19,200.0,13.3322
0.028269609134239634,5.310284068833638E14,5.371446677230133,94.6437485937674,-0.47281302702377265,-0.5562145153459287,-1.0290275423697013,3.894853925536571E19,2.167435669105199E19,3.335756884868259E-19,200.0,13.3322
0.028426428927736433,5.56229879315079E14,5.348482093285315,94.81222121985527,-0.4655895028824231,-0.5547122044700776,-1.0203017073525007,3.79324830165058E19,2.1016954216015266E19,3.1869794670592152E-19,200.0,13.3322
0.02858324872123324,5.815190877409151E14,5.326438868518707,94.9730084449309,-0.44293479245337775,-0.5515533069892845,-0.9944880994426623,3.5702304802843533E19,1.969637056785526E19,3.039288850735276E-19,200.0,13.3322
0.02874638937216411,6.079847786710796E14,5.304346585524905,95.13329520410598,-0.46581232679888745,-0.5533458114012028,-1.0191581382000903,3.714111327492384E19,2.039966204705471E19,2.924986494584473E-19,200.0,13.3322
0.02890953002309498,6.346609101881322E14,5.283008335174329,95.28738104750553,-0.47360191687500336,-0.5534802543329577,-1.027082171207961,3.736428266412539E19,2.0432419259786027E19,2.809597336948389E-19,200.0,13.3322
0.02907267067402585,6.614714521513216E14,5.262415743325869,95.43526597512957,-0.46766508061113654,-0.5520537547544512,-1.0197188353655877,3.651669570785699E19,1.988241741639344E19,2.694208179312305E-19,200.0,13.3322
0.029235811324956725,6.883364579153569E14,5.242560748965614,95.57694998697805,-0.44884488942678336,-0.5491636838368049,-0.9980085732635883,3.469624799280738E19,1.881034902155582E19,2.5796739216576124E-19,200.0,13.3322
0.029405527604979064,7.164081495322594E14,5.2225869755495165,95.71867564625425,-0.46816624858451306,-0.5506737150430954,-1.0188399636276084,3.5821606394776916E19,1.933472956968926E19,2.489685746514889E-19,200.0,13.3322
0.029575243885001403,7.446545779730304E14,5.203232030175795,95.85532270598024,-0.4748361176474241,-0.5507001964871603,-1.0255363141345843,3.5980024744097903E19,1.9345909515965088E19,2.398842671390685E-19,200.0,13.3322
0.029744960165023742,7.730076848045134E14,5.184489588842515,95.98689116615603,-0.4699135472031407,-0.5493526599115102,-1.0192662071146508,3.5277364856088297E19,1.890442429653384E19,2.3079995962664815E-19,200.0,13.3322
0.02991467644504608,8.013963507610358E14,5.166353541991752,96.1133810267816,-0.4540661074847275,-0.546726629486179,-1.0007927369709064,3.377942977428272E19,1.8041617271288363E19,2.2177941535509414E-19,200.0,13.3322
0.030091233394771787,8.310309401381706E14,5.148053724910487,96.24028746586747,-0.4706309474474957,-0.54795184149723,-1.0185827889447256,3.4689375893938938E19,1.8464197899134894E19,2.1457235264598324E-19,200.0,13.3322
0.030267790344497496,8.608149954650905E14,5.130273702163449,96.36296529912028,-0.47644425437237975,-0.5478727377955007,-1.0243169921678805,3.480078695495713E19,1.8460537305273213E19,2.0730152669600611E-19,200.0,13.3322
0.0304443472942232,8.906872838799228E14,5.113008530069799,96.48141452654002,-0.4723219265297663,-0.5465932982258902,-1.0189152247556565,3.4194448886658765E19,1.8077735557606173E19,2.0003070074602898E-19,200.0,13.3322
0.030620904243948907,9.205841176229938E14,5.096253418561748,96.59563514812669,-0.4587903022618721,-0.5441988692741284,-1.0029891715360004,3.2927078490331124E19,1.7349540058038469E19,1.928064645016796E-19,200.0,13.3322
0.03080457758685003,9.517722138630672E14,5.079305106162791,96.71052754591584,-0.4732111116305285,-0.5451644840315814,-1.01837559566211,3.3661856197856723E19,1.767548075994595E19,1.8693956430645997E-19,200.0,13.3322
0.030988250929751153,9.830912925453481E14,5.062802035967157,96.82184212254214,-0.4783629781383372,-0.5449892862658039,-1.023352264404141,3.3732843655386763E19,1.7651957873419233E19,1.810260744056391E-19,200.0,13.3322
0.031171924272652276,1.0144857730753595E15,5.046740230041176,96.92957887800557,-0.47487655298607007,-0.5437645573059985,-1.0186411102920685,3.3201497073848103E19,1.7314655817742453E19,1.7511258450481823E-19,200.0,13.3322
0.0313555976155534,1.0458980571625644E15,5.031115824750731,97.03373781230616,-0.46316826052896937,-0.5415632834631242,-1.0047315439920936,3.211202789131757E19,1.6689791279223747E19,1.692330202715512E-19,200.0,13.3322
0.03154667418855086,1.0786513599232038E15,5.015278792764479,97.13874048193097,-0.4759058587631201,-0.5423021896793371,-1.0182080484424572,3.271303299584048E19,1.6942601191608142E19,1.6438545489324907E-19,200.0,13.3322
0.03173775076154832,1.1115215521996255E15,4.999829517050549,97.24067067498864,-0.48054176213734345,-0.542041081629328,-1.0225828437666715,3.2753815892401533E19,1.6904555281844554E19,1.5950396384738866E-19,200.0,13.3322
0.03192882733454577,1.1444576703967062E15,4.984764718002391,97.33952839147915,-0.47756751556451854,-0.5408571785109186,-1.0184246940754371,3.2281801345200546E19,1.6603119191796513E19,1.5462247280152826E-19,200.0,13.3322
0.03211990390754323,1.1774070556775622E15,4.970081203845086,97.43531363140252,-0.4673150648520783,-0.5388118271775941,-1.0061268920296724,3.133193459546379E19,1.60589739310882E19,1.4976585963971596E-19,200.0,13.3322
0.03231868210895109,1.2117506312170942E15,4.955172215829289,97.53205704135624,-0.47871589932500097,-0.5393555838374688,-1.0180714831624698,3.1829177951608177E19,1.6255515564721955E19,1.45706885137947E-19,200.0,13.3322
0.03251746031035895,1.2461998700264018E15,4.940605712624953,97.62612641419256,-0.4829450894728862,-0.5390174058731347,-1.021962495346021,3.1847057030563807E19,1.6206683317419514E19,1.4162303275213434E-19,200.0,13.3322
0.03271623851176681,1.2807075654522175E15,4.926378934124315,97.71752174991147,-0.4803899083561907,-0.5378617129558494,-1.01825162131204,3.142274727162647E19,1.5933978341630837E19,1.3753918036632166E-19,200.0,13.3322
0.03291501671317467,1.3152250587117808E15,4.91248918958931,97.80624304851297,-0.47131655278354556,-0.5359401994747176,-1.0072567522582632,3.059117741199849E19,1.5464060854782386E19,1.3347387348366586E-19,200.0,13.3322
0.033121806968699444,1.3511927222159582E15,4.898365528896791,97.89599706054884,-0.4816445567079026,-0.5363146381263767,-1.0179591948342792,3.10212764012215E19,1.563772578811025E19,1.3003460514159744E-19,200.0,13.3322
0.03332859722422421,1.3872565969439272E15,4.884548064688213,97.98339569619392,-0.4855520438192313,-0.5359048156012535,-1.0214568594204847,3.1035999205970625E19,1.560166139267894E19,1.2657679129635893E-19,200.0,13.3322
0.03353538747974898,1.4233725262000608E15,4.8710344326634205,98.06843895544822,-0.4833467868928335,-0.5347646960077295,-1.0181114829005629,3.066435742587527E19,1.5372178730530855E19,1.2311897745112043E-19,200.0,13.3322
0.03374217773527376,1.459495088274824E15,4.85782232462247,98.15112683831174,-0.47524508619281863,-0.5329373071301907,-1.0081823933230094,2.992861505702101E19,1.4962030294659693E19,1.1967504160920805E-19,200.0,13.3322
0.03395730298279655,1.497126013352008E15,4.844370903375217,98.23489370286119,-0.4847034168272637,-0.5331624432438256,-1.0178658600710893,3.029398804419995E19,1.5101467994342451E19,1.1673000286759968E-19,200.0,13.3322
0.034172428230319345,1.5348448433528695E15,4.831196107756948,98.31656378788396,-0.4883543879388521,-0.5326852109562854,-1.0210395988951375,3.029494402429329E19,1.5058969330104175E19,1.137710861226696E-19,200.0,13.3322
0.03438755347784214,1.5726099042273458E15,4.818295881583111,98.39613709338009,-0.48644613586005886,-0.5315503427060659,-1.0179964785661249,2.9954941164873773E19,1.4847731619902882E19,1.108121693777395E-19,200.0,13.3322
0.03460267872536493,1.6103784037390872E15,4.80566821497102,98.47361361934956,-0.47915587158457595,-0.5297941893683171,-1.008950060952893,2.9292321772752232E19,1.4478272761557443E19,1.0786385454688902E-19,200.0,13.3322
0.03482647491926344,1.6497156262510665E15,4.792797885494218,98.55219591345056,-0.48789980602335803,-0.5298876406640763,-1.0177874466874344,2.9605094237201543E19,1.4589985554873307E19,1.05318751192514E-19,200.0,13.3322
0.03505027111316194,1.6891331990949592E15,4.7801797281686245,98.62889415894371,-0.49134439611794994,-0.5293467806859835,-1.0206911768039335,2.959514541945316E19,1.4542428002905457E19,1.0276304592405938E-19,200.0,13.3322
0.03527406730706044,1.7285914757143365E15,4.7678119312171265,98.70370835582901,-0.48969164213373384,-0.5282092597129591,-1.017900901846693,2.928169965087074E19,1.4346431484888742E19,1.0020734065560477E-19,200.0,13.3322
0.035497863500958945,1.768049808585934E15,4.7556927217550715,98.77663850410647,-0.4830879346693771,-0.5265060113093172,-1.0095939459786942,2.868005329712825E19,1.4010783747125207E19,9.765984877365349E-20,200.0,13.3322
0.035730680136756884,1.8091391968242758E15,4.7433289255374955,98.85068734153694,-0.4912397444625553,-0.5264811934219151,-1.0177209378844705,2.894950920044929E19,1.4099710205630085E19,9.544230605328764E-20,200.0,13.3322
0.03596349677255483,1.8503018084917602E15,4.731196826941456,98.92302923123961,-0.49451783767019897,-0.5258793414470138,-1.0203971791172126,2.893080520855264E19,1.404810045107984E19,9.321654994640964E-20,200.0,13.3322
0.036196313408352776,1.8914996532322635E15,4.719294811190162,98.99366417321448,-0.493088189514195,-0.5247323928091426,-1.0178205823233375,2.8639898727236383E19,1.3864965278182846E19,9.099079383953162E-20,200.0,13.3322
0.036429130044150715,1.9326938347621225E15,4.707621296681009,99.06259216746156,-0.4870726456523122,-0.5230668752282541,-1.0101395208805661,2.808969123914578E19,1.3557735786252866E19,8.877148526756931E-20,200.0,13.3322
0.03667133070431411,1.9755832491603848E15,4.695702264915671,99.1326418702036,-0.49472979781584747,-0.5229342240093559,-1.0176640218252033,2.832302748404546E19,1.362767257021345E19,8.682522887851246E-20,200.0,13.3322
0.0369135313644775,2.0185389439411615E15,4.683997598367248,99.20113367013674,-0.4978735844374405,-0.5222731179841359,-1.0201467024215765,2.8297198533440217E19,1.3572751085062492E19,8.487252495453549E-20,200.0,13.3322
0.03715573202464089,2.0615242792738162E15,4.672505843292261,99.26806756726097,-0.4966415239774096,-0.5211108697805684,-1.017752393757978,2.802560765485564E19,1.3400562210196466E19,8.29198210305585E-20,200.0,13.3322
0.037397932684804285,2.1045017875449962E15,4.661225574629228,99.3334435615763,-0.49113549013127233,-0.5194705645763684,-1.0106060547076408,2.7519238417322365E19,1.3117454318920241E19,8.097226577778369E-20,200.0,13.3322
0.03764989560653679,2.149240460934124E15,4.649699547468174,99.39993719658477,-0.49837690576442145,-0.5192380245286341,-1.0176149302930555,2.7722115552008114E19,1.3171360875259247E19,7.92529410701639E-20,200.0,13.3322
0.0379018585282693,2.1940384349755438E15,4.638373073757759,99.46499956093217,-0.5014131000436503,-0.5185183857234577,-1.019931485767108,2.7694042779853177E19,1.3118431466628622E19,7.752846769131987E-20,200.0,13.3322
0.03815382145000181,2.238860164363684E15,4.627244832992292,99.5286306546185,-0.500358629602644,-0.5173353536447184,-1.0176939832473624,2.745163411126903E19,1.2972020413155627E19,7.580399431247584E-20,200.0,13.3322
0.038405784371734315,2.2836693410956975E15,4.616313529763994,99.59083047764372,-0.49529900744188915,-0.515708905903247,-1.0110079133451362,2.6994963845415895E19,1.2725307524051016E19,7.408364139662024E-20,200.0,13.3322
0.03866790303765849,2.3303070854445755E15,4.605136731469142,99.65413852902948,-0.5021920341007832,-0.5153803368001572,-1.0175723709009403,2.718500050478708E19,1.2782625560225532E19,7.255558166214926E-20,200.0,13.3322
0.03893002170358266,2.376996776449043E15,4.594146743743554,99.71612365173206,-0.5051450534851374,-0.5146004439468579,-1.0197454974319953,2.7161235360776253E19,1.2739321361009848E19,7.10234014646987E-20,200.0,13.3322
0.03919214036950683,2.4237037381520685E15,4.58334235735814,99.77678584575143,-0.5042539333127569,-0.5133897003464367,-1.0176436336591936,2.6933120029756015E19,1.260058492622631E19,6.949122126724814E-20,200.0,13.3322
0.039454259035431,2.4703925867835275E15,4.572722385287848,99.83612511108761,-0.4995912290638782,-0.5117655687343822,-1.0113567977982605,2.650858955580553E19,1.2370848597267714E19,6.796237922161E-20,200.0,13.3322
0.03972694278807778,2.5189787740541375E15,4.561857523377984,99.89655936748412,-0.5061895860426208,-0.5113455177010011,-1.0175351037436218,2.6676797294622335E19,1.241687401710042E19,6.659716384780185E-20,200.0,13.3322
0.03999962654072456,2.567609192639725E15,4.551168398098702,99.95576434707098,-0.5090779760155001,-0.5105051334362387,-1.0195831094517387,2.664903522016212E19,1.2371603222412302E19,6.522861032216359E-20,200.0,13.3322
0.04027231029337134,2.616249854391195E15,4.540653894246102,100.01374004984822,-0.508337498659511,-0.5092622776316134,-1.0175997762911244,2.6433487083353055E19,1.2239548085906024E19,6.386005679652533E-20,200.0,13.3322
0.04054499404601812,2.664866110195635E15,4.53031291644856,100.07048647581584,-0.5040299871428282,-0.5076323913521064,-1.0116623784949346,2.603710202584454E19,1.2024606419459465E19,6.249424251787627E-20,200.0,13.3322
0.040828668727084294,2.715449831978157E15,4.519727868217151,100.12831200389346,-0.5103778260932005,-0.5071244241572976,-1.017502250250498,2.6186331376145576E19,1.2060760143219298E19,6.126874293239745E-20,200.0,13.3322
0.04111234340815047,2.7660695949546145E15,4.50930886347135,100.18498982230804,-0.5132171774151321,-0.5062231422216036,-1.0194403196367356,2.6155150250752995E19,1.2013747916922808E19,6.004050409992498E-20,200.0,13.3322
0.04139601808921664,2.8166919437111165E15,4.499054867158887,100.24051993105962,-0.5126169817295545,-0.5049443104139734,-1.0175612921435278,2.5950705153004503E19,1.1887527565442021E19,5.881226526745253E-20,200.0,13.3322
0.04167969277028282,2.8672828023070815E15,4.488964862093226,100.29490233014816,-0.5086301835315109,-0.5033016731587856,-1.0119318566902966,2.5579131367846003E19,1.1685556004549997E19,5.758629420396484E-20,200.0,13.3322
0.04197480138565468,2.9199124781141775E15,4.478631742017843,100.35034602520165,-0.5147647162684393,-0.502708393839871,-1.0174731101083103,2.5711705621175984E19,1.1712984518113085E19,5.648148873594517E-20,200.0,13.3322
0.04226991000102655,2.9725694153452115E15,4.468456126653659,100.404713535392,-0.517568368774225,-0.5017455854672727,-1.0193139542414977,2.567754899664552E19,1.166439067842394E19,5.537441549893194E-20,200.0,13.3322
0.042565018616398415,3.025220557081512E15,4.458437049805429,100.45800486071923,-0.5171000401329534,-0.5004272571256074,-1.0175272972585607,2.5482954525936984E19,1.1543276775184427E19,5.42673422619187E-20,200.0,13.3322
0.04286012723177028,3.077832261162351E15,4.448573561496515,100.51022000118333,-0.5134052670333189,-0.498765720503621,-1.01217098753694,2.5133380887601865E19,1.1352733353384145E19,5.3162161825503026E-20,200.0,13.3322
0.0431671306433521,3.132555223040711E15,4.4384679910588485,100.56347726198389,-0.5193580557159335,-0.4980890590360092,-1.0174471147519428,2.525120145835816E19,1.1372364466670555E19,5.2162282370076207E-20,200.0,13.3322
0.04347413405493392,3.187295968932125E15,4.428512359650175,100.61572144955277,-0.5221375047708982,-0.49706394540293736,-1.0192014501738356,2.5214404896499823E19,1.1322296628955023E19,5.1160510114060653E-20,200.0,13.3322
0.04378113746651574,3.2420217232521565E15,4.41870576064245,100.66695256388994,-0.5217941716303727,-0.49570290900352015,-1.0174970806338928,2.5028576790645215E19,1.1205654709173484E19,5.01587378580451E-20,200.0,13.3322
0.044088140878097565,3.2966991562986735E15,4.409047302234305,100.71717060499543,-0.5183673430370609,-0.4940170807651174,-1.0123844238021782,2.4698607368290066E19,1.1025221694679327E19,4.915856098375135E-20,200.0,13.3322
0.0444075185235252,3.3535612343467545E15,4.399147828194273,100.7684106290203,-0.5241653698841785,-0.4932584318452708,-1.0174238017294492,2.4803237898414023E19,1.1037808672534833E19,4.8250432056559584E-20,200.0,13.3322
0.04472689616895284,3.4104308110304895E15,4.389391554739157,100.81869358469766,-0.5269306448760541,-0.49217008654378736,-1.0191007314198415,2.4764052045974626E19,1.0986333551860083E19,4.7340707747637174E-20,200.0,13.3322
0.04504627381438047,3.467275288743181E15,4.379777627090502,100.86801947202753,-0.5267067122391978,-0.4907633559439369,-1.0174700681831348,2.4586042757041623E19,1.0873605265555567E19,4.643098343871476E-20,200.0,13.3322
0.04536565145980811,3.524061543519391E15,4.370305204110504,100.91638829100988,-0.5235269245244536,-0.48904861507921965,-1.0125755396036733,2.4284690685936247E19,1.0715403403743238E19,4.552263671393812E-20,200.0,13.3322
0.04569790210117179,3.5831065440738975E15,4.360592840547441,100.96575823449699,-0.5291955980089262,-0.4882072942749658,-1.017402892283892,2.4389631011882177E19,1.0736078020830282E19,4.469501685768769E-20,200.0,13.3322
0.04603015274253548,3.642147600214948E15,4.351017671126681,101.01422088478313,-0.5319577621612297,-0.48705275050848695,-1.0190105126697167,2.436034211282579E19,1.0697621563585784E19,4.386601941728709E-20,200.0,13.3322
0.04636240338389918,3.7011521888935365E15,4.341578886297944,101.06177624186827,-0.5318503877799602,-0.4855955091158979,-1.017445896895858,2.4201094765384696E19,1.060233302893184E19,4.3037021976886485E-20,200.0,13.3322
0.04669465402526286,3.7600872857705215E15,4.332275689137566,101.10842430575245,-0.5289026911475756,-0.4838446839512308,-1.0127473750988063,2.3915693765418435E19,1.0452288566231687E19,4.220916892148342E-20,200.0,13.3322
0.047040296528008396,3.8213553933561845E15,4.32273364177188,101.15605189655793,-0.5344642205091771,-0.48291976653253876,-1.0173839870417158,2.401038715043263E19,1.0467585901725565E19,4.145257032124618E-20,200.0,13.3322
0.04738593903075393,3.8826069473559155E15,4.313323397901007,101.20281675179248,-0.5372319606487247,-0.4816970807186506,-1.0189290413673753,2.3979305221572927E19,1.042800550307264E19,4.069482733601138E-20,200.0,13.3322
0.04773158153349946,3.9438094130978305E15,4.304044187713421,101.24871887145608,-0.5372382245029457,-0.48018586650220263,-1.0174240910051484,2.3826326695958057E19,1.0335644827761553E19,3.993708435077658E-20,200.0,13.3322
0.04807722403624499,4.004929777561128E15,4.294895253149586,101.29375825554874,-0.5345085785934435,-0.4783944856585735,-1.0129030642520171,2.3554929170000888E19,1.0192410040069378E19,3.9180323493155136E-20,200.0,13.3322
0.04843679817946966,4.068457704929724E15,4.2855085171179885,101.33975529515693,-0.5399801308370102,-0.4773866418257357,-1.017366772662746,2.3640226345717887E19,1.0202714297161011E19,3.8486812730053355E-20,200.0,13.3322
0.04879637232269433,4.131955289437938E15,4.276248717645483,101.38492974197723,-0.5427602390573913,-0.476094704540283,-1.0188549435976744,2.360742945845063E19,1.0162005965363272E19,3.779231983934263E-20,200.0,13.3322
0.049155946465919,4.195389912265226E15,4.267115120053754,101.42928159600967,-0.5428771357219573,-0.4745271419545432,-1.0174042776765004,2.3460077390969168E19,1.0072208133278517E19,3.7097826948631914E-20,200.0,13.3322
0.049515520609143666,4.2587284974980115E15,4.2581070006552375,101.4728108572542,-0.5403533140889236,-0.47269166544938146,-1.013044979538305,2.3201368724005274E19,9.935081718641095E18,3.640418167679968E-20,200.0,13.3322
0.04988958792855242,4.324549203602123E15,4.248862078121121,101.51727571196332,-0.5457499646023974,-0.47160105980782313,-1.0173510244102206,2.327797590718302E19,9.940705631467719E18,3.576692525291311E-20,200.0,13.3322
0.05026365524796117,4.39032449277721E15,4.239739681116787,101.5609542999369,-0.5485483835684639,-0.4702388430544166,-1.0187872266228806,2.3243497329930064E19,9.898844729870004E18,3.5128821210130386E-20,200.0,13.3322
0.050637722567369925,4.4560215971409955E15,4.2307391061532975,101.60384662117488,-0.5487733690860449,-0.46861281679647715,-1.017386185882522,2.3101182666608165E19,9.811273422124999E18,3.449071716734766E-20,200.0,13.3322
0.05101178988677868,4.521607311663232E15,4.221859660066204,101.64595267567728,-0.5464448312457304,-0.4667301279610164,-1.0131749592067467,2.285399174137726E19,9.679627985983894E18,3.385334850375073E-20,200.0,13.3322
0.05140093455161689,4.589749448190233E15,4.212744348951244,101.68897215632268,-0.5517796767036486,-0.4655568743744795,-1.017336551078128,2.292248518982208E19,9.680820753796127E18,3.326645571595024E-20,200.0,13.3322
0.05179007921645511,4.657829705206887E15,4.20374755112591,101.73123838144579,-0.5546015811694552,-0.46412346738573773,-1.018725048555193,2.2886318859963957E19,9.637764689478908E18,3.2678827548959534E-20,200.0,13.3322
0.05217922388129331,4.725815107691566E15,4.1948685908930585,101.7727513510466,-0.5549324554054185,-0.4624371308995726,-1.0173695863049912,2.2748495411689935E19,9.552106866713567E18,3.2091199381968825E-20,200.0,13.3322
0.052568368546131526,4.793672262429916E15,4.186106802293181,101.81351106512507,-0.5527900457628498,-0.4605045205366015,-1.0132945662994515,2.251176971996169E19,9.42537616828119E18,3.1504212367567197E-20,200.0,13.3322
0.05297319827146385,4.864159599074193E15,4.177110019134181,101.85516199475363,-0.5580744492902878,-0.45924873968573204,-1.01732318897602,2.257261476240317E19,9.422333094257502E18,3.096257983101016E-20,200.0,13.3322
0.05337802799679617,4.934567102510511E15,4.168228087387314,101.8960897890762,-0.5609243099321208,-0.45774338106040147,-1.0186676909925223,2.2534719788815667E19,9.378023554777762E18,3.0420306141883925E-20,200.0,13.3322
0.05378285772212849,5.004861538751836E15,4.159460356202207,101.93629444809278,-0.5613591174520163,-0.45599516635486825,-1.0173542838068845,2.240087579368728E19,9.293985111321969E18,2.9878032452757694E-20,200.0,13.3322
0.05418768744746082,5.075009273862106E15,4.150806183947633,101.97577597180339,-0.559394650855116,-0.4540104446292005,-1.0134050954843166,2.217365468441781E19,9.171651038678415E18,2.933632826751952E-20,200.0,13.3322
0.054608834443220816,5.147860127986031E15,4.141917812522001,102.016126514811,-0.5646385645801639,-0.4526722431637112,-1.017310807743875,2.2227226220490834E19,9.164523473596952E18,2.8835509145251506E-20,200.0,13.3322
0.055029981438980816,5.220611569640999E15,4.133140942084652,102.05578149425523,-0.5675204310188741,-0.4510941491783671,-1.0186145801972413,2.218753978439962E19,9.118892082455422E18,2.833412051908439E-20,200.0,13.3322
0.055451128434740815,5.293230058452426E15,4.1244749440511965,102.09474091013601,-0.5680575533320359,-0.4492825688440211,-1.017340122176057,2.2067416960612995E19,9.047355478831132E18,2.783273189291727E-20,200.0,13.3322
0.055872275430500815,5.365681671880021E15,4.1159191985959405,102.13300476245341,-0.566263598381733,-0.44724348402201003,-1.013507082403743,2.186034620923791E19,8.941530484560087E18,2.7331845271801216E-20,200.0,13.3322
0.056310397388793454,5.440907848381956E15,4.107129993231635,102.17211531314197,-0.5714793371645925,-0.4458200896907865,-1.017299426855379,2.191926808536662E19,8.943797148387406E18,2.6867775167761092E-20,200.0,13.3322
0.05674851934708611,5.51601280541746E15,4.098449246772632,102.21055539777987,-0.5743999351608181,-0.44416582342861743,-1.0185657585894354,2.1889897870739616E19,8.909997366033553E18,2.6403203058658856E-20,200.0,13.3322
0.057186641305378746,5.590962634436978E15,4.089876350437455,102.24832501636703,-0.5750403854957064,-0.4422867176030017,-1.017327103098708,2.1774515188351304E19,8.841324303338945E18,2.593863094955662E-20,200.0,13.3322
0.05762476326367139,5.665723062377586E15,4.081410703797949,102.2854241689035,-0.5734132816953459,-0.44018825563414143,-1.0136015373294875,2.157525287619452E19,8.738902785698878E18,2.54744928933301E-20,200.0,13.3322
0.058080544385870285,5.743327415035298E15,4.072712284181088,102.32334754427569,-0.5786095553802895,-0.43867923937078745,-1.017288794751077,2.1628051070963876E19,8.737841128331978E18,2.5043754671995508E-20,200.0,13.3322
0.05853632550806918,5.820786765276717E15,4.0641195267145,102.36062357464674,-0.5815721879928865,-0.43694798073324936,-1.0185201687261358,2.159708727122109E19,8.702896468096063E18,2.46125823977852E-20,200.0,13.3322
0.05899210663026807,5.898066797800701E15,4.0556318404377505,102.39725226001663,-0.5823149421279851,-0.4350000077711747,-1.0173149498991598,2.148451885790288E19,8.635200513015304E18,2.4181410123574892E-20,200.0,13.3322
0.05944788775246696,5.975132850492489E15,4.047248642381199,102.43323360038538,-0.5808494580412102,-0.4328405305451003,-1.0136899885863107,2.129237240438737E19,8.535823974403045E18,2.375062336978664E-20,200.0,13.3322
0.05992203981771023,6.055110043004639E15,4.038633277289437,102.4700167345905,-0.586032521721842,-0.4312462812479655,-1.0172788029698074,2.133920194384173E19,8.53148415364008E18,2.3350242105280454E-20,200.0,13.3322
0.06039619188295349,6.134916412371519E15,4.030120992946029,102.50617392115626,-0.58903958886816,-0.42943775523109734,-1.0184773440992574,2.130651783074343E19,8.495309150013526E18,2.2949475320349997E-20,200.0,13.3322
0.06087034394819675,6.214517205386459E15,4.021711214480885,102.54170516008271,-0.5898833357567842,-0.4274202022691308,-1.017303538025915,2.1196368021702517E19,8.428375568048648E18,2.254870853541954E-20,200.0,13.3322
0.06134449601344001,6.293877339954129E15,4.013403374688889,102.57661045136982,-0.5885746560807832,-0.4251985937897762,-1.0137732498705594,2.1010686947500016E19,8.331706722881196E18,2.2148285488958002E-20,200.0,13.3322
0.061837759490193545,6.376213201882534E15,4.004863893424278,102.61229514136049,-0.5937498724813269,-0.42351949917354886,-1.0172693716548757,2.105165431191773E19,8.324116878932997E18,2.1775617800990798E-20,200.0,13.3322
0.06233102296694708,6.458350270849538E15,3.996425104176496,102.64737375165643,-0.5968032572082725,-0.42163368166158116,-1.0184369388698538,2.1017102716152648E19,8.286617630665537E18,2.1402606374550264E-20,200.0,13.3322
0.06282428644370061,6.540253329704718E15,3.9880864466286163,102.68184628225762,-0.5977466261985934,-0.419546148326389,-1.0172927745249825,2.0908985351676318E19,8.220237385031564E18,2.1029594948109727E-20,200.0,13.3322
0.06331754992045414,6.621886850729659E15,3.979847367835012,102.71571273316407,-0.5965903081143519,-0.4172616625384568,-1.0138519706528086,2.0729156540984877E19,8.125957753912695E18,2.065689114949723E-20,200.0,13.3322
0.06383069512287809,6.706557582586652E15,3.971377091254638,102.75033622166546,-0.6017621146061546,-0.4154983161097765,-1.0172604307159312,2.0764321826808046E19,8.115125420312098E18,2.0309588539756758E-20,200.0,13.3322
0.06434384032530202,6.790999292894347E15,3.963005290754714,102.78437213765497,-0.6048632034139686,-0.41353544677512205,-1.0183986501890907,2.072773720884526E19,8.076200634633039E18,1.996197830219266E-20,200.0,13.3322
0.06485698552772595,6.875176279660175E15,3.954731419201162,102.81782048113264,-0.6059047280258253,-0.41137785017256784,-1.0172825781983932,2.0621273584063656E19,8.010169447721626E18,1.9614368064628563E-20,200.0,13.3322
0.06537013073014988,6.959052549199098E15,3.9465549365654518,102.85068125209844,-0.6048966111021359,-0.40903010868209255,-1.0139267197842283,2.0446715393651933E19,7.917976577982374E18,1.926703413570122E-20,200.0,13.3322
0.06590395902107415,7.046023902342724E15,3.938147616602384,102.88427673009711,-0.6100685936750139,-0.40718332491717685,-1.0172519185921907,2.047609819759966E19,7.903891552621666E18,1.894300257360324E-20,200.0,13.3322
0.06643778731199843,7.132733638370182E15,3.9298367120722766,102.91730192865676,-0.6132182979716256,-0.40514391475350664,-1.0183622127251324,2.0437298698166075E19,7.863433571313316E18,1.861869470285967E-20,200.0,13.3322
0.0669716156029227,7.219145554739723E15,3.9216216877980097,102.94975684777738,-0.6143563880105308,-0.4029164900280106,-1.0172728780385414,2.0332116080309453E19,7.797551255934729E18,1.8294386832116097E-20,200.0,13.3322
0.06750544389384697,7.305223176795249E15,3.913502015466654,102.98164148745897,-0.6134921845825663,-0.400505714489523,-1.0139978990720893,2.0162262563338113E19,7.707152274390575E18,1.7970338708880723E-20,200.0,13.3322
0.0680607889362346,7.394449666636504E15,3.905151778658009,103.01423854820064,-0.6186674751273432,-0.39857633007958115,-1.0172438052069244,2.018585804115123E19,7.689793298680611E18,1.7667694978817504E-20,200.0,13.3322
0.06861613397862223,7.483379362537776E15,3.8968960419032697,103.0462814991853,-0.6218667898240744,-0.39646070118803745,-1.0183274910121118,2.0147219788543934E19,7.650248503500212E18,1.736479150123946E-20,200.0,13.3322
0.06917147902100987,7.571975547091875E15,3.8887342808475163,103.07777034041297,-0.6231001176190897,-0.39416351882201395,-1.0172636364411036,2.005520385718143E19,7.596553787680815E18,1.7061888023661417E-20,200.0,13.3322
0.06972682406339749,7.660201251228234E15,3.8806659777811663,103.10870507188365,-0.6223760053714009,-0.3916891819097793,-1.0140651872811803,1.9901587014853083E19,7.519726233307053E18,1.6759214470345424E-20,200.0,13.3322
0.07030455312225,7.751624189243896E15,3.872367331032246,103.14032972407745,-0.6275618000413692,-0.3896744070454794,-1.0172362070868486,1.9932264600150335E19,7.51185889520995E18,1.6476108069103207E-20,200.0,13.3322
0.07088228218110249,7.84271162946233E15,3.8641614384474483,103.17141516978396,-0.6308151583149642,-0.3874797856329523,-1.0182949439479165,1.990126620672865E19,7.480704427794605E18,1.6192771743594528E-20,200.0,13.3322
0.07146001123995498,7.933426302757262E15,3.856047785232029,103.20196140900322,-0.6321452227859301,-0.3851097433167323,-1.0172549661026624,1.9810127907714814E19,7.427022302381313E18,1.590943541808585E-20,200.0,13.3322
0.07203774029880748,8.02373071007614E15,3.8480258630430795,103.2319684417352,-0.6315606196688381,-0.38256841512343365,-1.0141290347922718,1.9660334318607606E19,7.351547515754254E18,1.5626301879728794E-20,200.0,13.3322
0.0726387555955455,8.11727452786514E15,3.8397737620556507,103.26264268549293,-0.6367598634789609,-0.3804690384745721,-1.017228901953533,1.968582637591934E19,7.340912308531489E18,1.5361220514090838E-20,200.0,13.3322
0.07323977089228353,8.210441158521274E15,3.831612785888337,103.29279172833834,-0.6400676141986601,-0.378196043217546,-1.018263657416206,1.9652533601470865E19,7.308310144890436E18,1.5095936361301265E-20,200.0,13.3322
0.07384078618902157,8.303192777396114E15,3.8235424284025465,103.32241557027146,-0.6414930428285416,-0.37575358983300355,-1.017246632661545,1.9561952444683137E19,7.254479688645514E18,1.4830652208511692E-20,200.0,13.3322
0.0744418014857596,8.395491352937609E15,3.815562189734892,103.35151421129224,-0.6410448426179152,-0.373145723631197,-1.0141905662491122,1.941553058043654E19,7.180136351337234E18,1.456555292136343E-20,200.0,13.3322
0.07506704160719398,8.491065101346394E15,3.807351854611796,103.38125729824978,-0.6462586598772965,-0.3709631808468655,-1.017221840724162,1.9435750266984616E19,7.166682781692933E18,1.4317146404636583E-20,200.0,13.3322
0.07569228172862835,8.586216911539781E15,3.7992311177680786,103.4104883951267,-0.649620485249725,-0.36861293893399616,-1.0182334241837212,1.9399955970654454E19,7.132526293279746E18,1.4068555022272837E-20,200.0,13.3322
0.07631752185006271,8.680908407469087E15,3.791199480919201,103.43920750192302,-0.6511395140402534,-0.3660990675683321,-1.0172385816085856,1.9309606255904174E19,7.07838566861699E18,1.381996363990909E-20,200.0,13.3322
0.07694276197149709,8.775101030618665E15,3.7832564518943186,103.46741461863877,-0.6508245865009915,-0.36342553669547845,-1.01425012319647,1.916611593414081E19,7.004958493387745E18,1.3571541314437274E-20,200.0,13.3322
0.07759320333559047,8.872597372869137E15,3.7750833271913176,103.49624332580328,-0.6560536482392109,-0.3611613438959128,-1.0172149921351237,1.918096013337143E19,6.988629662858675E18,1.3338579234544188E-20,200.0,13.3322
0.07824364469968384,8.969623832103748E15,3.7669983672490295,103.52457253115104,-0.6594688642846321,-0.35873524612817287,-1.018204110412805,1.914244853867066E19,6.95280940076548E18,1.3105448097759167E-20,200.0,13.3322
0.07889408606377721,9.066141491074476E15,3.759001080909424,103.5524022346821,-0.6610795405246777,-0.3561512368239822,-1.0172307773486597,1.90520060347482E19,6.89819840549765E18,1.2872316960974148E-20,200.0,13.3322
0.07954452742787059,9.16211127606022E15,3.751090982979621,103.57973243639644,-0.6608947309153538,-0.3534132235744204,-1.0143079544897742,1.8911017870214943E19,6.82547785216716E18,1.263934090658282E-20,200.0,13.3322
0.08022118580857888,9.261405305601806E15,3.7429507070117465,103.60766125988175,-0.6661392009403171,-0.35106912839435384,-1.017208329334671,1.892036696952105E19,6.806210589485358E18,1.2420704027720507E-20,200.0,13.3322
0.0808978441892872,9.36017817990128E15,3.734897246324097,103.63510240952074,-0.6696067828597954,-0.348568818471201,-1.0181756013309964,1.887891526283789E19,6.768615001797034E18,1.2201912066468917E-20,200.0,13.3322
0.0815745025699955,9.458390457030368E15,3.7269301162245987,103.6620558853134,-0.671306965226758,-0.3459162241748558,-1.017223189401614,1.878805736035462E19,6.713375148426109E18,1.1983120105217329E-20,200.0,13.3322
0.0822511609507038,9.556002566279316E15,3.719048837849741,103.68852168725975,-0.6712490687657477,-0.34311520276571184,-1.0143642715314596,1.8649151534076117E19,6.641156899144244E18,1.1764470856839504E-20,200.0,13.3322
0.0829550930642787,9.656950569958318E15,3.710937213947284,103.7155630032568,-0.676508659793081,-0.34069317004827987,-1.0172018298413608,1.86528724502315E19,6.61888308056686E18,1.1559137724004971E-20,200.0,13.3322
0.08365902517785362,9.757322681215338E15,3.7029111315380048,103.74212786611358,-0.6800272738301127,-0.3381205267699703,-1.018147800600083,1.860825243443974E19,6.579399228565575E18,1.1353661878290045E-20,200.0,13.3322
0.08436295729142852,9.857078956497398E15,3.69497011179672,103.76821627583004,-0.6818146396963886,-0.3354011524095817,-1.0172157921059704,1.8516658494051762E19,6.523373892355853E18,1.114818603257512E-20,200.0,13.3322
0.08506688940500343,9.956179353004436E15,3.6871136816004544,103.79382823240621,-0.6818794597757714,-0.33253948907179554,-1.0144189488475668,1.8379398946855082E19,6.451449721130775E18,1.0942862458698301E-20,200.0,13.3322
0.08579919456023306,1.0058617692382594E16,3.679026643692004,103.81999247040837,-0.6871546350487127,-0.3300409150083646,-1.0171955500570773,1.8377378577460974E19,6.426108193972801E18,1.0749872390909262E-20,200.0,13.3322
0.08653149971546269,1.0160421327425848E16,3.671023959156287,103.84569080250193,-0.6907243351835186,-0.3273965957194392,-1.0181209309029577,1.8341558780445897E19,6.395753498182308E18,1.0556730051279908E-20,200.0,13.3322
0.08726380487069232,1.0261549828698356E16,3.6631051543771176,103.87092322868688,-0.6925976445668898,-0.32461099575105545,-1.0172086403179452,1.8262098808536222E19,6.350828596290815E18,1.0363587711650552E-20,200.0,13.3322
0.08799611002592195,1.036196269923832E16,3.6552697613257346,103.89568974896324,-0.6927833163648094,-0.3216879565844082,-1.0144712729492176,1.8139117194671606E19,6.290899745052879E18,1.0170569028245741E-20,200.0,13.3322
0.0887579318408871,1.0465702959311712E16,3.647203474761932,103.92098469665082,-0.6980798754483843,-0.31910973819420724,-1.0171896136425915,1.8145144695094876E19,6.27506315213128E18,9.988899288013917E-21,200.0,13.3322
0.08951975365585225,1.0568744395524E16,3.639220465710925,103.94582343922676,-0.7017038246009298,-0.3163916585173257,-1.0180954831182556,1.8107377670944436E19,6.244037917601405E18,9.807105891561966E-21,200.0,13.3322
0.0902815754708174,1.0671046087621038E16,3.6313202649419085,103.97020597669105,-0.7036642722683313,-0.31353758334058013,-1.0172018556089113,1.8027006684932905E19,6.198365611865647E18,9.625312495110016E-21,200.0,13.3322
0.09104339728578256,1.0772567082416194E16,3.623502408711618,103.99413230904369,-0.7039703942497397,-0.3105512400849827,-1.0145216343347225,1.7905197693143048E19,6.138575707660599E18,9.443631087446886E-21,200.0,13.3322
0.09183592547380934,1.0877391998689452E16,3.6154533060597682,104.01856280482335,-0.7092881785649311,-0.30789562443462254,-1.0171838029995537,1.7905958544704494E19,6.120125711603457E18,9.272510451356533E-21,200.0,13.3322
0.09262845366183614,1.0981449568998934E16,3.6074864623531537,104.04254627760095,-0.7129650577582722,-0.30510551548897674,-1.018070573247249,1.7864970847408753E19,6.087360960691735E18,9.10127782647736E-21,200.0,13.3322
0.09342098184986294,1.1084698422765926E16,3.599601412286407,104.06608272737651,-0.7150105486231808,-0.3021846653111394,-1.01719521393432,1.7783408739539137E19,6.040813664541769E18,8.930045201598186E-21,200.0,13.3322
0.09421351003788972,1.118709719374426E16,3.5917976959496825,104.08917215415005,-0.7154342060147076,-0.29913678963883333,-1.014570995653541,1.7662421295531174E19,5.981003818391548E18,8.75891680375649E-21,200.0,13.3322
0.09503798226548764,1.1292762683680938E16,3.583762294411617,104.11274111971328,-0.7207721024927193,-0.2964059974338837,-1.017178099926603,1.7657761914833136E19,5.959870337124512E18,8.597626642924726E-21,200.0,13.3322
0.09586245449308556,1.1397587761014286E16,3.5758081818342182,104.1358717634483,-0.724500162017735,-0.2935459627909733,-1.0180461248087083,1.761333536433518E19,5.9252671076558E18,8.436232255051068E-21,200.0,13.3322
0.09668692672068346,1.1501530656128846E16,3.567934896437604,104.15856408535514,-0.726628268799637,-0.2905604264577061,-1.0171886952573432,1.7530298580715792E19,5.877716749082821E18,8.27483786717741E-21,200.0,13.3322
0.09751139894828138,1.1604549643877672E16,3.560141981751241,104.18081808543377,-0.727166364891735,-0.2874530990106739,-1.014619463902409,1.7409784199078074E19,5.817729963510411E18,8.113540739265319E-21,200.0,13.3322
0.0983691027679685,1.1710783094089406E16,3.5521168541615435,104.20352658076509,-0.7325230325588772,-0.2846494649943156,-1.0171724975531928,1.7399546436721654E19,5.793841520771652E18,7.961413444596565E-21,200.0,13.3322
0.09922680658765559,1.1816098328418308E16,3.544172087258973,104.22580499466243,-0.7363002790967653,-0.28172182834985465,-1.01802210744662,1.7351459940854338E19,5.757300309058367E18,7.809188889967351E-21,200.0,13.3322
0.1000845104073427,1.1920453239644734E16,3.5363072224361187,104.24765332712579,-0.7385083661544111,-0.27867392512832106,-1.0171822912827322,1.7266664927770393E19,5.708619553412087E18,7.656964335338138E-21,200.0,13.3322
0.10094221422702981,1.2023805808254392E16,3.528521806314421,104.26907157815518,-0.7391576168245085,-0.2755094678370881,-1.0146670846615966,1.7146277634905336E19,5.648300704678007E18,7.504830810122114E-21,200.0,13.3322
0.10183448908806325,1.2130304169973818E16,3.520503555049096,104.29091880684851,-0.7445314684521817,-0.2726355243154485,-1.0171669927676301,1.7130298650491007E19,5.621584434704392E18,7.361246775374713E-21,200.0,13.3322
0.10272676394909669,1.2235801577814268E16,3.512564770822022,104.31234374758513,-0.7483556907549548,-0.26964281537128554,-1.0179985061262404,1.7078329074503533E19,5.583005523751984E18,7.217571711214123E-21,200.0,13.3322
0.10361903881013013,1.2340255659430926E16,3.5047049978945806,104.33334640036504,-0.750640918099001,-0.2665350795537193,-1.0171759976527204,1.6991492482540577E19,5.533067857920849E18,7.073896647053534E-21,200.0,13.3322
0.10451131367116356,1.2443624176775922E16,3.496923785680278,104.35392676518825,-0.7513977759761405,-0.26331607972613796,-1.0147138557022783,1.6870887107430652E19,5.472263140585019E18,6.930308138387994E-21,200.0,13.3322
0.10543955301131558,1.2550051982551138E16,3.488909013891785,104.37491005742024,-0.7567870830859273,-0.2603745072662941,-1.0171615903522215,1.6849001985357892E19,5.442645677260464E18,6.79468944183272E-21,200.0,13.3322
0.10636779235146761,1.2655390922712648E16,3.4809728435672183,104.39547840968788,-0.7606559695490832,-0.2573193686617678,-1.017975338210851,1.6792926876208992E19,5.401930033735254E18,6.658984189789028E-21,200.0,13.3322
0.10729603169161962,1.275959844353417E16,3.4731148215781515,104.41563182199116,-0.7630153646914661,-0.25415445354393595,-1.017169818235402,1.670376715821699E19,5.350610282061437E18,6.523278937745335E-21,200.0,13.3322
0.10822427103177165,1.2862632175828146E16,3.4653344998750355,104.43537029433008,-0.7638741842112649,-0.2508845437818498,-1.0147587279931147,1.659200255088658E19,5.297045409864411E18,6.387680757163187E-21,200.0,13.3322
0.10918992445341788,1.2968619096062048E16,3.4573197900089108,104.45548499947974,-0.7692820801538589,-0.2478744684938698,-1.0171565486477288,1.6578705602799385E19,5.276648502139338E18,6.259393463560678E-21,200.0,13.3322
0.11015557787506414,1.3073421666290344E16,3.4493829012958424,104.47519129508161,-0.7731986758871109,-0.24475495975553097,-1.017953635642642,1.6532960990987129E19,5.245885746568276E18,6.130999098496625E-21,200.0,13.3322
0.11112123129671037,1.3176997196899766E16,3.4415233825695815,104.49448918113569,-0.775633180316194,-0.2415308299974507,-1.0171640103136448,1.6455729142334712E19,5.205157688261757E18,6.002604733432572E-21,200.0,13.3322
0.11208688471835661,1.3279303238292064E16,3.4337407876804074,104.51337865764201,-0.7765953006679502,-0.2382058024101133,-1.0148011030780635,1.6347960172846735E19,5.154858969940634E18,5.874285470878902E-21,200.0,13.3322
0.11309146025227482,1.3384431042253744E16,3.4257229760995003,104.53261629010375,-0.7820266743451334,-0.2351250867862616,-1.017151761131395,1.632931615668978E19,5.132031526049017E18,5.7527119990066686E-21,200.0,13.3322
0.11409603578619304,1.3488271663884058E16,3.4177822556299784,104.55145137402221,-0.7859918345237933,-0.2319411289155258,-1.017932963439319,1.627974372834212E19,5.099443612666936E18,5.6310634246251554E-21,200.0,13.3322
0.11510061132011123,1.3590782361929996E16,3.4099181766608004,104.56988390939735,-0.7885007773384163,-0.2286576857257962,-1.0171584630642125,1.6200200964386068E19,5.057492622118482E18,5.509414850243643E-21,200.0,13.3322
0.11610518685402946,1.369192069615404E16,3.4021302945415335,104.5879138962292,-0.7895634288685535,-0.2252784979072629,-1.0148419267758164,1.6091623569905846E19,5.006566229155365E18,5.387837079170859E-21,200.0,13.3322
0.11715025331444401,1.3795725586195888E16,3.394106244960075,104.60626312471743,-0.7950163437655027,-0.22213075751599082,-1.0171471012814934,1.6067463367922493E19,4.981238563722557E18,5.2725351924210786E-21,200.0,13.3322
0.11819531977485856,1.3898133894255522E16,3.386158563772427,104.62421518400055,-0.7990278637173338,-0.218884948018528,-1.0179128117358618,1.6013855759354526E19,4.946739592297112E18,5.157162502359256E-21,200.0,13.3322
0.11924038623527311,1.3999102959549122E16,3.378286802812935,104.64177007407852,-0.8016082025628478,-0.21554484572038127,-1.0171530482832292,1.5931744483606577E19,4.903459774966497E18,5.041789812297433E-21,200.0,13.3322
0.12028545269568766,1.4098590488744592E16,3.3704905188208003,104.65892779495135,-0.8027674494481648,-0.21211421692438875,-1.0148816663725535,1.5822050100547699E19,4.851779643060191E18,4.926484115607049E-21,200.0,13.3322
0.12137264213023777,1.420056323992522E16,3.3624569933240376,104.67637483394843,-0.8082402316249716,-0.20890234862614446,-1.017142580251116,1.5792209609304605E19,4.823883586438969E18,4.817013413645226E-21,200.0,13.3322
0.12245983156478787,1.4301023232500256E16,3.3544991103745394,104.69342959177618,-0.8122955759908319,-0.20559764747245002,-1.017893223463282,1.5734353542139345E19,4.787385925094158E18,4.707475718315277E-21,200.0,13.3322
0.12354702099933798,1.439992804243763E16,3.346616423217819,104.71009206843465,-0.8149438588670099,-0.20220391739457866,-1.0171477762615886,1.5649410627187718E19,4.742670036566174E18,4.597938022985328E-21,200.0,13.3322
0.1246342104338881,1.4497235685533062E16,3.3388084899475654,104.72636226392379,-0.8161952464851139,-0.198724961945035,-1.014920208430149,1.5538285114180006E19,4.690109023650565E18,4.488464040962056E-21,200.0,13.3322
0.12576522067234558,1.4596819058732234E16,3.330762101240673,104.74289073084422,-0.8216860040615419,-0.19545221199192891,-1.0171382160534708,1.5502594539559096E19,4.659574471236296E18,4.384409153168437E-21,200.0,13.3322
0.12689623091080307,1.4694766520928644E16,3.3227906141763657,104.75903129444198,-0.8257823297708797,-0.19209193940572386,-1.0178742691766036,1.5440271230467113E19,4.6209888762316E18,4.28029055207035E-21,200.0,13.3322
0.12802724114926056,1.4791036068725466E16,3.3148935834658326,104.77478395471711,-0.8284946767369578,-0.18864798754628714,-1.0171426642832448,1.5352227817283408E19,4.574728282439537E18,4.176171950972262E-21,200.0,13.3322
0.12915825138771805,1.4885586217429886E16,3.307070568609317,104.79014871166957,-0.8298331587148076,-0.18512421458354295,-1.0149573732983503,1.523935050515816E19,4.52115794376968E18,4.07211439781803E-21,200.0,13.3322
0.13033484869343506,1.4982172322112692E16,3.299007724119504,104.80573943840508,-0.835339892236035,-0.18179414403612867,-1.0171340362721637,1.5197635888115409E19,4.487913235456695E18,3.973080534880298E-21,200.0,13.3322
0.1315114459991521,1.5076992181320636E16,3.2910190115577866,104.82094609739181,-0.8394741146400873,-0.17838194337784374,-1.017856058017931,1.5130621923958045E19,4.44714906124315E18,3.8739856239953976E-21,200.0,13.3322
0.1326880433048691,1.5170004427561954E16,3.2831039872613235,104.83576868862974,-0.8422462263002258,-0.1748915129958216,-1.0171377392960474,1.5039203517312911E19,4.3992337579499843E18,3.7748907131104964E-21,200.0,13.3322
0.13386464061058612,1.5261168298076032E16,3.2752622122927395,104.85020721211885,-0.8436636163108724,-0.17132828445908332,-1.0149919007699557,1.4924202470272627E19,4.3445113737044265E18,3.675886918826671E-21,200.0,13.3322
0.1350886624388134,1.5354096338439018E16,3.26717903455166,104.86483806278338,-0.8491884876096873,-0.16794184288455877,-1.017130330494246,1.489062878224702E19,4.3193718537464535E18,3.581433850447971E-21,200.0,13.3322
0.1363126842670407,1.5445117649637806E16,3.2591692461021675,104.87908771368319,-0.853362562069585,-0.1644771769865451,-1.0178397390561302,1.4834441731154604E19,4.288285391242603E18,3.486889665470404E-21,200.0,13.3322
0.13753670609526802,1.5534191703680344E16,3.251232404669262,104.89295616481833,-0.8561935190729446,-0.16093976682520955,-1.017133285898154,1.4755026732295514E19,4.2504981333439846E18,3.392345480492837E-21,200.0,13.3322
0.1387607279234953,1.5621278673360576E16,3.2433680726425194,104.90644341618875,-0.8576887162822432,-0.1573335985707214,-1.0150223148529647,1.465311944386365E19,4.206292813660168E18,3.297857893272612E-21,200.0,13.3322
0.14003408579087875,1.5709815690521756E16,3.2352607369538124,104.92008676414208,-0.8632407114763293,-0.15388647208756978,-1.017127183563899,1.4615500574968744E19,4.1799531084188646E18,3.2074530175977743E-21,200.0,13.3322
0.1413074436582622,1.5796294030126882E16,3.227226072597701,104.93335067239218,-0.8674575263923261,-0.15036811246925827,-1.0178256388615843,1.4554969935176497E19,4.1470245529804795E18,3.116991544161176E-21,200.0,13.3322
0.14258080152564562,1.588067425190274E16,3.219263638473317,104.94623514093904,-0.8703468201204595,-0.14678256228819986,-1.0171293824086594,1.4472274189685987E19,4.107793727749889E18,3.0265300707245776E-21,200.0,13.3322
0.14385415939302906,1.5962917724549734E16,3.2113729980862384,104.95874016978264,-0.8719152960405818,-0.14313387231718427,-1.0150491683577663,1.4368128683730125E19,4.062536463677861E18,2.936123094408095E-21,200.0,13.3322
0.14517884186276536,1.6046257872085038E16,3.2032375301303535,104.97136311369022,-0.8774930440466355,-0.13963133248014756,-1.017124376526783,1.432491742484051E19,4.033883731694802E18,2.849446596381909E-21,200.0,13.3322
0.1465035243325017,1.6127378457332388E16,3.1951739438068034,104.98360760215328,-0.8817496451836611,-0.13606323656040228,-1.0178128817440633,1.4259823987260983E19,3.9990303621517844E18,2.762715601234503E-21,200.0,13.3322
0.147828206802238,1.6206241490439254E16,3.1871817997008813,104.99547363517189,-0.8846921138439962,-0.13243369641617775,-1.017125810260174,1.41735757053186E19,3.9582564107147945E18,2.6759846060870974E-21,200.0,13.3322
0.1491528892719743,1.6282809910041216E16,3.179260662935505,105.00696121274603,-0.8863262384315949,-0.12874685516589382,-1.0150730935974888,1.4066865486026248E19,3.91183046877602E18,2.5893066923121786E-21,200.0,13.3322
0.15053096505928812,1.6360079430271426E16,3.1710926207681482,105.01852628065772,-0.8919285656577303,-0.12519340534046935,-1.0171219709981996,1.4017881103589044E19,3.8807939784724444E18,2.506018628983248E-21,200.0,13.3322
0.15190904084660195,1.6434959578993206E16,3.1629955724659644,105.02971302691313,-0.8962214329878203,-0.12158027610260659,-1.017801709090427,1.3947991230116907E19,3.8439283729468774E18,2.4226774842763096E-21,200.0,13.3322
0.15328711663391575,1.6507414252820952E16,3.1549690810382582,105.04052145151223,-0.8992109518385568,-0.11791167665597363,-1.0171226284945305,1.3857901996017842E19,3.8015069433730437E18,2.3393363395693707E-21,200.0,13.3322
0.15466519242122959,1.6577408408904056E16,3.1470127139492043,105.05095155445505,-0.9009016298054809,-0.11419188067254202,-1.015093510478023,1.3748280837623745E19,3.753790548563409E18,2.2560477163781292E-21,200.0,13.3322
0.15609881362402142,1.6647663291842354E16,3.1388070585616386,105.06141619710263,-0.9065273557472328,-0.11059269743475982,-1.0171200531819926,1.3693331383374318E19,3.7202950472888366E18,2.175813959768822E-21,200.0,13.3322
0.15753243482681323,1.6715350115115396E16,3.1306713793780965,105.07150169558243,-0.9108525213560726,-0.10693993798190422,-1.0177924593379768,1.3618397514959268E19,3.68132505233037E18,2.0955276816427133E-21,200.0,13.3322
0.15896605602960506,1.6780435184767542E16,3.1226052428539504,105.08120804989443,-0.9138819725074733,-0.10323794752131135,-1.0171199200287846,1.352416147030575E19,3.637146729864032E18,2.0152414035166044E-21,200.0,13.3322
0.1603996772323969,1.6842886013356294E16,3.1146082197982436,105.09053526003862,-0.9156182329002367,-0.09949132066241997,-1.0151095535626566,1.3411258222878847E19,3.588011787844612E18,1.9350108575149715E-21,200.0,13.3322
0.1618910826921071,1.690510986617923E16,3.106359154015527,105.0998512044432,-0.9212667129162967,-0.09585204419866768,-1.0171187571149645,1.3350145138655826E19,3.551978276074967E18,1.8574939002044936E-21,200.0,13.3322
0.16338248815181733,1.6964577927910238E16,3.0981788823816045,105.10878605387828,-0.9256202511237822,-0.09216540760324227,-1.0177856587270244,1.3269910533908134E19,3.5108079404949437E18,1.7799212107684356E-21,200.0,13.3322
0.16487389361152754,1.7021259539140184E16,3.090066976147011,105.11733980834384,-0.9286817304031209,-0.08843608339547153,-1.0171178137985923,1.3171206288158577E19,3.4647586055181635E18,1.7023485213323773E-21,200.0,13.3322
0.16636529907123776,1.707512540875727E16,3.082023010792019,105.12551246783991,-0.9304480211885773,-0.08467021092696889,-1.015118232115546,1.3069958396880589E19,3.4246881727301965E18,1.6248581570802374E-21,200.0,13.3322
0.16791681786917537,1.7128224902240922E16,3.0737238358625696,105.13362458414204,-0.936128549761686,-0.08099015924508902,-1.017118709006775,1.3019686681631433E19,3.397877842542389E18,1.5495825582711106E-21,200.0,13.3322
0.16946833666711297,1.7178365230405114E16,3.0654922190000433,105.14135156400893,-0.9405157416540983,-0.07726801907275908,-1.0177837607268574,1.2951092155899832E19,3.366250141376502E18,1.4742246342780654E-21,200.0,13.3322
0.1710198554650506,1.7225519468952362E16,3.057327736799281,105.14869340744058,-0.943606886052605,-0.07351002341404216,-1.0171169094666472,1.2864680759816516E19,3.3299946813137526E18,1.3988667102850204E-21,200.0,13.3322
0.17257137426298821,1.7269662248487236E16,3.0492299699524437,105.15565011443698,-0.94539620130409,-0.069721116676704,-1.0151173179807937,1.2760909690539747E19,3.289287714524645E18,1.323565180945551E-21,200.0,13.3322
0.17418542935758435,1.7312434816165164E16,3.0408735453023445,105.16249190554471,-0.9511198053243501,-0.06600005457518424,-1.0171198598995344,1.2705106299029922E19,3.260384477539684E18,1.2500481395066468E-21,200.0,13.3322
0.17579948445218047,1.7352031648737336E16,3.0325832596411852,105.16894252440694,-0.9555411869654112,-0.062245363641541714,-1.017786550606953,1.2631546520614443E19,3.2268847665891384E18,1.1764747034152716E-21,200.0,13.3322
0.17741353954677658,1.7388430491040138E16,3.024358696570568,105.17500197102368,-0.9586550530870809,-0.05846209560768745,-1.0171171486947683,1.2540711328142877E19,3.1889728371625784E18,1.1029012673238964E-21,200.0,13.3322
0.1790275946413727,1.7421610855178746E16,3.016199443631687,105.18067024539492,-0.960451418699761,-0.05465546699079457,-1.0151068856905554,1.2433015212011119E19,3.146815464096555E18,1.0293863102434472E-21,200.0,13.3322
0.18070670665203908,1.7452758687274944E16,3.007777467506324,105.18616457211732,-0.966220583261947,-0.05090166640377688,-1.017122249665724,1.237146363713918E19,3.1157362279399757E18,9.57272952229718E-22,200.0,13.3322
0.18238581866270545,1.748050404895272E16,2.9994198916472437,105.19125971213646,-0.9706723546320013,-0.047121813845328125,-1.0177941684773295,1.2292649615878523E19,3.080264079332298E18,8.851011152028538E-22,200.0,13.3322
0.18406493067337182,1.7504830546912264E16,2.9911263095834526,105.19595566545232,-0.9737973170436796,-0.04332124452103054,-1.01711856156471,1.219701596665178E19,3.0405753477156977E18,8.129292781759894E-22,200.0,13.3322
0.1857440426840382,1.7525723793550224E16,2.982896318583969,105.2002524320649,-0.9755800262770221,-0.0395055502953471,-1.0150855765723692,1.2084927509652107E19,2.996826625601983E18,7.408199611753382E-22,200.0,13.3322
0.18749083382753978,1.7543860272181278E16,2.974398799823208,105.20431068549132,-0.9813991029378576,-0.03572708940000288,-1.0171261923378605,1.2017396385717148E19,2.9634800975330094E18,6.697034225436401E-22,200.0,13.3322
0.18923762497104135,1.755835808647048E16,2.965963528434194,105.20795937483813,-0.9858770773909625,-0.03193074879020971,-1.0178078261811723,1.1933005767938E19,2.9259234124299397E18,5.985243638835199E-22,200.0,13.3322
0.19098441611454292,1.7569208188443908E16,2.9575901118161996,105.21119850010531,-0.9889991879500571,-0.02812225152115282,-1.01712143947121,1.183215471576172E19,2.8843247192321377E18,5.2734530522339975E-22,200.0,13.3322
0.1927312072580445,1.7576403803375082E16,2.9492781608559544,105.21402806129288,-0.9907427900827596,-0.024307705207957116,-1.0150504952907167,1.171514891880748E19,2.8388295216763443E18,4.562354763929382E-22,200.0,13.3322
0.19454840544353336,1.7580054149454304E16,2.940692951410723,105.21654804504959,-0.9966184916888228,-0.020513632227773984,-1.0171321239165967,1.1641384066593253E19,2.8031125612735734E18,3.8566565483398897E-22,200.0,13.3322
0.19636560362902225,1.7579820823643442E16,2.9321672999588797,105.21864518907152,-1.0011186468001485,-0.016710555851358347,-1.0178292026515068,1.1551058509486199E19,2.7633457952595574E18,3.150266034470378E-22,200.0,13.3322
0.19818280181451114,1.7575703980575016E16,2.9237008331038865,105.22031949335866,-1.004221456057227,-0.012904729035183879,-1.0171261850924107,1.144451999861841E19,2.7196889140857216E18,2.4438755206008645E-22,200.0,13.3322
0.2,1.7567706348388146E16,2.9152931806197993,105.221570957911,-1.0059625254548987,-0.009106678425476022,-1.0150692038803748,1.1322766473958818E19,2.672455599491764E18,1.7389744091539527E-22,200.0,13.3322
0.2018171981854889,1.7555867218646428E16,2.906940801704309,105.22240912700869,-1.011673484475098,-0.0054489928791269125,-1.017122477354225,1.126260383629122E19,2.64635665715267E18,1.060004786365319E-22,200.0,13.3322
0.20363439637097777,1.7540198030527458E16,2.898640620726206,105.22283997875412,-1.0160016255647395,-0.0017878477023186175,-1.017789473267058,1.118709569627483E19,2.6168039850767544E18,3.795457611485641E-23,200.0,13.3322
0.20545159455646667,1.752070905519252E16,2.890392326983989,105.22286351314733,-1.0189823386684875,0.0018663580262028084,-1.0171159806422847,1.1096636857704495E19,2.5837431199668173E18,3.009132640681985E-23,200.0,13.3322
0.20726879274195553,1.7497413059129996E16,2.882195612177693,105.22247973018828,-1.0207057847760108,0.005504997011567229,-1.0152007877644436,1.0992689563393176E19,2.5475614235478927E18,9.802035766021984E-23,200.0,13.3322
0.2090155838854571,1.747145264174522E16,2.874362039303757,105.2217330227985,-1.0260026847952197,0.008903171190325002,-1.0170995136048948,1.0931848168159386E19,2.5218256342433326E18,1.6164041281458798E-22,200.0,13.3322
0.21076237502895867,1.744200047265947E16,2.8665704610560874,105.22061957333457,-1.029993002279801,0.01229498526867552,-1.0176980170111254,1.0856652740344312E19,2.4927354034092964E18,2.2537733923944045E-22,200.0,13.3322
0.21250916617246024,1.740907434783126E16,2.8588206512025565,105.21913938179648,-1.032765415491096,0.015672166614903324,-1.0170932488761926,1.076847982429275E19,2.460651349596987E18,2.8911426566429284E-22,200.0,13.3322
0.2142559573159618,1.7372694138466866E16,2.851112385027345,105.21729244818425,-1.0343929827844471,0.01902781371542505,-1.015365169069022,1.066849993552794E19,2.425882612412237E18,3.5275904027782595E-22,200.0,13.3322
0.2159350693266282,1.7334479926555654E16,2.843739278553292,105.21517515294647,-1.0392649414751036,0.022183789996011057,-1.0170811514790925,1.0606356146133838E19,2.4001681534496E18,4.1293519990234725E-22,200.0,13.3322
0.21761418133729457,1.7293085546462194E16,2.836399591641546,105.21272451011016,-1.0429509201385911,0.025325875680038558,-1.0176250444585526,1.0531694414297326E19,2.3715777944461066E18,4.732035113370835E-22,200.0,13.3322
0.21929329334796097,1.7248534197888E16,2.829093163853126,105.20994051967534,-1.0455226073328603,0.02844745867785913,-1.0170751486550011,1.0445616959014121E19,2.340399562310231E18,5.334718227718198E-22,200.0,13.3322
0.22097240535862733,1.7200850808087956E16,2.821819835667011,105.20682318164201,-1.0470397407787186,0.031542943265389436,-1.0154967975133293,1.034907379773147E19,2.3068838921829765E18,5.936660392342422E-22,200.0,13.3322
0.22258646045322347,1.7152067974627036E16,2.814857162829718,105.20351440915329,-1.0515390749945839,0.03447272129435186,-1.017066353700232,1.0286156646129906E19,2.2813099711737037E18,6.510656920604086E-22,200.0,13.3322
0.22420051554781958,1.7100391443249912E16,2.807920642909904,105.19990006258544,-1.0549492093948882,0.03738286875793564,-1.0175663406369526,1.0212181859607284E19,2.2532398361301926E18,7.085394398588887E-22,200.0,13.3322
0.22581457064241572,1.7045848226777232E16,2.801010167182196,105.19598014193842,-1.057328640157141,0.04026802779129183,-1.017060612365849,1.0128044457828594E19,2.2229070677713928E18,7.660131876573688E-22,200.0,13.3322
0.22742862573701184,1.6988466776467558E16,2.794125627438426,105.19175464721226,-1.0587266050546398,0.04312360815325464,-1.0156029969013853,1.0034525575620932E19,2.1905174548751114E18,8.234262853469718E-22,200.0,13.3322
0.22898014453494944,1.6930633218828118E16,2.787530164064138,105.1874054863982,-1.0628966023876993,0.04584224960105525,-1.017054352786644,9.97122428368848E18,2.165166676842661E18,8.785960597142947E-22,200.0,13.3322
0.23053166333288705,1.6870168764271682E16,2.7809546507515526,105.18277405601417,-1.0660556705345625,0.04853687078295044,-1.017518799751612,9.898042220939688E18,2.137625381670847E18,9.33826484191047E-22,200.0,13.3322
0.23208318213082463,1.6807103039058266E16,2.7743990197442865,105.17786035606014,-1.0682519343624874,0.05120307801023209,-1.0170488563522553,9.815715801260458E18,2.10808576298648E18,9.890569086677991E-22,200.0,13.3322
0.23363470092876223,1.6741466866621108E16,2.7678632035395054,105.17266438653614,-1.0695260914689988,0.05383692748235937,-1.0156891639866394,9.72489367514881E18,2.0767189078979814E18,1.0442341397337795E-21,200.0,13.3322
0.23512610638847242,1.667594675823415E16,2.7615973637845657,105.16740329586015,-1.0734033655961728,0.05635878439374829,-1.0170445812024245,9.66149768040004E18,2.05164799817011E18,1.0976313879656484E-21,200.0,13.3322
0.23661751184818264,1.660803606822794E16,2.755346150464587,105.16187961670649,-1.0763335286284008,0.05885339679937672,-1.017480131829024,9.589182195065025E18,2.0246363908520666E18,1.1510818296093936E-21,200.0,13.3322
0.23810891730789285,1.6537766131758766E16,2.749109528467852,105.15609334907516,-1.078356288159659,0.06131698382275025,-1.0170393043369086,9.511239208600478E18,1.9973468128163003E18,1.2045322712531387E-21,200.0,13.3322
0.23960032276760307,1.6465169279412058E16,2.7428874627690782,105.15004449296615,-1.0795043088785663,0.06374569426117133,-1.0157586146173951,9.435904941456898E18,1.9742395220874824E18,1.2579267944452274E-21,200.0,13.3322
0.2410339439703949,1.6393183164310978E16,2.7369184396682016,105.14398116837366,-1.0831255798187347,0.06608878967281027,-1.0170367901459245,9.385298886631582E18,1.9565735845250394E18,1.310027068679417E-21,200.0,13.3322
0.24246756517318674,1.6319021690665476E16,2.730959561651942,105.13767154121575,-1.085851835216743,0.06840253200422118,-1.0174493032125218,9.32659559951084E18,1.937189922755812E18,1.3621832613652628E-21,200.0,13.3322
0.24390118637597857,1.6242717277260196E16,2.7250108190322853,105.13111561149243,-1.0877148909812329,0.07068320203318539,-1.0170316889480475,9.260270439685126E18,1.9162049671077332E18,1.4143394540511085E-21,200.0,13.3322
0.2453348075787704,1.6164303172303248E16,2.71907220211081,105.12431337920368,-1.0887427812273303,0.07292821981192636,-1.0158145614154042,9.186756546409429E18,1.8937255258241428E18,1.4664612207677309E-21,200.0,13.3322
0.2467128833660842,1.608692558549677E16,2.713371634273693,105.1175403916504,-1.0921376073018685,0.07510717496216746,-1.017030432339701,9.136188423217417E18,1.8762410964286976E18,1.5176399451567314E-21,200.0,13.3322
0.24809095915339807,1.6007568191345704E16,2.7076773526458107,105.11053492536242,-1.0946780922374912,0.07725394007298016,-1.017424152164511,9.078130441033134E18,1.8571876902715044E18,1.5688530955171641E-21,200.0,13.3322
0.24946903494071193,1.5926263997713868E16,2.7019893678373585,105.10329698033976,-1.0963915223618124,0.07936604494545654,-1.0170254774163558,9.012993360218876E18,1.8366660702113654E18,1.6200662458775968E-21,200.0,13.3322
0.25084711072802574,1.5843046702426568E16,2.696307690396871,105.09582655658244,-1.0973018671436154,0.08144134607601368,-1.015860521067602,8.941152613797636E18,1.814769062634982E18,1.6712505239285044E-21,200.0,13.3322
0.25217179319776206,1.5761235537982534E16,2.6908505966912264,105.08842382202894,-1.1004912344292097,0.08346607010018099,-1.0170251643290287,8.890730296018784E18,1.7974822096528492E18,1.7217618237903298E-21,200.0,13.3322
0.25349647566749833,1.567762345389004E16,2.685396419282179,105.08080055266791,-1.1028602943823798,0.08545697624843987,-1.01740331813394,8.833335802822426E18,1.7787536391244534E18,1.7723019959638892E-21,200.0,13.3322
0.2548211581372346,1.559224365314185E16,2.679945185243316,105.07295674849931,-1.104432347024081,0.08741201367520744,-1.0170203333488737,8.769325560880376E18,1.7586710689398218E18,1.8228421681374486E-21,200.0,13.3322
0.25614584060697093,1.5505129910203414E16,2.6744969215667207,105.06489240952318,-1.1052280701347876,0.08932938813364558,-1.015898682001142,8.699028714288179E18,1.7373161334663516E18,1.87335775495851E-21,200.0,13.3322
0.25741919847435435,1.5419740845689984E16,2.669261123700325,105.05692966310566,-1.1082304728584114,0.09120969554350555,-1.0170207773149058,8.648832781861054E18,1.7202367402287076E18,1.9234322578504013E-21,200.0,13.3322
0.2586925563417378,1.5332714435910224E16,2.6640252858173006,105.04875677658703,-1.1104409146498713,0.09305494520975346,-1.0173859694401177,8.592108411210215E18,1.7018253320621624E18,1.973531346092582E-21,200.0,13.3322
0.25996591420912124,1.5244083775825238E16,2.6587894484040024,105.04037374996727,-1.1118794714275342,0.09486342140865942,-1.0170160500188747,8.529168448947555E18,1.6821591838509873E18,2.0236304343347624E-21,200.0,13.3322
0.26123927207650466,1.5153882430917626E16,2.653553651867249,105.0317805832464,-1.1125641345915092,0.09663361291339959,-1.0159305216781096,8.460304543298435E18,1.6613108790107197E18,2.073708283219905E-21,200.0,13.3322
0.262463293904732,1.5065678345608868E16,2.6485193851246,105.02331901159414,-1.1153957594796078,0.09837865074408848,-1.0170171087355193,8.410392636144155E18,1.6444437908344148E18,2.123547422567483E-21,200.0,13.3322
0.2636873157329593,1.4975986375143806E16,2.6434824742932608,105.0146564041549,-1.1174591584537235,0.10008769866681688,-1.0173714597869066,8.354336958385822E18,1.6263404171347497E18,2.1734078012743083E-21,200.0,13.3322
0.26491133756118657,1.488483927451476E16,2.6384429708301944,105.0057927609287,-1.1187717792291656,0.10175931216540704,-1.0170124670637586,8.292415057129351E18,1.6070695866074004E18,2.2232681799811337E-21,200.0,13.3322
0.2661353593894139,1.4792270183059766E16,2.633400926130233,104.9967280819155,-1.1193494055095905,0.10339221166325456,-1.015957193846336,8.224887930796222E18,1.5866964931308805E18,2.2731099496081964E-21,200.0,13.3322
0.2673119566951309,1.4701929582425244E16,2.6285505169410994,104.98782162494562,-1.122024588663236,0.10501055802545202,-1.017014030637784,8.175300592143537E18,1.5700428990571889E18,2.322892375876727E-21,200.0,13.3322
0.2684885540008479,1.4610237531093036E16,2.6236951613976625,104.97872215128736,-1.1239515088838357,0.10659222757595162,-1.017359281307884,8.119906508261775E18,1.552237518522021E18,2.3726934112261247E-21,200.0,13.3322
0.26966515130656493,1.4517226268437248E16,2.618834919961851,104.96942966094072,-1.1251454561348966,0.10813599749235037,-1.0170094586425462,8.058954372258418E18,1.5333422833664707E18,2.422494446575522E-21,200.0,13.3322
0.27084174861228194,1.4422928344522136E16,2.613969853061168,104.9599441539057,-1.1256203879920883,0.10964077931745143,-1.015979608674637,7.992679913939372E18,1.513416299853952E18,2.472278947266932E-21,200.0,13.3322
0.27197275885073946,1.4331052992760148E16,2.6092874495113687,104.95064055612352,-1.128151954828084,0.11114051343595567,-1.0170114413921283,7.943444816972002E18,1.4969747249781507E18,2.5221654754042863E-21,200.0,13.3322
0.2731037690891969,1.4237950601339142E16,2.604598057340309,104.94115103993995,-1.129952110987806,0.1126030797128911,-1.0173490312749147,7.888701233366424E18,1.4794567556364897E18,2.572068538195211E-21,200.0,13.3322
0.2742347793276544,1.4143652763077688E16,2.5999017444253174,104.93147560535505,-1.1310343631455426,0.11402743799222878,-1.0170069251533138,7.828674067807252E18,1.4609186408910687E18,2.621971600986136E-21,200.0,13.3322
0.2753657895661119,1.4048191318489022E16,2.595198578644046,104.92161425236878,-1.1314104091994697,0.11541210116339662,-1.0159983080360733,7.763572971834658E18,1.4414134863962245E18,2.671846831786517E-21,200.0,13.3322
0.276452979000662,1.3955313415646776E16,2.5906699162989537,104.91195594606415,-1.1338112305763424,0.11680192386932103,-1.0170093067070214,7.723610082411776E18,1.4296279193428716E18,2.7220091835554335E-21,200.0,13.3322
0.2775401684352121,1.3861320677648338E16,2.586132486913928,104.90211789648562,-1.135495338178644,0.11815477018899549,-1.0173405679896483,7.678809481662436E18,1.4170350245480965E18,2.7721993673215194E-21,200.0,13.3322
0.2786273578697622,1.3766243978263214E16,2.58158636428693,104.89210010363317,-1.1364740234824613,0.11946919339476605,-1.0170048300876953,7.628998580229594E18,1.4034990719080166E18,2.8223895510876057E-21,200.0,13.3322
0.27971454730431233,1.3670114385576992E16,2.5770316222542964,104.88190256750681,-1.1367581419067412,0.12074440479705972,-1.0160137371096813,7.574355425897429E18,1.3890609730964664E18,2.872566340774756E-21,200.0,13.3322
0.2807596137647269,1.3576697113820484E16,2.572644039216999,104.87192665149851,-1.1390416180152674,0.12203406781234537,-1.017007550202922,7.534986068869352E18,1.377576429915523E18,2.9232048855574243E-21,200.0,13.3322
0.2818046802251415,1.3482266127244718E16,2.568246141727394,104.86177636675279,-1.1406195024953552,0.12328591219288053,-1.0173335903024747,7.49063554533161E18,1.365156536162723E18,2.9738568244212375E-21,200.0,13.3322
0.282849746685556,1.3386851536202008E16,2.563838008274697,104.85145171326968,-1.1415022822995327,0.12449918296710039,-1.0170030993324324,7.441474342420415E18,1.3518404180789716E18,3.0245087632850507E-21,200.0,13.3322
0.2838948131459706,1.3290483600061576E16,2.5594197174260658,104.84095269104915,-1.141699831418609,0.12567321145858823,-1.0160266199600207,7.387667435151015E18,1.3376660794790193E18,3.0751485554067168E-21,200.0,13.3322
0.2848993886798888,1.3196931050396728E16,2.5551618698262986,104.83069194964193,-1.1438745693567152,0.12686850562855315,-1.017006063728162,7.348544455607789E18,1.326302575386425E18,3.126374365885759E-21,200.0,13.3322
0.28590396421380704,1.3102456941178206E16,2.5508923242671666,104.82026165618572,-1.1453534716647293,0.12802579443882542,-1.017327677225904,7.304635001902603E18,1.3140495575916716E18,3.1776123231069476E-21,200.0,13.3322
0.28690853974772523,1.300709057144402E16,2.5466111631126918,104.80966181068055,-1.1461460685302998,0.12914443791198596,-1.0170016306183138,7.256097217511865E18,1.300943422312884E18,3.2288502803281368E-21,200.0,13.3322
0.28791311528164343,1.291086135033506E16,2.542318468845243,104.79889241312641,-1.14626141091519,0.1302238657766696,-1.0160375451385204,7.203084982393338E18,1.2870197002544655E18,3.2800770061844654E-21,200.0,13.3322
0.28887876870328966,1.2817527533040808E16,2.5381800719891134,104.78837624554214,-1.1483355427512665,0.13133073866333905,-1.0170048040879274,7.164214313835514E18,1.2757745535842232E18,3.3320061868471593E-21,200.0,13.3322
0.2898444221249359,1.2723356095134386E16,2.53402873715348,104.77769486073687,-1.1497221622958202,0.1323995039341481,-1.0173226583616721,7.120735515097294E18,1.2636822004951642E18,3.383946598870296E-21,200.0,13.3322
0.2908100755465821,1.2628375492839508E16,2.529864549908776,104.76684825871064,-1.150429997682415,0.13342961567788234,-1.0170003820045328,7.0727962513426E18,1.250776714466133E18,3.435887010893432E-21,200.0,13.3322
0.29177572896822834,1.2532614259070296E16,2.5256875959842815,104.7558364394634,-1.150467403461787,0.13442058486201885,-1.0160468185997682,7.02054090021657E18,1.2370915037086374E18,3.487816843634717E-21,200.0,13.3322
0.29270396830838036,1.243980795659529E16,2.5216593066011765,104.7450912765357,-1.1524483848201776,0.13544464795454897,-1.0170037368656286,6.981925077482556E18,1.2259614961246305E18,3.540560095123376E-21,200.0,13.3322
0.2936322076485324,1.2346240430326066E16,2.51761696535105,104.7341848105462,-1.153748966167563,0.1364305681864302,-1.0173183979811329,6.938865708481911E18,1.2140236213452938E18,3.593313925892782E-21,200.0,13.3322
0.29456044698868444,1.2251939275610096E16,2.5135606604621374,104.72311704149487,-1.1543771971588672,0.13737787710850233,-1.0169993200503649,6.89150148256278E18,1.2013099587099853E18,3.6460677566621876E-21,200.0,13.3322
0.29548868632883646,1.2156932135829754E16,2.5094904803613205,104.71188796938173,-1.154340837794667,0.13828615310758924,-1.0160546846870777,6.839968570185781E18,1.1878520796105492E18,3.69881144743058E-21,200.0,13.3322
0.2963809611898699,1.2064921277292378E16,2.5055637948414535,104.7009376188089,-1.1562355567739657,0.1392327223316144,-1.0170028344423514,6.801607633806506E18,1.176833635911364E18,3.7524759366109176E-21,200.0,13.3322
0.2972732360509034,1.1972218663992162E16,2.5016220548456523,104.68982950843541,-1.1574559530908415,0.14014116581252906,-1.0173147872783124,6.758956049368573E18,1.1650441469768102E18,3.806150565792267E-21,200.0,13.3322
0.2981655109119368,1.1878851023308604E16,2.4976653508088957,104.67856363826122,-1.1580094972356438,0.14101107921577888,-1.016998418019865,6.7121447522302E18,1.1525139658359095E18,3.859825194973616E-21,200.0,13.3322
0.29905778577297026,1.1784845106125152E16,2.493693773403602,104.66714000828638,-1.1579034369996788,0.14184209710437312,-1.0160613398953056,6.661302768123994E18,1.1392730620478628E18,3.913489948548227E-21,200.0,13.3322
0.29991548959265735,1.169386073775686E16,2.489860939318013,104.65600594376224,-1.1597182961644512,0.14271622160385297,-1.0170020745605983,6.623194908720098E18,1.1283623760053546E18,3.968180838229096E-21,200.0,13.3322
0.30077319341234443,1.1602247720420214E16,2.4860121466306553,104.64471733266294,-1.160864015912331,0.1435522774224774,-1.0173117384898536,6.580939292811273E18,1.1167153152142642E18,4.022881603510078E-21,200.0,13.3322
0.3016308972320315,1.1510031915336978E16,2.4821474876117335,104.63327417498849,-1.1613475677872758,0.14434991349856455,-1.0169976542887111,6.534660104285487E18,1.1043607268107493E18,4.0775823687910605E-21,200.0,13.3322
0.3024886010517186,1.1417239186281422E16,2.4782670548065084,104.62167647073889,-1.1611757542224397,0.14510881134909204,-1.0160669428733475,6.484480103268118E18,1.091327173626359E18,4.132273376984836E-21,200.0,13.3322
0.30331307327931656,1.13274790920761E16,2.4745209935540347,104.61037807649984,-1.1629167331039347,0.14591529395135647,-1.0170014391525783,6.446622122748416E18,1.0805202960609806E18,4.18809509758248E-21,200.0,13.3322
0.3041375455069145,1.1237147613276086E16,2.4707581569684933,104.59892805272959,-1.1639929748196154,0.14668379428379388,-1.0173091805358214,6.404750642231055E18,1.069009862579383E18,4.243926575270643E-21,200.0,13.3322
0.3049620177345125,1.1146269753909678E16,2.4669786388495023,104.58732639942815,-1.1644110170819884,0.14741400567946034,-1.016997011402528,6.358983924091857E18,1.0568233975767224E18,4.299758052958806E-21,200.0,13.3322
0.3057864899621104,1.10548705027169E16,2.463182533307635,104.5755731165955,-1.1641772714555478,0.14810564899579484,-1.0160716224597528,6.309439196460141E18,1.0439882206436522E18,4.3555797686970325E-21,200.0,13.3322
0.30657901815013716,1.0966502516094376E16,2.4595167721520297,104.56412789620478,-1.1658499743379522,0.14884906079247953,-1.0170009135454727,6.271826836500667E18,1.0332811204512545E18,4.4126370916350984E-21,200.0,13.3322
0.3073715463381639,1.0877615051942844E16,2.4558334966637747,104.55253369544523,-1.1668616526239792,0.14955459700365695,-1.0173070556203223,6.230327729304611E18,1.0219016798409061E18,4.4697041765219956E-21,200.0,13.3322
0.30816407452619066,1.0788232271739864E16,2.452132801919886,104.54079051431691,-1.1672184631817009,0.1502219880429258,-1.016996475138775,6.185054908280776E18,1.0098762539961478E18,4.5267712614088935E-21,200.0,13.3322
0.30895660271421743,1.0698378306534916E16,2.448414783343041,104.5288983528198,-1.1669261504116122,0.15085072537356048,-1.0160754250380517,6.136161260660571E18,9.972494706296417E17,4.58382048583523E-21,200.0,13.3322
0.3097184245291826,1.0611543413136542E16,2.444823392141166,104.51732211929686,-1.1685364338589777,0.15153593295575932,-1.0170005009032184,6.105712454138209E18,9.896984965204256E17,4.6422352096569926E-21,200.0,13.3322
0.3104802463441477,1.0524235647719204E16,2.4412138360920195,104.50559925094473,-1.1694890024702354,0.15218362816304948,-1.0173053743071858,6.071544679304023E18,9.81525698916201E17,4.7006677939437344E-21,200.0,13.3322
0.3112420681591129,1.043647835810619E16,2.4375862112574915,104.4937297477634,-1.1697893574883975,0.1527933098470754,-1.0169960476413222,6.033752917066879E18,9.72750931264472E17,4.759100378230477E-21,200.0,13.3322
0.312003889974078,1.0348294848996902E16,2.43394061407713,104.48171360975286,-1.1694431429392593,0.15336475254915172,-1.0160783903901076,5.99243280361257E18,9.63394147119968E17,4.8175226697841675E-21,200.0,13.3322
0.31273619512930767,1.0263107930054612E16,2.430418254091299,104.47002032396183,-1.1709972681536789,0.1539970795634278,-1.017000188590251,5.962147741821451E18,9.559004824414054E17,4.8774433377774016E-21,200.0,13.3322
0.3134685002845373,1.0177489956035426E16,2.4268771580423003,104.45818247023837,-1.1718958139541542,0.15459172688089992,-1.0173040870732544,5.928241068898505E18,9.478065763788723E17,4.9373742985036894E-21,200.0,13.3322
0.314200805439767,1.0091463492466614E16,2.4233174227289216,104.44620004858243,-1.172144191317746,0.1551484745537599,-1.016995716763986,5.890805144337155E18,9.391317127879159E17,4.9973052592299764E-21,200.0,13.3322
0.3149331105949966,1.0005051051139356E16,2.419739145357216,104.43407305899403,-1.171747783503219,0.15566712146004819,-1.016080662043171,5.849932157416686E18,9.298951462251427E17,5.057225675450171E-21,200.0,13.3322
0.3156370427085715,9.921604828194566E15,2.4162809643175414,104.42227514296476,-1.173250028456586,0.15625007598536508,-1.016999952471221,5.819808083774735E18,9.224566543224151E17,5.11875630775548E-21,200.0,13.3322
0.3163409748221464,9.837765395683296E15,2.4128035289139977,104.4103345265278,-1.174098538857142,0.1567954383092425,-1.0173031005478996,5.786156196994501E18,9.144387888692741E17,5.180297484566883E-21,200.0,13.3322
0.3170449069357213,9.753554560332412E15,2.409306936552443,104.3982512096832,-1.1742984713153897,0.15730301132231397,-1.0169954599930757,5.749065591140249E18,9.058601741020276E17,5.241838661378286E-21,200.0,13.3322
0.3177488390492962,9.668994066225342E15,2.405791285073937,104.38602519243092,-1.1738549716432336,0.15777261377060736,-1.0160823578726261,5.708625338734415E18,8.967394331126918E17,5.3033689422218154E-21,200.0,13.3322
0.3184254974300045,9.58736259304409E15,2.4023928198228384,104.37413382449967,-1.175309539486777,0.15830975336080985,-1.0169997861259672,5.678659889571755E18,8.893540937722277E17,5.3666244893865866E-21,200.0,13.3322
0.31910215581071283,9.50537213698327E15,2.3989746291735354,104.36210143955168,-1.1761117746874528,0.15880938531900804,-1.0173023893684447,5.645256359003721E18,8.814094717051724E17,5.429890932517022E-21,200.0,13.3322
0.3197788141914212,9.423043771040636E15,2.3955368110337907,104.34992803758693,-1.1762666021347576,0.15927133107538843,-1.0169952710593693,5.608500888538456E18,8.729235953362208E17,5.493157375647457E-21,200.0,13.3322
0.3204554725721295,9.340398498142166E15,2.3920794637731335,104.33761361860543,-1.175778948874987,0.159695425604866,-1.016083523270121,5.568479717465619E18,8.639145147620004E17,5.556412484081939E-21,200.0,13.3322
0.32110591393622284,9.260639237268954E15,2.388736603780097,104.32563883920601,-1.1771897999705636,0.16019011549358925,-1.0169996844769744,5.538670020699857E18,8.565802765191474E17,5.621511885910529E-21,200.0,13.3322
0.3217563553003162,9.180551925266134E15,2.3853735895984753,104.31352455492694,-1.177949308778107,0.1606473753343662,-1.0173019334437408,5.505508334334243E18,8.48706156121292E17,5.686622622432864E-21,200.0,13.3322
0.3224067966644096,9.10015692755187E15,2.381990519553667,104.30127076576821,-1.1780621866075076,0.16106704160723126,-1.0169951450002763,5.469078116307753E18,8.403096415058479E17,5.751733358955198E-21,200.0,13.3322
0.32305723802850295,9.01947453332543E15,2.378587492457822,104.28887747172983,-1.177533156692042,0.1614489625043026,-1.0160841941877394,5.429463018562499E18,8.314082609203444E17,5.8168322428659795E-21,200.0,13.3322
0.32368247814993734,8.941630241026189E15,2.375296447103463,104.27682827625068,-1.178904027531715,0.1619043839911596,-1.0169996435405555,5.399805767876482E18,8.241230514222737E17,5.883899112176186E-21,200.0,13.3322
0.3243077182713717,8.863485832548065E15,2.3719848565240245,104.26464092779169,-1.1796241594801458,0.16232244257703035,-1.0173017169031153,5.366879343917597E18,8.163167450410569E17,5.950977834093528E-21,200.0,13.3322
0.3249329583928061,8.785060992529148E15,2.3686528193956784,104.25231542635282,-1.1796980647891095,0.16270298691250915,-1.0169950778766004,5.330764754614737E18,8.080063376971786E17,6.01805655601087E-21,200.0,13.3322
0.32555819851424045,8.706375324349473E15,2.3653004349052007,104.2398517719341,-1.179130274809644,0.163045875893993,-1.016084398915651,5.291543279838947E18,7.992088809765335E17,6.085122833709099E-21,200.0,13.3322
0.32615921381097845,8.630475762662164E15,2.362057704037571,104.22773619297651,-1.1804646932629768,0.16346503307008464,-1.0169996601928921,5.262034785353215E18,7.919706132445362E17,6.154286092828588E-21,200.0,13.3322
0.3267602291077165,8.554301297573255E15,2.3587940706278907,104.21548366221792,-1.1811486083978118,0.16384688110981138,-1.0173017272880003,5.229336973344909E18,7.842294841093425E17,6.223461796171608E-21,200.0,13.3322
0.3273612444044545,8.477870960027956E15,2.3555096336515495,104.2030941796583,-1.1811863450147435,0.16419127843875383,-1.0169950665759897,5.193528606572365E18,7.760020403816932E17,6.2926374995146276E-21,200.0,13.3322
0.3279622597011925,8.401203695631998E15,2.352204492616694,104.19056774529767,-1.180582252083111,0.1644980925394135,-1.0160841595436976,5.154688783214033E18,7.673048973164667E17,6.361800096578258E-21,200.0,13.3322
0.32853998876004503,8.327267186876848E15,2.349006839966394,104.17839292610316,-1.1818835499830929,0.16488381794202694,-1.016999732041066,5.125325005941456E18,7.60111473223847E17,6.433194582809194E-21,200.0,13.3322
0.32911771781889754,8.253078518259452E15,2.3457879575349487,104.16608221385981,-1.1825342270544756,0.16523227209502106,-1.0173019549594546,5.09284908143886E18,7.524329313426979E17,6.5046021753195196E-21,200.0,13.3322
0.32969544687775,8.178656094107018E15,2.342547944557772,104.15363560856761,-1.1825384298632935,0.16554332118603998,-1.0169951086772535,5.057337708568748E18,7.442854077161398E17,6.576009767829846E-21,200.0,13.3322
0.3302731759366025,8.104018230149671E15,2.339286900824313,104.14105311022657,-1.1819003324389943,0.16581683947583223,-1.0160834929631624,5.018867973435787E18,7.356851175604815E17,6.647403522782523E-21,200.0,13.3322
0.3308285209789902,8.032053067095102E15,2.336131329930152,104.12882537065256,-1.1831716564402324,0.16617179917948513,-1.0169998572607473,4.989644549486082E18,7.285344295666964E17,6.7211705798136485E-21,200.0,13.3322
0.3313838660213778,7.959856251241513E15,2.332954228790999,104.11646266163582,-1.1837919001533448,0.16648950754529612,-1.0173023926080487,4.957383705895834E18,7.209159273049048E17,6.794951474400214E-21,200.0,13.3322
0.33193921106376545,7.887445587113583E15,2.3297556968742894,104.10396498317634,-1.1837650391537862,0.16676983680878776,-1.0169952023449984,4.922160239493732E18,7.128453706332658E17,6.86873236898678E-21,200.0,13.3322
0.33249455610615314,7.814838788089487E15,2.326535834221768,104.09133233527413,-1.1830950782820275,0.16701266644212462,-1.016082411839903,4.884049376830902E18,7.043386076942664E17,6.942498624931906E-21,200.0,13.3322
0.3330283843970774,7.744844511308346E15,2.323419566570573,104.07905723138258,-1.1843393995349365,0.16733936494922266,-1.0170000345857138,4.854961634831181E18,6.972285394392179E17,7.018786695524008E-21,200.0,13.3322
0.3335622126880016,7.674637066213362E15,2.320281491978328,104.06664795292991,-1.1849318472123318,0.1676288123041941,-1.0173030349081378,4.822908974295781E18,6.896675670855708E17,7.095089404768593E-21,200.0,13.3322
0.33409604097892587,7.604233683886531E15,2.317121710126087,104.05410449991614,-1.1848762315016268,0.16788088530712572,-1.0169953461945012,4.787964435810718E18,6.816711057798414E17,7.171392114013177E-21,200.0,13.3322
0.3346298692698501,7.533651502320259E15,2.3139403212884364,104.04142687234123,-1.1841763094679705,0.16809539246606336,-1.016080917001907,4.750201192057188E18,6.732546196502305E17,7.247676080671581E-21,200.0,13.3322
0.335143014472274,7.465620079647742E15,2.3108607746002416,104.02910925540347,-1.185396531207778,0.1683962659846246,-1.0170002652231536,4.721244541697001E18,6.661830972507859E17,7.326645113350561E-21,200.0,13.3322
0.335656159674698,7.397392088096071E15,2.3077591696550734,104.01665812385507,-1.185963824086384,0.1686599379044875,-1.0173038861818964,4.693583595438105E18,6.603018099634145E17,7.405632888613512E-21,200.0,13.3322
0.336169304877122,7.328984212669682E15,2.3046356063199447,104.00407347769605,-1.1858817546448608,0.16888621347295218,-1.0169955411719087,4.664429884544589E18,6.54517072898238E17,7.484620663876463E-21,200.0,13.3322
0.3366824500795459,7.260413043865601E15,2.3014901850734812,103.99135531692642,-1.1851539487315708,0.16907495866543687,-1.016078990066134,4.632554372230584E18,6.483397217518624E17,7.563591085172614E-21,200.0,13.3322
0.33717571355629944,7.194329514055245E15,2.298444985604783,103.97899929931496,-1.1863533922579264,0.16935283931066306,-1.0170005529472632,4.6091259510347187E18,6.433985905854766E17,7.645435230191364E-21,200.0,13.3322
0.337668977033053,7.12806419667803E15,2.29537750895828,103.96651027078535,-1.1868983621130849,0.16959340176372242,-1.0173049603493625,4.5829076943944924E18,6.380533206934662E17,7.727296729168081E-21,200.0,13.3322
0.3381622405098065,7.061633260710219E15,2.2922878551273644,103.95388823133759,-1.1867922986525221,0.16979650818989722,-1.0169957904626248,4.55396031769702E18,6.323152038163287E17,7.809158228144798E-21,200.0,13.3322
0.33865550398656,6.995052779660788E15,2.289176124733427,103.94113318097168,-1.186038684676017,0.16996203968049367,-1.0160766449955232,4.522345049145424E18,6.261956239737746E17,7.891001947373666E-21,200.0,13.3322
0.3391296560518033,6.930896066316459E15,2.2861631051790203,103.92874213912826,-1.1872197885324431,0.17021889783970354,-1.0170008906927397,4.499008552501934E18,6.212770305304119E17,7.975895710182901E-21,200.0,13.3322
0.3396038081170465,6.866570893643944E15,2.2831276054996095,103.91621847606572,-1.1877445686166186,0.1704383384196351,-1.0173062301969835,4.4729370865798876E18,6.159656482421559E17,8.060807252728942E-21,200.0,13.3322
0.3400779601822897,6.80209293858913E15,2.2800697258176097,103.90356219178403,-1.1876163258145067,0.17062023827247377,-1.016996087542033,4.4441901700430884E18,6.10272562844482E17,8.145718795274982E-21,200.0,13.3322
0.34055211224753296,6.737477782029694E15,2.2769895668990694,103.8907732862832,-1.1868383877672315,0.1707644786109067,-1.016073909156325,4.4128277969816924E18,6.042089485343951E17,8.230611416174146E-21,200.0,13.3322
0.34100789336973186,6.675222190407037E15,2.2740067035651426,103.87835003016852,-1.1880034281226206,0.1710021497681186,-1.017001278354502,4.38957999990575E18,5.993117248136297E17,8.31873926087932E-21,200.0,13.3322
0.34146367449193077,6.612810168986294E15,2.2710011704278568,103.86579443398473,-1.1885099888855564,0.171202293742801,-1.0173076951427553,4.3636506712228367E18,5.940328484027095E17,8.406886027220323E-21,200.0,13.3322
0.3419194556141297,6.550256925595379E15,2.2679730677494248,103.85310649773187,-1.188361219327136,0.1713647871341315,-1.0169964321930045,4.33509816701131E18,5.88383208634641E17,8.495032793561327E-21,200.0,13.3322
0.3423752367363286,6.487577571693253E15,2.2649224964508456,103.84028622140991,-1.1875602914444445,0.17148951018013214,-1.0160707812643122,4.3039813272649595E18,5.823737859249928E17,8.58315939261118E-21,200.0,13.3322
0.3428133586946212,6.427193538966305E15,2.2619678944045005,103.82783303433398,-1.188711428727528,0.1717097122439851,-1.017001716483543,4.280818750271583E18,5.774967400085421E17,8.674717093728753E-21,200.0,13.3322
0.3432514806529139,6.366663939391196E15,2.2589904442135174,103.81524768294904,-1.189201609772904,0.17189225275337805,-1.017309357019526,4.2550267108719667E18,5.722489792704721E17,8.766294962146313E-21,200.0,13.3322
0.34368960261120657,6.306003533716675E15,2.255990246295962,103.80253016725514,-1.1890338318226745,0.17203700700516814,-1.0169968248175063,4.2266624800343506E18,5.666412121602276E17,8.857872830563873E-21,200.0,13.3322
0.3441277245694992,6.245226986271816E15,2.252967401743268,103.78968048725226,-1.1882111098303951,0.1721438532240156,-1.0160672566063795,4.1957838180394844E18,5.606842404430232E17,8.949429173281016E-21,200.0,13.3322
0.3445488715652592,6.186681732240932E15,2.2500392824460285,103.77719915820373,-1.1893503855032965,0.17234817957300005,-1.0170022059302966,4.172702693323744E18,5.558261505077481E17,9.04462410893473E-21,200.0,13.3322
0.34497001856101916,6.128000727284064E15,2.2470881461997703,103.7645857378039,-1.189825903311812,0.17251468454657096,-1.0173112187652409,4.1470429075527506E18,5.506081063245697E17,9.139840570291069E-21,200.0,13.3322
0.3453911655567792,6.069198306235651E15,2.2441140935993116,103.75184022605278,-1.1896405071469336,0.1726432411436891,-1.0169972660032445,4.1188607187354557E18,5.4504065012814214E17,9.235057031647408E-21,200.0,13.3322
0.3458123125525392,6.010288707666243E15,2.241117225926929,103.73896262295034,-1.1887970526433915,0.1727337245699836,-1.016063328073408,4.088212877054819E18,5.391344194175997E17,9.330250485168882E-21,200.0,13.3322
0.3462171422778715,5.953546812192288E15,2.2382139158455985,103.72645447548132,-1.1899263985713098,0.17292365077110539,-1.0170027478002044,4.0652091624137344E18,5.342940343417541E17,9.429302630037697E-21,200.0,13.3322
0.3466219720032038,5.896678042692966E15,2.2352874278621355,103.71381420885864,-1.1903888541518173,0.17307556968334428,-1.017313284468473,4.0396764130532224E18,5.2910429813533645E17,9.528377782743586E-21,200.0,13.3322
0.3470268017285361,5.839696328391308E15,2.232337862773388,103.70104182308228,-1.190187107764642,0.17318935104064484,-1.0169977567239972,4.0116699417927235E18,5.235756008084947E17,9.627452935449476E-21,200.0,13.3322
0.34743163145386846,5.782615502570348E15,2.2293653220776015,103.68813731815224,-1.1893238525117475,0.17326486603790486,-1.0160589864738427,3.9812455540368374E18,5.17718429340289E17,9.726503461584515E-21,200.0,13.3322
0.34782077611870665,5.727639416554286E15,2.226485242170022,103.67560323604673,-1.1904450999547311,0.17344175648064206,-1.017003343474089,3.958314943890471E18,5.1289446881962714E17,9.829646475603173E-21,200.0,13.3322
0.34820992078354496,5.672544491803493E15,2.2235818296719176,103.66293690773627,-1.190895986244303,0.17358042699094264,-1.0173155592533603,3.9329038369077417E18,5.0773162178698054E17,9.93281411619268E-21,200.0,13.3322
0.34859906544838315,5.617344271391581E15,2.220655185611943,103.65013833322087,-1.1906790411981414,0.17368074308138892,-1.0169982981167525,3.905066664582313E18,5.022401394465031E17,1.0035981756782186E-20,200.0,13.3322
0.3489882101132214,5.562052202910916E15,2.217705411733707,103.63720751250054,-1.1897967913154717,0.17374257094046253,-1.0160542203750091,3.8748583495067505E18,4.964303715334932E17,1.0139123000431156E-20,200.0,13.3322
0.34936227743263015,5.508802699070637E15,2.214847067717422,103.62464796240043,-1.1909116800291006,0.17390768538621468,-1.017003994642886,3.8519962846579277E18,4.916215259211065E17,1.0246605428039156E-20,200.0,13.3322
0.34973634475203885,5.455441637878531E15,2.211965241186051,103.61195594078025,-1.1913523892652935,0.17403433987159328,-1.0173180493937002,3.826701253231874E18,4.864841381322377E17,1.0354114252596529E-20,200.0,13.3322
0.35011041207144755,5.401982194909416E15,2.209060033433817,103.59913144763993,-1.1911212863851306,0.1741223947244122,-1.0169988916607184,3.79902686614683E18,4.8102833355875494E17,1.0461623077153901E-20,200.0,13.3322
0.3504844793908563,5.34843745082117E15,2.206131546483443,103.58617448297953,-1.1902207262974067,0.17417171011323285,-1.0160490161841738,3.76902722222685E18,4.752643375987301E17,1.0569103565496538E-20,200.0,13.3322
0.350844053534081,5.296874020018592E15,2.20329351980513,103.57358953410133,-1.1913309134569667,0.17432621016472022,-1.0170047032922465,3.746228897242432E18,4.704692673121892E17,1.0681190162525262E-20,200.0,13.3322
0.3512036276773057,5.245205638160298E15,2.200431864022627,103.56087179058011,-1.1917627443940642,0.1744419821450118,-1.0173207622490523,3.7210442044823675E18,4.653558965837621E17,1.0793305095777554E-20,200.0,13.3322
0.35156320182053036,5.193445131196487E15,2.197546680733817,103.54802125241585,-1.1915184192390584,0.17451888021387738,-1.0169995390251811,3.693525992425169E18,4.599342376694898E17,1.0905420029029847E-20,200.0,13.3322
0.35192277596375504,5.141605230804897E15,2.1946380722784977,103.53503791960858,-1.1906001154126415,0.17455675747556365,-1.016043357937078,3.663727592899398E18,4.542144042950445E17,1.1017504498128535E-20,200.0,13.3322
0.35226841846650053,5.091686429226373E15,2.1918190117082466,103.52242726065,-1.1917071846579006,0.17470171294316234,-1.0170054717147383,3.6409879619464187E18,4.4943173888807674E17,1.1134477704010319E-20,200.0,13.3322
0.3526140609692461,5.041668678514962E15,2.188976177413104,103.50968338603649,-1.192131349762128,0.17480764338094887,-1.017323706381179,3.615907702597236E18,4.443409294601349E17,1.1251481374032454E-20,200.0,13.3322
0.3529597034719916,4.991564472134469E15,2.1861096713367227,103.49680629576801,-1.1918746379830718,0.17487439576471767,-1.0170002422183542,3.588538957053515E18,4.3895188761569094E17,1.1368485044054589E-20,200.0,13.3322
0.3533053459747371,4.941386209978533E15,2.183219596178102,103.48379598984461,-1.1909390069220775,0.1749017817117477,-1.0160372252103298,3.558934239108607E18,4.332746150296421E17,1.1485453717305977E-20,200.0,13.3322
0.35363759661610084,4.893069969609726E15,2.1804182090326134,103.47115894535808,-1.19204451886562,0.175038215820651,-1.017006303044969,3.5362481348148997E18,4.2850296518215994E17,1.1607617846202334E-20,200.0,13.3322
0.3539698472574645,4.844660223178529E15,2.177592906390788,103.45838816048773,-1.1924622231686826,0.175135329571183,-1.0173268935974995,3.5145040718453606E18,4.245234361390182E17,1.1729816971878273E-20,200.0,13.3322
0.3543020978988282,4.796169148637749E15,2.174743790579727,103.44548363523351,-1.1921939323548867,0.17519292835390948,-1.0170010040009771,3.491792836504525E18,4.206856697776355E17,1.1852016097554211E-20,200.0,13.3322
0.35463434854019193,4.747608831112269E15,2.1718709646953,103.43244536959546,-1.1912414284969706,0.17521083754407718,-1.0160305909528935,3.4669177950397235E18,4.1657918157418797E17,1.1974179135944296E-20,200.0,13.3322
0.3549537261856196,4.700852601117346E15,2.1690860250018438,103.41978087470713,-1.1923471499630582,0.17533994862627728,-1.017007201336781,3.4487063139970836E18,4.1330742485493805E17,1.210187804259233E-20,200.0,13.3322
0.3552731038310472,4.654007768823881E15,2.1662770348530276,103.406981997217,-1.1927596888616112,0.17542934979695649,-1.0173303390646546,3.428277480066359E18,4.0975912468976934E17,1.2229613036530636E-20,200.0,13.3322
0.3555924814764749,4.607086214210109E15,2.1634440969802626,103.39404873712505,-1.1924806880172678,0.17547886012514013,-1.0170018278921278,3.4056742810976425E18,4.059413781918116E17,1.2357348030468941E-20,200.0,13.3322
0.3559118591219025,4.560099725192941E15,2.160587314896725,103.38098109443129,-1.1915117357668001,0.17548830093724388,-1.016023434829556,3.380940078138845E18,4.018613542041046E17,1.2485044527543945E-20,200.0,13.3322
0.35621886253348434,4.514860653190366E15,2.157817665245753,103.36828768174273,-1.1926190573161737,0.1756108893146746,-1.017008168001499,3.362765413628211E18,3.985956473245189E17,1.2618625706485984E-20,200.0,13.3322
0.3565258659450661,4.4695374575261055E15,2.1550238283776015,103.35545914201708,-1.1930274108809136,0.1756933626760705,-1.0173340482048432,3.3424065932012145E18,3.950599156818796E17,1.2752245382295741E-20,200.0,13.3322
0.35683286935664793,4.42414173535104E15,2.1522059074809667,103.34249547525435,-1.1927382511719262,0.17573553600278877,-1.0170027151691374,3.3199060760887045E18,3.912611938246529E17,1.2885865058105498E-20,200.0,13.3322
0.3571398727682297,4.3786849925235265E15,2.149364006539656,103.32939668145453,-1.1917529560579514,0.17573721860648733,-1.0160157374514642,3.2953066604248924E18,3.872065854659123E17,1.3019443064479713E-20,200.0,13.3322
0.3574349813836016,4.334920328824909E15,2.1466085264370665,103.31667254578194,-1.192863223449325,0.17585401673737783,-1.0170092067119472,3.277164653463367E18,3.8394602037995974E17,1.3159279517149941E-20,200.0,13.3322
0.3577300899989735,4.2910756416430505E15,2.143828719012716,103.30381243471707,-1.1932683031609046,0.17593026832292477,-1.01733803483798,3.2568709929562337E18,3.8042189453580864E17,1.3299157639246874E-20,200.0,13.3322
0.35802519861434534,4.247162259822999E15,2.141024687971462,103.29081634825992,-1.1929694454512767,0.17596577631555005,-1.0170036691357267,3.2344676282838113E18,3.766411855256552E17,1.3439035761343809E-20,200.0,13.3322
0.3583203072297172,4.203191421675125E15,2.138196537826918,103.2776842864105,-1.1919678058697134,0.1759603366372836,-1.01600746923243,3.2099968302950953E18,3.7261093975900595E17,1.3578868698771144E-20,200.0,13.3322
0.35860398191078335,4.1608586861184315E15,2.135454136922946,103.26492728961438,-1.193082344547778,0.17607202296816293,-1.0170103215796151,3.1918831173099177E18,3.693545764824224E17,1.372536212714667E-20,200.0,13.3322
0.35888765659184957,4.1184496877442E15,2.1326872640606225,103.25203336197241,-1.1934850113698259,0.17614269667372204,-1.0173423146961038,3.1716495780560614E18,3.658410695490827E17,1.387190074019621E-20,200.0,13.3322
0.3591713312729158,4.075975501119567E15,2.1298960235245348,103.23900250348464,-1.1931768407828938,0.17617214732618483,-1.017004693456709,3.149337688573562E18,3.6207734749941875E17,1.4018439353245753E-20,200.0,13.3322
0.35945500595398194,4.033447111011469E15,2.1270805204221706,103.22583471415102,-1.192158752737492,0.17616015598738788,-1.0159985967501042,3.124989227725914E18,3.580704074197518E17,1.4164928879807316E-20,200.0,13.3322
0.3597276897066287,3.992504228922646E15,2.1243501327673933,103.21304238542432,-1.1932788709425801,0.1762673536386313,-1.017011517303949,3.1068992201299446E18,3.548172700855971E17,1.4318512137591072E-20,200.0,13.3322
0.3600003734592755,3.9514885397486715E15,2.12159512279499,103.20011205940742,-1.1936799418171955,0.1763330363767518,-1.0173469054404438,3.086720574423238E18,3.513133693804429E17,1.4472144481876062E-20,200.0,13.3322
0.36027305721192227,3.9104108773620575E15,2.118815595437902,103.18704373610032,-1.1933627712668988,0.17635697894770294,-1.017005792319196,3.0644943297302743E18,3.475655928845613E17,1.462577682616105E-20,200.0,13.3322
0.36054574096456904,3.869281986535984E15,2.116011656466767,103.17383741550302,-1.1923280287013678,0.17633894597300068,-1.015989082728367,3.040261807973501E18,3.435808965425669E17,1.47793557449136E-20,200.0,13.3322
0.3608078596304932,3.829687402976275E15,2.1132922349814307,103.16100694886899,-1.1934550268674382,0.17644222782827915,-1.017012799039159,3.022190687013198E18,3.403299711387664E17,1.494049611026801E-20,200.0,13.3322
0.3610699782964174,3.790023193804758E15,2.110548033894001,103.14803730285522,-1.1938552810819683,0.17650345438978574,-1.0173518266921826,3.0020615119058524E18,3.368346361885351E17,1.510168990116811E-20,200.0,13.3322
0.3613320969623416,3.750299965387287E15,2.1077791588599855,103.1349284774617,-1.1935293543811256,0.1765223840224958,-1.0170069703586297,2.9799149212893E18,3.331017466394447E17,1.5262883692068213E-20,200.0,13.3322
0.3615942156282657,3.710528235647717E15,2.1049857163879016,103.12168047268844,-1.1924776488703261,0.17649876320028762,-1.0159788856700385,2.955791815295792E18,3.2913822576205965E17,1.5424019222622613E-20,200.0,13.3322
0.36184617854999823,3.6722410105464965E15,2.102276227496119,103.10880872162693,-1.1936128292728225,0.17659865673399247,-1.01701417253883,2.937734524253339E18,3.258884573804818E17,1.559322208800693E-20,200.0,13.3322
0.3620981414717307,3.633887094234578E15,2.099541793567662,103.09579648797738,-1.1940130146505419,0.1766559143636897,-1.0173571002868522,2.917649192806264E18,3.224006175165861E17,1.5762483213736952E-20,200.0,13.3322
0.3623501043934632,3.5954768784126915E15,2.0967825210605433,103.08264377173975,-1.193678509102408,0.1766702763928348,-1.0170082327095733,2.8955760959371244E18,3.186815371374417E17,1.5931744339466974E-20,200.0,13.3322
0.36260206731519573,3.5570206669441385E15,2.0939985173018756,103.06935057291406,-1.1926094286786864,0.17664146929416424,-1.0159679593845221,2.871555747667694E18,3.147381156899592E17,1.6100941806498022E-20,200.0,13.3322
0.3628442679753591,3.5200005534488635E15,2.0912979356833543,103.05643404200056,-1.1937541053981329,0.1767384611592159,-1.0170156442389169,2.8535069812245734E18,3.114884052444358E17,1.6278754849523944E-20,200.0,13.3322
0.3630864686355225,3.4829164601468525E15,2.0885722341852686,103.04337559780988,-1.194154944426985,0.17679219386287964,-1.0173627505641054,2.8334596513095444E18,3.08006956789438E17,1.645663155122675E-20,200.0,13.3322
0.36332866929568586,3.4457785766171875E15,2.0858215201543486,103.03017524034202,-1.1938119729628767,0.1768023878220951,-1.0170095851407817,2.8114537069249695E18,3.043005863867931E17,1.663450825292956E-20,200.0,13.3322
0.36357086995584925,3.408597005144675E15,2.0830459018236698,103.01683296959698,-1.192724999966722,0.17676874749009336,-1.0159562524766286,2.7875293123955743E18,3.003761789714012E17,1.6812315255571567E-20,200.0,13.3322
0.3638036865916472,3.372804513270681E15,2.0803532052367104,103.00386780299735,-1.1938805091253577,0.17686328787512684,-1.0170172212502309,2.769483502666761E18,2.971253793071804E17,1.699933316482417E-20,200.0,13.3322
0.3640365032274452,3.3369505512998215E15,2.077635203215342,102.99075915761901,-1.1942827050177172,0.17691390046192207,-1.0173688045557951,2.749468103067615E18,2.936491823103087E17,1.7186420773128743E-20,200.0,13.3322
0.3642693198632431,3.30104511898342E15,2.0748920040884564,102.97750703346199,-1.193931317812049,0.1769202837929103,-1.0170110340191387,2.7275227754079616E18,2.899543987210085E17,1.7373508381433313E-20,200.0,13.3322
0.36450213649904106,3.265098129252214E15,2.072123717089317,102.96411143052626,-1.1928258258334226,0.17688211809535614,-1.0159437077380664,2.703687371951949E18,2.8604790885229194E17,1.756051951659183E-20,200.0,13.3322
0.36472593269293957,3.230494576699528E15,2.069437881215496,102.9510933971497,-1.193993536385844,0.17697462485844226,-1.0170189115274018,2.6856386714055864E18,2.8279482024226144E17,1.7757389359322146E-20,200.0,13.3322
0.3649497288868381,3.195831880902077E15,2.0667265422790297,102.93793017628352,-1.194397779122343,0.17702248672648588,-1.0173752923958572,2.665648885067051E18,2.793226947303169E17,1.79543356751941E-20,200.0,13.3322
0.36517352508073664,3.1611198638769855E15,2.063989809691919,102.92462176792765,-1.1940379646650652,0.1770253781947282,-1.017012586470337,2.6437574279468943E18,2.7563834794430502E17,1.8151281991066054E-20,200.0,13.3322
0.36539732127463515,3.1263682612168355E15,2.061227793789656,102.91116817208213,-1.1929132046282978,0.17698294332606007,-1.0159302613022376,2.6200038582275533E18,2.7174866395309248E17,1.834814322412805E-20,200.0,13.3322
0.36561244652215796,3.092915814694447E15,2.058547786690687,102.89809264787571,-1.1940945387199389,0.17707381476860148,-1.0170207239513374,2.6019461359702564E18,2.6849203046787245E17,1.8555571478474976E-20,200.0,13.3322
0.3658275717696807,3.05940638244828E15,2.0558420660626413,102.88487007332812,-1.1945015290969396,0.17711928131909835,-1.0173822477778414,2.582912081387659E18,2.652937055083354E17,1.8763084815614186E-20,200.0,13.3322
0.3660426970172035,3.025849620805578E15,2.053110742507264,102.87150044843936,-1.1941332319540214,0.17711898152370958,-1.017014250430312,2.564883108168992E18,2.6272234828576147E17,1.8970598152753396E-20,200.0,13.3322
0.36625782226472625,2.992255099979419E15,2.0503539275703417,102.85798377320944,-1.1929883746151575,0.17707253258427114,-1.0159158420308863,2.545047317689435E18,2.599600812741369E17,1.917801805076889E-20,200.0,13.3322
0.3664646125202511,2.959916778911216E15,2.0476787102832037,102.84484570697126,-1.19418493965674,0.177162271202806,-1.017022668453934,2.530720661078671E18,2.5778229516558266E17,1.939679110320357E-20,200.0,13.3322
0.3666714027757758,2.927523458087545E15,2.044977558656389,102.83155855434785,-1.1945954809125017,0.17720577288045355,-1.0173897080320482,2.514541854992534E18,2.5540790470124374E17,1.9615657594775222E-20,200.0,13.3322
0.36687819303130054,2.895084640675172E15,2.0422505845810965,102.81812231533922,-1.1942186841865765,0.17720264955478854,-1.017016034631788,2.496542342836068E18,2.5284157111279008E17,1.9834524086346872E-20,200.0,13.3322
0.3670849832868254,2.862609743944309E15,2.039497900914048,102.80453698994535,-1.1930528626794665,0.17715249092355806,-1.0159003717559085,2.4767535205200026E18,2.5008798241385414E17,2.0053287966757155E-20,200.0,13.3322
0.3672837614882332,2.8313494033550895E15,2.0368264323036787,102.79133085544683,-1.1942661957176728,0.1772414399486162,-1.0170247557690566,2.46241554653955E18,2.479070472790819E17,2.0284253140011927E-20,200.0,13.3322
0.36748253968964106,2.8000359126592065E15,2.03412879214812,102.77797342169119,-1.1946809712001405,0.17728325709746462,-1.017397714102676,2.446242875889565E18,2.4553316087000138E17,2.0515320924432488E-20,200.0,13.3322
0.36768131789104896,2.768678633671847E15,2.0314050937548007,102.76446468867842,-1.1942954759000344,0.17727752711044645,-1.0170179487895878,2.428266713830961E18,2.4297098604362067E17,2.074638870885305E-20,200.0,13.3322
0.3678800960924568,2.737286842425184E15,2.0286554514197452,102.75080465640853,-1.1931075666631825,0.17722380393511736,-1.0158837627280652,2.4085181632309023E18,2.4022520968360205E17,2.0977342876070833E-20,200.0,13.3322
0.36807117266545425,2.7070692647926345E15,2.02598666649633,102.73752445304558,-1.1943392722618273,0.17731227403462924,-1.0170269982271982,2.394163673747439E18,2.3804022967774637E17,2.1221428655509856E-20,200.0,13.3322
0.3682622492384517,2.6768002629003635E15,2.0232914544001344,102.72409054727554,-1.1947589696054532,0.17735265693253002,-1.0174063126729231,2.3779913298149156E18,2.356659460609417E17,2.146562805216049E-20,200.0,13.3322
0.36845332581144913,2.646489068987488E15,2.0205699299940783,102.7105029390984,-1.194364505915321,0.1773445019794407,-1.0170200039358803,2.360032116235951E18,2.3310702952931648E17,2.1709827448811127E-20,200.0,13.3322
0.36864440238444657,2.6161448295103585E15,2.017822209154737,102.69676162851418,-1.1931532395096591,0.17728732370947775,-1.0158659158001813,2.340316867610762E18,2.303681732239013E17,2.1953900728397333E-20,200.0,13.3322
0.36882807572734766,2.586935734043883E15,2.015155012662037,102.68340084582964,-1.194405026689058,0.17737561702052915,-1.0170294096685288,2.3259403640066647E18,2.2817819966004006E17,2.221212965045049E-20,200.0,13.3322
0.3690117490702488,2.55767682608356E15,2.0124611130792305,102.66988375136607,-1.194830352991826,0.17741479684194875,-1.0174155561498772,2.3097622319481405E18,2.25802571589846E17,2.2470484689568074E-20,200.0,13.3322
0.36919542241314995,2.5283772201397205E15,2.009740626976944,102.65621034512351,-1.1944265859074619,0.1774043735326278,-1.017022212374834,2.2918132657550922E18,2.2324597550703E17,2.2728839728685658E-20,200.0,13.3322
0.36937909575605105,2.499045944817263E15,2.006993671966277,102.64238062710194,-1.1931905376521792,0.1773438181217793,-1.0158467195303997,2.2721240583528044E18,2.205131189473089E17,2.2987054414505725E-20,200.0,13.3322
0.3695556527057768,2.47081198846276E15,2.004326932310311,102.62893220198535,-1.194464232254885,0.17743222656485505,-1.01703200569003,2.2577197020941998E18,2.1831714348326925E17,2.3260554813548098E-20,200.0,13.3322
0.3697322096555025,2.442529725848203E15,2.0016331913229237,102.61532463141684,-1.194895921385231,0.17747041793416926,-1.0174255034510618,2.2415293315998234E18,2.1593917283264854E17,2.353419556591449E-20,200.0,13.3322
0.36990876660522826,2.4142081657380355E15,1.9989125674486983,102.6015579153964,-1.1944824475317333,0.17745785957556853,-1.0170245879561648,2.2235835832477153E18,2.1338391807533446E17,2.380783631828088E-20,200.0,13.3322
0.370085323554954,2.3858562307344805E15,1.9961651802020683,102.58763205392405,-1.1932200229942862,0.17739397442634516,-1.015826048567941,2.2039128371211978E18,2.106561101662126E17,2.408132045458059E-20,200.0,13.3322
0.3702550398349763,2.358565004935065E15,1.9934977229641164,102.57408832108848,-1.1945175867758133,0.17748278293721198,-1.0170348038386012,2.1894744157930452E18,2.0845305817397056E17,2.43713407261574E-20,200.0,13.3322
0.3704247561149987,2.3312268810903975E15,1.9908029416007753,102.56038236430695,-1.1949564072690109,0.17752018634148806,-1.0174362209275227,2.1732649875067443E18,2.0607169037031315E17,2.4661517613765548E-20,200.0,13.3322
0.37059447239502097,2.303850774406196E15,1.9880809566131736,102.54651418357946,-1.1945327507647887,0.17750560446719327,-1.0170271462975955,2.1553150662364508E18,2.0351675217808944E17,2.4951694501373693E-20,200.0,13.3322
0.37076418867504335,2.2764455135231875E15,1.985331889604092,102.53248377890603,-1.1932421685565153,0.17743840700055902,-1.0158037615559563,2.135654850724549E18,2.007930080382451E17,2.524169613613948E-20,200.0,13.3322
0.37092732932597416,2.250065537436392E15,1.9826624905467622,102.5188364136946,-1.1945657207419387,0.17752789676365036,-1.0170378239782882,2.121175738931603E18,1.9858173100895862E17,2.5549621351322933E-20,200.0,13.3322
0.371090469976905,2.2236399800960248E15,1.9799654175631627,102.50502347789649,-1.1950124843523051,0.1775647008494991,-1.017447783502806,2.1049400259316536E18,1.961958486970508E17,2.5857721819366418E-20,200.0,13.3322
0.3712536106278358,2.1971776756163738E15,1.9772407934117011,102.49104497151168,-1.1945780914998283,0.17754818650334267,-1.0170299049964857,2.0869781426000474E18,1.9364015178192947E17,2.6165822287409903E-20,200.0,13.3322
0.37141675127876667,2.1706873709845572E15,1.9744887419869717,102.4769008945402,-1.1932573629628123,0.17747766433732548,-1.0157796986254866,2.0673201411981235E18,1.909194495028551E17,2.6473726073888012E-20,200.0,13.3322
0.37157357107226346,2.1451880817729422E15,1.971816119450211,102.46314084692155,-1.1946092045967072,0.1775681160697943,-1.0170410885269128,2.052793255280091E18,1.886987163060269E17,2.6801097406450475E-20,200.0,13.3322
0.3717303908657603,2.1196444424602892E15,1.9691154434625993,102.44921158736305,-1.1950647757982276,0.1776044998473424,-1.017460275950885,2.0365235791777738E18,1.8630713214787027E17,2.712866542056948E-20,200.0,13.3322
0.3718872106592572,2.0940652189010132E15,1.9663868392611077,102.43511311586471,-1.194619008551616,0.177586124621165,-1.017032883930451,2.0185415043576033E18,1.8374954523088426E17,2.7456233434688476E-20,200.0,13.3322
0.37204403045275397,2.0684590890851238E15,1.9636304332568741,102.4208454324265,-1.1932659138853494,0.17751223533394644,-1.015753678551403,1.9988769757408896E18,1.810308224015904E17,2.778358004198312E-20,200.0,13.3322
0.3721947742893885,2.0438108298275682E15,1.9609532398242009,102.40696285080458,-1.1946485557967739,0.1776039326681296,-1.0170446231286443,1.9842947217930944E18,1.787993092506792E17,2.813211757433202E-20,200.0,13.3322
0.3723455181260231,2.0191193710478652E15,1.9582475806703639,102.39290709085107,-1.1951138622735649,0.1776400676524988,-1.0174737946210661,1.9679829023463283E18,1.764007576990551E17,2.8480876513496455E-20,200.0,13.3322
0.3724962619626576,1.994393423630681E15,1.955513583755809,102.37867815256601,-1.194655990114856,0.17761988447945593,-1.0170361056354,1.949971918768175E18,1.7384008737315037E17,2.8829635452660885E-20,200.0,13.3322
0.3726470057992922,1.969641609666447E15,1.9527513782566122,102.36427603594937,-1.1932680499069028,0.17754255492247634,-1.0157254949844263,1.9302916528889073E18,1.711222373081748E17,2.9178144352898504E-20,200.0,13.3322
0.37279190909100435,1.9458156153785365E15,1.950068191552721,102.3502601791265,-1.1946842448445472,0.17763578795681748,-1.0170484568877296,1.9156458666590418E18,1.688785161760232E17,2.9549773960445166E-20,200.0,13.3322
0.3729368123827166,1.9219474960056965E15,1.9473560907342367,102.33606681783141,-1.195160289532057,0.17767184027504446,-1.0174884492570127,1.8992831644678712E18,1.6647164410858618E17,2.9921653606936314E-20,200.0,13.3322
0.3730817156744287,1.8980459213183278E15,1.9446152067567575,102.3216959520641,-1.1946894798006213,0.17764988396544368,-1.0170395958351777,1.8812340135492728E18,1.6390662798696848E17,3.0293533253427457E-20,200.0,13.3322
0.3732266189661409,1.8741194711495082E15,1.941845671837237,102.3071475818246,-1.1932639103921936,0.17756899709734825,-1.0156949132948454,1.8615282656274929E18,1.6118849422031232E17,3.0665127529038314E-20,200.0,13.3322
0.373365908003874,1.8510878545001372E15,1.9391549838202813,102.29298671789626,-1.194716704871918,0.17766408182540624,-1.0170526230465118,1.8482547782905032E18,1.5928544203936435E17,3.106201544414699E-20,200.0,13.3322
0.373505197041607,1.828015111746466E15,1.9364348946742402,102.27864362156286,-1.1952046057194277,0.17770024113259003,-1.0175043645868376,1.8351379387067471E18,1.5767990999941354E17,3.145918873012712E-20,200.0,13.3322
0.37364448607934003,1.8049098862071045E15,1.9336855386469303,102.2641182928244,-1.1947199382485434,0.17767655465023013,-1.0170433835983133,1.8203785715475407E18,1.5592809791424883E17,3.185636201610725E-20,200.0,13.3322
0.3737837751170731,1.7817807298836825E15,1.930907051297675,102.2494107316809,-1.193253685174485,0.17759201942537217,-1.0156616657491129,1.803998143410778E18,1.5403306882298323E17,3.225321280472379E-20,200.0,13.3322
0.3739176674241654,1.7595164457524315E15,1.9282072648888526,102.23509200619738,-1.194746497735782,0.1776893381450399,-1.017057159590742,1.7924922053457032E18,1.5256829432577475E17,3.267781118032749E-20,200.0,13.3322
0.37405155973125764,1.7372119608914608E15,1.9254775484236493,102.22058587090024,-1.1952474926530263,0.17772580939335417,-1.017521683259672,1.7793226243285097E18,1.509557167616889E17,3.3102732053285944E-20,200.0,13.3322
0.3741854520383499,1.7148759077417202E15,1.922718039769781,102.20589232578948,-1.1947479354398178,0.1777004332464529,-1.017047502193365,1.7645116669149379E18,1.4919848052574298E17,3.35276529262444E-20,200.0,13.3322
0.3743193443454422,1.6925168257827572E15,1.9199288781617845,102.19101137086508,-1.1932375465552971,0.17761210414634154,-1.0156254424089557,1.748080515395477E18,1.472996812987077E17,3.395220574947522E-20,200.0,13.3322
0.37444804901732626,1.6709936605347672E15,1.9172182931396227,102.17652067074823,-1.1947740862932539,0.17771197524693283,-1.0170621110463212,1.7365133437287183E18,1.4582521544372058E17,3.440727453151652E-20,200.0,13.3322
0.3745767536892104,1.6494311551534032E15,1.9144772002002624,102.16183688449155,-1.1952894887293126,0.17774891638365453,-1.017540572345658,1.7232827025879416E18,1.4420452092963965E17,3.486271136327663E-20,200.0,13.3322
0.37470545836109453,1.627837947561969E15,1.9117057412086067,102.14696001209504,-1.1947738173212838,0.17772182675982018,-1.0170519905614637,1.7084107343494216E18,1.4244079088784424E17,3.531814819503673E-20,200.0,13.3322
0.3748341630329786,1.6062225807796305E15,1.908904059458033,102.13189005355872,-1.1932153689674871,0.17762948509863252,-1.0155858838688545,1.6919183527443988E18,1.405371640841428E17,3.577316328092686E-20,200.0,13.3322
0.3749578810637194,1.5854151518668308E15,1.9061808512764127,102.11721185779176,-1.1947997895728488,0.17773226092541175,-1.017067528647437,1.6802821440392678E18,1.3905184700674149E17,3.6261839398222475E-20,200.0,13.3322
0.37508159909446026,1.5645691811763628E15,1.9034265028813535,102.10233433903042,-1.1953310569596596,0.17776983325613344,-1.017561223703526,1.6669814494564137E18,1.3742187524131749E17,3.675093726137924E-20,200.0,13.3322
0.375205317125201,1.5436933296553592E15,1.900641160559952,102.08725749727472,-1.1947978809443418,0.17774098762434015,-1.0170568933200017,1.652038322912945E18,1.3565050298929371E17,3.7240035124536005E-20,200.0,13.3322
0.37532903515594185,1.5227961610669515E15,1.8978249720962692,102.07198133252466,-1.1931869469752359,0.1776443721478561,-1.0155425748273799,1.6354734295062129E18,1.3374092445655003E17,3.772864771513651E-20,200.0,13.3322
0.37544795975212253,1.5026798991792568E15,1.8950871752908454,102.05709852421428,-1.1948239069796902,0.17775043494918077,-1.0170734720305095,1.6237596821012646E18,1.3224348545462933E17,3.8254509155840345E-20,200.0,13.3322
0.3755668843483032,1.4825258338556968E15,1.8923175452682794,102.0420095237005,-1.1953726661984887,0.17778880590978544,-1.0175838602887033,1.6103791799116529E18,1.3060297552833416E17,3.878085586911811E-20,200.0,13.3322
0.3756858089444839,1.4623426680159885E15,1.8895162332181954,102.02671433098331,-1.1948204045850719,0.1777581423905403,-1.0170622621945316,1.5953539317597542E18,1.2882272450875592E17,3.930720258239588E-20,200.0,13.3322
0.37580473354066457,1.44213900473239E15,1.8866833919037322,102.01121294606273,-1.1931519760747842,0.17765694468106313,-1.015495031393721,1.578704379304276E18,1.2690599673628698E17,3.983298850114044E-20,200.0,13.3322
0.37591905042311125,1.422690136465479E15,1.8839288811025374,101.99610659150461,-1.1948467237087854,0.177766712752114,-1.0170800109566713,1.5669037962877376E18,1.2539503808910813E17,4.04001339143649E-20,200.0,13.3322
0.3760333673055579,1.4032041451399292E15,1.8811417761699076,101.98078645912149,-1.1954148009895487,0.17780605857776752,-1.0176087424117812,1.5534328706077527E18,1.2374261475174288E17,4.096784012209606E-20,200.0,13.3322
0.3761476841880046,1.3836897962692468E15,1.8783222337432706,101.96525254891337,-1.1948416520541303,0.17777349459115813,-1.017068157462972,1.5383136188480778E18,1.21952149463027E17,4.153554632982722E-20,200.0,13.3322
0.3762620010704513,1.3641557524164318E15,1.8754704121195382,101.94950486088024,-1.1931100403450534,0.177667353279763,-1.0154426870652904,1.5215662914671747E18,1.20026994302548E17,4.2102601504315954E-20,200.0,13.3322
0.37637188876426764,1.3453512840398155E15,1.872696880147588,101.93415394885893,-1.1948685156349719,0.17778128825802272,-1.0170872273769491,1.5096686661707766E18,1.1850097207092728E17,4.2715747371330165E-20,200.0,13.3322
0.376481776458084,1.3265103169964825E15,1.8698899169083607,101.9185808581543,-1.1954579723839664,0.1778217969312743,-1.0176361754526921,1.4960957214327058E18,1.1683512962656477E17,4.332954427158682E-20,200.0,13.3322
0.3765916641519004,1.3076417020023972E15,1.867049685109028,101.90278558876633,-1.1948618770939892,0.17778722740312605,-1.0170746496908631,1.4808695466271355E18,1.1503300326045963E17,4.3943341171843464E-20,200.0,13.3322
0.3767015518457167,1.2887541832131175E15,1.8641763492129548,101.88676814069504,-1.1930605964848757,0.17767572114955227,-1.0153848753353234,1.464010242779596E18,1.1309805404722478E17,4.4556378645113323E-20,200.0,13.3322
0.3768071819590808,1.2705718861238205E15,1.86138128171038,101.87114927351085,-1.1948895546155367,0.1777943364404168,-1.0170952181751198,1.4520043225283192E18,1.1155525512829267E17,4.522097850385857E-20,200.0,13.3322
0.37691281207244487,1.2523536608229645E15,1.858551859948238,101.85529889480635,-1.1955027305599173,0.1778362109853157,-1.0176665195746015,1.4383166447475318E18,1.0987433844144189E17,4.5886337789599435E-20,200.0,13.3322
0.3770184421858089,1.234108468202161E15,1.8556882534160601,101.83921700458153,-1.1948813279569415,0.17779950605406833,-1.0170818219028732,1.4229694524287473E18,1.0805897867687365E17,4.6551697075340296E-20,200.0,13.3322
0.377124072299173,1.2158451583934912E15,1.8527906334692583,101.82290360283639,-1.1930029528748889,0.17768214511244113,-1.0153208077624478,1.4059827518141614E18,1.0611277176869629E17,4.721616601843481E-20,200.0,13.3322
0.3772256097913325,1.1982635569972068E15,1.849971279309823,101.80699062842791,-1.1949101141087344,0.17780601564830503,-1.0171040984604294,1.3938560746937708E18,1.0455128629403488E17,4.7938557587161087E-20,200.0,13.3322
0.37732714728349204,1.1806465462159138E15,1.8471165508176737,101.79083573908754,-1.1955496796503686,0.1778494778415864,-1.0177002018087822,1.3800396675168937E18,1.0285346827068904E17,4.8661839498542555E-20,200.0,13.3322
0.3774286847756516,1.1630032249070392E15,1.8442266250858317,101.7744389348153,-1.194900252244076,0.17781048000294825,-1.0170897722411276,1.3645560283365747E18,1.0102316091589618E17,4.938512140992403E-20,200.0,13.3322
0.37753022226781113,1.145342576279475E15,1.8413016811977148,101.75780021561117,-1.1929362425633006,0.17768669619868865,-1.015249546364612,1.3474251407638305E18,9.906412674772373E16,5.010735396056036E-20,200.0,13.3322
0.37762782570669523,1.128340939278113E15,1.8384550178285062,101.74156378743756,-1.1949304755400314,0.17781646972135126,-1.01711400581868,1.3351638386660157E18,9.748181465158574E16,5.089494174707128E-20,200.0,13.3322
0.3777254291455794,1.1113043629232948E15,1.8355718498313929,101.72507380495918,-1.195599495732892,0.1778617642762442,-1.0177377314566478,1.3212032285498145E18,9.5765069386755E16,5.168357889432733E-20,200.0,13.3322
0.37782303258446354,1.0942421151914349E15,1.8326523628537845,101.70833026817611,-1.194918902385693,0.17782028491381077,-1.0170986174718821,1.305566192019335E18,9.391793950394506E16,5.247221604158338E-20,200.0,13.3322
0.37792063602334763,1.0771633427066735E15,1.8296967446759407,101.69133317708831,-1.1928593841256987,0.17768941279180978,-1.015169971333889,1.289360135924907E18,9.21668560908006E16,5.3259607689992915E-20,200.0,13.3322
0.37801445783319726,1.0607216791991438E15,1.8268194371590225,101.67474022507677,-1.1949509447757432,0.1778258396366159,-1.0171251051391272,1.2799597680380042E18,9.117734320026894E16,5.412109584408549E-20,200.0,13.3322
0.3781082796430469,1.04424549950492E15,1.823904370589298,101.65788064295995,-1.1956529785136878,0.17787326156707742,-1.0177797169466103,1.2688906409644518E18,9.006400021872312E16,5.498382949700692E-20,200.0,13.3322
0.3782021014528965,1.0277442759814589E15,1.8209517402688473,101.64075443073781,-1.1949375947572876,0.17782909822537685,-1.0171084965319106,1.2561651704971822E18,8.88288737044525E16,5.584656314992834E-20,200.0,13.3322
0.37829592326274614,1.0112273529601848E15,1.8179617437961386,101.62336158841042,-1.192771142642143,0.17769040838110484,-1.0150807342610384,1.2417919782219443E18,8.747380522479845E16,5.670781423915537E-20,200.0,13.3322
0.3783861099621504,9.953264066419575E14,1.815050104116733,101.60637466930352,-1.1949719477157947,0.1778343510254247,-1.01713759669037,1.232282750980256E18,8.647033082906963E16,5.765349338072476E-20,200.0,13.3322
0.3784762966615547,9.793913264603854E14,1.812099308228967,101.5891063688766,-1.1957111155102003,0.1778842199312581,-1.0178268955789422,1.2210784239835016E18,8.534254868674533E16,5.860065508590018E-20,200.0,13.3322
0.37856648336095894,9.634318292211951E14,1.8091095623811502,101.5715566871296,-1.194956698891784,0.17783712157653261,-1.0171195773152513,1.2081911215155292E18,8.409259598247576E16,5.95478167910756E-20,200.0,13.3322
0.3786566700603632,9.474574958643482E14,1.8060810753069758,101.5537256240626,-1.1926699352567511,0.17768973762077667,-1.0149801976359742,1.1936286280747779E18,8.272238211259234E16,6.049320094204881E-20,200.0,13.3322
0.37874336249107277,9.320787633204542E14,1.8031310004668533,101.53630214999055,-1.194993865362395,0.17784214057174896,-1.017151724790646,1.1839979527962028E18,8.170329496286794E16,6.153529447601143E-20,200.0,13.3322
0.37883005492178234,9.166662474475141E14,1.8001402067793917,101.51858057954816,-1.1957749627465626,0.17789479872618516,-1.0178801640203774,1.1726424352687892E18,8.055935400727146E16,6.257916556424698E-20,200.0,13.3322
0.3789167473524919,9.012299552931615E14,1.7971089129684907,101.50056091273541,-1.1949765160315005,0.17784445285484368,-1.0171320631766567,1.1595739641042706E18,7.929281339927114E16,6.362303665248252E-20,200.0,13.3322
0.37900343978320145,8.857797487847496E14,1.7940373404633494,101.48224314955232,-1.192553717304997,0.17768735214361936,-1.0148663651613776,1.1447994678784942E18,7.790567598398557E16,6.466476364408227E-20,200.0,13.3322
0.3790867733300767,8.709055079994441E14,1.7910442409275742,101.46433444470438,-1.195017091380762,0.17784930256745343,-1.0171677888133086,1.1350331137191291E18,7.68690909559989E16,6.581789749247564E-20,200.0,13.3322
0.37917010687695185,8.559978137345891E14,1.7880086684899947,101.44610861156472,-1.1958457547914199,0.1779051376663715,-1.0179406171250482,1.123508421770461E18,7.570705001792877E16,6.697317543755778E-20,200.0,13.3322
0.379253440423827,8.410670160329536E14,1.7849308561668227,101.42756565013335,-1.1949973812617884,0.17785117991776947,-1.017146201344019,1.1102371444606684E18,7.442195915150954E16,6.812845338263993E-20,200.0,13.3322
0.37933677397070226,8.261233088289254E14,1.7818110399373246,101.40870556041024,-1.1924199728311007,0.17768318431430064,-1.0147367885168,1.0952253594797619E18,7.301594884265968E16,6.928112945682881E-20,200.0,13.3322
0.3794168787731397,8.117366618552815E14,1.7787697569572674,101.3902556998733,-1.1950420838922735,0.17785592527258598,-1.0171861586196875,1.085307109452886E18,7.195969721145832E16,7.056291352596876E-20,200.0,13.3322
0.37949698357557715,7.973168871517994E14,1.7756840244608083,101.37146693062256,-1.195924978720314,0.1779153766733618,-1.018009602046952,1.0735929020475337E18,7.077735215155019E16,7.184729946601966E-20,200.0,13.3322
0.3795770883780146,7.82874738869152E14,1.772554091930354,101.35233925265807,-1.1950196789541019,0.1778573845329845,-1.0171622944211174,1.060094506403082E18,6.947151709489383E16,7.313168540607055E-20,200.0,13.3322
0.37965719318045205,7.684208019146394E14,1.7693802121155684,101.3328726659798,-1.1922655871196317,0.17767714315386074,-1.014588443965771,1.0448171960071777E18,6.804449626336458E16,7.441289531353335E-20,200.0,13.3322
0.37973419433561884,7.545057436878854E14,1.766284917786362,101.31381704775858,-1.1950693857941348,0.17786209162697417,-1.0172072941671606,1.0347284148160276E18,6.6966062922807464E16,7.584466719995964E-20,200.0,13.3322
0.3798111954907857,7.405579043084699E14,1.7631429371898406,101.29439746252979,-1.1960144424099095,0.1779256556701226,-1.018088786739787,1.0228015430170757E18,6.576089518821507E16,7.727961511890337E-20,200.0,13.3322
0.3798881966459524,7.265885131610026E14,1.7599545388956637,101.27461391029343,-1.1950438578630496,0.1778631428963407,-1.017180714966709,1.0090485990256879E18,6.443185424143222E16,7.87145630378471E-20,200.0,13.3322
0.37996519780111926,7.126086145630628E14,1.7567199951028665,101.25446639104949,-1.19208669446005,0.17766911952987713,-1.0144175749301727,9.93474168886132E17,6.298148080280795E16,8.01456126708886E-20,200.0,13.3322
0.3800392155593136,6.991501393882235E14,1.7535640710322833,101.2347299757555,-1.1950996504926255,0.1778678793147539,-1.0172317711778716,9.831932388705089E17,6.187792322762311E16,8.175338568402322E-20,200.0,13.3322
0.38011323331750796,6.856592880760961E14,1.7503589182967254,101.21460060707301,-1.1961163601863858,0.1779361120830156,-1.0181802481033702,9.710271822252753E17,6.064703550448965E16,8.336505698311309E-20,200.0,13.3322
0.3801872510757023,6.721478482878336E14,1.7471048277387626,101.19407828500204,-1.195070449225278,0.17786852549646448,-1.0172019237288135,9.569886184942135E17,5.9292017052911176E16,8.497672828220295E-20,200.0,13.3322
0.38026126883389666,6.586274033873179E14,1.7438020942650327,101.17316300954256,-1.191878487250157,0.17765899737344457,-1.0142194898767127,9.41081678611688E17,5.7815731382403544E16,8.65835920402187E-20,200.0,13.3322
0.38033241878633894,6.456116660977708E14,1.7405779837807864,101.15265814938773,-1.1951336740074578,0.17787335975292107,-1.017260314254537,9.305832522746806E17,5.6683573920203736E16,8.839925828582313E-20,200.0,13.3322
0.38040356873878123,6.32564072994372E14,1.7373017413235594,101.13172662358026,-1.1962334588503132,0.17794687431446526,-1.018286584535848,9.181474079089774E17,5.5423609070576824E16,9.021973207246632E-20,200.0,13.3322
0.3804747186912235,6.194970670626775E14,1.7339736839126625,101.11036843212017,-1.1951000885558922,0.17787359590133034,-1.017226492654562,9.037878972871666E17,5.403948295201969E16,9.204020585910951E-20,200.0,13.3322
0.3805458686436658,6.064228633919558E14,1.730594133158109,101.08858357500743,-1.191634981192931,0.17764667301882445,-1.0139883081741066,8.875088155170176E17,5.253450151588299E16,9.38547291860036E-20,200.0,13.3322
0.38061426190301373,5.938374202908038E14,1.7272931606748045,101.0672073432399,-1.1951724348032595,0.1778785958749108,-1.0172938389283488,8.767902489348056E17,5.137416400763597E16,9.591757175167992E-20,200.0,13.3322
0.3806826551623617,5.812208426841029E14,1.7239367255547935,101.04536503306508,-1.1963691105289798,0.17795805486445215,-1.0184110556645276,8.670656525514294E17,5.058338977442961E16,9.798636477715834E-20,200.0,13.3322
0.38075104842170965,5.685863420429832E14,1.7205251758140085,101.023056644483,-1.1951335529480192,0.17787842053295597,-1.0172551324150632,8.554047262196044E17,4.967599090552245E16,1.0005515780263676E-19,200.0,13.3322
0.38081944168105764,5.559468726716565E14,1.7170588647031773,101.00028217749367,-1.1913487745605449,0.17763212446910898,-1.0137166500914359,8.41792185546956E17,4.865254200183999E16,1.0211657823180951E-19,200.0,13.3322
0.3808851850549274,5.4378103649409494E14,1.7136710203872443,100.97791310218692,-1.1952171828811489,0.17788367925741724,-1.0173335036237316,8.338341522556746E17,4.796124499462497E16,1.0447513610809343E-19,200.0,13.3322
0.3809509284287973,5.315851174417832E14,1.7102238754147887,100.95503165816463,-1.196527517265518,0.17796976731845476,-1.0185577499470633,8.238578266028518E17,4.714873672036998E16,1.0684106658062999E-19,200.0,13.3322
0.3810166718026672,5.193732264246346E14,1.7067178147948499,100.93163784542686,-1.195171822889438,0.17788309898047663,-1.0172887239089612,8.118603249496655E17,4.621643873047987E16,1.0920699705316655E-19,200.0,13.3322
0.38108241517653696,5.071591804627122E14,1.7031532295668066,100.90773166397358,-1.191010745048223,0.1776154861502931,-1.01339525889793,7.978242006609373E17,4.516509585873908E16,1.115638109764407E-19,200.0,13.3322
0.38114561133430164,4.9540454518595694E14,1.6996669045667299,100.88422579831037,-1.1952694475727117,0.1778886722040589,-1.0173807753686528,7.896743142044371E17,4.445259137346316E16,1.1427806027012664E-19,200.0,13.3322
0.3812088074920663,4.8362140456668544E14,1.6961168344426474,100.86015300805074,-1.196713798376263,0.1779820073156922,-1.0187317910605709,7.794111630394057E17,4.361524990663775E16,1.1700142611312802E-19,200.0,13.3322
0.38127200364983094,4.7182491798544E14,1.6925034487342068,100.8355132931947,-1.1952160080786463,0.17788765274651205,-1.0173283553321342,7.670325053369391E17,4.265484725973031E16,1.197247919561294E-19,200.0,13.3322
0.3813351998075956,4.600299043092625E14,1.6888271840042313,100.81030665374222,-1.190609658965652,0.17759704926395847,-1.0130126097016936,7.525194912675305E17,4.1572430592912824E16,1.2243696321576606E-19,200.0,13.3322
0.3813959474407201,4.486811132840723E14,1.6852288454996862,100.78549297843347,-1.1953310492723146,0.17789355481863348,-1.017437494453681,7.441468603703832E17,4.0835157880829256E16,1.255807468655584E-19,200.0,13.3322
0.38145669507384455,4.3730620832963506E14,1.6815615959630634,100.76004797611843,-1.196934114205469,0.17799459688357988,-1.0189395173218891,7.335550619684852E17,3.996928347131464E16,1.2873572509873314E-19,200.0,13.3322
0.381517442706969,4.2592156198285006E14,1.6778259189852798,100.7339716467971,-1.1952673983687812,0.17789205160918295,-1.0173753467595983,7.20744003262825E17,3.8977115725021896E16,1.3189070333190786E-19,200.0,13.3322
0.3815781903400935,4.1454314637296956E14,1.6740223064318014,100.70726399046949,-1.190132051302623,0.1775774714136114,-1.0125545798890117,7.056949791674162E17,3.786020919209962E16,1.35032132615848E-19,200.0,13.3322
0.3816365843162586,4.035989878570369E14,1.6702961229468274,100.68093926811906,-1.1954041825193067,0.1778982455314205,-1.0175059369878863,6.970601395164201E17,3.7093687069398104E16,1.3869547717657478E-19,200.0,13.3322
0.3816949782924236,3.926323363824232E14,1.6664950106132619,100.65390728797948,-1.1971957526710304,0.17800712795299684,-1.0191886247180335,6.86089377547832E17,3.6194827317639416E16,1.423723706865892E-19,200.0,13.3322
0.3817533722685886,3.816609500330026E14,1.662619519143222,100.62616805005078,-1.1953274660913376,0.17789620719104987,-1.0174312589002876,6.727872452164113E17,3.5166732929261944E16,1.4604926419660363E-19,200.0,13.3322
0.38181176624475366,3.7070210871705475E14,1.6586702081141127,100.59772155433295,-1.1895622678525906,0.17755795301336202,-1.0120043148392286,6.571379981747807E17,3.4011777782938336E16,1.4971016851748885E-19,200.0,13.3322
0.38186789775600727,3.601670393023344E14,1.65479763116313,100.56964505497407,-1.1954914229645643,0.1779025777010362,-1.0175888452635282,6.481894501755802E17,3.321029030639558E16,1.5400077731021374E-19,200.0,13.3322
0.381924029267261,3.4961490374627425E14,1.650843118547851,100.540772268467,-1.1975070215449284,0.17801887228403565,-1.0194881492608927,6.367786871442255E17,3.227305352934002E16,1.5830737529199717E-19,200.0,13.3322
0.3819801607785146,3.39065008369071E14,1.6468073013897213,100.5111031948117,-1.1953978066721074,0.1778999524314407,-1.0174978542406667,6.229188964419089E17,3.120434508438919E16,1.626139732737806E-19,200.0,13.3322
0.38203629228976826,3.285360795216555E14,1.64269082270964,100.48063783400818,-1.1888829461212735,0.17754039033276536,-1.011342555788508,6.066020293481734E17,3.0007819504289224E16,1.6690246010828855E-19,200.0,13.3322
0.38209024899493793,3.184222408672324E14,1.63865016438157,100.45052683007519,-1.19559567126286,0.17790628148063112,-1.0176893897822288,5.972714542197937E17,2.9164004871064252E16,1.719451164259413E-19,200.0,13.3322
0.38214420570010754,3.0829931599289594E14,1.6345194550736861,100.41951634835407,-1.197876867230821,0.1780287204041322,-1.019848146826689,5.853462945848696E17,2.8181845845333388E16,1.7700588389081653E-19,200.0,13.3322
0.3821981624052772,2.9818828064894506E14,1.630299426502771,100.38760638884482,-1.1954800068650395,0.1779030298663011,-1.0175769769987384,5.708545126751627E17,2.7067332984598176E16,1.8206665135569175E-19,200.0,13.3322
0.3822521191104469,2.881093969450267E14,1.625990824888803,100.35479695154744,-1.1880761313971426,0.17752739939242604,-1.0105487320047166,5.566989991609288E17,2.6204748429045372E16,1.8710818443515087E-19,200.0,13.3322
0.38230398527203313,2.784390691861907E14,1.6217569332811161,100.32232458645097,-1.195720015941563,0.17790899758811848,-1.0178110183534446,5.5019548063612794E17,2.5740694390830176E16,1.9304019543725056E-19,200.0,13.3322
0.3823558514336194,2.687710542085725E14,1.6174237230697284,100.28883545631398,-1.1983141490145204,0.17803523699780616,-1.0202789120167142,5.4104493827643386E17,2.5147642719712544E16,1.9899144082478402E-19,200.0,13.3322
0.3824077175952057,2.5912802675262103E14,1.6129920500328818,100.2543295611365,-1.1955754492394695,0.17790513064566638,-1.0176703185938032,5.2925333031743E17,2.4428044224285184E16,2.0494268621231748E-19,200.0,13.3322
0.38245958375679195,2.4953177319356988E14,1.6084627877563034,100.21880690091851,-1.1871250618002551,0.17752210969296,-1.0096029521072951,5.148012849745575E17,2.3583463465110052E16,2.1087550705494802E-19,200.0,13.3322
0.38250944037255896,2.4033993343119378E14,1.6040070575748309,100.18360485051159,-1.195867542166239,0.1779103533724159,-1.0179571887938232,5.079775332005238E17,2.3091260346478584E16,2.178360454936163E-19,200.0,13.3322
0.3825592969883259,2.3116603945560003E14,1.5994417352914905,100.14725664780738,-1.1988266356465551,0.17803687313503153,-1.0207897625115236,4.9833153260566496E17,2.246445053376785E16,2.2481500847722283E-19,200.0,13.3322
0.38260915360409287,2.2203433599576075E14,1.5947678278687407,100.10976229280595,-1.1956850125859477,0.17790592573146863,-1.0177790868544792,4.858925847999202E17,2.170720046538285E16,2.317939714608294E-19,200.0,13.3322
0.3826590102198599,2.1296795463376703E14,1.5899863641612124,100.07112178550727,-1.1860160487713687,0.17752747010038522,-1.0084885786709834,4.7066626736779584E17,2.082299028464949E16,2.3875822265188136E-19,200.0,13.3322
0.38270693514932663,2.0430415571571725E14,1.585277539669316,100.03279070572651,-1.1960410444710896,0.17791000090591622,-1.0181310435651734,4.6342511144247904E17,2.0295193041537628E16,2.46870186317308E-19,200.0,13.3322
0.38275486007879345,1.956786016530416E14,1.5804484307987205,99.99317669571894,-1.1994200119723637,0.17803233159873505,-1.0213876803736286,4.531957027646271E17,1.962870503587073E16,2.549968617753776E-19,200.0,13.3322
0.3828027850082602,1.8711675036748366E14,1.575500222930093,99.95227975548454,-1.1958088018461246,0.17790513512321754,-1.017903666722907,4.4004360206911725E17,1.8830164041968252E16,2.6312353723344717E-19,200.0,13.3322
0.38285070993772696,1.7864266613687706E14,1.5704341280791456,99.91009988502329,-1.1847395213138692,0.17754528210476317,-1.007194239209106,4.240135003615917E17,1.7905806605153444E16,2.7124271207337427E-19,200.0,13.3322
0.38289677802375854,1.7057091635763306E14,1.5654409066766783,99.86823027810102,-1.1962430152690051,0.1779077865438703,-1.0183352287251348,4.1623138363006803E17,1.7333226490325134E16,2.8058813595033297E-19,200.0,13.3322
0.3829428461097901,1.625619658692879E14,1.5603178286759716,99.8249413645328,-1.2000978067252601,0.1780211436401631,-1.022076663085097,4.053246850591385E17,1.6620760521802962E16,2.8994106044546943E-19,200.0,13.3322
0.38298891419582165,1.546418624629008E14,1.5550662743759398,99.78023314431861,-1.1959461793869162,0.17790268673107987,-1.0180434926558364,3.914108122997032E17,1.577839839903784E16,2.9929398494060585E-19,200.0,13.3322
0.38303498228185323,1.468349263073617E14,1.5496876554295673,99.73410561745847,-1.1832883817778148,0.17757508329423288,-1.005713298483582,3.7458936101271846E17,1.481605461808156E16,3.0864984568976296E-19,200.0,13.3322
0.3830792654675401,1.3942999656829697E14,1.5443851218518934,99.68830983900284,-1.196476067100907,0.17790392063655608,-1.018572146464351,3.6612539561958496E17,1.4188344443649254E16,3.192435508142041E-19,200.0,13.3322
0.38312354865322706,1.3211500802779512E14,1.538947835507512,99.640969179714,-1.200863150745115,0.17800425830549668,-1.0228588924396185,3.544604062395709E17,1.3424404963985916E16,3.2983431968469516E-19,200.0,13.3322
0.38316783183891406,1.2491574603024372E14,1.5333773492107794,99.59208363959192,-1.196096238578461,0.17789885012694637,-1.0181973884515148,3.42673858839254E17,1.2823654963553172E16,3.4042508855518624E-19,200.0,13.3322
0.38321211502460095,1.1785589447428881E14,1.527675249857999,99.5416532186366,-1.18165176971284,0.17761270526362052,-1.0040390644492194,3.2889300594040704E17,1.21993066770785E16,3.5103103337787864E-19,200.0,13.3322
0.38325468246561084,1.1119501203338322E14,1.5220593929130768,99.49160586565881,-1.1967440612191405,0.177899217768307,-1.0188448434508335,3.2347563385651206E17,1.188682837004143E16,3.62800441768368E-19,200.0,13.3322
0.38329724990662073,1.0465079758614712E14,1.5163164588280844,99.43991034855802,-1.201723234728866,0.17798491782756568,-1.0237383169013003,3.149448651627992E17,1.1455405373959046E16,3.745546742066913E-19,200.0,13.3322
0.38333981734763056,9.824784148370102E13,1.5104480438301788,99.38656666733426,-1.1962589198517846,0.17789446231507347,-1.018364457536711,3.034662591166925E17,1.0914164890353032E16,3.863089066450146E-19,200.0,13.3322
0.38338238478864045,9.200824169204373E13,1.5044557746460352,99.33157482198752,-1.1798030806128041,0.17764709193921624,-1.0021559886735878,2.891743039976563E17,1.0271423881854478E16,3.980899294504329E-19,200.0,13.3322
0.38342330296121585,8.615872214585116E13,1.4985753961549535,99.27705482732334,-1.1970541135852708,0.17789570092621046,-1.0191584126590603,2.833288950472816E17,9.931137211779466E15,4.108691421325225E-19,200.0,13.3322
0.3834642211337912,8.044834735956989E13,1.4926057590019768,99.2208159843349,-1.2026967738223169,0.17797100433802623,-1.0247257694842906,2.7438962814497645E17,9.47768343689459E15,4.236215644474817E-19,200.0,13.3322
0.38350513930636654,7.489974936682039E13,1.4865481147224697,99.16285829302227,-1.1964366712909775,0.17789147457787893,-1.0185451967130985,2.6258938898927136E17,8.923351657291807E15,4.363739867624409E-19,200.0,13.3322
0.38354605747894194,6.953267890146922E13,1.4804037296321806,99.10318175338539,-1.177682783308625,0.17765050005136362,-1.0000322832572612,2.481177184134164E17,8.279278019297002E15,4.491611775054663E-19,200.0,13.3322
0.3835853902837145,6.453822460276801E13,1.4744314087501136,99.04410720110624,-1.1974192501662664,0.177898397138128,-1.0195208530281383,2.4204152436927882E17,7.919732434321272E15,4.6270334746285725E-19,200.0,13.3322
0.38362472308848716,5.969751575873534E13,1.4684784274674403,98.9832825790473,-1.2038235392117773,0.1779824118580717,-1.0258411273537056,2.3308031068419158E17,7.46275177075087E15,4.762107489920756E-19,200.0,13.3322
0.3836640558932598,5.503091020731266E13,1.4625447461689751,98.92070788720858,-1.1966364476539115,0.17789480366068147,-1.01874164399323,2.2152729937890707E17,6.923449247777281E15,4.897181505212941E-19,200.0,13.3322
0.38370338869803244,5.055549019780128E13,1.45663032521248,98.85638312559006,-1.1751816843274765,0.17755033396369235,-0.9976313503637841,2.0760859558043072E17,6.315016501062788E15,5.032611917505742E-19,200.0,13.3322
0.3837411975598145,4.6425405155046586E13,1.4510278351719705,98.79283068786229,-1.1978605531740316,0.17792054098670085,-1.0199400121873308,2.020109460900679E17,5.969273333919905E15,5.172665166582063E-19,200.0,13.3322
0.3837790064215967,4.245356209118111E13,1.445724817866128,98.72753841193466,-1.205171860359534,0.17807195652215235,-1.0270999038373816,1.970083110938662E17,5.76952332063358E15,5.312362018656706E-19,200.0,13.3322
0.38381681528337885,3.865837777465458E13,1.4407181432658667,98.66050629780712,-1.1968712344618901,0.17791754955561914,-1.018953684906271,1.8991121898952186E17,5.515983116670549E15,5.452058870731349E-19,200.0,13.3322
0.3838546241451609,3.5054531903546582E13,1.4360048631189943,98.59173434547971,-1.172151668628517,0.17715472783588654,-0.9949969407926305,1.8069668029510832E17,5.204942211139952E15,5.591999287142986E-19,200.0,13.3322
0.3838909681088707,3.175982861934791E13,1.4319409830785703,98.52393930985394,-1.1984015836059718,0.17799686794981048,-1.0204047156561613,1.8007808567473373E17,5.14774117401065E15,5.733506862478993E-19,200.0,13.3322
0.38392731207258046,2.8617781027798777E13,1.4289052156594029,98.45445308399351,-1.2068228130132514,0.178379648045168,-1.0284431649680834,1.7783403003586774E17,5.053198789057545E15,5.874770873478008E-19,200.0,13.3322
0.38396365603629024,2.564587908679294E13,1.4268910630649339,98.3832756678984,-1.197157622640237,0.17799428720803623,-1.0191633354322007,1.7409999837638714E17,4.926696810937608E15,6.016034884477022E-19,200.0,13.3322
0.384,2.2857201265103055E13,1.4258942192443897,98.3104070615686,-1.172061090709754,0.1768511748336076,-0.9952099158761464,1.6933106589915034E17,4.781730021526356E15,6.15729889547639E-19,200.0,13.3322
