x,electron_density,mean_electron_energy,electric_potential,electron_current_density,ion_current_density,total_current_density,excitation_source,ionization_source,E_over_N,reduced_mobility,excitation_townsend,ionization_townsend,applied_voltage,gas_pressure
0.016,4.36104426413834E11,6.826925209239602,0.0,-0.19087653267101387,-0.681506385225465,-0.8723829178964789,2.420753039079022E19,3.476463659690462E18,4.6312476787831396E-18,8.159931362264687E23,6.1685019074836766E-21,8.85863711411756E-22,200.0,13.3322
0.016036343963709777,4.436305529010504E11,7.233516504712928,0.5538653916563172,-0.18907090836525856,-0.6830249901849277,-0.8720958985501862,2.957388881517647E19,6.94380710494014E18,4.621554894770818E-18,7.853940186512693E23,7.607911990901104E-21,1.7863012086888155E-21,200.0,13.3322
0.016072687927419553,4.508159947557398E11,7.640778780159772,1.1065703786524144,-0.1884903448221598,-0.683487448623112,-0.8719777934452717,3.483103227641858E19,1.1145510961601081E19,4.611862110758496E-18,7.605381727145644E23,8.987915726684065E-21,2.8760248177176403E-21,200.0,13.3322
0.016109031891129333,4.57640127709926E11,8.046177199122113,1.6581149609882915,-0.18914320604514417,-0.6828915994428311,-0.8720348054879752,3.992125746015613E19,1.608777755635386E19,4.602169326746175E-18,7.412616407757208E23,1.026585725500614E-20,4.1370146746668705E-21,200.0,13.3322
0.01614537585483911,4.64083143427708E11,8.447056071299388,2.208499138663948,-0.19032848490366594,-0.6813281028664055,-0.8716565877700715,4.477361445137784E19,2.1420290719516393E19,4.592484426002949E-18,7.255229400623106E23,1.1441951951377494E-20,5.473981500050675E-21,200.0,13.3322
0.01618318471662123,4.70562849756854E11,8.859164985174026,2.7798331845241484,-0.18929137111121613,-0.6826152108645478,-0.8719065819757639,4.8898591001793675E19,2.664279640018244E19,4.582334142382451E-18,7.111456831940556E23,1.2564559958931421E-20,6.845903041079757E-21,200.0,13.3322
0.01622099357840335,4.769063187756819E11,9.266553449360597,3.3499020933012367,-0.1896332005261901,-0.6828860893134091,-0.8725192898395993,5.248961037282367E19,3.195469059314984E19,4.5721759754928585E-18,7.013401331540116E23,1.346296538194183E-20,8.196000888377251E-21,200.0,13.3322
0.016258802440185467,4.831056451014962E11,9.666777293265858,3.918705864995212,-0.189956275357049,-0.6822275243051145,-0.8721837996621635,5.602601382567607E19,3.718915042059142E19,4.562017808603267E-18,6.917070304188429E23,1.4345570814819008E-20,9.522354964633477E-21,200.0,13.3322
0.01629661130196759,4.891530255152499E11,10.057342131103066,4.486244499606076,-0.1905626217778597,-0.6807167409925748,-0.8712793627704345,5.9579376355966435E19,4.237899963244903E19,4.551866828324013E-18,6.823064130770112E23,1.520687543975663E-20,1.0816698798956248E-20,200.0,13.3322
0.016335944106740195,4.9527941536501605E11,10.456983110977362,5.075312931496701,-0.19006473095104517,-0.6816844589752964,-0.8717491899263415,6.276101875082959E19,4.737983875057055E19,4.54123064822413E-18,6.730628510277395E23,1.6060912063505343E-20,1.2124778069283936E-20,200.0,13.3322
0.016375276911512804,5.013671616870734E11,10.849160546196531,5.663002368738022,-0.19059015736792806,-0.6817646072572184,-0.8723547646251465,6.4959948644508254E19,5.17868648055293E19,4.5305872815139054E-18,6.684126613499229E23,1.6577802416667256E-20,1.321602665086625E-20,200.0,13.3322
0.016414609716285413,5.074129711272257E11,11.231878899147851,6.249312811330039,-0.1911384305243101,-0.6810314339926558,-0.8721698645169659,6.712908321994168E19,5.6120755730431566E19,4.519943914803681E-18,6.638746314313719E23,1.708222568749618E-20,1.428095497742907E-20,200.0,13.3322
0.01645394252105802,5.134135393566025E11,11.603132072856898,6.8342442592727535,-0.19163658648529858,-0.6795511498625346,-0.8711877363478331,6.92319307617861E19,6.033714764379667E19,4.509307261900934E-18,6.59472548289404E23,1.757153783765522E-20,1.5313981008086654E-20,200.0,13.3322
0.016494860693633415,5.1964153952742206E11,11.979660710798766,7.441285381908479,-0.19190198397635147,-0.6802384381712419,-0.8721404221475934,7.12858049190932E19,6.455438817030936E19,4.49816463574539E-18,6.550079120601903E23,1.8067803056312125E-20,1.63616862179735E-20,200.0,13.3322
0.01653577886620881,5.2584792555303217E11,12.348823270222756,8.046823729319364,-0.1922648224094045,-0.6801456281379548,-0.8724104505473593,7.334390847214163E19,6.873691905340707E19,4.487015295782377E-18,6.506306180878576E23,1.855435977421249E-20,1.7388895035124318E-20,200.0,13.3322
0.016576697038784206,5.3203013244716876E11,12.709205651193972,8.650859301505406,-0.19264876207875103,-0.6793365978319365,-0.8719853599106875,7.537169629964352E19,7.2845997851789025E19,4.475865955819365E-18,6.463574338667338E23,1.9029344205862515E-20,1.839167267285944E-20,200.0,13.3322
0.016617615211359602,5.38185578309236E11,13.059393674190934,9.253392098466605,-0.19342649224593067,-0.6778683836407133,-0.8712948758866441,7.67839226975078E19,7.62573846215314E19,4.464722985758126E-18,6.439276667370946E23,1.9307946832561066E-20,1.9175544516827317E-20,200.0,13.3322
0.016660182652369453,5.446268573662826E11,13.413372757774559,9.878612297590674,-0.19381169630302478,-0.6783023934171194,-0.8721140897201441,7.790289243588579E19,7.94039799432303E19,4.453051881281208E-18,6.418404857317533E23,1.955038683652104E-20,1.992709738636624E-20,200.0,13.3322
0.0167027500933793,5.511036093852496E11,13.759002580771217,10.50219509551318,-0.19436205104612228,-0.6780527585993421,-0.8724148096454644,7.907005707661463E19,8.25618560324355E19,4.441374406902509E-18,6.398025348050068E23,1.9787108438282575E-20,2.0660923471912342E-20,200.0,13.3322
0.016745317534389147,5.576152722180366E11,14.095156062499763,11.124140492234126,-0.19493614620777425,-0.6771746513628806,-0.8721107975706548,8.022634013371787E19,8.566614478169026E19,4.4296969325238106E-18,6.37820459607681E23,2.0017339701148073E-20,2.1374629805181906E-20,200.0,13.3322
0.016787884975398997,5.64161269097464E11,14.420715328973813,11.744448487753509,-0.19555011225428393,-0.6757172393976698,-0.8712673516519538,8.137548344367215E19,8.871495524678972E19,4.418025481574334E-18,6.359008515048001E23,2.0240314994078143E-20,2.2065842965141842E-20,200.0,13.3322
0.016832168161085948,5.710060614068832E11,14.750392857970745,12.388017014972412,-0.19617920140787712,-0.6759267883697664,-0.8721059897776435,8.254799517482608E19,9.182355876753115E19,4.40580186449804E-18,6.339569607261583E23,2.0466110881864405E-20,2.2765799839519172E-20,200.0,13.3322
0.016876451346772903,5.778898407641804E11,15.072326907572515,13.029801598320446,-0.19681493850693696,-0.6755314448673377,-0.8723463833742747,8.37077154708203E19,9.488694952110257E19,4.3935722239925305E-18,6.320587281342807E23,2.0686603266527763E-20,2.3449316097968764E-20,200.0,13.3322
0.016920734532459854,5.8481202128511E11,15.385689262618833,13.66980223779761,-0.1974721539740005,-0.674578909887125,-0.8720510638611255,8.4858596949256E19,9.79049772465374E19,4.381342583487021E-18,6.302110371672882E23,2.090122490413757E-20,2.4114633310376592E-20,200.0,13.3322
0.016965017718146805,5.917720012098964E11,15.689660382770063,14.308018933403904,-0.19829502276167366,-0.6731119248435025,-0.8714069476051762,8.561277647887584E19,1.0023270845437654E20,4.369118799487532E-18,6.29140134121877E23,2.0999479155827147E-20,2.4585520508602215E-20,200.0,13.3322
0.017011085804178365,5.99083262210746E11,15.99671895648988,14.97006199488237,-0.198974463353299,-0.6731167031270977,-0.8720911664803968,8.615362871036374E19,1.0227044513846782E20,4.356317142159601E-18,6.283126364717937E23,2.1059981585848705E-20,2.4999686300312417E-20,200.0,13.3322
0.017057153890209925,6.064671733330944E11,16.29574678237993,15.630161515652015,-0.19973488892771318,-0.6725902990258963,-0.8723251879536095,8.67248395694685E19,1.0431758611803518E20,4.34350962832566E-18,6.275067810278768E23,2.1118901647553018E-20,2.5403020083677604E-20,200.0,13.3322
0.017103221976241482,6.139241968689211E11,16.586074098966176,16.28831749571285,-0.20051475079666486,-0.6715742425546478,-0.8720889933513127,8.729928812177788E19,1.0633927144954533E20,4.330702114491719E-18,6.267243727423186E23,2.1176107371992858E-20,2.5794618473106587E-20,200.0,13.3322
0.017149290062273042,6.214547943681426E11,16.867041593295394,16.944529935064867,-0.20131493146493906,-0.670105644190327,-0.871420575655266,8.78768080159512E19,1.0833220024065085E20,4.317900267102212E-18,6.259671884094058E23,2.12314688489842E-20,2.6173592176149558E-20,200.0,13.3322
0.017197214991739814,6.293687421041158E11,17.15077176472268,17.625124063834544,-0.2021503497364209,-0.6699319308947685,-0.8720822806311894,8.84738337176456E19,1.1037232245539709E20,4.304492210177296E-18,6.252025588884989E23,2.1287374680349938E-20,2.6556292224735336E-20,200.0,13.3322
0.017245139921206586,6.373646806281562E11,17.42684117818699,18.3036006143579,-0.2030044012039032,-0.6692856277377975,-0.8722900289417007,8.907465629062214E19,1.1239278444055963E20,4.2910784868079376E-18,6.244585744814389E23,2.1341771045730235E-20,2.692865931355907E-20,200.0,13.3322
0.01729306485067336,6.454431771801389E11,17.694729698968032,18.979959586634937,-0.20387744095117866,-0.6682028853982083,-0.8720803263493869,8.967898533683601E19,1.1439072833529828E20,4.277664763438579E-18,6.237366369086005E23,2.1394555458442716E-20,2.7289991876122835E-20,200.0,13.3322
0.01734098978014013,6.536047988504866E11,17.953926644077466,19.654200980665657,-0.20477019262915563,-0.6667161082913557,-0.8714863009205114,9.028669131570387E19,1.1636349442644831E20,4.264256478126303E-18,6.230381224187153E23,2.1445627294162223E-20,2.7639601094584414E-20,200.0,13.3322
0.017390846395907097,6.621851476936675E11,18.215478326328217,20.35336529740417,-0.20570496098788157,-0.6663695849878674,-0.872074545975749,9.091680437426222E19,1.1838670563075236E20,4.2502119416269965E-18,6.223332621055318E23,2.1497163104286957E-20,2.7992386422283364E-20,200.0,13.3322
0.017440703011674066,6.708575777218693E11,18.46969233785152,21.050222192445244,-0.20665817889583013,-0.6656011988488335,-0.8722593777446637,9.155092914518629E19,1.2039217722349747E20,4.236161967070616E-18,6.216481762126178E23,2.1547253109123368E-20,2.8335274575741816E-20,200.0,13.3322
0.017490559627441036,6.796227598722181E11,18.716157442574332,21.744771665788875,-0.20763017454613664,-0.66444258151979,-0.8720727560659266,9.218883744344118E19,1.2237754310164432E20,4.222111992514235E-18,6.209839729874323E23,2.1595816279239744E-20,2.8667710872797E-20,200.0,13.3322
0.017540416243208002,6.884813652754904E11,18.954470909435283,22.43701371743506,-0.20862152112355664,-0.6629221512521034,-0.8715436723756601,9.28304086648274E19,1.2434057336884953E20,4.2080672636794314E-18,6.203417377571254E23,2.164277326102103E-20,2.898915210298955E-20,200.0,13.3322
0.017592282404794293,6.977975729134202E11,19.194697352884436,23.15470193427157,-0.20966168682502745,-0.6624061070710222,-0.8720677938960497,9.349728902016057E19,1.26357248546143E20,4.193354605051407E-18,6.196943472119474E23,2.169010717327118E-20,2.931317358832228E-20,200.0,13.3322
0.01764414856638058,7.072167958278544E11,19.427875969569975,23.869875610093956,-0.21072030212538564,-0.661512293419751,-0.8722325955451367,9.416842300894957E19,1.2835784004665392E20,4.1786367007018314E-18,6.190659499813494E23,2.1736052390718238E-20,2.9627688845849586E-20,200.0,13.3322
0.017696014727966867,7.167398065267758E11,19.653677532977895,24.582534744902222,-0.2117976311417874,-0.6602685020701677,-0.8720661332119551,9.484360803466912E19,1.3034031391865251E20,4.163918796352255E-18,6.184574333037607E23,2.1780544042989475E-20,2.99322538092874E-20,200.0,13.3322
0.017747880889553157,7.263673777182168E11,19.871780462559563,25.292679338696367,-0.2128940921072635,-0.6586997627980775,-0.871593854905341,9.552270917317848E19,1.3230272187251297E20,4.149205977728762E-18,6.178696638123613E23,2.1823518766263455E-20,3.0226434725358904E-20,200.0,13.3322
0.01780183759472281,7.364952324072393E11,20.091332921411706,26.02877096581715,-0.21404647908638907,-0.6580154065152258,-0.8720618856016149,9.62301474427371E19,1.3432209077168749E20,4.133791823070418E-18,6.172779879585684E23,2.186677910293747E-20,3.052257079099891E-20,200.0,13.3322
0.017855794299892466,7.467379287949904E11,20.304103635716896,26.762122047293072,-0.2152174245325237,-0.6569917246542389,-0.8722091491867626,9.694208283808422E19,1.3632677607857172E20,4.118372582686019E-18,6.167045883496236E23,2.190870317330924E-20,3.0809559525022546E-20,200.0,13.3322
0.01790975100506212,7.570963355364938E11,20.509826878157195,27.492732583124134,-0.21640709535483132,-0.6556532357418156,-0.8720603310966468,9.76583092028302E19,1.3831495763299172E20,4.102953342301619E-18,6.161501810988357E23,2.1949238618806717E-20,3.108704250993416E-20,200.0,13.3322
0.01796370771023177,7.675713210076929E11,20.708243800960105,28.220602573310334,-0.21761573878833976,-0.6540220794349438,-0.8716378182232836,9.837865503438332E19,1.4028485569624952E20,4.087539056924656E-18,6.156154637797033E23,2.1988334436394695E-20,3.135467060748519E-20,200.0,13.3322
0.018019839221485433,7.785933540765809E11,20.90763308980371,28.97489318678629,-0.21888796250894696,-0.6531687446533516,-0.8720567071622985,9.913060028031653E19,1.4231529343748624E20,4.071388204811025E-18,6.150781260139115E23,2.202762184774806E-20,3.1623610248779166E-20,200.0,13.3322
0.018075970732739095,7.89742941719053E11,21.100489653275993,29.726196602099343,-0.22017890095942047,-0.6520096967409524,-0.8721885977003729,9.988726454323829E19,1.4433218368415492E20,4.055232397689944E-18,6.14558393406731E23,2.2065622059220174E-20,3.1883738439727806E-20,200.0,13.3322
0.018132102243992754,8.010210370186931E11,21.28659807064154,30.474512819249483,-0.22148858849382588,-0.6505666554849637,-0.8720552439787896,1.0064841151642896E20,1.4633382464489043E20,4.039076590568863E-18,6.140568464993609E23,2.2102292624583887E-20,3.213476461720385E-20,200.0,13.3322
0.018188233755246416,8.124285915869374E11,21.465749120419034,31.21984183823673,-0.22282922996965027,-0.6488592773701456,-0.8716885073397957,1.0141934230915927E20,1.4832660274519697E20,4.0229256422934715E-18,6.135740491265179E23,2.2137592319105172E-20,3.237640657973871E-20,200.0,13.3322
0.018246627731411436,8.244325466013363E11,21.64540852622448,31.992032316255823,-0.22422065865853238,-0.6478342425294579,-0.8720549011879902,1.0221583315366596E20,1.5036992156411983E20,4.00600095992122E-18,6.130898817759102E23,2.217299217945031E-20,3.261873422147228E-20,200.0,13.3322
0.018305021707576457,8.365801136239991E11,21.8187393087217,32.76096636330671,-0.22561877912592943,-0.6465336928722863,-0.8721524719982158,1.0301162051326548E20,1.5239202980540704E20,3.9890714187032706E-18,6.126227695456084E23,2.2207145055924582E-20,3.285252570917135E-20,200.0,13.3322
0.018363415683741478,8.488724213499381E11,21.985565895032554,33.52664397938938,-0.22706189561588958,-0.6449769331078824,-0.8720388287237719,1.0374705389657825E20,1.542283844496895E20,3.972141877485321E-18,6.122610558117004E23,2.222354150887952E-20,3.303709141545221E-20,200.0,13.3322
0.0184218096599065,8.613105974354497E11,22.145718367313595,34.289065164503825,-0.22854811371959544,-0.6431816469294196,-0.8717297606490151,1.0437847243357897E20,1.5577182160999514E20,3.9552173613830275E-18,6.120518534980612E23,2.2213400679896422E-20,3.31507235868208E-20,200.0,13.3322
0.018482557293030995,8.744136891002213E11,22.305716311502916,35.07874979080625,-0.23005540010995648,-0.6419923610893135,-0.87204776119927,1.0501893506312588E20,1.573360932953147E20,3.937479120817022E-18,6.11842853039778E23,2.2203269635607427E-20,3.326424611665624E-20,200.0,13.3322
0.018543304926155496,8.876833086118727E11,22.459470657292076,35.86488390044053,-0.2315969544844868,-0.6405562500209737,-0.8721532045054605,1.0567628823710287E20,1.58909823274119E20,3.91973585513537E-18,6.116420084045808E23,2.21935339349726E-20,3.3373338657786166E-20,200.0,13.3322
0.018604052559279997,9.01120994799314E11,22.606836739057954,36.64746749340667,-0.23315583388690522,-0.6388906748296068,-0.872046508716512,1.0634286516385702E20,1.6048066704152258E20,3.901992589453718E-18,6.114495085647828E23,2.2184202738196105E-20,3.347789856634476E-20,200.0,13.3322
0.018664800192404494,9.147282910392548E11,22.747675251088722,37.42650056970467,-0.23473187634298986,-0.6370114332205807,-0.8717433095635707,1.0701866348789544E20,1.6204771168546167E20,3.8842544020394855E-18,6.112655354912068E23,2.217528486609338E-20,3.3577827001456856E-20,200.0,13.3322
0.018727996350169127,9.290657236767363E11,22.887758882301043,38.23315299277977,-0.2363834187099598,-0.6356607554924981,-0.872044174202458,1.0772852416342055E20,1.6367090592163676E20,3.8656588335488045E-18,6.11082548495532E23,2.2166414792923588E-20,3.3677219829810575E-20,200.0,13.3322
0.018791192507933756,9.435892459656959E11,23.021731539263605,39.035933308776954,-0.2380526285671533,-0.634086358169229,-0.8721389867363822,1.0844772479471333E20,1.652918978207355E20,3.847058186790739E-18,6.10907544080041E23,2.215793166566793E-20,3.3772276769599554E-20,200.0,13.3322
0.018854388665698385,9.583005683637076E11,23.149476074030236,39.83484151769623,-0.23973921109565893,-0.6323037811503188,-0.8720429922459778,1.0917619827879045E20,1.6690972961205928E20,3.828457540032673E-18,6.107406752715406E23,2.2149842902115655E-20,3.386291470143572E-20,200.0,13.3322
0.018917584823463014,9.732014047842107E11,23.270880344859314,40.62987761953759,-0.2414427374427286,-0.6303272286830406,-0.8717699661257692,1.0991381699139935E20,1.685233444137284E20,3.809862016672307E-18,6.10582088557384E23,2.2142155603063944E-20,3.3949054057957924E-20,200.0,13.3322
0.018983328197332856,9.889054178131089E11,23.39090589198249,41.452835001297984,-0.2432318117243317,-0.6288092156774445,-0.8720410274017762,1.1069026491147756E20,1.7019796381486868E20,3.7903624922443665E-18,6.104253028281576E23,2.2134555604577233E-20,3.403421517564193E-20,200.0,13.3322
0.019049071571202697,1.0048164844170479E12,23.504949999526616,42.2715684333402,-0.24503866113659528,-0.6270878776724494,-0.8721265388090447,1.1147614817197908E20,1.7186993627326068E20,3.77085784441871E-18,6.102763304719066E23,2.2127334349889978E-20,3.41151323128391E-20,200.0,13.3322
0.019114814945072542,1.0209364562648154E12,23.612919316219788,43.086077915664234,-0.24686271979348057,-0.6251771998488658,-0.8720399196423463,1.1227127370531312E20,1.7353814355549238E20,3.751353196593053E-18,6.101352934305637E23,2.2120497749989816E-20,3.419173923449497E-20,200.0,13.3322
0.019180558318942383,1.0372671856326882E12,23.714725177039142,43.89636344827009,-0.24870321341109167,-0.6230900135447976,-0.8717932269558893,1.1307535420256135E20,1.7520131491899707E20,3.7318537596569086E-18,6.100023075245575E23,2.2114051419131844E-20,3.426397303056558E-20,200.0,13.3322
0.019248951578290326,1.0544808885987168E12,23.814515620596328,44.73480946283961,-0.25064091232459146,-0.6213973714064508,-0.8720382837310423,1.139237869174919E20,1.76931205595601E20,3.711400533180578E-18,6.098719542969491E23,2.2107732704173232E-20,3.43347768378483E-20,200.0,13.3322
0.01931734483763827,1.0719236734333762E12,23.908450676805913,45.56864639579236,-0.2525962632984935,-0.6195194577525261,-0.8721157210510196,1.1478166275734928E20,1.786576484029169E20,3.690942095814728E-18,6.097492497841125E23,2.21017847514069E-20,3.440142610184464E-20,200.0,13.3322
0.019385738096986217,1.0895974728728196E12,23.99645785446591,46.39787424712836,-0.2545683428082529,-0.6174689155575424,-0.8720372583657953,1.1564862443531697E20,1.8037929126664516E20,3.670483658448877E-18,6.096342886791036E23,2.2096212150964188E-20,3.446386938823973E-20,200.0,13.3322
0.01945413135633416,1.1075042146885198E12,24.078469061274745,47.22249301684758,-0.25655592713804937,-0.6152573929210676,-0.8718133200591169,1.1652417880578805E20,1.8209456362403427E20,3.650030568585975E-18,6.095271599288297E23,2.2091019214438757E-20,3.45220583838482E-20,200.0,13.3322
0.019525281308776454,1.1263803718412683E12,24.1578136720947,48.07543891741921,-0.25865439948407076,-0.6133815190073215,-0.8720359184913923,1.174505586550263E20,1.8388336733476192E20,3.628570382931882E-18,6.094235144719603E23,2.2085995126345734E-20,3.457835536312958E-20,200.0,13.3322
0.019596431261218746,1.1455080843096182E12,24.2314236547268,48.923353926702674,-0.2607700584989269,-0.6113363866724908,-0.8721064451714178,1.1838625418175447E20,1.8566745242039478E20,3.607104849774822E-18,6.093273599858369E23,2.2081334153994265E-20,3.46305834807587E-20,200.0,13.3322
0.019667581213661037,1.164889260833003E12,24.299245059297334,49.76623804469796,-0.2629015096108698,-0.6091334795513127,-0.8720349891621825,1.1933069329914703E20,1.8744514207477465E20,3.585639316617761E-18,6.092387669435418E23,2.2077039713481753E-20,3.467870445795532E-20,200.0,13.3322
0.019738731166103328,1.1845257955363962E12,24.36122808053956,50.604091271405075,-0.2650469423264964,-0.6067834271100508,-0.8718303694365472,1.2028311556144993E20,1.892144581557873E20,3.564179327064555E-18,6.091578004041841E23,2.2073114958469726E-20,3.472268295664112E-20,200.0,13.3322
0.019812748924297692,1.2052242694340244E12,24.419875252750874,51.47035471211382,-0.2673194954773956,-0.604714424019908,-0.8720339194973037,1.2129403179006386E20,1.9106551060827557E20,3.541654985786568E-18,6.090811913831664E23,2.206940142888591E-20,3.476429458728335E-20,200.0,13.3322
0.019886766682492053,1.2261961822466086E12,24.472899546964157,52.33112497650822,-0.26960828118626134,-0.6024903946888174,-0.8720986758750787,1.2231393871205625E20,1.929099530227827E20,3.519125100904728E-18,6.090119273570137E23,2.2066043939039466E-20,3.480191664581873E-20,200.0,13.3322
0.019960784440686413,1.2474432473639993E12,24.520263755204564,53.18640206458827,-0.27191128474551723,-0.600121821991156,-0.8720331067366733,1.2334198250566589E20,1.947456693134096E20,3.496595216022887E-18,6.08950056929374E23,2.206304484493343E-20,3.4835522732261574E-20,200.0,13.3322
0.020034802198880777,1.268967148010728E12,24.56193459551728,54.03618597635398,-0.2742259271921509,-0.5976184614196435,-0.8718443886117944,1.243770536254537E20,1.9657013670418796E20,3.474071145967773E-18,6.088956235754549E23,2.2060406253975857E-20,3.4865089232235286E-20,200.0,13.3322
0.020111803354047574,1.2916503399538955E12,24.59957584234941,54.91436725313943,-0.276687140379717,-0.5953451475670464,-0.8720322879467634,1.254797952980879E20,1.9848630749185733E20,3.4504209710283648E-18,6.08846453957194E23,2.2058022816234318E-20,3.489179663518471E-20,200.0,13.3322
0.02018880450921437,1.3146266235747698E12,24.631690539155624,55.786548312291494,-0.27916294982041545,-0.5929294860028326,-0.872092435823248,1.2659092304902537E20,2.0039315409107757E20,3.426764981262204E-18,6.088045035034922E23,2.2055989318758337E-20,3.4914582813124755E-20,200.0,13.3322
0.02026580566438117,1.3378972497403267E12,24.658256903427635,56.65272915381016,-0.2816505235684865,-0.5903810978053815,-0.872031621373868,1.2770921237919374E20,2.022879747539703E20,3.4031089914960435E-18,6.087698006681782E23,2.205430714081286E-20,3.4933432310822796E-20,200.0,13.3322
0.020342806819547966,1.3614634153693423E12,24.679256901591625,57.512909777695434,-0.2841462723267919,-0.5877089939636786,-0.8718552662904705,1.2883309524035358E20,2.0416752537880278E20,3.3794591864142826E-18,6.087423690079626E23,2.20529774242809E-20,3.4948332333008676E-20,200.0,13.3322
0.0204229116219854,1.386288764560191E12,24.69549846360781,58.4013650663148,-0.2868121216274563,-0.5852189186164962,-0.8720310402439525,1.300357380031626E20,2.0615097058058918E20,3.3546163134319784E-18,6.0872115314846E23,2.205194901116633E-20,3.495985612612926E-20,200.0,13.3322
0.02050301642442283,1.4114221132767593E12,24.70628400285702,59.28326347673298,-0.2894899908891593,-0.5825978243362606,-0.8720878152254199,1.3124577363612685E20,2.0812128069958012E20,3.329767255765292E-18,6.087070643258982E23,2.205126607254254E-20,3.4967508735088794E-20,200.0,13.3322
0.020583121226860263,1.4368638469227522E12,24.711606363493352,60.15860500894996,-0.2921759679188991,-0.5798545940011454,-0.8720305619200445,1.324614877767971E20,2.1007497863647465E20,3.3049181980986054E-18,6.087001118877416E23,2.205092906151654E-20,3.497128508263622E-20,200.0,13.3322
0.020663226029297696,1.4626142621947292E12,24.711462013539823,61.02738966296575,-0.2948651272882993,-0.5769976131501691,-0.8718627404384685,1.3368070591892886E20,2.1200786752957084E20,3.280075829150176E-18,6.087003004477048E23,2.2050938201732557E-20,3.497118266274583E-20,200.0,13.3322
0.02074655957617294,1.4897224875125913E12,24.705778362314586,61.924200709589456,-0.29775312423462336,-0.5742770869960566,-0.8720302112306799,1.3499221773706858E20,2.140596487009898E20,3.2539672665269333E-18,6.087077248287918E23,2.205129808962098E-20,3.4967149970519314E-20,200.0,13.3322
0.02082989312304818,1.5171451158815728E12,24.694667019274906,62.81384301809171,-0.3006492775200615,-0.5714357110623395,-0.8720849885824009,1.363095945755007E20,2.1609300940887448E20,3.2278520151854252E-18,6.087222392389564E23,2.205200165808878E-20,3.49592661956488E-20,200.0,13.3322
0.020913226669923426,1.5448810759865833E12,24.678135308881885,63.69631658847251,-0.30354823857249175,-0.5684817423590338,-0.8720299809315255,1.3763047021377166E20,2.181034471711751E20,3.2017367638439175E-18,6.087438341104769E23,2.2053048443352266E-20,3.4947536535022024E-20,200.0,13.3322
0.020996560216798667,1.572929159314886E12,24.656194124568138,64.57162142073187,-0.30644329855016456,-0.5654230549201573,-0.8718663534703219,1.3895185983840364E20,2.2008550274258875E20,3.1756288937267608E-18,6.087724952135934E23,2.2054437755641006E-20,3.4931968717800975E-20,200.0,13.3322
0.021083252647508207,1.6024264142349692E12,24.62785412808171,65.47456095997528,-0.30957264710920673,-0.562457212620565,-0.8720298597297718,1.403822348039898E20,2.2220499787719256E20,3.1481742319411506E-18,6.088095148908364E23,2.205623223969521E-20,3.491186078383366E-20,200.0,13.3322
0.02116994507821774,1.632230451266002E12,24.59404675302566,66.36965821348446,-0.31270452544341637,-0.5593797181142239,-0.8720842435576404,1.4181621367652296E20,2.2429878019253735E20,3.120712188931198E-18,6.088536764387603E23,2.205837291728781E-20,3.488787360848022E-20,200.0,13.3322
0.021256637508927277,1.6623378963161658E12,24.554794611521537,67.2569131812594,-0.3158316556492486,-0.5561983079259339,-0.8720299635751825,1.4325055335666583E20,2.2636098459094758E20,3.093250145921245E-18,6.089049503198375E23,2.2060858356622865E-20,3.486002323560459E-20,200.0,13.3322
0.021343329939636817,1.6927451741571277E12,24.510123931363484,68.13632586330013,-0.3189449138710133,-0.5529204600465961,-0.8718653739176094,1.44681169920566E20,2.283844628806581E20,3.0657964493175323E-18,6.089633022734965E23,2.2063686896960642E-20,3.4828328274480524E-20,200.0,13.3322
0.021433516639041073,1.7246765932232698E12,24.458074434904027,69.04281776525735,-0.32233669776075624,-0.5496933804580231,-0.8720300782187793,1.4624160717834789E20,2.3056844774263387E20,3.03690604138672E-18,6.090312929509303E23,2.2066982662768895E-20,3.479139785925127E-20,200.0,13.3322
0.02152370333844533,1.7568851573915918E12,24.400408728371126,69.94072447041191,-0.32572295542104907,-0.5463630766153994,-0.8720860320364485,1.478023780064581E20,2.3271664759892017E20,3.0080072870496683E-18,6.091066199131212E23,2.207063404610261E-20,3.475048260297387E-20,200.0,13.3322
0.021613890037849585,1.7893640096694624E12,24.33716708317911,70.83004597876379,-0.3290937754820523,-0.542936868009405,-0.8720306434914573,1.4935903991131184E20,2.3482136529830022E20,2.979108532712616E-18,6.091892305547434E23,2.2074638496982244E-20,3.4705611079220683E-20,200.0,13.3322
0.02170407673725384,1.8221060142107E12,24.268393591224026,71.710782290313,-0.33243669154707867,-0.5394219628351322,-0.871858654382211,1.50905984419535E20,2.3687315209221413E20,2.9502194957744284E-18,6.092790672798912E23,2.2078993223515988E-20,3.4656814572291066E-20,200.0,13.3322
0.021797898547103484,1.8564171985947288E12,24.191074350424742,72.6178550126408,-0.33611412189733114,-0.5359168885111877,-0.8720310104085188,1.526091458997672E20,2.391143484260704E20,2.9197918207257006E-18,6.093800670573761E23,2.208388906550257E-20,3.460195464352784E-20,200.0,13.3322
0.021891720356953123,1.89094243059614E12,24.107813851388464,73.51552097875137,-0.3397745761556256,-0.5323164882651782,-0.8720910644208038,1.543079661851583E20,2.4130574341367834E20,2.8893544282780824E-18,6.094888277201686E23,2.2089161107012444E-20,3.4542879243941607E-20,200.0,13.3322
0.021985542166802766,1.925669771051204E12,24.0186751980307,74.40378018864467,-0.3434044597911964,-0.528627772564572,-0.8720322323557684,1.5599632097203172E20,2.434371262241331E20,2.8589170358304637E-18,6.096052668375392E23,2.2094805352315744E-20,3.447963314733349E-20,200.0,13.3322
0.02207936397665241,1.9605869203790432E12,23.92372578580813,75.28263264232072,-0.34698652956252535,-0.5248578311766638,-0.8718443607391893,1.576664173873193E20,2.454958237596838E20,2.8284913532411094E-18,6.097292963728487E23,2.2100817533942918E-20,3.441226417246005E-20,200.0,13.3322
0.022176967415536514,1.9970686455605278E12,23.818769136831023,76.18686388101592,-0.350975327867528,-0.5210575570503083,-0.8720328849178363,1.5952683452934377E20,2.4778056256905298E20,2.7964090861310482E-18,6.098663980577934E23,2.210746337220415E-20,3.433779481364859E-20,200.0,13.3322
0.022274570854420618,2.0336515907227773E12,23.707256536508634,77.08077660245118,-0.3549308502318723,-0.5171696430839794,-0.8721004933158517,1.613762417001014E20,2.4999570180664928E20,2.7643151091627408E-18,6.100120635829965E23,2.2114524332258174E-20,3.425867384393071E-20,200.0,13.3322
0.022372174293304722,2.070316644440878E12,23.58928451055686,77.96437080662652,-0.3588341653872497,-0.5132009125888022,-0.872035077976052,1.632060702141117E20,2.5212747261971274E20,2.732221132194433E-18,6.101661668598445E23,2.212199430211207E-20,3.417496975070805E-20,200.0,13.3322
0.02246977773218883,2.107044277413147E12,23.46495483811892,78.83764649354194,-0.36266088670662966,-0.5091585375688373,-0.871819424275467,1.6500525088339218E20,2.5415848909192747E20,2.700141839038393E-18,6.103285749373318E23,2.2129866837126737E-20,3.408675474881987E-20,200.0,13.3322
0.022571315224348385,2.145253924498461E12,23.328681981869064,79.73509579619724,-0.3669899929908626,-0.5050460909109794,-0.872036083901842,1.6704003524854455E20,2.564628546602864E20,2.6662658137075466E-18,6.105065840333367E23,2.2138495612634135E-20,3.399006576029712E-20,200.0,13.3322
0.022672852716507944,2.1833791494064565E12,23.184746993132286,80.62120972814205,-0.37126235281792574,-0.5008539415454076,-0.8721162943633334,1.6905422000800242E20,2.5866896835841923E20,2.6323751045644592E-18,6.106946019404505E23,2.214760955314766E-20,3.388794029777305E-20,200.0,13.3322
0.0227743902086675,2.221391073687724E12,23.033301746447847,81.49598828937638,-0.3754509097916163,-0.49658887595165113,-0.8720397857432675,1.7103550141519767E20,2.6075779572300172E20,2.5984843954213715E-18,6.108924302695719E23,2.215719904199573E-20,3.3780486120019216E-20,200.0,13.3322
0.022875927700827053,2.2592604329700176E12,22.87450533762989,82.35943147990021,-0.37951990869163,-0.4922584424788644,-0.8717783511704943,1.7296757857532297E20,2.6270464654734927E20,2.5646129498405783E-18,6.110998611986681E23,2.2167254005256784E-20,3.366781610948167E-20,200.0,13.3322
0.02298155781419113,2.2984109128045464E12,22.70104111456328,83.24555564600693,-0.3842230158835763,-0.48781827780014225,-0.8720412936837185,1.7519780313571318E20,2.649878965297831E20,2.5287725677603302E-18,6.113264522483243E23,2.217823773217495E-20,3.354473891909503E-20,200.0,13.3322
0.02308718792755521,2.337185499476705E12,22.51793211509418,84.11920246151728,-0.38883478254834475,-0.4833073354914257,-0.8721421180397704,1.7739336400098355E20,2.671298737467439E20,2.4929129221177872E-18,6.115656419766592E23,2.2189832164795533E-20,3.3414818519425567E-20,200.0,13.3322
0.023192818040919282,2.3755425892227524E12,22.325433579921583,84.98037192643127,-0.3933149234440213,-0.47873256903249783,-0.8720474924765191,1.7953584991899543E20,2.6910326532215987E20,2.4570532764752446E-18,6.118170969704954E23,2.2202021141318208E-20,3.327823601011188E-20,200.0,13.3322
0.02329844815428336,2.413440455454507E12,22.123812275965072,85.82906404074889,-0.3976726676487451,-0.47410244291213044,-0.8717751105608755,1.8162940332551894E20,2.709151739941834E20,2.421221312429521E-18,6.120804687603022E23,2.2214787770104207E-20,3.313518066893338E-20,200.0,13.3322
0.02340833584809969,2.452235182974959E12,21.903476269222143,86.69860708633666,-0.4026752121495769,-0.46932188254090335,-0.8719970946904803,1.8398917524305022E20,2.7292932601503433E20,2.383197751499271E-18,6.123944103930212E23,2.2223841518624875E-20,3.296682035304866E-20,200.0,13.3322
0.023518223541916024,2.490252401740865E12,21.669635330204745,87.55437656128544,-0.40763767025837866,-0.46450023927098794,-0.8721379095293667,1.8587044933332232E20,2.7364941209534952E20,2.3451465089721753E-18,6.130245925279344E23,2.2177765798029678E-20,3.2651411743970804E-20,200.0,13.3322
0.023628111235732357,2.5274369706716606E12,21.422770412689278,88.3963724655952,-0.41241308409833183,-0.45964441893695857,-0.8720575030352904,1.8763545279620035E20,2.7403183452798075E20,2.30709526644508E-18,6.13689873215776E23,2.2129123849310194E-20,3.231843617266642E-20,200.0,13.3322
0.02373799892954869,2.5637343249407593E12,21.1633852929789,89.22459479926597,-0.41692023495107056,-0.45476559265158434,-0.8716858276026549,1.8924797525362527E20,2.740277038614372E20,2.2690897961120666E-18,6.14388894820764E23,2.2078014935907148E-20,3.196857314112404E-20,200.0,13.3322
0.023852315811995387,2.6003852681768657E12,20.87823988851863,90.07143145507649,-0.4223132784151454,-0.4497381762916082,-0.8720514547067536,1.912081468761048E20,2.7423294058163343E20,2.2285659723812077E-18,6.151573382785198E23,2.2021830248828297E-20,3.1583964202314295E-20,200.0,13.3322
0.023966632694442082,2.6356617014439873E12,20.571832324128366,90.9029910540926,-0.42751009826337494,-0.4446993106848323,-0.8722094089482073,1.930304193622681E20,2.739749464578738E20,2.187996376456231E-18,6.159830815119007E23,2.196145609285533E-20,3.117067650298601E-20,200.0,13.3322
0.024080949576888777,2.6694938511925356E12,20.24521607569941,91.7192735963143,-0.43241315607735836,-0.4396577887871605,-0.8720709448645189,1.9467211463733697E20,2.7320054120681534E20,2.1474267805312542E-18,6.168632854898573E23,2.1897100043535218E-20,3.0730130989218896E-20,200.0,13.3322
0.024195266459335472,2.701814162015411E12,19.89950184992984,92.52027908174158,-0.4368997536174713,-0.4346293070727515,-0.8715290606902228,1.960800941577749E20,2.7184657980043094E20,2.1069328169713986E-18,6.177949569490157E23,2.182898095310016E-20,3.02638258009717E-20,200.0,13.3322
0.024314191055516132,2.73357742577564E12,19.51579196324071,93.33714442293125,-0.44263771722891965,-0.4294282227270691,-0.8720659399559887,1.979672334909775E20,2.7070682106781984E20,2.0634148783920672E-18,6.188290235953314E23,2.1753375246062742E-20,2.974627142337388E-20,200.0,13.3322
0.0244331156516968,2.76307312738635E12,19.093332514114042,94.13693232406037,-0.4480455050791255,-0.424263429974198,-0.8723089350533235,1.996190452740801E20,2.6876507495017248E20,2.0198213074476143E-18,6.199675171315086E23,2.16701343746287E-20,2.9176450981321485E-20,200.0,13.3322
0.02455204024787746,2.7902201647331367E12,18.634977503454262,94.91964278512893,-0.45295967714371765,-0.4191462729416202,-0.8721059500853379,2.009674024709702E20,2.6595541129794254E20,1.9762277365031614E-18,6.212027462593912E23,2.1579820687498843E-20,2.855821399945019E-20,200.0,13.3322
0.024670964844058122,2.8149433622344014E12,18.14377244741267,95.68527580613691,-0.4571095469799089,-0.4141028061060529,-0.8712123530859617,2.018989954704946E20,2.621653599518754E20,1.932770366956495E-18,6.225265035629543E23,2.1483034269294126E-20,2.789566832139609E-20,200.0,13.3322
0.02479468287479893,2.837703585239063E12,17.591875489948407,96.46332728666204,-0.4632250104262026,-0.4088692091607876,-0.8720942195869903,2.0356444522919903E20,2.585831606411216E20,1.885451848030057E-18,6.240138205587223E23,2.1374289196184524E-20,2.715126038136832E-20,200.0,13.3322
0.024918400905539734,2.856789917861955E12,16.948923842522607,97.22203945359742,-0.46878998795513876,-0.40376321441069263,-0.8725532023658313,2.047889467818807E20,2.5333117168628285E20,1.8379971277058135E-18,6.257465224693599E23,2.1247602823013525E-20,2.6284036337233775E-20,200.0,13.3322
0.02504211893628054,2.872125996165249E12,16.226227009351962,97.9614123069431,-0.4733955324033048,-0.39880209382382975,-0.8721976262271345,2.0541490139445874E20,2.463324842922864E20,1.7905424073815705E-18,6.276941311093875E23,2.1105203560078097E-20,2.5309250639343788E-20,200.0,13.3322
0.02516583696702135,2.8836502116743057E12,15.436129043182463,98.68144584669906,-0.47927487010776004,-0.394043914089931,-0.8733187841976909,2.0629650195390733E20,2.3867557057911207E20,1.7433979682782657E-18,6.299136270750303E23,2.0935771071317243E-20,2.422172484086403E-20,200.0,13.3322
0.025294541638905467,2.8902817302395117E12,14.579147560690823,99.40948378830811,-0.4830602187937974,-0.3890851845274846,-0.872145403321282,2.0209653058259665E20,2.224900347003667E20,1.6907722764741612E-18,6.34966681210539E23,2.0348825108562872E-20,2.240221933283263E-20,200.0,13.3322
0.02542324631078958,2.8931691215770986E12,13.313496772529081,100.11507909467916,-0.484864580678637,-0.3847675002968527,-0.8696320809754897,1.94210112392776E20,1.9653345070180657E20,1.6378363034491353E-18,6.424293884917233E23,1.9481981850516553E-20,1.9715045073700332E-20,200.0,13.3322
0.025551950982673696,2.8923011475584497E12,11.754885891823246,100.7982317658122,-0.490475434130329,-0.3811199244348635,-0.8715953585651925,1.7920940685316938E20,1.5868523690235327E20,1.5849003304241093E-18,6.576731483771368E23,1.7771549562030304E-20,1.5736241762594826E-20,200.0,13.3322
0.025680655654557814,2.8876811872453447E12,10.034852022042372,101.45894180170727,-0.7776465331308019,-0.378324445433578,-1.15597097856438,2.4233810896161695E20,1.7174825770195413E20,1.5327898117588974E-18,6.828477339763179E23,1.515727846360129E-20,1.0742165888730241E-20,200.0,13.3322
0.025814547961650076,2.7722635243037964E12,7.389961848216122,102.12151836724412,-0.5273519923060239,-0.37591902267801314,-0.9032710149840371,8.840741406043121E19,2.3437736180091916E19,1.4709511136990401E-18,7.746093613921639E23,8.153983933073586E-21,2.16170698205755E-21,200.0,13.3322
0.02594844026874234,2.870210097157827E12,4.567081936398383,102.7564571350799,-0.1268538814625062,-0.374781329917684,-0.5016352113801902,1.4530832464406694E17,1.3911805969802564E7,1.408286961279395E-18,1.1887257808743212E24,5.571453243432709E-23,5.3341043386413965E-33,200.0,13.3322
0.026082332575834602,3.2046955313744395E12,2.368649458558825,103.36375810521453,-0.09628908719508053,-0.3750638370117112,-0.47135292420679176,1.1899878018815586E7,1.6138595428603804E7,1.34562280885975E-18,3.2172012806664517E24,6.011006462270864E-33,8.152117295650059E-33,200.0,13.3322
0.026216224882926867,3.8588133418198193E12,1.0309275998428553,103.94342127764807,0.4780392887376457,-0.37662014582638115,0.10141914291126475,7.609032510213187E8,6.19488054010861E8,1.2827652241672873E-18,1.1186680294342493E25,1.285361676475061E-32,1.0464749658920356E-32,200.0,13.3322
0.026355513920659934,5.992202363173352E12,0.6061118647422541,104.51437867293058,-1.9116474820550895,-0.37513938877594444,-2.286786870831034,7.028721157114623E7,4.525490833499135E7,1.2062174524576192E-18,2.5457537110355413E25,1.788340698383084E-33,1.1514355537513473E-33,200.0,13.3322
0.026494802958393005,9.320123744769764E12,0.3990968493663114,105.05030290912795,-4.26493618571299,-0.3747565363064322,-4.639692722019422,2.0359898752893366E7,1.3072040150038708E7,1.1298631130207866E-18,2.983625208743822E25,2.321907057060788E-34,1.4907766803232985E-34,200.0,13.3322
0.026634091996126073,1.4519758485657574E13,0.29430978950850484,105.5511939862402,-1.0822852065054163,-0.375182482035022,-1.4574676885404383,0.0,0.0,1.053508773583954E-18,2.983625208743821E25,0.0,0.0,200.0,13.3322
0.026773381033859144,2.265685438837972E13,0.24307036430400464,106.0170519042673,3.289041338181136,-0.37524678003276335,2.9137945581483726,0.0,0.0,9.747286793825978E-19,2.9836252087438215E25,0.0,0.0,200.0,13.3322
0.0269182843255713,3.4252421725111613E13,0.2284625285549467,106.46183275209106,-0.5000357699661021,-0.37519288591897404,-0.8752286558850761,0.0,0.0,8.91367803179373E-19,2.9836252087438215E25,0.0,0.0,200.0,13.3322
0.027063187617283463,4.996672054954024E13,0.22912563581595,106.86798189164652,-0.5498734166586094,-0.3757869097832852,-0.9256603264418947,0.0,0.0,8.104326817406978E-19,2.9836252087438215E25,0.0,0.0,200.0,13.3322
0.027208090908995626,7.033448394397462E13,0.24519303190393052,107.23549932293369,-0.52125123110306,-0.3754726483710561,-0.8967238794741161,0.0,0.0,7.294975603020227E-19,2.9836252087438215E25,0.0,0.0,200.0,13.3322
0.027352994200707782,9.553305347245956E13,0.27997438633840305,107.56438504595258,-0.406226502189894,-0.3715676020739276,-0.7777941042638216,0.0,0.0,6.454194117783363E-19,2.983625208743821E25,0.0,0.0,200.0,13.3322
0.027503738037342344,1.2671431516509694E14,0.32857820676580646,107.86769649391506,-0.5007880770763926,-0.37552452212241,-0.8763125991988026,0.0,0.0,5.793842915756665E-19,2.9836252087438215E25,0.0,0.0,200.0,13.3322
0.027654481873976906,1.632598538382347E14,0.38336623268194653,108.13977849789286,-0.5252172981363739,-0.3780353904086681,-0.903252688545042,1703945.2974978047,1094015.329481713,5.164921984579992E-19,2.9836252087438215E25,1.577968691101053E-34,1.0131322525680844E-34,200.0,13.3322
0.02780522571061147,2.0432185691323566E14,0.44467591502377857,108.380631057886,-0.5071316220731645,-0.3760845162935798,-0.8832161383667443,4668417.151123389,2997349.7008643923,4.536001053403319E-19,2.9836252087438215E25,4.477449735873234E-34,2.874739379968549E-34,200.0,13.3322
0.02795596954724603,2.4838876682686022E14,0.5127763728401461,108.59025417389445,1.7296773863520523,-0.3672555047458683,1.362421881606184,3.424360535814714E7,2.198605157897292E7,3.9013598813727014E-19,2.983625208743821E25,7.698082742548256E-34,4.9425416064316285E-34,200.0,13.3322
0.028112789340742836,2.961988230039192E14,0.5848481677212213,108.7832566626677,2.6702921694767374,-0.3758926536940482,2.2943995157826893,6.571199237528964E7,4.952065421861699E7,3.576816738697535E-19,2.6791709444490977E25,1.1969268457526467E-33,9.020058335011862E-34,200.0,13.3322
0.028269609134239634,3.439905011539528E14,0.6566403916687816,108.95978970407137,10.328261274607216,-0.3794262887711763,9.94883498583604,6.781729313504891E8,3.703646087125678E8,3.257993836876311E-19,2.228716825853651E25,3.193706413846375E-33,1.7441507492072473E-33,200.0,13.3322
0.028426428927736433,3.8906424125879606E14,0.7257405449907459,109.1198532981055,2.9660012132131066,-0.37615980611081185,2.589841407102295,2.8057048055037373E8,1.7149960234376553E8,2.939170935055088E-19,1.883311852873584E25,4.601001836227813E-33,2.812377067424009E-33,200.0,13.3322
0.02858324872123324,4.285563436360735E14,0.7895952221881608,109.26344744477005,-12.425130965016443,-0.36787885040084156,-12.793009815417284,1.3980656391408617E9,1.0130422834696968E9,2.6398701613884573E-19,1.638978146915381E25,5.472784430418247E-33,3.965594948557136E-33,200.0,13.3322
0.02874638937216411,4.6857710140306844E14,0.8525303725506646,109.4021634755917,-0.657742447065879,-0.3753358104527142,-1.0330782575185933,8.08464341325988E7,5.840410801734712E7,2.5031761202076665E-19,1.4866862285222402E25,5.978424576435138E-33,4.318861536465599E-33,200.0,13.3322
0.02890953002309498,5.0775384755191325E14,0.9137255654716203,109.53248458154634,1.7059479797521893,-0.37711181760225976,1.3288361621499294,2.269311115232231E8,1.6352718684404284E8,2.346959950872195E-19,1.3386046990003343E25,6.470085374984996E-33,4.6623614228576406E-33,200.0,13.3322
0.02907267067402585,5.4528608161303875E14,0.9721253315250405,109.65441076263396,1.299195064866715,-0.37537377753160195,0.923821287335113,2.1348350071836048E8,1.5988328345082226E8,2.1907437815367243E-19,1.2096081039047478E25,7.992298735091039E-33,5.9856380459677815E-33,200.0,13.3322
0.029235811324956725,5.803562021387846E14,1.0266663111016585,109.76794201885453,-4.240837583809487,-0.37090324715853745,-4.611740830968024,1.0899986883374567E9,8.841268137601562E8,2.0406877496486814E-19,1.1252582839695043E25,1.2501326276989115E-32,1.0140156944508758E-32,200.0,13.3322
0.029405527604979064,6.156989568580191E14,1.0807126841240038,109.87980197812544,-0.0034645241437054725,-0.375010954323746,-0.37847547846745144,1208731.8084496516,1015523.5541120203,1.9549256660130273E-19,1.04167339297605E25,1.6969463563652848E-32,1.4257000460373824E-32,200.0,13.3322
0.029575243885001403,6.50322176828083E14,1.1331080007035388,109.98652300798419,0.8379332189192621,-0.3760803950092781,0.461852823909984,3.7420955156328535E8,3.1588966885455793E8,1.8630034449298564E-19,9.740893206790469E24,2.172137010830148E-32,1.8336133810358495E-32,200.0,13.3322
0.029744960165023742,6.838723886184676E14,1.1833480060129589,110.08810510843075,-0.5365798585693167,-0.3749862208055286,-0.9115660793748452,2.9434938045257276E8,2.4636631289888248E8,1.7710812238466854E-19,9.222030873438799E24,2.668151676543759E-32,2.233205620458142E-32,200.0,13.3322
0.02991467644504608,7.159916100135931E14,1.2309312022497645,110.18454827946516,-2.112571254314352,-0.3721330201275437,-2.4847042744418957,1.3629304125254483E9,1.134350658102014E9,1.6815386625447262E-19,8.730607194724935E24,3.1379359257615615E-32,2.6116664869734256E-32,200.0,13.3322
0.030091233394771787,7.485254184915635E14,1.2783776353838234,110.28071922640757,-0.5440645219986073,-0.3747750391697239,-0.9188395611683312,4.0340281521476054E8,3.343492232373442E8,1.62328147007469E-19,8.240595960579306E24,3.6063699262229586E-32,2.989039585401101E-32,200.0,13.3322
0.030267790344497496,7.803485895441869E14,1.3242454034810225,110.37336362287424,0.28575772831057633,-0.3754953209481172,-0.08973759263754089,2.384836428924885E8,1.9704286233094504E8,1.5626446178230887E-19,7.766888662302333E24,4.0592179209562676E-32,3.353856508854442E-32,200.0,13.3322
0.0304443472942232,8.112490930298948E14,1.3682381963633148,110.46248146886515,0.11814638134880796,-0.3747269212320697,-0.25658053988326174,1.0537396285753198E8,8.694815128689156E7,1.5020077655714874E-19,7.360820610089002E24,4.3380509022257917E-32,3.5794943637730325E-32,200.0,13.3322
0.030620904243948907,8.410140986987006E14,1.410064154535717,110.54807276438031,-1.47505093431762,-0.37276310966137977,-1.8478140439789996,1.2674594292235548E9,1.0478943468703735E9,1.4426291784064308E-19,7.106319099849524E24,4.179350595685449E-32,3.455351518029261E-32,200.0,13.3322
0.03080457758685003,8.714984713666295E14,1.452502594462209,110.63410893343946,-0.47397219249499895,-0.3745627180461524,-0.8485349105411513,3.9157622291840357E8,3.244411110113143E8,1.4001564238677056E-19,6.848090776448533E24,4.01832634855004E-32,3.3293907766235314E-32,200.0,13.3322
0.030988250929751153,9.014857610317562E14,1.4938442111048131,110.71749925765717,-0.38003724377258874,-0.37504173465617446,-0.7550789784287633,3.0171463063834715E8,2.505536721614354E8,1.3564254042423469E-19,6.596536375042693E24,3.861463779926719E-32,3.2066854959338154E-32,200.0,13.3322
0.031171924272652276,9.308506397974655E14,1.5339247237935207,110.79824373703346,-0.4625938005046549,-0.37450332944433645,-0.8370971299489913,3.52793120380496E8,2.936678642096422E8,1.3126943846169881E-19,6.352655506410754E24,3.709386220250178E-32,3.0877232743503634E-32,200.0,13.3322
0.0313555976155534,9.594669513728448E14,1.572581396807805,110.87634237156833,-0.7233586178094316,-0.373079343750475,-1.0964379615599067,5.298494848337134E8,4.421452190368653E8,1.2694991900665614E-19,6.117438380662745E24,3.562711137950579E-32,2.972987124727707E-32,200.0,13.3322
0.03154667418855086,9.88583296044136E14,1.6114763305397188,110.95524618615198,-0.47557993662416426,-0.3743853284104131,-0.8499652650345774,3.339252556217267E8,2.794053163559287E8,1.2371819217934575E-19,5.880771492252573E24,3.415132022591689E-32,2.85754379791634E-32,200.0,13.3322
0.03173775076154832,1.0171206638038408E15,1.6491757685109527,111.03208218255219,-0.39100682453854346,-0.3747525672241093,-0.7657593917626528,2.6304356852674302E8,2.2072298854565084E8,1.204328828445245E-19,5.651378925576379E24,3.27208897889685E-32,2.745648799757569E-32,200.0,13.3322
0.03192882733454577,1.0449792066497606E15,1.685552080859056,111.10685036076893,-0.46668444033709067,-0.37431802624306115,-0.8410024665801519,3.007112959458593E8,2.530834980728567E8,1.1714757350970328E-19,5.430037279525489E24,3.1340662730772774E-32,2.637680946063842E-32,200.0,13.3322
0.03211990390754323,1.0720592337538378E15,1.7204799823821775,111.1795507208022,-0.9650274075911858,-0.37324287069194284,-1.3382702782831286,5.955276404671743E8,5.0276678220800805E8,1.1391771310742696E-19,5.217508886260957E24,3.001539274994356E-32,2.5340120935042483E-32,200.0,13.3322
0.03231868210895109,1.0995366987046282E15,1.7554681323345285,111.25333346998259,-0.2833037041795962,-0.3741938090733966,-0.6574975132529928,1.6548951000829306E8,1.4039700211925378E8,1.1139233817011528E-19,5.031447120996693E24,2.841188002255813E-32,2.4103901084359867E-32,200.0,13.3322
0.03251746031035895,1.126677868719214E15,1.7897590673916155,111.32542633956658,-0.35771135412992106,-0.37443156800391486,-0.7321429221338359,1.925139500424926E8,1.6486223925061297E8,1.088115143002587E-19,4.913643040213123E24,2.617647933072678E-32,2.2416624858658105E-32,200.0,13.3322
0.03271623851176681,1.1534237375794332E15,1.823284702232723,111.39582932955418,-0.5005318909467279,-0.3741198858166304,-0.8746517767633584,2.4688674267369723E8,2.1370951879766297E8,1.0623069043040214E-19,4.798468094164926E24,2.3990967993892938E-32,2.0767005024005382E-32,200.0,13.3322
0.03291501671317467,1.1797149781322752E15,1.8559774719444118,111.46454243994536,-0.6460033538692698,-0.37331486492103316,-1.019318218790303,2.903342148708694E8,2.5445529093591768E8,1.0366745943866778E-19,4.6861543973309753E24,2.1859750518786845E-32,1.915836609377374E-32,200.0,13.3322
0.033121806968699444,1.2067051648587138E15,1.8892821178616233,111.5344479761984,-0.4893704669314074,-0.3740197421011063,-0.8633902090325136,1.9809423480945796E8,1.7627092466552755E8,1.0156480249191961E-19,4.571738643092495E24,1.9688645286439266E-32,1.751961995961394E-32,200.0,13.3322
0.03332859722422421,1.2333513469386615E15,1.9218999838253061,111.60290925124951,-0.4585576450408244,-0.3742088122388157,-0.83276645727964,1.655746479591074E8,1.50040923883714E8,9.944455266704924E-20,4.4596822727842377E24,1.756231073126039E-32,1.5914666648133025E-32,200.0,13.3322
0.03353538747974898,1.259603956265877E15,1.9537752684199485,111.66992626509874,-0.4870866524422022,-0.3739394729363701,-0.8610261253785723,1.5506665584641463E8,1.4366895228350788E8,9.732430284217889E-20,4.350176988220398E24,1.5484384506251886E-32,1.4346251852955189E-32,200.0,13.3322
0.03374217773527376,1.285413279757026E15,1.9848527262426805,111.73549901774606,-0.5753899772281187,-0.37325131438179165,-0.9486412916099103,1.592121343841747E8,1.5162475217166194E8,9.521585131628654E-20,4.2434125810730807E24,1.3458468018362564E-32,1.2817093909252287E-32,200.0,13.3322
0.03395730298279655,1.3118509853472785E15,2.0164126980337205,111.80235516584496,-0.4898918203528042,-0.3738393030968928,-0.8637311234496969,1.1483256516583174E8,1.1345367147881289E8,9.346341074287223E-20,4.134990531332841E24,1.1401096801788291E-32,1.1264193995669018E-32,200.0,13.3322
0.034172428230319345,1.3379122981243375E15,2.0472538163109895,111.86796111994832,-0.46078470438511343,-0.37399274867544324,-0.8347774530605567,8.896292330908342E7,9.233627323981246E7,9.169917187048876E-20,4.029038051969345E24,9.390587114050541E-33,9.746665075659667E-33,200.0,13.3322
0.03438755347784214,1.363553562099765E15,2.0773280491227606,111.93231688005618,-0.4879377234640397,-0.3737521010336574,-0.8616898244976972,7.453762543239827E7,8.293231292258161E7,8.993493299810527E-20,3.9257201533537596E24,7.430070122553805E-33,8.266870548475027E-33,200.0,13.3322
0.03460267872536493,1.3887311439056218E15,2.1065880256311256,111.9954224461685,-0.6837518946373697,-0.3731745245842239,-1.0569264192215937,7.763598045690158E7,9.59744602168929E7,8.818617249150467E-20,3.825199574647511E24,5.5226338971817596E-33,6.827141283438469E-33,200.0,13.3322
0.03482647491926344,1.4144843388744982E15,2.136231889160422,112.05989117899125,-0.3761231173408579,-0.3736420352039399,-0.7497651525447978,3.0778755348377567E7,4.395537786220648E7,8.670156495074116E-20,3.7298476471704914E24,3.980180627592051E-33,5.684126647274086E-33,200.0,13.3322
0.03505027111316194,1.4399835257133115E15,2.165381560386487,112.12325405864746,-0.4240101369394482,-0.3737470639928308,-0.7977572009322791,3.6917829965591006E7,5.225004000459207E7,8.52014790441771E-20,3.665551849406539E24,4.234885577615906E-33,5.993660544282719E-33,200.0,13.3322
0.03527406730706044,1.465197995300178E15,2.1940056025255408,112.18551108513708,-0.5019037920637183,-0.3735473130619521,-0.8754511051256704,4.628080918385471E7,6.498523356992391E7,8.370139313761304E-20,3.6024154383545364E24,4.484997668622589E-33,6.297612902534987E-33,200.0,13.3322
0.035497863500958945,1.4900969304781862E15,2.2220728243793912,112.24666225846016,-0.5725483950524037,-0.3730651719503597,-0.9456135670027634,5.568189704579534E7,7.764048033493266E7,8.220676189718351E-20,3.540507212834053E24,4.7302443571410213E-33,6.595652509611579E-33,200.0,13.3322
0.035730680136756884,1.5157396792161312E15,2.2507852623742393,112.30921051293852,-0.49453395040489756,-0.37343914271993045,-0.867973093124828,5.064564794936137E7,7.01613046863322E7,8.090602907784239E-20,3.4771758259271534E24,4.981128836345766E-33,6.900543523861412E-33,200.0,13.3322
0.03596349677255483,1.5411290938783902E15,2.279015906551629,112.37075704321471,-0.4807647046177777,-0.3735219040749206,-0.8542866086926983,5.167376135027528E7,7.11709114334703E7,7.959984159237115E-20,3.4149071377248454E24,5.227803481784435E-33,7.200318476365096E-33,200.0,13.3322
0.036196313408352776,1.5662378627756192E15,2.3067374617942873,112.4313018492887,-0.4938563440876131,-0.3733361561734375,-0.8671925002610505,5.554034510559872E7,7.60978545640251E7,7.829365410689991E-20,3.353761353411831E24,5.470029793289149E-33,7.494687526322936E-33,200.0,13.3322
0.036429130044150715,1.5910386054562528E15,2.3339228706227915,112.49084493116054,-0.5341206269331926,-0.3728977019178628,-0.9070183288510554,6.267710725858429E7,8.547220354313958E7,7.699134957490159E-20,3.293798154012004E24,5.707571347131813E-33,7.783363356358902E-33,200.0,13.3322
0.03667133070431411,1.61654483187953E15,2.361675759254493,112.55181645564878,-0.49483476966128176,-0.37322164180132367,-0.8680564114626055,6.0534175757986E7,8.218372146253899E7,7.585041925222409E-20,3.2325832572472725E24,5.950071444547472E-33,8.078065128629179E-33,200.0,13.3322
0.0369135313644775,1.6417779508074972E15,2.3889273131305564,112.61187462722329,-0.4814731361973733,-0.3732868896425156,-0.8547600258398889,6.125675868033386E7,8.282912735382679E7,7.4705605976056E-20,3.172474160881131E24,6.188190962748713E-33,8.367443338262503E-33,200.0,13.3322
0.03715573202464089,1.6667125804663025E15,2.415652677431271,112.67101944588407,-0.49423628086691584,-0.37310948288952195,-0.8673457637564378,6.525348957047055E7,8.790851219282669E7,7.356079269988789E-20,3.113525687503143E24,6.421712724479465E-33,8.65123405743805E-33,200.0,13.3322
0.037397932684804285,1.6913233229533538E15,2.4418272671823344,112.72925091163114,-0.594499364378642,-0.37271854053759523,-0.9672179049162373,8.128657743607202E7,1.0913926730331972E8,7.242253431084104E-20,3.055792064501454E24,6.650421910347682E-33,8.92917622376356E-33,200.0,13.3322
0.03764989560653679,1.7166189286998145E15,2.4685195721080615,112.78894289364395,-0.46983670960936263,-0.37298260892187485,-0.8428193185312375,6.554133951016081E7,8.713993638254447E7,7.141125730042777E-20,3.0050108499150477E24,6.785004212813247E-33,9.020945251938015E-33,200.0,13.3322
0.0379018585282693,1.7417355407390855E15,2.4948705685066996,112.84779010011502,-0.47723854817082545,-0.3730201489322732,-0.8502586971030986,6.641641346441873E7,8.65628665201567E7,7.039342540288441E-20,2.967097128690096E24,6.768955496115314E-33,8.8222196973195E-33,200.0,13.3322
0.03815382145000181,1.766654354188355E15,2.5208631715288656,112.9057925310443,-0.49870154220367097,-0.3728604333570005,-0.8715619755606714,6.924106646743737E7,8.844602643549761E7,6.937559350534105E-20,2.929699062598593E24,6.753125054038897E-33,8.62619695975707E-33,200.0,13.3322
0.038405784371734315,1.7913564832736408E15,2.5464803903442554,112.96295018643184,-0.525877612668063,-0.37251249287465593,-0.8983901055427188,7.284557968525314E7,9.117699918657821E7,6.835973497076753E-20,2.8928410979876055E24,6.737523234618575E-33,8.433005175284916E-33,200.0,13.3322
0.03866790303765849,1.8168571404529478E15,2.5727731618722154,113.02157931013704,-0.49722833556818685,-0.37272847943641174,-0.8699568150045986,6.871332473436867E7,8.418270648132238E7,6.744362036754184E-20,2.855011150502435E24,6.72150997898785E-33,8.234718722457585E-33,200.0,13.3322
0.03893002170358266,1.8421707885640782E15,2.598718494023526,113.07941573014709,-0.4904105059984314,-0.37275304597792863,-0.8631635519763601,6.761182673017946E7,8.105557186469541E7,6.652553240135513E-20,2.8176810975741734E24,6.705708326593725E-33,8.039052477298172E-33,200.0,13.3322
0.03919214036950683,1.8672796054150512E15,2.624300465277534,113.13645944646197,-0.49704892176911264,-0.3725953206908973,-0.8696442424600099,6.836783171834415E7,8.018122509121266E7,6.560744443516842E-20,2.780873847030915E24,6.690127974222252E-33,7.846126511661805E-33,200.0,13.3322
0.039454259035431,1.892165707891197E15,2.649503256316147,113.1927104590817,-0.5173622247803623,-0.37226257108417754,-0.8896247958645398,7.099860613925606E7,8.14363492235646E7,6.469093048534069E-20,2.744612159652063E24,6.674778556414401E-33,7.656060126644891E-33,200.0,13.3322
0.03972694278807778,1.9178396310263412E15,2.6753438461304673,113.25044601375637,-0.4975178679387713,-0.37245259173976436,-0.8699704596785356,6.811434689413436E7,7.631935054693311E7,6.386144898722271E-20,2.707432809631011E24,6.659040695918966E-33,7.461183793893173E-33,200.0,13.3322
0.03999962654072456,1.9433123542030758E15,2.7008220133221372,113.30743508884343,-0.49078844945996875,-0.37246509375927406,-0.8632535432192427,6.7036457780598044E7,7.334823650868635E7,6.303039347273692E-20,2.6707749120086806E24,6.643523564002741E-33,7.269040664683473E-33,200.0,13.3322
0.04027231029337134,1.9685667064291568E15,2.7259226611407765,113.36367768434286,-0.4973681660322053,-0.37230742329872507,-0.8696755893309304,6.777885319823886E7,7.239587479925685E7,6.219933795825114E-20,2.634660187936585E24,6.628236355136638E-33,7.079744590881084E-33,200.0,13.3322
0.04054499404601812,1.9935854775424942E15,2.750630809613142,113.41917380025467,-0.5174723693668022,-0.37198615924439044,-0.8894585286111927,7.035845466841257E7,7.333975057126614E7,6.136962217472181E-20,2.599110190547706E24,6.613188192670041E-33,6.893408543678664E-33,200.0,13.3322
0.040828668727084294,2.019383515355491E15,2.775942643177401,113.47616842766044,-0.49782855552227223,-0.37215260823132484,-0.869981163753597,6.752978650779633E7,6.860190186919229E7,6.061636098148527E-20,2.562691613165285E24,6.597772363991966E-33,6.702519816460409E-33,200.0,13.3322
0.04111234340815047,2.0449661236366425E15,2.8008777139114964,113.5324579293614,-0.49117588842745574,-0.37215316220332423,-0.86332905063078,6.647400203561185E7,6.578615977698946E7,5.986176005729666E-20,2.5268151208218766E24,6.582585997601848E-33,6.514472439195345E-33,200.0,13.3322
0.04139601808921664,2.0703167471050572E15,2.8254217355462123,113.58804230535755,-0.49770817535466677,-0.37199446253866314,-0.8697026378933299,6.72050971139244E7,6.476700114136546E7,5.910715913310805E-20,2.491501268551535E24,6.567637794358049E-33,6.329374151519975E-33,200.0,13.3322
0.04167969277028282,2.0954188110586475E15,2.8495605514986124,113.64292155564888,-0.5176358396578933,-0.3716825060895388,-0.8893183457474321,6.973945263972163E7,6.542281572628655E7,5.835370715977255E-20,2.456770424796154E24,6.55293637613526E-33,6.147331715044106E-33,200.0,13.3322
0.04197480138565468,2.1212896151521698E15,2.8742667111886098,113.69931429475338,-0.4981629617735997,-0.37182657295881316,-0.8699895347324129,6.696182028062285E7,6.1053361257631265E7,5.766776112398678E-20,2.4212232888603724E24,6.537889424909571E-33,5.961010666207332E-33,200.0,13.3322
0.04226991000102655,2.146930888707137E15,2.8985826760743105,113.75503910946097,-0.4915778837908984,-0.3718152456836483,-0.8633931294745467,6.5926996903406516E7,5.839295817212603E7,5.698066613733466E-20,2.3862375638408887E24,6.523080116533376E-33,5.777632264309598E-33,200.0,13.3322
0.042565018616398415,2.1723266691304355E15,2.9224949638392195,113.81009599977165,-0.49807173679540967,-0.371654570624042,-0.8697263074194517,6.664877390215085E7,5.731767783988663E7,5.629357115068254E-20,2.3518326480474026E24,6.508516662228541E-33,5.597298185992747E-33,200.0,13.3322
0.04286012723177028,2.1974609923357655E15,2.945990233046984,113.86448496568542,-0.5463727417703332,-0.3713532650061586,-0.9177260067764919,7.295136283962774E7,6.0885698622525245E7,5.560813749489782E-20,2.3180277370917622E24,6.494207187415796E-33,5.420109045453621E-33,200.0,13.3322
0.0431671306433521,2.2233333493828818E15,2.969986131726879,113.92040446422179,-0.5059685456543452,-0.37147192707286086,-0.877440472727206,6.740459119078822E7,5.4500706744127385E7,5.498161836247308E-20,2.283502522206956E24,6.479592811018028E-33,5.23914441695941E-33,200.0,13.3322
0.04347413405493392,2.2489912745766045E15,2.993623130883956,113.97568869580182,-0.4484214232369937,-0.3714463551950827,-0.8198677784320764,5.960550361354955E7,4.665854468691993E7,5.435343789921187E-20,2.2494936906971874E24,6.465197017503338E-33,5.060886422614641E-33,200.0,13.3322
0.04378113746651574,2.274420384494313E15,3.0168895868667223,114.03033766042554,-0.47383852413345656,-0.3712853038723122,-0.8451238280057687,3.325720925362087E10,4.799511124868898E7,5.3725257435950654E-20,2.2208645936319907E24,3.413793058674118E-30,4.9266123438552766E-33,200.0,13.3322
0.044088140878097565,2.299606290701251E15,3.0397739710632368,114.08435135809293,-0.5557411494036035,-0.3709994632092092,-0.9267406126128128,1.2672520243232309E11,5.537951564404872E7,5.3098459362209235E-20,2.1988587434808835E24,1.1091038008652495E-29,4.846836312902547E-33,200.0,13.3322
0.0444075185235252,2.3256564856499685E15,3.063323476206766,114.139908469896,-0.4998267527398388,-0.3710873263322287,-0.8709140790720675,1.9516193875463602E11,4.896402368549964E7,5.251780880091935E-20,2.1762133064496276E24,1.8991417493855636E-29,4.764741639298098E-33,200.0,13.3322
0.04472689616895284,2.3515451493733115E15,3.086596814264872,114.19485325848319,-0.4963230125849462,-0.37104571536321496,-0.8673687279481612,2.7346619836610883E11,4.779289671582017E7,5.1935775850118493E-20,2.15383343441878E24,2.679914854492531E-29,4.6836096970376824E-33,200.0,13.3322
0.04504627381438047,2.377260375454703E15,3.1095849459143565,114.2491857238545,-0.499903276831799,-0.3708853275723739,-0.8707886044041729,3.547025185746913E11,4.731400749548576E7,5.135374289931764E-20,2.1317278196909195E24,3.451119865297773E-29,4.6034719976236856E-33,200.0,13.3322
0.04536565145980811,2.4027902276842775E15,3.132278891420909,114.30290586600991,-0.5107066362659247,-0.37060904188069055,-0.8813156781466154,4.423082861437991E11,4.750582729272534E7,5.077222919914204E-20,2.1099050972673626E24,4.212455529998774E-29,4.524359844828854E-33,200.0,13.3322
0.04569790210117179,2.4291668845467295E15,3.15559085224374,114.35817775667951,-0.5002343099358779,-0.37067358292007296,-0.8709078928559508,5.136719555131727E11,4.569589102551777E7,5.023154837830116E-20,2.087488085204008E24,4.994524350222624E-29,4.443093261808707E-33,200.0,13.3322
0.04603015274253548,2.455370982944268E15,3.178615420975019,114.41285733292048,-0.49673041351680763,-0.37062138461124194,-0.8673517981280496,5.88959341488998E11,4.455609714677221E7,4.969034830684387E-20,2.0653474322179608E24,5.766951750932685E-29,4.362828541027646E-33,200.0,13.3322
0.04636240338389918,2.4813907467203115E15,3.2013438002808066,114.46694459473291,-0.5003309977281283,-0.37045533952394283,-0.8707863372520711,6.716635237990559E11,4.406402806067623E7,4.9149148235386575E-20,2.043491597912537E24,6.529442599487515E-29,4.283596350402213E-33,200.0,13.3322
0.04669465402526286,2.507214378422687E15,3.2237672585671704,114.52043954211675,-0.5111724631148552,-0.37017815924624997,-0.8813506223611052,7.652770941891772E11,4.419730693112865E7,4.860841270782787E-20,2.0219289786748092E24,7.28170396868904E-29,4.205427128676218E-33,200.0,13.3322
0.047040296528008396,2.533885430743654E15,3.2467867272022666,114.57549675205708,-0.500674380343332,-0.3702270677014252,-0.8709014480447572,8.290545307771398E11,4.246357331112351E7,4.810491553527673E-20,1.9997932299916879E24,8.053960271556454E-29,4.125180187068389E-33,200.0,13.3322
0.04738593903075393,2.5603727070844755E15,3.269507810101016,114.6299801715333,-0.497169691400204,-0.37016403541759996,-0.867333726817804,9.011656649063087E11,4.135670374841297E7,4.760095381882701E-20,1.9779444119834268E24,8.816206340511338E-29,4.0459734320582965E-33,200.0,13.3322
0.04773158153349946,2.58666456505634E15,3.2919219657997054,114.68388980054543,-0.5007919731280467,-0.3699917850316578,-0.8707837581597044,9.851533417216273E11,4.085351113991692E7,4.709699210237729E-20,1.9563907382060013E24,9.568155626837346E-29,3.9678366395869355E-33,200.0,13.3322
0.04807722403624499,2.6127493492251495E15,3.3140207244278037,114.73722563909344,-0.5116741098399096,-0.36971288591907436,-0.8813869957589839,1.0845518039571377E12,4.093082712079318E7,4.659344791350519E-20,1.9351403533706737E24,1.0309523983623625E-28,3.8907993360181294E-33,200.0,13.3322
0.04843679817946966,2.639680712335626E15,3.336691626135473,114.79213549116349,-0.5011487165889956,-0.3697462260006229,-0.8708949425896185,1.140606612317514E12,3.9274554922745995E7,4.612394695582418E-20,1.9133397900920063E24,1.107008657579147E-28,3.8117675149812857E-33,200.0,13.3322
0.04879637232269433,2.666416982990647E15,3.359053519750454,114.84648874782125,-0.49764325104513424,-0.3696721409923223,-0.8673153920374566,1.2093840110150237E12,3.820224774897537E7,4.565402847057436E-20,1.8918363720511038E24,1.182028257561967E-28,3.7338129105719574E-33,200.0,13.3322
0.049155946465919,2.692946659453143E15,3.3810981353263725,114.90028540906668,-0.5012878988279778,-0.36949320908432176,-0.8707811079122996,1.2944622332538093E12,3.76900048005469E7,4.518410998532455E-20,1.8706380517101833E24,1.2559834543245751E-28,3.6569643522090306E-33,200.0,13.3322
0.049515520609143666,2.7192582349263595E15,3.4028172799944962,114.9535254748998,-0.5275181391802228,-0.36921370674718246,-0.8967318459274053,1.4412208803924653E12,3.8840993567411035E7,4.4714878425601235E-20,1.849752707412837E24,1.3288467624605218E-28,3.581250400615133E-33,200.0,13.3322
0.04988958792855242,2.746401074901399E15,3.4250634347971185,115.00835306759511,-0.5056260321287814,-0.3692292527740952,-0.8748552849028766,1.4589933261969338E12,3.642289760132579E7,4.427639366678726E-20,1.8283605849584602E24,1.4034780822934069E-28,3.5036992671053434E-33,200.0,13.3322
0.05026365524796117,2.7733580327086645E15,3.447020468639257,115.06263951642754,-0.4747971764982839,-0.3691425619670629,-0.8439397384653469,1.4419422684220073E12,3.3454939516066015E7,4.3837221982429123E-20,1.8072464840788532E24,1.4771394601716616E-28,3.4271560227523954E-33,200.0,13.3322
0.050637722567369925,2.800118361294061E15,3.468680974879451,115.1163848213971,-0.4823508245715244,-0.36895791541532236,-0.8513087399868468,1.1877583186328328E14,3.3440803526750185E7,4.339805029807099E-20,1.788556849302669E24,1.1976965826252359E-26,3.372061089863159E-33,200.0,13.3322
0.05101178988677868,2.826671306633105E15,3.49003761235339,115.16958898250381,-0.5354699817091475,-0.3686817033709884,-0.9041516850801359,5.3008560568024006E14,3.699139783681925E7,4.295954258817573E-20,1.7745646462048209E24,4.8149594805213274E-26,3.360062597503738E-33,200.0,13.3322
0.05140093455161689,2.854159996737618E15,3.5120472852112963,115.22439229754215,-0.5027165156741037,-0.3686748886242271,-0.8713914042983308,8.829643063641479E14,3.4600913913814016E7,4.254589490567492E-20,1.7601445946812217E24,8.542829709197899E-26,3.34769721967021E-33,200.0,13.3322
0.05179007921645511,2.8815075124281725E15,3.533836135639598,115.27866452411145,-0.5008394914103806,-0.36857373763530016,-0.8694132290456809,1.2596804158833685E15,3.434567170159763E7,4.213158324871566E-20,1.7458692191295473E24,1.2233298320573712E-25,3.335455903325183E-33,200.0,13.3322
0.05217922388129331,2.9087047111713185E15,3.5553983456107443,115.33240566221174,-0.5029485487313838,-0.36838463017343864,-0.8713331789048224,1.6426287116185575E15,3.436503809823841E7,4.171727159175639E-20,1.7317423313400772E24,1.5885379891019857E-25,3.3233419171273685E-33,200.0,13.3322
0.052568368546131526,2.935742427712829E15,3.5767281306987435,115.385615711843,-0.509133221953657,-0.36810875981062907,-0.877241981764286,2.0409946049459275E15,3.4662180914587796E7,4.130315878593332E-20,1.7177677210883958E24,1.9498094688144085E-25,3.311358510857597E-33,200.0,13.3322
0.05297319827146385,2.9637118465899975E15,3.5986816130303834,115.44043353455717,-0.5032990744280598,-0.36808364614926,-0.8713827205773197,2.402371387127599E15,3.4137360951159246E7,4.091158251890296E-20,1.7033844838459147E24,2.3216447692673126E-25,3.299024701738989E-33,200.0,13.3322
0.05337802799679617,2.9915305606488755E15,3.6204049836981333,115.49472891551245,-0.501408424946878,-0.3679715684622755,-0.8693799934091535,2.7726481057892655E15,3.388330895760266E7,4.0519807400749654E-20,1.6891520085920778E24,2.689582572348835E-25,3.2868201729457314E-33,200.0,13.3322
0.05378285772212849,3.0191893612247935E15,3.6418924623642726,115.54850185470886,-0.5035515357080244,-0.3677737182224237,-0.8713252539304481,3.161284967700471E15,3.390315211749365E7,4.0128032282596346E-20,1.675074082423963E24,3.0535249740644913E-25,3.274748171961799E-33,200.0,13.3322
0.05418768744746082,3.0466790210692645E15,3.6631383056162123,115.60175235214636,-0.5098168856497403,-0.36749126043744695,-0.8773081460871872,3.5778030120668625E15,3.419987365932897E7,3.973644156396131E-20,1.6611544682464525E24,3.413374695836182E-25,3.262811925526051E-33,200.0,13.3322
0.054608834443220816,3.0751086536398825E15,3.6849950045433717,115.65662081985381,-0.5039213466332634,-0.3674527418015491,-0.8713740884348125,3.919971041123292E15,3.367716404318549E7,3.9365923654488193E-20,1.6468346404734466E24,3.783570735339946E-25,3.250532490835094E-33,200.0,13.3322
0.055029981438980816,3.1033777431827975E15,3.706612276029011,115.71097502176914,-0.5020176687092855,-0.36732940691558974,-0.8693470756248753,4.2830697917101975E15,3.342458867740621E7,3.899522134550123E-20,1.632671678096176E24,4.14971149225531E-25,3.2383875702187996E-33,200.0,13.3322
0.055451128434740815,3.131477021371455E15,3.7279843894364735,115.76481495789233,-0.5041950178894017,-0.3671224185235768,-0.8713174364129785,4.676888324566345E15,3.344508957760345E7,3.862451903651426E-20,1.6186693356491322E24,4.51169990439547E-25,3.22638038323831E-33,200.0,13.3322
0.055872275430500815,3.1593972055311935E15,3.749105654389536,115.81814062822339,-0.5105404793587199,-0.3668329216105516,-0.8773734009692715,5.111253363886818E15,3.374145183522621E7,3.8253988516415697E-20,1.6048313412894237E24,4.869439591481401E-25,3.214514126835828E-33,200.0,13.3322
0.056310397388793454,3.1882644843682595E15,3.770823317460582,115.87309540420792,-0.5045848416653955,-0.36678073123111027,-0.8713655728965057,5.433232599406108E15,3.3221267381461866E7,3.790318176318311E-20,1.5906026054750177E24,5.237280722613423E-25,3.202312804659506E-33,200.0,13.3322
0.05674851934708611,3.216961116400061E15,3.7922922817294777,115.92754365129753,-0.5026689444663108,-0.3666458102324014,-0.8693147546987122,5.788404309453592E15,3.297047327616171E7,3.755220322105769E-20,1.5765368093628062E24,5.600909538249309E-25,3.190251205352997E-33,200.0,13.3322
0.057186641305378746,3.245477781694404E15,3.8135068793014533,115.98148536949225,-0.5048804995798739,-0.366429301199446,-0.8713098007793199,6.186853949244108E15,3.2991812284388628E7,3.720122467893227E-20,1.562637666380751E24,5.960230038887795E-25,3.1783325132280714E-33,200.0,13.3322
0.05762476326367139,3.2738051502912715E15,3.834461485857511,116.03492055879208,-0.5113048189218568,-0.3661323362871802,-0.877437155209037,6.638677821823686E15,3.328785699458002E7,3.6850406966054664E-20,1.548908861407325E24,6.315146963088676E-25,3.16655988811495E-33,200.0,13.3322
0.058080544385870285,3.3030855585692965E15,3.8559964359639123,116.08999694055429,-0.5052910628869673,-0.3660661843662165,-0.8713572472531839,6.939519403839264E15,3.2770649896887194E7,3.651806481242915E-20,1.5347998334314325E24,6.679893408417378E-25,3.154461216934739E-33,200.0,13.3322
0.05853632550806918,3.3321850009981085E15,3.877273538323342,116.14457411548732,-0.5033640085039174,-0.3659193344657283,-0.8692833429696456,7.286011939570606E15,3.2521960255745705E7,3.618556182955361E-20,1.5208597392611706E24,7.040272578749888E-25,3.142507408644377E-33,200.0,13.3322
0.05899210663026807,3.361094115675981E15,3.898287201741723,116.19865208359118,-0.5056095135424417,-0.3656929162302579,-0.8713024297726996,7.68849839421518E15,3.25443167295285E7,3.5853058846678074E-20,1.5070922420725983E24,7.39618977369662E-25,3.130701604463987E-33,200.0,13.3322
0.05944788775246696,3.3898035350588645E15,3.919031881861469,116.25223084486592,-0.5121106977261161,-0.3653880562746135,-0.8774987540007296,8.157302013267644E15,3.2840064468556788E7,3.552070725613359E-20,1.4935009743559652E24,7.747551086157198E-25,3.119046919300223E-33,200.0,13.3322
0.05992203981771023,3.419470746988667E15,3.940339289989367,116.30746384565812,-0.5060415840587359,-0.3653076083804095,-0.8713491924391454,8.436104476228715E15,3.2326325365977403E7,3.5205671044210264E-20,1.4795410247909598E24,8.108443557949292E-25,3.107076084755993E-33,200.0,13.3322
0.06039619188295349,3.448946516906311E15,3.961379908083945,116.36220456279744,-0.5041047347807708,-0.36514844819841447,-0.8692531829791852,8.77317132287483E15,3.2080082365724925E7,3.4890483439960316E-20,1.4657558677388325E24,8.464817295506024E-25,3.095255137017691E-33,200.0,13.3322
0.06087034394819675,3.4782214521175465E15,3.9821482363834546,116.41645299628392,-0.5063837139302306,-0.36491169974603466,-0.8712954136762653,9.179057392150206E15,3.2103634638450276E7,3.457529583571036E-20,1.45214910647203E24,8.816579147065358E-25,3.083587165937333E-33,200.0,13.3322
0.06134449601344001,3.507286158712059E15,4.002638825129298,116.47020914611755,-0.5129589944798116,-0.3645984916748899,-0.8775574861547015,9.664263495110878E15,3.239908472357895E7,3.4260251585046143E-20,1.438724311502494E24,9.163636807789498E-25,3.0720752332743825E-33,200.0,13.3322
0.061837759490193545,3.537312217679364E15,4.023673018774998,116.52563354479824,-0.5068381603902021,-0.364503335694971,-0.8713414960851731,9.92019059953801E15,3.188934345797746E7,3.396143856160161E-20,1.4249433635489952E24,9.51990173177202E-25,3.060257894891761E-33,200.0,13.3322
0.06233102296694708,3.567136266790898E15,4.044431776112752,116.58057219055854,-0.5048932331683658,-0.36433141034744565,-0.8692246435158114,1.0247100838117868E16,3.164590871946665E7,3.3662482184569126E-20,1.4113428728779684E24,9.871501475954207E-25,3.0485953009271422E-33,200.0,13.3322
0.06282428644370061,3.5967488952010265E15,4.064909704136483,116.63502508339843,-0.5072050075175547,-0.3640838416234716,-0.8712888491410263,1.0655708378145964E16,3.1670834608494475E7,3.336352580753665E-20,1.397926372818874E24,1.0218344696739395E-24,3.037090481255538E-33,200.0,13.3322
0.06331754992045414,3.626140695286405E15,4.085101462874032,116.68899222331792,-0.5138508244753561,-0.36376176763509876,-0.877612592110455,1.115663545655718E16,3.1965965998302456E7,3.3064705926009615E-20,1.3846973619550005E24,1.0560340948788604E-24,3.025746435956675E-33,200.0,13.3322
0.06383069512287809,3.656496228403392E15,4.105816266362566,116.74464257579776,-0.5076828821079397,-0.36365136938588155,-0.8713342514938212,1.1388935452566252E16,3.1460792056918077E7,3.278109780114508E-20,1.3711256684757594E24,1.091119622826655E-24,3.0141085359507693E-33,200.0,13.3322
0.06434384032530202,3.686639163970093E15,4.126247376304433,116.7998133090912,-0.5057320119075841,-0.3634661034695696,-0.8691981153771537,1.1704985080477826E16,3.122054728738856E7,3.2497353180768456E-20,1.3577398421643877E24,1.125724647164282E-24,3.0026300194084945E-33,200.0,13.3322
0.06485698552772595,3.716560086978E15,4.146389522149424,116.85450442319828,-0.5080757329210596,-0.3632071053042837,-0.8712828382253432,1.211559842325416E16,3.1247025283164576E7,3.221360856039183E-20,1.3445433361210782E24,1.1598402409406932E-24,2.991313847407243E-33,200.0,13.3322
0.06537013073014988,3.7462495900581315E15,4.166237489233063,116.90871591811894,-0.5395985693451288,-0.3628808363691045,-0.9024794057142334,1.324024491942502E16,3.306199422852835E7,3.1930577849064714E-20,1.3315395668314336E24,1.1934575718608433E-24,2.980162949626931E-33,200.0,13.3322
0.06590395902107415,3.776885914878425E15,4.186570647670864,116.96462749786002,-0.4891344068622737,-0.3627478469978676,-0.8518822538601414,1.2348331715480284E16,2.9855100942049723E7,3.1660569126238516E-20,1.318217915291971E24,1.2278966916444956E-24,2.96873946376889E-33,200.0,13.3322
0.06643778731199843,3.8073840029997685E15,4.206684246149639,117.02006302516894,-0.48331954009579114,-0.36254450238600916,-0.8458640424818002,3.1601501207145252E16,3.030097217585344E7,3.138984649436723E-20,1.309308491837962E24,3.180204994704793E-24,3.049326752751602E-33,200.0,13.3322
0.0669716156029227,3.837736485271111E15,4.226574174205489,117.0750225000457,-0.5134303551126695,-0.3622772457160071,-0.8757076008286766,6.417540156589677E16,3.3519774938619774E7,3.1119123862495937E-20,1.3026536727013828E24,6.079513235319122E-24,3.175420962111272E-33,200.0,13.3322
0.06750544389384697,3.8679359781945075E15,4.246236352751478,117.12950592249032,-0.5288228563333346,-0.36194857187003,-0.8907714282033646,9.726107209006408E16,3.587994675089364E7,3.084856508665556E-20,1.2960750545340742E24,8.945622963154442E-24,3.300071330432537E-33,200.0,13.3322
0.0680607889362346,3.899261343236217E15,4.266508398726124,117.18569964083403,-0.5099743909536643,-0.36179158650161863,-0.8717659774552828,1.24777599312265E17,3.594859454093156E7,3.058773735163667E-20,1.2892923854811308E24,1.1900631638065962E-23,3.428588014962424E-33,200.0,13.3322
0.06861613397862223,3.9304765250595595E15,4.28658166817871,117.24141592000059,-0.5094207101460281,-0.3615719835967434,-0.8709926937427714,1.5528815164596426E17,3.724239542960181E7,3.032674576059351E-20,1.282576223546725E24,1.482666512479022E-23,3.555844535638624E-33,200.0,13.3322
0.06917147902100987,3.961574839276379E15,4.306452451491291,117.29665475998999,-0.5104559082909319,-0.36129224200590093,-0.8717481502968328,1.860022483905001E17,3.8640142813644715E7,3.006575416955035E-20,1.275927809903596E24,1.772318268100549E-23,3.681817374963214E-33,200.0,13.3322
0.06972682406339749,3.992549580884427E15,4.326117063700196,117.35141616080226,-0.5131219049647692,-0.3609525804315694,-0.8740744853963386,2.1721394548638205E17,4.015713439905614E7,2.980480775728475E-20,1.269348377475597E24,2.058964715818574E-23,3.806483171736529E-33,200.0,13.3322
0.07030455312225,4.02464994379437E15,4.3463632528245455,117.40789701852069,-0.5109829629220572,-0.36077687315738893,-0.8717598360794462,2.473133061020249E17,4.133817449478491E7,2.9553033386082443E-20,1.2625743596687356E24,2.354088674057314E-23,3.934835934150383E-33,200.0,13.3322
0.07088228218110249,4.05663304524905E15,4.366402091233942,117.46389864811779,-0.5104268860437216,-0.36054110286844054,-0.8709679889121621,2.7769805145307123E17,4.262636049044955E7,2.9301213836095954E-20,1.255869717754134E24,2.646190129475171E-23,4.0618741757480385E-33,200.0,13.3322
0.07146001123995498,4.0884920117885185E15,4.386229843846355,117.51942104959359,-0.5114964640778337,-0.3602454799328296,-0.8717419440106633,3.086744942847984E17,4.403757523402797E7,2.9049394286109466E-20,1.249235701424365E24,2.935214636655943E-23,4.1875742175994206E-33,200.0,13.3322
0.07203774029880748,4.120219950242699E15,4.4058428024000404,117.57446422294808,-0.5142335071179605,-0.359890286744981,-0.8741237938629416,3.405523818570327E17,4.558779231229308E7,2.879762275907888E-20,1.2426735513984072E24,3.221108141136486E-23,4.311912550804382E-33,200.0,13.3322
0.0726387555955455,4.153096277800158E15,4.426026461775327,117.631236273628,-0.5120576168540787,-0.35969608611963383,-0.8717537029737126,3.700854551605707E17,4.674199258509676E7,2.85545729545897E-20,1.23592045494277E24,3.5153206178644174E-23,4.43986889955362E-33,200.0,13.3322
0.07323977089228353,4.1858478952584805E15,4.445994149140839,117.68752704715882,-0.511501359062744,-0.3594420380031252,-0.8709433970658691,4.002927656323904E17,4.802245090866546E7,2.831147512714905E-20,1.2292396189125884E24,3.806384921175526E-23,4.566456071916711E-33,200.0,13.3322
0.07384078618902157,4.218467739152998E15,4.46574211362866,117.74333654354058,-0.5126073692136649,-0.3591284169580127,-0.8717357861716776,4.314962876029857E17,4.9445722037579596E7,2.8068377299708405E-20,1.2226322982821158E24,4.094246375546441E-23,4.691650288887357E-33,200.0,13.3322
0.0744418014857596,4.2509487273387605E15,4.48526663340791,117.79866476277324,-0.5154173189676748,-0.3587555833615079,-0.8741729023291828,4.640207410758318E17,5.102842245507018E7,2.782533117905961E-20,1.2160997383103241E24,4.3788507287199006E-23,4.8154279555425026E-33,200.0,13.3322
0.07506704160719398,4.284600469615882E15,4.505349471751441,117.85573110434551,-0.5132073636196499,-0.35854020655553254,-0.8717475701751825,4.9291969982379226E17,5.2153005576299086E7,2.75905373656556E-20,1.2093803747937708E24,4.6715935608750904E-23,4.9427451391700625E-33,200.0,13.3322
0.07569228172862835,4.3181196400224455E15,4.525207694119378,117.91231376633212,-0.5126537258367684,-0.35826516798429137,-0.8709188938210597,5.2289806758314726E17,5.342366372822692E7,2.735569184546194E-20,1.2027361638211863E24,4.961062218547669E-23,5.068638347116434E-33,200.0,13.3322
0.07631752185006271,4.3514989838243565E15,4.544837543978595,117.96841274873313,-0.5137988517958562,-0.3579308207701896,-0.8717296725660457,5.542926926435753E17,5.485758722167289E7,2.712084632526829E-20,1.1961683622623036E24,5.247201943633856E-23,5.193083764460162E-33,200.0,13.3322
0.07694276197149709,4.3847312287755445E15,4.564235296091285,118.02402805154851,-0.5166842765222603,-0.35753762135124056,-0.874221897873501,5.874424920143447E17,5.647200180617048E7,2.688605725198517E-20,1.1896782165159907E24,5.5299584342144E-23,5.3160577746796277E-33,200.0,13.3322
0.07759320333559047,4.4191560715278215E15,4.5841774391934065,118.08139038837362,-0.514443807805225,-0.35729761227615275,-0.8717414200813778,6.15641238985984E17,5.756430570210758E7,2.665902405650402E-20,1.1830059271458257E24,5.820650384779228E-23,5.44248300660297E-33,200.0,13.3322
0.07824364469968384,4.4534400064238395E15,4.6038863182729965,118.13826616775941,-0.5138963358335674,-0.35699808094323393,-0.8708944167768014,6.453401381692895E17,5.882317847083752E7,2.643193441411454E-20,1.1764116838036133E24,6.107942100306176E-23,5.567429437677431E-33,200.0,13.3322
0.07889408606377721,4.487575585552063E15,4.623358181568782,118.19465538970593,-0.5150841124508886,-0.35663947721840195,-0.8717235896692905,6.768900695776905E17,6.0266409047978915E7,2.6204844771725065E-20,1.1698967417625066E24,6.391778892249632E-23,5.6908732832331966E-33,200.0,13.3322
0.07954452742787059,4.521555344814132E15,4.642589310905956,118.25055805421316,-0.5180485804913506,-0.35622237764760056,-0.8742709581389512,7.106433673619373E17,6.19118011921661E7,2.5977817699486414E-20,1.1634623450582203E24,6.672106561646054E-23,5.8127909715252536E-33,200.0,13.3322
0.08022118580857888,4.556748871236283E15,4.662349312171365,118.3082161187657,-0.5157819545640275,-0.3559532667766646,-0.8717352213406921,7.380785443262339E17,6.2969331056672424E7,2.5758012974235755E-20,1.1568509971342548E24,6.960143473305468E-23,5.938061496864081E-33,200.0,13.3322
0.0808978441892872,4.591792592627106E15,4.6818674062514605,118.36538411261817,-0.5152451463100169,-0.35562470444129535,-0.8708698507513123,7.674495092696332E17,6.421457981430554E7,2.553814567883427E-20,1.1503205870880727E24,7.244654160566916E-23,6.0617984271499316E-33,200.0,13.3322
0.0815745025699955,4.626678864920208E15,4.701139856753582,118.42206203577054,-0.5164802498821054,-0.3552372614459815,-0.8717175113280868,7.991203323518953E17,6.566590061736695E7,2.5318278383432785E-20,1.1438723650507602E24,7.525584158909465E-23,6.183978075143866E-33,200.0,13.3322
0.0822511609507038,4.661400029369583E15,4.720162963191327,118.47824988822279,-0.5195287200892607,-0.35479166704516596,-0.8743203871344265,8.334560578650335E17,6.734165071966472E7,2.5098481624957262E-20,1.1375075691398045E24,7.802879527209276E-23,6.304576981238287E-33,200.0,13.3322
0.0829550930642787,4.697355254492231E15,4.7396977717546385,118.53620067648333,-0.51724127306354,-0.3544876509161881,-0.8717289239797281,8.600682163986995E17,6.836214043860136E7,2.4885323357000878E-20,1.1309715667223246E24,8.087633857578884E-23,6.428419874679966E-33,200.0,13.3322
0.08365902517785362,4.733151092622189E15,4.7589820288216105,118.59365703420225,-0.516720852210544,-0.35412415531168534,-0.8708450075222294,8.890661973239313E17,6.959214848051237E7,2.4672094552122954E-20,1.124519394416641E24,8.368735957452758E-23,6.550674371585161E-33,200.0,13.3322
0.08436295729142852,4.76877969890162E15,4.778012023935388,118.65061896137956,-0.5180094886941927,-0.35370190478312935,-0.8717113934773221,9.208264990272059E17,7.105056474552692E7,2.445886574724503E-20,1.1181522936761778E24,8.646131740370126E-23,6.671316949137594E-33,200.0,13.3322
0.08506688940500343,4.804233215519074E15,4.796784084893177,118.70708645801523,-0.5211488361365997,-0.35322182621169956,-0.8743706623482993,9.557263506641206E17,7.275628831994471E7,2.4245717944233932E-20,1.1118714931552239E24,8.91976767749069E-23,6.790324327036464E-33,200.0,13.3322
0.08579919456023306,4.840939941039846E15,4.816048946292116,118.76532321413094,-0.5188471159143063,-0.35287533616511035,-0.8717224520794167,9.814613253383716E17,7.373777406801407E7,2.4038556846429602E-20,1.1054258102979904E24,9.20058705125313E-23,6.912455863143677E-33,200.0,13.3322
0.08653149971546269,4.877476837348443E15,4.835054582150266,118.823060052316,-0.5183503990386572,-0.35246919935197013,-0.8708195983906273,1.0100464104108938E18,7.495124347894298E7,2.3831314746762867E-20,1.0990668597348452E24,9.47762775500491E-23,7.032944012732855E-33,200.0,13.3322
0.08726380487069232,4.913835851684384E15,4.853797318253205,118.88029697257042,-0.5197008285638277,-0.3520043392842748,-0.8717051678481025,1.0418699608173619E18,7.641610880426724E7,2.3624072647096132E-20,1.0927958707931331E24,9.750836230582722E-23,7.151765482750287E-33,200.0,13.3322
0.08799611002592195,4.950008920330716E15,4.872273521024772,118.93703397489418,-0.5229405572128765,-0.3514819434953589,-0.8744225007082354,1.077321198487146E18,7.81518205807444E7,2.3416925466932652E-20,1.0866140592033536E24,1.0020159512197651E-22,7.268897237772617E-33,200.0,13.3322
0.0887579318408871,4.987452835681301E15,4.891221774915919,118.99554483460683,-0.5206326360176491,-0.35108305771068443,-0.8717156937283335,1.1021317444533641E18,7.90927307469276E7,2.3215021408452452E-20,1.0802743076343439E24,1.0296363772452367E-22,7.38902160858188E-33,200.0,13.3322
0.08951975365585225,5.024715369949142E15,4.909902037518381,119.05354878390305,-0.5201690325668571,-0.3506241635230977,-0.8707931960899549,1.1302713791325272E18,8.028880884664577E7,2.3013022430468998E-20,1.0740242212240705E24,1.056866158644184E-22,7.507447021528294E-33,200.0,13.3322
0.0902815754708174,5.06178825174748E15,4.928310680626633,119.11104582278284,-0.5215922861160996,-0.3501064468555385,-0.8716987329716381,1.16214008434189E18,8.175999651030764E7,2.281102345248554E-20,1.0678650139061125E24,1.083700006666367E-22,7.624150475236195E-33,200.0,13.3322
0.09104339728578256,5.098663201078513E15,4.9464441191143935,119.16803595124618,-0.5280673057062744,-0.3495319348580146,-0.877599240564289,1.2052646483533706E18,8.402306154441977E7,2.26091816647012E-20,1.0617978852004945E24,1.1101326953571508E-22,7.739109241435145E-33,200.0,13.3322
0.09183592547380934,5.136817633157937E15,4.965026309737718,119.22680226143302,-0.5234240297848588,-0.34906695397501036,-0.8724909837598691,1.223816226587038E18,8.455199153532657E7,2.241165336147455E-20,1.055580611944783E24,1.1372195195284559E-22,7.856912917156819E-33,200.0,13.3322
0.09262845366183614,5.174788575689582E15,4.983332285039209,119.28505249027853,-0.5174869312837443,-0.34854157955116716,-0.8660285108349115,1.238325124672767E18,8.482766572642168E7,2.221396786805762E-20,1.0494557554642555E24,1.1639037110926804E-22,7.972965497926221E-33,200.0,13.3322
0.09342098184986294,5.212567764664486E15,5.0013584799206425,119.3427866377827,-0.5134217283443203,-0.3479578360815895,-0.8613795644259098,1.2563341475636398E18,8.536759693239036E7,2.2016282374640692E-20,1.0434245085779012E24,1.1901800732896212E-22,8.087244382442809E-33,200.0,13.3322
0.09421351003788972,5.250146927689345E15,5.0191013746462305,119.40000470394551,-0.5493810047086995,-0.34732600599683405,-0.8967070107055336,1.4987824005523523E18,1.6457956503540543E10,2.1819157316587493E-20,1.0416968587300852E24,1.326925989628645E-22,1.4570821096296238E-30,200.0,13.3322
0.09503798226548764,5.289251952776414E15,5.03728259301616,119.45899620489249,-0.5254544023992441,-0.3467672785926046,-0.8722216809918487,1.6628219792808658E18,4.196537181751542E10,2.16227784803658E-20,1.042664803014911E24,1.5391908618519863E-22,3.884523876914085E-30,200.0,13.3322
0.09586245449308556,5.328364166393698E15,5.055190225398966,119.51745284968548,-0.5267180532898111,-0.346151864670458,-0.8728699179602691,1.8932278099387343E18,6.7957986657873955E10,2.142583920877596E-20,1.0436181819396349E24,1.7482616305000169E-22,6.275438166304868E-30,200.0,13.3322
0.09668692672068346,5.367479435990294E15,5.072820890156388,119.57537463832455,-0.5267409434518456,-0.3454899698187555,-0.8722309132706012,2.1162250152665792E18,9.345328848846988E10,2.122889993718612E-20,1.0445568154702594E24,1.9540988151045642E-22,8.629373482759814E-30,200.0,13.3322
0.09751139894828138,5.406593598077474E15,5.090171249629945,119.63276157080963,-0.5254872897342205,-0.34478241533800597,-0.8702697050722265,2.330037115182336E18,1.1825821255355637E11,2.1032027218121373E-20,1.0454805259142129E24,2.1566634486593137E-22,1.0945884203139858E-29,200.0,13.3322
0.0983691027679685,5.447280225030632E15,5.107932894558496,119.69190422452304,-0.528116197739294,-0.3441120413740398,-0.8722282391133338,2.566851141375164E18,1.445986205576764E11,2.0834229254994548E-20,1.0464261326578252E24,2.3640298206220854E-22,1.331730716710085E-29,200.0,13.3322
0.09922680658765559,5.487958913462505E15,5.1254099027139794,119.75048784980092,-0.5295045445517093,-0.34339129112303185,-0.8728958356747412,2.79573056082318E18,1.7038150852104178E11,2.0636364739344836E-20,1.0473565857119466E24,2.5680730716016653E-22,1.56507272218294E-29,200.0,13.3322
0.1000845104073427,5.528624930226129E15,5.142598932493097,119.80851244664325,-0.5296163266959015,-0.34262097781410816,-0.8722373045100097,3.014838207027524E18,1.9540693378239734E11,2.0438500223695124E-20,1.0482717071739886E24,2.768754188536176E-22,1.7945698217499218E-29,200.0,13.3322
0.10094221422702981,5.569273509149688E15,5.1594966894923235,119.86597801505006,-0.528414985550602,-0.3418022917341015,-0.8702172772847035,3.222326919973398E18,2.1947396739834494E11,2.0240722103823563E-20,1.0491713216542164E24,2.9660347094188757E-22,2.0201780306100409E-29,200.0,13.3322
0.10183448908806325,5.611537772428866E15,5.176776104939973,119.9251761719542,-0.5312321886024385,-0.34100280658875826,-0.8722349951911967,3.4598431923024507E18,2.4584157894744547E11,2.0041178501227273E-20,1.050091255131026E24,3.1677710747966637E-22,2.2508819026963007E-29,200.0,13.3322
0.10272676394909669,5.653773541524172E15,5.193759403546266,119.98378757885685,-0.532773285845303,-0.3401490121136045,-0.8729222979589075,3.687069175103963E18,2.7139230133238364E11,1.984154850285284E-20,1.0509954237345249E24,3.3660502899320946E-22,2.4776322092179088E-29,200.0,13.3322
0.10361903881013013,5.69597536489904E15,5.210443295178579,120.04181223575802,-0.5330016728765927,-0.3392420953438394,-0.8722437682204321,3.9021012875550735E18,2.9591876628915076E11,1.9641918504478406E-20,1.0518836523023561E24,3.560833942681039E-22,2.7003850223963046E-29,200.0,13.3322
0.10451131367116356,5.738137756469249E15,5.226824540337046,120.09925014265765,-0.5332644329973784,-0.3382840157759984,-0.8715484487733769,4.1137078064463206E18,3.200437892711488E11,1.944242086511432E-20,1.0527557683677837E24,3.7520842120343947E-22,2.919097090469567E-29,200.0,13.3322
0.10543955301131558,5.781948176983711E15,5.243536490848847,120.15838926261664,-0.5351796017987618,-0.3373215072766597,-0.8725011090754216,4.3431659994338534E18,3.4574428611378577E11,1.9240099058218058E-20,1.0536454907536576E24,3.947195450886093E-22,3.142224528134755E-29,200.0,13.3322
0.10636779235146761,5.82570842430278E15,5.25996999905341,120.21690934740111,-0.5346065698535657,-0.3363001236369858,-0.8709066934905515,4.5594174251569393E18,5.2882698888809E11,1.9037644892320287E-20,1.0545408562783455E24,4.1481725955551434E-22,4.811284904496349E-29,200.0,13.3322
0.10729603169161962,5.869412318347291E15,5.276122115446023,120.27481039701107,-0.5373883865834905,-0.3352218255503701,-0.8726102121338606,5.066520950200605E18,4.928663539228863E12,1.8835190726422517E-20,1.055959617561497E24,4.585675519757595E-22,4.46090166390583E-28,200.0,13.3322
0.10822427103177165,5.913053643674896E15,5.2919899347133335,120.3320924114465,-0.5372905346199193,-0.33408898757389044,-0.8713795221938097,5.540382539444623E18,9.246670229026922E12,1.863287807777752E-20,1.0573534069001374E24,5.015477854103005E-22,8.370625932000524E-28,200.0,13.3322
0.10918992445341788,5.958389245408503E15,5.308253114069871,120.39103350177251,-0.5393417237306396,-0.3329213658731486,-0.8722630896037882,6.050005312096882E18,1.3725382982879434E13,1.84263680204418E-20,1.0587819236747287E24,5.455989075813124E-22,1.2377764275050995E-27,200.0,13.3322
0.11015557787506414,6.003644558294265E15,5.324251774343578,120.44931725424661,-0.5413450519852081,-0.33168990104765034,-0.8730349530328585,6.554788856143813E18,1.8163741110390305E13,1.8219716445845572E-20,1.0601872057583202E24,5.889335423928161E-22,1.6319726889786312E-27,200.0,13.3322
0.11112123129671037,6.048812497809652E15,5.339983225506241,120.50694366886879,-0.5418749985809648,-0.33039697898512643,-0.8722719775660912,7.035925782549222E18,2.2499844469654223E13,1.8013064871249348E-20,1.0615690168655989E24,6.315444035228203E-22,2.0195850971292695E-27,200.0,13.3322
0.11208688471835661,6.093885944629265E15,5.355444816920994,120.56391274563906,-0.536981398647105,-0.3290405272786837,-0.8660219259257887,7.434748426456748E18,2.650256711544565E13,1.7806300315803198E-20,1.0629271241712885E24,6.734243113463627E-22,2.40054834204195E-27,200.0,13.3322
0.11309146025227482,6.140618755671447E15,5.37127461584373,120.62248565356025,-0.5443156227831124,-0.32762487945740554,-0.871940502240518,8.107308501062315E18,2.1311900520310453E14,1.759481393326053E-20,1.0614583895319293E24,7.244487287042416E-22,1.9043779123721673E-26,200.0,13.3322
0.11409603578619304,6.187092697576035E15,5.386899066420859,120.68035910359319,-0.5455822490175324,-0.32613751410019487,-0.8717197631177273,8.712976871078905E18,4.4153851952119244E14,1.738344053156337E-20,1.0593240341688975E24,7.767622022644736E-22,3.9363174938097553E-26,200.0,13.3322
0.11510061132011123,6.233296504062622E15,5.402316106625116,120.73753309573786,-0.5473606309486055,-0.32457649031759456,-0.8719371212662002,9.322278036027392E18,6.686087990702745E14,1.7172067129866208E-20,1.0572180117984087E24,8.283812285541433E-22,5.94128362461895E-26,200.0,13.3322
0.11610518685402946,6.279218905297426E15,5.4175236976442385,120.79400762999431,-0.5496747889198352,-0.3229452671649016,-0.8726200560847368,9.937122265614655E18,8.949422641854481E14,1.6960878593558007E-20,1.0551406009294483E24,8.792989812627261E-22,7.919011159902917E-26,200.0,13.3322
0.11715025331444401,6.326689281478822E15,5.433121164835755,120.8520223130083,-0.5507092728168644,-0.32122506871484746,-0.8719343415317119,1.0547117918980252E19,1.1262946776000532E15,1.6744017175652527E-20,1.0530099315925917E24,9.315221095898368E-22,9.947441586954834E-26,200.0,13.3322
0.11819531977485856,6.373844020979836E15,5.448489130248689,120.9092898166008,-0.5522725853659081,-0.319423030761033,-0.8716956161269411,1.116130585439312E19,1.3564230831826868E15,1.6526970892358088E-20,1.0509106130126479E24,9.829768246427251E-22,1.1946025604649202E-25,200.0,13.3322
0.11924038623527311,6.420670754878765E15,5.463625394623331,120.96581014077182,-0.554388534744661,-0.317542684047924,-0.871931218792585,1.178171235554187E19,1.5859861073323228E15,1.630992460906365E-20,1.0488429456162932E24,1.0336557629039294E-21,1.391447720210639E-25,200.0,13.3322
0.12028545269568766,6.467157127231973E15,5.47852778759022,121.02158328552137,-0.551343724159061,-0.3155864758699406,-0.8669302000290016,1.2282599793287008E19,1.79696173559309E15,1.6092983106233036E-20,1.0468072258836938E24,1.0835516575857403E-21,1.5852514125586173E-25,200.0,13.3322
0.12137264213023777,6.515162883834877E15,5.493774354342566,121.07881501777419,-0.5599836817875178,-0.3134993249013498,-0.8734830066888676,1.3062802501646166E19,2.053403457146368E15,1.5868844223413968E-20,1.0447244907913429E24,1.1345999080663498E-21,1.7835310404546002E-25,200.0,13.3322
0.12245983156478787,6.562746484442862E15,5.508778982284321,121.1352436788452,-0.5673717232719669,-0.3113244313480415,-0.8786961546200085,1.3833266188070582E19,2.993531744866391E15,1.5644600560129976E-20,1.0421287137429679E24,1.1858746934258157E-21,2.5662439310719387E-25,200.0,13.3322
0.12354702099933798,6.609893516781228E15,5.523539459482952,121.19086926873439,-0.5615003224924316,-0.3090643852993069,-0.8705647077917386,1.429466386337613E19,5.112626543709515E15,1.5420356896845984E-20,1.0385598374635973E24,1.2382424606378523E-21,4.428695443496831E-25,200.0,13.3322
0.1246342104338881,6.656589620084254E15,5.538053605881231,121.24569178744176,-0.5621671974943347,-0.3067224554834017,-0.8688896529777365,1.4906808237880793E19,7.235401134653603E15,1.5196279303125986E-20,1.0350505205154341E24,1.2897362863210102E-21,6.260065361099459E-25,200.0,13.3322
0.12576522067234558,6.704640142700319E15,5.552905265850744,121.30187396497756,-0.5675581166188615,-0.3042053317480941,-0.8717634483669556,1.5664604778549176E19,9.491479959376156E15,1.4963697065034792E-20,1.0314595975214682E24,1.3424275551417722E-21,8.134022158025081E-25,200.0,13.3322
0.12689623091080307,6.752162323680918E15,5.567490715250921,121.35718901751426,-0.5694132005157273,-0.3015937122497286,-0.8710069127654558,1.6321605070422764E19,1.1677021403097282E16,1.4730948757377392E-20,1.0279330405079127E24,1.3941743522536067E-21,9.974388965222632E-25,200.0,13.3322
0.12802724114926056,6.799140056759374E15,5.581807649333477,121.41163694505188,-0.5728668663316828,-0.298891047627271,-0.8717579139589537,1.7018854645639387E19,1.3875527297936826E16,1.449820044971999E-20,1.0244714067305654E24,1.4449685007852632E-21,1.1780874973535281E-24,200.0,13.3322
0.12915825138771805,6.845557334984719E15,5.595853801694907,121.4652177475904,-0.5779216176591947,-0.296101585224973,-0.8740232028841677,1.776114024742021E19,1.6103817740271424E16,1.4265634519508817E-20,1.0210752441739927E24,1.4948019599065159E-21,1.3553194212084152E-24,200.0,13.3322
0.13033484869343506,6.893243351300854E15,5.61017164789599,121.5200378077161,-0.5786352917281465,-0.29308802641583903,-0.8717233181439856,1.8387390026639722E19,1.8272946873374588E16,1.4022884718278248E-20,1.0176133898591831E24,1.5455993444860363E-21,1.535979530993679E-24,200.0,13.3322
0.1315114459991521,6.940304861361415E15,5.624182546126336,121.57391632186184,-0.581071909448433,-0.289974304871701,-0.8710462143201341,1.9058670205202645E19,2.0461916948397724E16,1.377995253959924E-20,1.014225751256849E24,1.5953077276964624E-21,1.712766624313127E-24,200.0,13.3322
0.1326880433048691,6.986724584661257E15,5.637884015921423,121.62685329002768,-0.5850479946540742,-0.2867648784000064,-0.8718128730540806,1.978522488621261E19,2.6940180763019364E16,1.3537020360920235E-20,1.0109071529777485E24,1.6448687541247906E-21,2.239704720184606E-24,200.0,13.3322
0.13386464061058612,7.032485390178269E15,5.6512736274731985,121.67884871221356,-0.5906910978758635,-0.28346446682572984,-0.8741555647015934,2.0581254336636273E19,3.978555015608142E16,1.329427592184911E-20,1.007655584797791E24,1.6947013238058987E-21,3.2760211508506534E-24,200.0,13.3322
0.1350886624388134,7.079379724981058E15,5.664866037371293,121.73193757234475,-0.5918356227669938,-0.2798827268430175,-0.8717183496100113,2.123667949061155E19,5.266353024232249E16,1.3039461368452203E-20,1.0043547685386579E24,1.745288654944056E-21,4.328033575204737E-24,200.0,13.3322
0.1363126842670407,7.125536863113843E15,5.678104411098926,121.7839982696744,-0.5946438803419123,-0.27619587485016206,-0.8708397551920743,2.1939806082565386E19,6.5440048257291176E16,1.2784459075445205E-20,1.0011399273462375E24,1.7945583577054737E-21,5.3526446444799116E-24,200.0,13.3322
0.13753670609526802,7.170938353883276E15,5.690986116017664,121.83503080420257,-0.5993106342835748,-0.2724089120668674,-0.8717195463504421,2.2702719067174486E19,7.823841744362597E16,1.2529456782438207E-20,9.980117005373115E23,1.842500634110748E-21,6.349650600228446E-24,200.0,13.3322
0.1387607279234953,7.215565962711424E15,5.703508586381914,121.88503517592927,-0.6058892724382008,-0.2685256847517794,-0.8744149571899802,2.3532486635843342E19,9.117053943083682E16,1.2274581316141203E-20,9.949707111842294E23,1.889105935137824E-21,7.318852861311251E-24,200.0,13.3322
0.14003408579087875,7.261158218814591E15,5.716144431484804,121.9359579788026,-0.6073918424462637,-0.26430946286628404,-0.8717013053125477,2.4178114452064637E19,1.0360945544655374E17,1.2006102431922594E-20,9.919021896140139E23,1.9361331867600692E-21,8.296829992674699E-24,200.0,13.3322
0.1413074436582622,7.305885478334337E15,5.728369903581921,121.98575411783362,-0.6107978517796404,-0.2599853998869588,-0.8707832516665992,2.4885077777775157E19,1.1607290003186538E17,1.1737496720995093E-20,9.889333240944859E23,1.9816331393022498E-21,9.243045464116924E-24,200.0,13.3322
0.14258080152564562,7.349728253361607E15,5.740182252001715,122.03442359302235,-0.6161507021354061,-0.2555577037034616,-0.8717084058388678,2.5660075402100814E19,1.2867165596298931E17,1.1468891010067591E-20,9.860647826058954E23,2.0255955554971293E-21,1.0157286381775335E-23,200.0,13.3322
0.14385415939302906,7.392667357487932E15,5.751578815230277,122.08196640436876,-0.6234667210604717,-0.2510299545948226,-0.8744966756552943,2.6508445934140195E19,1.415060137757695E17,1.1200377737874881E-20,9.83297211477221E23,2.068010529898471E-21,1.1039346752325604E-23,200.0,13.3322
0.14517884186276536,7.436363392467265E15,5.762982025451122,122.1302217733993,-0.6255689683875444,-0.24612230030836973,-0.8716912686959142,2.714366956107914E19,1.5333443706741786E17,1.0916987708355462E-20,9.805280261756096E23,2.110450242635561E-21,1.1921921580467903E-23,200.0,13.3322
0.1465035243325017,7.479050307980543E15,5.7739111940271615,122.17724015116346,-0.6296542150776555,-0.24110490856601086,-0.8707591236436664,2.7847495901241315E19,1.652862279911874E17,1.0633505240102357E-20,9.778739583829909E23,2.151125698567651E-21,1.276780698386982E-23,200.0,13.3322
0.147828206802238,7.520707804928049E15,5.784363540173423,122.2230215376612,-0.6357246316778539,-0.23598181523466416,-0.871706446912518,2.862441788487026E19,1.7745339481764976E17,1.0350022771849253E-20,9.753356833924383E23,2.190026548353363E-21,1.357678773797868E-23,200.0,13.3322
0.1491528892719743,7.56131599413772E15,5.794336401096806,122.26756593289257,-0.6437403725838864,-0.23075614488869983,-0.874496517472586,2.9476578554303857E19,1.899066920175684E17,1.006658724155458E-20,9.729138478435714E23,2.2271428817856475E-21,1.4348657750464466E-23,200.0,13.3322
0.15053096505928812,7.602431062088168E15,5.804189878090699,122.31258325494147,-0.6465827201517991,-0.22510968763570033,-0.8716924077874995,3.009423119615435E19,2.0088329160334384E17,9.767256314295514E-21,9.705210037994113E23,2.263814900014156E-21,1.5111287799026782E-23,200.0,13.3322
0.15190904084660195,7.642376548213398E15,5.813498600691229,122.35624157082088,-0.6514307532547022,-0.2193539272863939,-0.8707846805410961,3.0783879870574563E19,2.1203891608087014E17,9.467878449068073E-21,9.682604493324732E23,2.2984594874123266E-21,1.5831755464734595E-23,200.0,13.3322
0.15328711663391575,7.681131708057371E15,5.822259895746447,122.39854088053077,-0.6582255976607885,-0.2134925492576429,-0.8717181469184314,3.154624791987126E19,2.2342730212383485E17,9.168500583840633E-21,9.66132833597946E23,2.3310666952202318E-21,1.650985385351354E-23,200.0,13.3322
0.15466519242122959,7.718676342584092E15,5.830471244676974,122.43948118407116,-0.666849102182055,-0.20752789057370302,-0.874376992755758,3.2378531574357746E19,2.3506779545964547E17,8.869107093488488E-21,9.641387682142125E23,2.361627149955913E-21,1.7145388034750425E-23,200.0,13.3322
0.15609881362402142,7.756432283834962E15,5.838416828046609,122.4806186340527,-0.6705980234844306,-0.2011116614114898,-0.8717096848959205,3.296826884153728E19,2.448680379370418E17,8.553161232370186E-21,9.62209242032217E23,2.3911984960247142E-21,1.7760352745663744E-23,200.0,13.3322
0.15753243482681323,7.792842562258839E15,5.8457407029585475,122.52026413411205,-0.6762901653943182,-0.1945898491058782,-0.8708800145001964,3.3627107255856914E19,2.5482815736115066E17,8.237230996376587E-21,9.604306931530682E23,2.41845600872205E-21,1.8327199056181144E-23,200.0,13.3322
0.15896605602960506,7.827886529902655E15,5.852440503746593,122.55841768424918,-0.6837831114739238,-0.18796546346140672,-0.8717485749353305,3.4350223279710417E19,2.6494144435031075E17,7.921300760382987E-21,9.588036960613133E23,2.4433908836681097E-21,1.8845743870718398E-23,200.0,13.3322
0.1603996772323969,7.861544250547183E15,5.8585140645862905,122.59507928446409,-0.6931527164259297,-0.1812419624888063,-0.874394678914736,3.514304405439429E19,2.7527090735837555E17,7.605370562330945E-21,9.573287767114106E23,2.465995060240844E-21,1.9315819560852465E-23,200.0,13.3322
0.1618910826921071,7.895070548263271E15,5.864154959330863,122.63162493198759,-0.6971123270233152,-0.17404640287020864,-0.8711587298935238,3.564519536204329E19,2.8402541812317574E17,7.272517550860001E-21,9.559705365876046E23,2.4870240889980506E-21,1.9816922016712154E-23,200.0,13.3322
0.16338248815181733,7.927065378789643E15,5.869091829629281,122.66653535681044,-0.7042847661284246,-0.1667509612338804,-0.8710357273623051,3.6289577670729425E19,3.137639586493584E17,6.939664501447499E-21,9.550361601736507E23,2.5061979727840707E-21,2.166888257104154E-23,200.0,13.3322
0.16487389361152754,7.95750899470592E15,5.873322888887085,122.69981055893271,-0.7125551286380193,-0.15935986990197293,-0.8719149985399922,3.695646117424413E19,3.407007607140344E17,6.606811452034997E-21,9.5423536903725E23,2.522630618083035E-21,2.3256073316359234E-23,200.0,13.3322
0.16636529907123776,7.986382555370789E15,5.876846605135439,122.73145053835437,-0.7214650062209236,-0.1518706852202179,-0.8733356914411415,3.762156783714434E19,3.645680747032566E17,6.2736773662348264E-21,9.535684531263778E23,2.5363160750136148E-21,2.457791956755464E-23,200.0,13.3322
0.16791681786917537,8.014734271281252E15,5.87974894567138,122.7626193601046,-0.7279638970010435,-0.1439103040731461,-0.8718742010741896,3.812916714860876E19,3.8414714950257914E17,5.9239316061892144E-21,9.530191418465343E23,2.5475882245293533E-21,2.566667010441103E-23,200.0,13.3322
0.16946833666711297,8.041347703975725E15,5.881862571723116,122.79200215072785,-0.7356988262403795,-0.13586724984147613,-0.8715660760818557,3.8658472548114506E19,4.002218405601138E17,5.574466882529063E-21,9.52619106558734E23,2.555797154040036E-21,2.6459551391098434E-23,200.0,13.3322
0.1710198554650506,8.06620489179092E15,5.883186631867875,122.81959891022416,-0.7441869015401421,-0.12773998169273246,-0.8719268832328746,3.918317241532168E19,4.124389249584544E17,5.225002158868911E-21,9.523685084074487E23,2.560939556778354E-21,2.695624403470277E-23,200.0,13.3322
0.17257137426298821,8.089289021994001E15,5.883720592636175,122.84540963859352,-0.7530760185933729,-0.11952200043664993,-0.8725980190300229,3.968331396957091E19,4.204667184837898E17,4.8750543573172445E-21,9.522674483597429E23,2.5630133608483063E-21,2.7156547915638945E-23,200.0,13.3322
0.17418542935758435,8.111405207170027E15,5.883427813163906,122.87035944703985,-0.761056556058286,-0.1108893386481945,-0.8719458947064805,4.008605572171498E19,4.2320398603915834E17,4.5107731990741186E-21,9.523228612462155E23,2.561876259965179E-21,2.70467180029647E-23,200.0,13.3322
0.17579948445218047,8.131576014073357E15,5.882264779596854,122.89337502868426,-0.7696823971385345,-0.10219526961791356,-0.8718776667564481,4.0468913129046606E19,4.210965741579789E17,4.14697511872361E-21,9.525429827134615E23,2.5573592544321297E-21,2.6610431011541805E-23,200.0,13.3322
0.17741353954677658,8.149786643967822E15,5.880232008018336,122.91445638352673,-0.7785766309126234,-0.09343422775711029,-0.8720108586697337,4.0810183962245095E19,4.137562309501742E17,3.783177038373103E-21,9.52927715085007E23,2.5494643486205427E-21,2.5847880538910605E-23,200.0,13.3322
0.1790275946413727,8.16602371504473E15,5.8773304002848805,122.93360351156724,-0.7874023817508078,-0.08459527751494803,-0.8719976592657559,4.10903614162404E19,4.008253414600905E17,3.41868041633883E-21,9.534768876710389E23,2.5381950451730295E-21,2.4759404897122332E-23,200.0,13.3322
0.18070670665203908,8.180813707610533E15,5.873385232061769,122.95147368976822,-0.7966187992871469,-0.07544882892423051,-0.8720676282113774,4.13203642757067E19,3.812779574365961E17,3.0437743821424877E-21,9.542235696606259E23,2.5228727473499564E-21,2.3279460015496033E-23,200.0,13.3322
0.18238581866270545,8.193467191235049E15,5.868498062896504,122.96727410417449,-0.8058399950818952,-0.06626882138462199,-0.8721088164665172,4.148419217681697E19,3.5531723711657165E17,2.6695668896277012E-21,9.551485393930672E23,2.5038918934985928E-21,2.1446143770727383E-23,200.0,13.3322
0.18406493067337182,8.20397417619933E15,5.8626712490786,122.98100475478599,-0.8148790648825985,-0.05704517436890813,-0.8719242392515066,4.1573817818281296E19,3.290025214168975E17,2.2953593971129148E-21,9.563192351902743E23,2.4814669942166108E-21,1.963757337559396E-23,200.0,13.3322
0.1857440426840382,8.212326359570667E15,5.855907598223789,122.99266564160277,-0.8232432307272002,-0.047766486677655234,-0.8710097174048553,4.157448199652398E19,3.23519130165791E17,1.9204006736979633E-21,9.579617377987187E23,2.4562944863198924E-21,1.911408675426626E-23,200.0,13.3322
0.18749083382753978,8.21874057637997E15,5.847881257502344,123.00261826310839,-0.8338749591353763,-0.03831714431325547,-0.8721921034486319,4.159926111643878E19,3.17046916110293E17,1.53972732005384E-21,9.599108753065862E23,2.4264225828864663E-21,1.849287166258166E-23,200.0,13.3322
0.18923762497104135,8.222852845678766E15,5.838857432489125,123.01038481391485,-0.8440886168344061,-0.02886360344330281,-0.8729522202777089,4.152595620239258E19,3.088097195576778E17,1.1598051973120898E-21,9.621022445006084E23,2.3928383084642776E-21,1.7794454229596936E-23,200.0,13.3322
0.19098441611454292,8.224659708321258E15,5.828840776636313,123.0159652940222,-0.8529061805956413,-0.01939515203342905,-0.8723013326290703,4.130603320598166E19,2.9844101694981395E17,7.798830745703393E-22,9.645347153243251E23,2.3555589819635204E-21,1.7019194618781703E-23,200.0,13.3322
0.1927312072580445,8.224159644051366E15,5.817836449743638,123.01935970343042,-0.8595796348102127,-0.009890931012367717,-0.8694705658225803,4.0905435972682375E19,2.85724197985296E17,3.9880374625943863E-22,9.672070347585157E23,2.314603806785177E-21,1.6167492183412133E-23,200.0,13.3322
0.19454840544353336,8.221216047856702E15,5.80535401714298,123.02060676693046,-0.8719385193746878,-4.1955168796357835E-4,-0.8723580710626514,4.066075192422627E19,2.7251309346959072E17,1.9019043997226335E-23,9.702383012366963E23,2.2681475156555415E-21,1.5201388727107762E-23,200.0,13.3322
0.19636560362902225,8.215846745766917E15,5.791843652791182,123.01958739639522,-0.882626356742314,0.009013581290614109,-0.8736127754516999,4.024670677056992E19,2.5687822804500026E17,3.5960845269141906E-22,9.735191933414498E23,2.2178655361989496E-21,1.4155726385977615E-23,200.0,13.3322
0.19818280181451114,8.2080564919662E15,5.7773126628578675,123.01630159182469,-0.890894136548641,0.018428948208396377,-0.8724651883402447,3.9633138372794335E19,2.3868462501261568E17,7.382359493800638E-22,9.770479368234953E23,2.163785060033728E-21,1.3031070635995088E-23,200.0,13.3322
0.2,8.197852180556709E15,5.7617688926400845,123.01074935321884,-0.8962143968066931,0.02784351452382317,-0.86837088228287,3.880388265123658E19,2.1794280199651114E17,1.1178812182379956E-21,9.808226265104423E23,2.1059352852669545E-21,1.1828028680005706E-23,200.0,13.3322
0.2018171981854889,8.185284760474013E15,5.745239433833468,123.00299194893478,-0.9090921043055349,0.03661536857573163,-0.8724767357298032,3.821163520288031E19,1.9716279338357184E17,1.47298457570723E-21,9.848366833842864E23,2.0444170399775665E-21,1.0548697335322802E-23,200.0,13.3322
0.20363439637097777,8.170426815567514E15,5.7277641916444875,122.99311501654209,-0.9193625566538085,0.045322244865373174,-0.8740403117884353,3.741398609699476E19,1.738248322577481E17,1.8270701610071774E-21,9.890804167606444E23,1.9793788407206874E-21,9.196165147194675E-24,200.0,13.3322
0.20545159455646667,8.153290894328416E15,5.709352093057073,122.98111855604077,-0.926542183491787,0.053982128604413045,-0.8725600548873739,3.6400799902505275E19,1.4803596080127613E17,2.1811557463071252E-21,9.935516587874632E23,1.910853911354003E-21,7.771123037840097E-24,200.0,13.3322
0.20726879274195553,8.133891450181544E15,5.690012523634614,122.96700256743082,-0.9305264957444582,0.06259826441260294,-0.8679282313318553,3.518031410556003E19,1.2003615913610618E17,2.5356657081535773E-21,9.982481302500578E23,1.838877182445873E-21,6.274297422175151E-24,200.0,13.3322
0.2090155838854571,8.113183695555301E15,5.670585085584953,122.95151700002975,-0.9425978040188194,0.07008622921988258,-0.8725115747989368,3.4235475395006763E19,9.245366653772939E16,2.8464527957468674E-21,1.0029659399591822E24,1.7665734298992386E-21,4.770671034004049E-24,200.0,13.3322
0.21076237502895867,8.090543751718982E15,5.650382507336386,122.93424560656565,-0.9515402140105619,0.07750622646875795,-0.874033987541804,3.30893182003041E19,6.274097589694842E16,3.1568155067947564E-21,1.0078719867352315E24,1.6913848118861732E-21,3.2070510813377766E-24,200.0,13.3322
0.21250916617246024,8.065988101074653E15,5.629413556118997,122.91518838703848,-0.9573470676976349,0.0848634449896024,-0.8724836227080325,3.176546834247924E19,3.5011248689605696E16,3.467178217842646E-21,1.0129609664379891E24,1.613866498520273E-21,1.778770604680669E-24,200.0,13.3322
0.2142559573159618,8.039534585568759E15,5.607687308992015,122.89434534144829,-0.960255868663012,0.09215130989775747,-0.8681045587652545,3.0340198445228868E19,2.970541842988037E16,3.7774843814866964E-21,1.0182140681479E24,1.5367853149903477E-21,1.5046325719027255E-24,200.0,13.3322
0.2159350693266282,8.012403057385697E15,5.586132969043514,122.8727151531383,-0.9707882050847486,0.09831583231365777,-0.8724723727710908,2.9146673357449458E19,2.4602957696056932E16,4.043926999410823E-21,1.0234256051141192E24,1.460314030109603E-21,1.232663634203809E-24,200.0,13.3322
0.21761418133729457,7.983690527085824E15,5.563964307339325,122.84961094216774,-0.9783226461237932,0.10441718132573034,-0.8739054647980629,2.779089620596801E19,1.9167585467776036E16,4.3104261647398926E-21,1.02878567646119E24,1.3816632317712505E-21,9.529432907230935E-25,200.0,13.3322
0.21929329334796097,7.953414666552479E15,5.541189305619649,122.82503270853661,-0.9829477352973952,0.11045039865316449,-0.8724973366442307,2.6289337662808228E19,1.3450668838727852E16,4.576925330068963E-21,1.0342923523163254E24,1.3008612378885338E-21,6.655722536794853E-25,200.0,13.3322
0.22097240535862733,7.921594063008036E15,5.517816140886341,122.79898045224489,-0.9886298638697539,0.11640502140217328,-0.8722248424675807,2.4755791458829017E19,7.533907937868968E15,4.843125203648143E-21,1.0399436555952104E24,1.2179370591312227E-21,3.7065369906971787E-25,200.0,13.3322
0.22258646045322347,7.889634763692275E15,5.494825581866463,122.77263516103977,-0.9922011039683574,0.12130403748605399,-0.8708970664823034,2.321698689575144E19,3.6661891924240105E15,5.0674559196433215E-21,1.04458088938326E24,1.1381196070794899E-21,1.7972021183869638E-25,200.0,13.3322
0.22420051554781958,7.856476965696199E15,5.471345749643692,122.74509556616744,-0.9982718492002045,0.12614720296160745,-0.8721246462385971,2.1745532129571783E19,3.061908512267648E15,5.292085927387283E-21,1.0477883177392444E24,1.0595049014857683E-21,1.4918499383314256E-25,200.0,13.3322
0.22581457064241572,7.822136885259817E15,5.4473837451811065,122.71636166762784,-1.0032131362955745,0.13092539465632413,-0.8722877416392504,2.0198377096039727E19,2.434316618418734E15,5.516715935131245E-21,1.051061612533275E24,9.792757964227963E-22,1.1802271706842508E-25,200.0,13.3322
0.22742862573701184,7.786631266993559E15,5.422946793048799,122.68643346542099,-1.0128859235312082,0.1356230621117251,-0.8772628614194833,1.8689263142866264E19,1.795980069940369E15,5.740762353829483E-21,1.0543997868634552E24,8.974564810519582E-22,8.624277700447312E-26,200.0,13.3322
0.22898014453494944,7.751471551660262E15,5.39905265236288,122.65661933417336,-1.013034889538663,0.13938979777373645,-0.8736450917649266,1.702575141013957E19,1.149041834455425E15,5.927016706046103E-21,1.0576638112249054E24,8.174545961314719E-22,5.516875620323797E-26,200.0,13.3322
0.23053166333288705,7.715453282878662E15,5.374763882755449,122.62585031862353,-1.0064336962061926,0.1431141853898844,-0.8633195108163082,1.5232064511369976E19,4.8794998848531544E14,6.113854647308445E-21,1.0609817432966383E24,7.3613142253272E-22,2.3581525595588058E-26,200.0,13.3322
0.23208318213082463,7.678589925023732E15,5.3500867671847505,122.59412641877154,-1.0114610795358183,0.14678159732145254,-0.8646794822143657,1.3702328040942195E19,4.7174995716134195E13,6.300692588570788E-21,1.0624564865573558E24,6.589112755890127E-22,2.268529589303775E-27,200.0,13.3322
0.23363470092876223,7.640895212474439E15,5.325027668156997,122.56144763461735,-1.032412124551374,0.15037325493202625,-0.8820388696193476,1.2545404218225336E19,3.5046297149714875E13,6.486793902617523E-21,1.0602553583196043E24,5.910351605584489E-22,1.651090192276879E-27,200.0,13.3322
0.23512610638847242,7.604084893715859E15,5.300566603466582,122.52920291672146,-1.0248316494074519,0.15320079886840615,-0.8716308505390458,1.1057250385758253E19,2.2089809496039465E13,6.640904177706318E-21,1.0581067599140548E24,5.247789061393344E-22,1.0483859603187355E-27,200.0,13.3322
0.23661751184818264,7.566764121013944E15,5.275740923925243,122.49619747522635,-1.0277684879373632,0.1560008723341108,-0.8717676156032523,9.66802808768641E18,9.227724278920852E12,6.795751080010721E-21,1.055926134656966E24,4.575350408114706E-22,4.366978629210199E-28,200.0,13.3322
0.23810891730789285,7.528942167030254E15,5.250556815297267,122.46243131013199,-1.031122759950511,0.15875533969878303,-0.872367420251728,8.541671258215014E18,6.860111207782563E11,6.950597982315122E-21,1.054019243644647E24,4.029157409743311E-22,3.235955478609275E-29,200.0,13.3322
0.23960032276760307,7.490628394811886E15,5.225020531074944,122.42790442143838,-1.0343946651848124,0.16144528653042078,-0.8729493786543917,7.934734211389E18,6.156795797652625E11,7.104632936205946E-21,1.0526597252743289E24,3.7310224884623833E-22,2.895011095008243E-29,200.0,13.3322
0.2410339439703949,7.453398885322536E15,5.200117715383477,122.39405144739158,-1.035372734256918,0.16355115436403886,-0.871821579892879,7.323339605049162E18,5.4548520487068744E11,7.233360066918254E-21,1.0513339319400115E24,3.4402832825853233E-22,2.5625243842582366E-29,200.0,13.3322
0.24246756517318674,7.415833346989496E15,5.174882657690981,122.35958673759743,-1.0368972068531266,0.16563869082462912,-0.8712585160284975,6.706044684474923E18,4.744619737092051E11,7.36289914604414E-21,1.0499904504761344E24,3.1456651669201184E-22,2.225601787564105E-29,200.0,13.3322
0.24390118637597857,7.377938738741019E15,5.1493213571245215,122.32451029205593,-1.039514738212332,0.16768924777421335,-0.8718254904381186,6.085169713213598E18,4.027210568191981E11,7.492438225170025E-21,1.0486296002683768E24,2.8472381809940382E-22,1.8843234014920264E-29,200.0,13.3322
0.2453348075787704,7.339722053373133E15,5.123439868506947,122.28882211076709,-1.0430794715348517,0.16968806456765173,-0.8733914069672001,5.458029636639021E18,3.299965296596876E11,7.621324627643249E-21,1.0472517036675859E24,2.545073014580016E-22,1.538770066223206E-29,200.0,13.3322
0.2467128833660842,7.302734458768317E15,5.098269122914158,122.25397857527966,-1.043109138391006,0.17125620344309986,-0.8718529349479062,4.827954656345546E18,2.579333612267682E11,7.730815783536137E-21,1.0459116460957769E24,2.2512057396642584E-22,1.2027061241791331E-29,200.0,13.3322
0.24809095915339807,7.265538830579096E15,5.072818681572138,122.21863504909368,-1.044194997821934,0.17280923558262207,-0.871385762239312,4.19508383412904E18,1.8525258580434018E11,7.840959616083893E-21,1.044556697888123E24,1.9540730299869762E-22,8.629078606500962E-30,200.0,13.3322
0.24946903494071193,7.228140256411293E15,5.047093977585261,122.18279153220914,-1.0461902558063816,0.17433254065697432,-0.8718577151494072,3.557096971328172E18,1.1173026777138791E11,7.95110344863165E-21,1.0431871482959947E24,1.6537383167870638E-22,5.194478150238095E-30,200.0,13.3322
0.25084711072802574,7.190543830786269E15,5.021100481973878,122.14644802462607,-1.0307922137450918,0.1758095072016288,-0.854982706543463,2.8615974321378673E18,3.653626930496327E10,8.060538623996031E-21,1.0418032885893596E24,1.3502654739706695E-22,1.723990329182314E-30,200.0,13.3322
0.25217179319776206,7.154249503157103E15,4.99586689300884,122.11106927638598,-1.051881965057457,0.1769891867468596,-0.8748927783105973,2.5566252124976287E18,1.741454803352E8,8.155732983859588E-21,1.0452618967056123E24,1.1821751156332976E-22,8.052429912132543E-33,200.0,13.3322
0.25349647566749833,7.117579342905907E15,4.970386630527442,122.07527205008186,-1.0522833341760218,0.17815485270947493,-0.8741284814665469,2.4772451752174986E18,1.7071717419736677E8,8.25163600090652E-21,1.0537871431464301E24,1.1450331336322094E-22,7.890895212617948E-33,200.0,13.3322
0.2548211581372346,7.080541021495719E15,4.9446647718583785,122.03905634571368,-1.0513208812958796,0.17928983818403496,-0.8720310431118447,2.3939361158923387E18,1.670363659271906E8,8.34753901795345E-21,1.0623932234107033E24,1.107538982525313E-22,7.727828889651391E-33,200.0,13.3322
0.25614584060697093,7.043142257286353E15,4.9187064225627415,122.00242216328145,-1.0499394486783258,0.1803851458436176,-0.8695543028347084,2.309109546725941E18,1.632644835684977E8,8.443024027920294E-21,1.0710784292677347E24,1.0697001045694674E-22,7.563263310453492E-33,200.0,13.3322
0.25741919847435435,7.006858440349683E15,4.8935341012859235,121.96682822968442,-1.0534939278667657,0.1812890993122616,-0.8722048285545041,2.237451070787345E18,1.603607099729751E8,8.529153397635045E-21,1.0795006440125392E24,1.0330070012518794E-22,7.403680835331648E-33,200.0,13.3322
0.2586925563417378,6.970258027952472E15,4.868148058104832,121.93087127402153,-1.0549426626832323,0.18217457442065116,-0.8727680882625812,2.1602671850425544E18,1.5709060160794273E8,8.615700774429881E-21,1.0879943663371838E24,9.960023605187105E-23,7.24274344859491E-33,200.0,13.3322
0.25996591420912124,6.93334794751995E15,4.8425529647813566,121.89455129629279,-1.0552294782474372,0.18303263098414602,-0.8721968472632912,2.079910813399106E18,1.536129775699191E8,8.702248151224717E-21,1.0965580331525338E24,9.586929922878794E-23,7.08048076735E-33,200.0,13.3322
0.26123927207650466,6.896135156971044E15,4.816753512689286,121.85786829649821,-1.0544609246924155,0.18385749176518457,-0.870603432927231,1.9968654008181612E18,1.4995524043569356E8,8.788521842062813E-21,1.10519007480766E24,9.21085735065109E-23,6.916922533035246E-33,200.0,13.3322
0.262463293904732,6.860086709345499E15,4.791762488170494,121.82227318508389,-1.0567351346460112,0.18455643162177243,-0.8721787030242387,1.9220260225832689E18,1.468365019034504E8,8.868167768064611E-21,1.1135516308546895E24,8.846569037866476E-23,6.758489407036158E-33,200.0,13.3322
0.2636873157329593,6.82377102151925E15,4.766584390973755,121.78635583981371,-1.0579005215753208,0.18523632986883454,-0.8726641917064862,1.8443191550182956E18,1.4352669014513052E8,8.948087380022044E-21,1.121975778120432E24,8.479553810458333E-23,6.59887031488615E-33,200.0,13.3322
0.26491133756118657,6.787194345215705E15,4.741223541172039,121.75011626068769,-1.0580624891935055,0.1858914445428217,-0.8721710446506838,1.764183289566973E18,1.400511840449554E8,9.028006991979476E-21,1.130461071184663E24,8.109874641118807E-23,6.438092644124487E-33,200.0,13.3322
0.2661353593894139,6.750362950997559E15,4.715684272328627,121.71355444770585,-1.0573060340327392,0.18651792048986937,-0.8707881135428698,1.6819959011136927E18,1.3643148744157043E8,9.107738928148638E-21,1.1390060601135387E24,7.737594699185116E-23,6.276183867813603E-33,200.0,13.3322
0.2673119566951309,6.714723115929093E15,4.690966593311331,121.67811017196155,-1.0592209543698716,0.18706264905040604,-0.8721583053194656,1.6065776333236524E18,1.332660689263759E8,9.18269757625631E-21,1.1472761595766555E24,7.377290879772218E-23,6.119483643250684E-33,200.0,13.3322
0.2684885540008479,6.678855064581962E15,4.666083873732933,121.64237464736107,-1.060171958696003,0.18758852963241182,-0.8725834290635912,1.528960660761342E18,1.2994733604386069E8,9.257843900157773E-21,1.155601478700761E24,7.01458130274422E-23,5.961737127368555E-33,200.0,13.3322
0.26966515130656493,6.642764476080729E15,4.641040122520614,121.60634787390435,-1.060242802959884,0.18809172839670182,-0.8721510745631822,1.4494864587893143E18,1.2649515272387213E8,9.332990224059237E-21,1.163980676169524E24,6.649524405293988E-23,5.802969735166311E-33,200.0,13.3322
0.27084174861228194,6.60645704054497E15,4.61583935762846,121.57002985159146,-1.0595024626360243,0.1885695925333195,-0.8709328701027048,1.368454951807256E18,1.2292669118896775E8,9.408003507240361E-21,1.172412407646371E24,6.282178756197402E-23,5.643206938869998E-33,200.0,13.3322
0.27197275885073946,6.57135445697563E15,4.591466505865194,121.53484644354405,-1.061138687660138,0.1889966075549265,-0.8721420801052115,1.293058270067311E18,1.1974553161158104E8,9.479553351802588E-21,1.1805671339918734E24,5.926901402925492E-23,5.4886927815387124E-33,200.0,13.3322
0.2731037690891969,6.5360551448562E15,4.566947190095661,121.49939597438473,-1.0619247168815782,0.1894052901549634,-0.8725194267266148,1.215982517620784E18,1.1644046327664244E8,9.551236237082946E-21,1.188770864610744E24,5.569489078128655E-23,5.3332501008352986E-33,200.0,13.3322
0.2742347793276544,6.500564289144104E15,4.542285138982705,121.46367844411353,-1.06192830827243,0.18979300036175978,-0.8721353079106702,1.1374985303239209E18,1.1302732044560723E8,9.622919122363304E-21,1.1970223519581562E24,5.2099961336520946E-23,5.1769025349947424E-33,200.0,13.3322
0.2753657895661119,6.46488708039422E15,4.517484086894356,121.42769385273041,-1.061206228798014,0.1901578566097473,-0.8710483721882667,1.0578482590882139E18,1.095200233311012E8,9.694504532330389E-21,1.2053203465804287E24,4.8484770045041836E-23,5.019673758420634E-33,200.0,13.3322
0.276452979000662,6.430417638431968E15,4.4935119752191826,121.39285194810876,-1.062623145482952,0.19049416907684172,-0.8721289764061103,9.829184368415258E17,1.063460424390859E8,9.763584974138405E-21,1.2133409923601518E24,4.4990411456634775E-23,4.8677001333841324E-33,200.0,13.3322
0.2775401684352121,6.395777255189749E15,4.469409271532087,121.35776230051479,-1.0632807016319814,0.19081279552473226,-0.8724679061072491,9.067210306977699E17,1.030714852926378E8,9.832762891260799E-21,1.2214053319238639E24,4.1477016776429896E-23,4.7148986070879716E-33,200.0,13.3322
0.2786273578697622,6.360970683437012E15,4.44517944923818,121.32242490994855,-1.0632345197019903,0.1911118618627793,-0.8721226578392111,8.294742856016625E17,9.970917260633215E7,9.90194080838319E-21,1.229512203131474E24,3.794509231455719E-23,4.5612911995349366E-33,200.0,13.3322
0.27971454730431233,6.326002677784533E15,4.420825984948532,121.28683977641,-1.0625318589119028,0.19138999609286006,-0.8711418628190426,7.513760512463342E17,9.6270537543803E7,9.97104509612758E-21,1.237660442770232E24,3.4395144848471884E-23,4.406899951052318E-33,200.0,13.3322
0.2807596137647269,6.292237471026138E15,4.39729829354216,121.25239880863182,-1.0637744207339344,0.19165615657319335,-0.872118264160741,6.772466164878504E17,9.312093130600601E7,1.0038369889418136E-20,1.2455323933660815E24,3.0965568362041896E-23,4.257743773231338E-33,200.0,13.3322
0.2818046802251415,6.258322665372916E15,4.373653687246892,121.21772582253163,-1.0643312164745407,0.19190530584712587,-0.8724259106274148,6.021807882653992E17,8.988955727676432E7,1.0105768312085594E-20,1.253443461621773E24,2.751894946601289E-23,4.107846401654596E-33,200.0,13.3322
0.282849746685556,6.224262632039745E15,4.349895405514859,121.18282081810936,-1.0642484528148537,0.1921360758858657,-0.872112376928988,5.263569496489413E17,8.658693899995731E7,1.0173166734753053E-20,1.2613925636737567E24,2.4055760367736526E-23,3.9572283731563016E-33,200.0,13.3322
0.2838948131459706,6.190061741464336E15,4.326026689117872,121.14768379536505,-1.0635658587597856,0.1923474432441747,-0.8712184155156109,4.499389363425511E17,8.322257965024537E7,1.024050809793348E-20,1.2693786152169412E24,2.0576473466931578E-23,3.805910232936931E-33,200.0,13.3322
0.2848993886798888,6.157052623574278E15,4.302977208109474,121.11368750757767,-1.0646688645874847,0.1925594452656712,-0.8721094193218135,3.76860225773828E17,8.011031820021603E7,1.0306635827986297E-20,1.2770905650476386E24,1.721660459048905E-23,3.659785718270834E-33,200.0,13.3322
0.28590396421380704,6.123911700969738E15,4.2798226605905985,121.07947220702538,-1.0651464133983781,0.19275508622299242,-0.8723913271753857,3.031155485217924E17,7.693165961327161E7,1.0372820617531669E-20,1.2848376682797246E24,1.384142041482648E-23,3.51299512384157E-33,200.0,13.3322
0.28690853974772523,6.090643005740957E15,4.256566070861983,121.0450378937082,-1.065037277634081,0.19293334429305456,-0.8721039333410265,2.2885264464063354E17,7.369534979583201E7,1.0439005407077042E-20,1.292618913035511E24,1.0451361785181063E-23,3.365557622509359E-33,200.0,13.3322
0.28791311528164343,6.057250567389501E15,4.233210463124952,121.01038456762615,-1.0478535517552743,0.19309177917351888,-0.8547617725817553,1.5181513349240755E17,6.931645802850586E7,1.050510298905706E-20,1.3004332874705714E24,7.046869532298657E-24,3.217492386504177E-33,200.0,13.3322
0.28887876870328966,6.025069669649312E15,4.210681902949068,120.9768650524077,-1.0668366351278782,0.1932643685382721,-0.8735722665896061,8.253587782888219E16,6.743955859340127E7,1.057048011265589E-20,1.3079709463779877E24,3.7629340658801484E-24,3.0746703021098386E-33,200.0,13.3322
0.2898444221249359,5.992694793565495E15,4.188020744935345,120.94313730174319,-1.0875941981153439,0.193420360688714,-0.8941738374266299,2.751153248844851E16,6.63648346305479E7,1.063594444381897E-20,1.3172678567698362E24,1.2303527819534448E-24,2.9679247764863284E-33,200.0,13.3322
0.2908100755465821,5.960130913810665E15,4.165230427623856,120.90920131563254,-1.0622665766896686,0.19355730955450767,-0.868709267135161,2.6027808572584796E16,6.5098984814167365E7,1.0701408774982053E-20,1.3321993622034938E24,1.1917518695473E-24,2.9807287325615474E-33,200.0,13.3322
0.29177572896822834,5.927383012611149E15,4.14231439424208,120.87505709407581,-1.0499726072279043,0.19367341507179503,-0.8562991921561094,2.488869796753289E16,6.462349848449434E7,1.0766728568039414E-20,1.347213232887311E24,1.1529380265816181E-24,2.993603317887772E-33,200.0,13.3322
0.29270396830838036,5.895641826830199E15,4.120121685903517,120.84203591988748,-1.066037487756494,0.19381773793555948,-0.8722197498209345,2.4445651997314336E16,6.588552826220256E7,1.0832428602779019E-20,1.36175320355186E24,1.1153493094556795E-24,3.00607152791194E-33,200.0,13.3322
0.2936322076485324,5.86367236253436E15,4.097780731826587,120.8088134156526,-1.066759295618827,0.19394361923674058,-0.8728156763820865,2.3632289044360076E16,6.62054224872673E7,1.0898273175625449E-20,1.3763903002027524E24,1.0775095023302858E-24,3.0186230247063824E-33,200.0,13.3322
0.29456044698868444,5.831480188156063E15,4.075295240697468,120.77538958137117,-1.0662550178230445,0.19404925698098577,-0.8722057608420588,2.2786228276293868E16,6.645105941362256E7,1.0964117748471879E-20,1.3911220930244186E24,1.0394248867621341E-24,3.031255724673303E-33,200.0,13.3322
0.29548868632883646,5.799070886996354E15,4.052668929161523,120.74176441704321,-1.0645819480840109,0.19413425336820284,-0.870447694715808,2.1911674441895384E16,6.662502110662447E7,1.1029936637451991E-20,1.4059461469866797E24,1.0011017577887252E-24,3.0439675397433108E-33,200.0,13.3322
0.2963809611898699,5.767708747609129E15,4.030783087605229,120.709247482395,-1.0664643784813834,0.19425575793605507,-0.8722086205453283,2.1137635600759364E16,6.7012430855341084E7,1.1096567425261954E-20,1.4202850681017985E24,9.640327937500648E-25,3.0562633472182998E-33,200.0,13.3322
0.2972732360509034,5.73613814515747E15,4.0087603609453,120.67653463187652,-1.0671303607186788,0.19435790612926973,-0.8727724545894091,2.033245744660267E16,6.732573529220586E7,1.1163223896939339E-20,1.434713672069542E24,9.267319816935417E-25,3.0686360588816045E-33,200.0,13.3322
0.2981655109119368,5.704364370727851E15,3.9866042918385016,120.64362586548782,-1.0666355844199609,0.19444030062314685,-0.872195283796814,1.9500078812920776E16,6.756749334619488E7,1.1229880368616724E-20,1.4492296378516358E24,8.892053219649013E-25,3.0810836844133442E-33,200.0,13.3322
0.29905778577297026,5.672392726332269E15,3.9643184288559516,120.61052118322887,-1.0650314502337173,0.19450271083378728,-0.87052873939993,1.8644224715835824E16,6.774003716984487E7,1.1296520009414873E-20,1.4638306405349085E24,8.514588249272729E-25,3.0936042301708646E-33,200.0,13.3322
0.29991548959265735,5.641469478184331E15,3.9427703687747706,120.5785094838994,-1.0668044100822882,0.19460556273532986,-0.8721988473469584,1.7874767160523622E16,6.811832889890428E7,1.1364166584816349E-20,1.477948257757584E24,8.1496197548250115E-25,3.105710266739584E-33,200.0,13.3322
0.30077319341234443,5.610355697783188E15,3.921095887992795,120.54630661452595,-1.067423944520896,0.19468933682344608,-0.8727346076974498,1.707948905384692E16,6.842512551751053E7,1.1431829991092644E-20,1.4921487018823625E24,7.782510020160672E-25,3.11788732843173E-33,200.0,13.3322
0.3016308972320315,5.579056407816168E15,3.89929836638145,120.51391257510853,-1.0669399390925727,0.19475380199797004,-0.8721861370946027,1.626187982907514E16,6.866273215704185E7,1.1499493397368938E-20,1.50642975852285E24,7.413316291573846E-25,3.130133516382768E-33,200.0,13.3322
0.3024886010517186,5.547576638631423E15,3.877381187989756,120.48132736564719,-1.0653992117750182,0.19479884803823283,-0.8706003637367854,1.5425262038604534E16,6.883329638222882E7,1.1567146522836527E-20,1.5207892105556231E24,7.042095886116343E-25,3.142446929381125E-33,200.0,13.3322
0.30331307327931656,5.517142681071031E15,3.8561972254169055,120.44981940335191,-1.0670771343710845,0.1948870358957437,-0.8721900984753408,1.4662385790167362E16,6.920280850491957E7,1.1635944054778083E-20,1.5346682824412725E24,6.683294263254604E-25,3.154348410285259E-33,200.0,13.3322
0.3041375455069145,5.486534462472275E15,3.8348965021773056,120.41812456983588,-1.0676572477602606,0.19495643932432996,-0.8727008084359307,1.3878418109271924E16,6.950311721159199E7,1.170475186753276E-20,1.5486238522758606E24,6.322515016207961E-25,3.166315489154877E-33,200.0,13.3322
0.3049620177345125,5.45575674601556E15,3.8134822387418152,120.38624286509913,-1.0671849359832057,0.19500694685971862,-0.8721779891234871,1.3076470609458856E16,6.973634050532155E7,1.1773559680287438E-20,1.5626538101072767E24,5.959812691436582E-25,3.178346356679172E-33,200.0,13.3322
0.3057864899621104,5.424814299843063E15,3.791957658287555,120.35417428914164,-1.0657033843626118,0.19503853617416467,-0.8706648481884471,1.225951969816503E16,6.990448862309904E7,1.1842362148125869E-20,1.5767560442103517E24,5.595241881237713E-25,3.1904392020269166E-33,200.0,13.3322
0.30657901815013716,5.394911799423222E15,3.7711600342792937,120.32316698375973,-1.0672972079090581,0.19511507274640344,-0.8721821351626546,1.1504881165243648E16,7.026543093313743E7,1.1912404212264283E-20,1.5903819991122593E24,5.242983836022125E-25,3.202123631893825E-33,200.0,13.3322
0.3073715463381639,5.364849834443279E15,3.7502545796245017,120.29197681133888,-1.0678432319525761,0.19517312843531343,-0.8726701035172627,1.0733388444273402E16,7.055923552700247E7,1.1982451621318943E-20,1.6040786012922445E24,4.888899418104247E-25,3.2138686427014406E-33,200.0,13.3322
0.30816407452619066,5.334632917486306E15,3.729244358988384,120.26060377187912,-1.0673832813362716,0.19521267912553958,-0.8721706022107321,9.94782745282294E15,7.078788139580008E7,1.2052499030373601E-20,1.6178438428772037E24,4.533040534998792E-25,3.2256725126730047E-33,200.0,13.3322
0.30895660271421743,5.304265563873554E15,3.708132438500951,120.22904786538041,-1.065957602888807,0.19523376761777597,-0.8707238352710308,9.150870566428042E15,7.095327566188912E7,1.2122544889724719E-20,1.631675715034338E24,4.175459119030514E-25,3.237533519208807E-33,200.0,13.3322
0.3097184245291826,5.2749294710453E15,3.6877397581602263,120.19853717789888,-1.0674757358348221,0.1953009513816835,-0.8721747844531387,8.405853351452507E15,7.130577285163306E7,1.2193893998568189E-20,1.6450363634690516E24,3.8300597738612486E-25,3.2489904454011854E-33,200.0,13.3322
0.3104802463441477,5.245447390439979E15,3.6672475092624492,120.16784743806568,-1.0679917688699994,0.19534996533771223,-0.8726418035322872,7.647797541652973E15,7.159303872018404E7,1.226524465711962E-20,1.65846224611838E24,3.4829739944503503E-25,3.260503310763412E-33,200.0,13.3322
0.3112420681591129,5.21582359299454E15,3.646658604497259,120.13697864588083,-1.0675446548191612,0.19538085008448366,-0.8721638047346775,6.879202351344716E15,7.181694801020189E7,1.233659531567105E-20,1.6719514546788727E24,3.1342511142388935E-25,3.272070478900972E-33,200.0,13.3322
0.312003889974078,5.186062350561883E15,3.625975956977943,120.10593080134433,-1.0661722132342546,0.19539369738701884,-0.8707785158472356,6.102468547504907E15,7.197932945840114E7,1.240794740658766E-20,1.685502080569518E24,2.7839404738434734E-25,3.2836903131813415E-33,200.0,13.3322
0.31273619512930767,5.157321265981979E15,3.606003566162135,120.0759121586751,-1.0676212187950298,0.1954532985511308,-0.872167920243899,5.368234484357973E15,7.232345170245291E7,1.248064248592259E-20,1.698587368409676E24,2.445659747917103E-25,3.294911114156929E-33,200.0,13.3322
0.3134685002845373,5.128446483127755E15,3.5859392542484243,120.04571816139584,-1.0681104537966457,0.195495047052748,-0.8726154067438977,4.624407460367568E15,7.260413780609398E7,1.2553336132894548E-20,1.711732880087617E24,2.105822115959146E-25,3.3061835578404195E-33,200.0,13.3322
0.314200805439767,5.099442040276511E15,3.565785786013328,120.01534880950658,-1.0676765041780207,0.1955190321345294,-0.8721574720434914,3.873230061122413E15,7.282318334927166E7,1.2626029779866506E-20,1.7249368042079566E24,1.764474406144343E-25,3.3175060909372006E-33,200.0,13.3322
0.3149331105949966,5.070311975139722E15,3.545545925791167,119.98480410300729,-1.0663551415387413,0.19552538283591725,-0.870829758702824,3.116857213113698E15,7.298235646484917E7,1.2698727257508347E-20,1.7381973296650253E24,1.421663439157772E-25,3.3288771604010936E-33,200.0,13.3322
0.3156370427085715,5.04218889783973E15,3.526006240621781,119.95527268608065,-1.0677402271375676,0.19557877704686508,-0.8721614500907025,2.39438395672563E15,7.331814092396449E7,1.2772789004395151E-20,1.7509991222548785E24,1.090711629510582E-25,3.339854860588984E-33,200.0,13.3322
0.3163409748221464,5.013943339311766E15,3.50638171403264,119.92556954518989,-1.0682051868313405,0.19561464097531686,-0.8725905458560236,1.6654325782048005E15,7.359220780238545E7,1.284684692061428E-20,1.763856500298097E24,7.583228252978432E-26,3.350880226011064E-33,200.0,13.3322
0.3170449069357213,4.985579114172519E15,3.486674967162365,119.89569468033508,-1.0677846138850746,0.19563310088793454,-0.8721515129971401,9.320130080190816E14,7.380629153951518E7,1.2920904836833409E-20,1.7767677465063658E24,4.245414218392613E-26,3.3619517840707334E-33,200.0,13.3322
0.3177488390492962,4.957100035279721E15,3.4668886199946725,119.86564809151619,-1.0599792019682237,0.19563256756087088,-0.8643466344073529,1.9485448310449944E14,7.350903028404215E7,1.2994873356874621E-20,1.7897311443480314E24,8.941179489342478E-27,3.3730680628202375E-33,200.0,13.3322
0.3184254974300045,4.929599236408222E15,3.4477811206468205,119.83659928524895,-1.0679384374863679,0.19568301678095495,-0.872255420705413,3.2488942935229683E12,7.519036375578073E7,1.3070363240586312E-20,1.8065150335861577E24,1.4796912927810125E-28,3.424504354366715E-33,200.0,13.3322
0.31910215581071283,4.901921919559334E15,3.428546954535546,119.80738201740793,-1.0686658890538439,0.19571538828643714,-0.8729505007674068,3.109332333335497E12,7.671479854855707E7,1.3145942520480339E-20,1.8250107979288431E24,1.4151645817378908E-28,3.491555554777723E-33,200.0,13.3322
0.3197788141914212,4.874072781295063E15,3.4091894236389124,119.7779962879931,-1.0679655977061855,0.19572808912762937,-0.8722375085785561,2.9647039606940283E12,7.814622221368241E7,1.3221521800374365E-20,1.8436251910691062E24,1.3502240069581396E-28,3.5590368105859284E-33,200.0,13.3322
0.3204554725721295,4.846056526157048E15,3.389711836371932,119.74844209700446,-1.0658923293966094,0.19572123718504647,-0.8701710922115629,2.815751840369592E12,7.948250473598982E7,1.3297104176153506E-20,1.8623550316023538E24,1.2848806675004997E-28,3.626936588502251E-33,200.0,13.3322
0.32110591393622284,4.818964145027444E15,3.370872371403585,119.71986881836344,-1.0680152046180234,0.19576922622467632,-0.872245978393347,2.6825786802993677E12,8.108291223006253E7,1.3374751401050669E-20,1.8804712474227304E24,1.221678098426972E-28,3.6926118423147E-33,200.0,13.3322
0.3217563553003162,4.791709259325251E15,3.351915430792006,119.69112918106251,-1.0687119830787692,0.1957976868462815,-0.8729142962324877,2.544591188509172E12,8.258785710677055E7,1.345239553006051E-20,1.8987004289833763E24,1.158081422489565E-28,3.758696621700143E-33,200.0,13.3322
0.3224067966644096,4.764296349448924E15,3.3328441810864105,119.66222318510167,-1.0680355854638084,0.1958067344527288,-0.8722288510110796,2.4024894398150835E12,8.399546365998225E7,1.353003965907035E-20,1.9170395312992524E24,1.0941012628161572E-28,3.825179887920283E-33,200.0,13.3322
0.32305723802850295,4.73672990128329E15,3.3136617935891435,119.63315083048091,-1.0660382960252561,0.1957965102815704,-0.8702417857436858,2.2569509340518164E12,8.530402583696721E7,1.3607688467582058E-20,1.9354855048146602E24,1.0297482584804096E-28,3.89205058566719E-33,200.0,13.3322
0.32368247814993734,4.710082912601741E15,3.2951147035532484,119.60504281981108,-1.0680779872156991,0.19584101542811094,-0.8722369717875882,2.1246338670208962E12,8.688705108979319E7,1.3687402960243028E-20,1.9533205700086433E24,9.675265477749247E-29,3.956706606824709E-33,200.0,13.3322
0.3243077182713717,4.683286395904511E15,3.2764587802966765,119.57677064160946,-1.068746022919913,0.19586623387303498,-0.872879789046878,1.9884396265361099E12,8.837042955960421E7,1.3767112773395504E-20,1.971260290303901E24,9.049397237735535E-29,4.021742025666991E-33,200.0,13.3322
0.3249329583928061,4.656344618475896E15,3.2576970545499577,119.54833429587609,-1.0680929102261707,0.1958723041569719,-0.8722206060691988,1.8490059707402568E12,8.975268685371147E7,1.3846822586547977E-20,1.9893017513199836E24,8.41997953960139E-29,4.0871462769260144E-33,200.0,13.3322
0.32555819851424045,4.629261850968331E15,3.2388325603268524,119.51973378261097,-1.066168691494028,0.19585938689303534,-0.8703093046009929,1.7069496552176165E12,9.103251941055956E7,1.392653845835025E-20,2.0074420355192545E24,7.787114168330922E-29,4.152908783888262E-33,200.0,13.3322
0.32615921381097845,4.603091832455997E15,3.2205991271267345,119.49208152268768,-1.0681292806378933,0.19590093454439703,-0.8722283460934962,1.5757574487927458E12,9.259578603744748E7,1.400831307567887E-20,2.0249754851981464E24,7.175419609481074E-29,4.216471382682975E-33,200.0,13.3322
0.3267602291077165,4.576784285250913E15,3.2022649670452505,119.46426738003917,-1.0687702082207509,0.19592344857632166,-0.8728467596444291,1.441548707228273E12,9.405576717526044E7,1.409008163435548E-20,2.0426057948422662E24,6.560345868850964E-29,4.2803851200854235E-33,200.0,13.3322
0.3273612444044545,4.550343267587309E15,3.183832975510582,119.43629135466543,-1.0681398055558282,0.19592708671444323,-0.872212718841385,1.3049031140739524E12,9.541136992672138E7,1.417185019303209E-20,2.0603301801792405E24,5.9419900821607E-29,4.3446399024978834E-33,200.0,13.3322
0.3279622597011925,4.523772839282273E15,3.1653060499615773,119.40815344656646,-1.0662860715508276,0.19591202595512874,-0.8703740455956988,1.1663806409251294E12,9.666167231424555E7,1.425362605750809E-20,2.07814585500322E24,5.320449452584203E-29,4.409225629313352E-33,200.0,13.3322
0.32853998876004503,4.4981064148881475E15,3.147404669387382,119.38094815259032,-1.0681710977907373,0.19595104072910755,-0.8722200570616297,1.036552651365927E12,9.820305416985013E7,1.433744709171193E-20,2.095359999593298E24,4.719894583243145E-29,4.4716306771625794E-33,200.0,13.3322
0.32911771781889754,4.472313543548704E15,3.1294101485195,119.35358335592427,-1.0687863165747393,0.1959712855660108,-0.8728150310087286,9.044971149562598E11,9.96380380592891E7,1.442126082010975E-20,2.1126637088108654E24,4.1162150466914513E-29,4.5343604164209485E-33,200.0,13.3322
0.32969544687775,4.44639807932465E15,3.1113252487747363,119.32605905656828,-1.0681780795392577,0.1959729344086611,-0.8722051451305965,7.707394419815282E11,1.0096589308602406E8,1.450507454850757E-20,2.1300543272502147E24,3.509503482840421E-29,4.597405220660645E-33,200.0,13.3322
0.3302731759366025,4.420363876368103E15,3.0931527324890404,119.29837525452234,-1.0663925067047457,0.19595617821324973,-0.870436328491496,6.357864199353679E11,1.0218605823795128E8,1.4588896738622126E-20,2.1475291986217806E24,2.89985256243677E-29,4.660755460249677E-33,200.0,13.3322
0.3308285209789902,4.3952231414122535E15,3.075599093542987,119.27160885014857,-1.0682050733203763,0.19599300446601245,-0.8722120688543639,5.0753501324756494E11,1.0370366517245735E8,1.467474469861232E-20,2.164408951423358E24,2.3109637166846633E-29,4.721948264559731E-33,200.0,13.3322
0.3313838660213778,4.3699661826136395E15,3.0579594003050605,119.2446854171929,-1.0687957948721512,0.19601133448335892,-0.8727844603887922,3.777777133751922E11,1.051122683620565E8,1.4760584196894613E-20,2.1813714548830073E24,1.7191879246549787E-29,4.7834410581460145E-33,200.0,13.3322
0.33193921106376545,4.344596655372186E15,3.040236282126604,119.21760495565535,-1.0682092054123566,0.19601135602276107,-0.8721978493895955,2.4698911476047668E11,1.0641147952067141E8,1.4846423695176906E-20,2.198414180590473E24,1.1246133957316734E-29,4.845224674967077E-33,200.0,13.3322
0.33249455610615314,4.3191182139471665E15,3.0224323683506213,119.19036746553589,-1.0508118031737845,0.19599155669661295,-0.8548202464771716,1.1392638019297421E11,1.0601929368868324E8,1.4932195123711347E-20,2.2155346001435232E24,5.273283390189309E-30,4.907289949010538E-33,200.0,13.3322
0.3330283843970774,4.2945255669160335E15,3.0052427110061117,119.16403273949385,-1.0857631238751373,0.19602861940987654,-0.8897345044652607,1.441648754850609E8,1.110182264774624E8,1.502006250407358E-20,2.2327754795586831E24,6.458120269940993E-33,4.97325757286348E-33,200.0,13.3322
0.3335622126880016,4.2697708850009095E15,2.9879342373275186,119.13754338328802,-1.077308227905742,0.19604661100475815,-0.8812616169009838,1.4327574151601154E8,1.1304489183726247E8,1.5107997954190284E-20,2.2576788507994572E24,6.46866176090927E-33,5.103789108724346E-33,200.0,13.3322
0.33409604097892587,4.244858594386487E15,2.970510133427222,119.11089939691844,-1.067038055225253,0.19604401545019795,-0.8709940397750551,1.4214267292870048E8,1.1484995331770736E8,1.519593340430699E-20,2.2827485903977887E24,6.479273674894642E-33,5.23519266777519E-33,200.0,13.3322
0.3346298692698501,4.2197931289388635E15,2.9529735920224307,119.0841007803851,-1.0602887195057504,0.19602068765321545,-0.8642680318525349,1.4147640288554806E8,1.1700648206188321E8,1.5283833295877796E-20,2.3079801046833525E24,6.489954067416027E-33,5.367444172197916E-33,200.0,13.3322
0.335143014472274,4.195535935613652E15,2.9359967122148416,119.05818955682741,-1.0683869448154255,0.1960582341700986,-0.8723287106453269,1.4278408108803096E8,1.207124470794795E8,1.5374568318716535E-20,2.33240637982518E24,6.50029360563785E-33,5.495474998980214E-33,200.0,13.3322
0.335656159674698,4.1711205720832185E15,2.9189032620439854,119.03212490194711,-1.0693043602979806,0.19607510453572324,-0.8732292557622574,1.431355606140806E8,1.2365014199863534E8,1.5465338900101175E-20,2.3570003759969507E24,6.510704139457225E-33,5.6243849390128E-33,200.0,13.3322
0.336169304877122,4.146551432503413E15,2.9016964211318514,119.0059068157442,-1.0683747462767703,0.19607115087969973,-0.8723035953970706,1.4324131370730805E8,1.2639300485792762E8,1.5556109481485814E-20,2.3817575183696942E24,6.521183732368539E-33,5.754150013234931E-33,200.0,13.3322
0.3366824500795459,4.1218329181204735E15,2.8843793753574953,118.97953529821865,-1.0656685926730614,0.19604652663909627,-0.8696220660339651,1.431095661798389E8,1.2893420546286827E8,1.5646885756423388E-20,2.4066732231117957E24,6.531730444055393E-33,5.884746195398311E-33,200.0,13.3322
0.33717571355629944,4.09792747165755E15,2.8676262603633385,118.95403569275061,-1.068400063707388,0.1960830244918233,-0.8723170392155648,1.437005031651797E8,1.3203994808302046E8,1.574054585149726E-20,2.4307775462246346E24,6.541933701354725E-33,6.011089503956224E-33,200.0,13.3322
0.337668977033053,4.073876387450608E15,2.8507652182543537,118.92838391491716,-1.0692834937051203,0.1960987509046099,-0.8731847428005104,1.440450808082434E8,1.3494458121993613E8,1.5834200253018196E-20,2.455037154491867E24,6.552202690198463E-33,6.138246742865311E-33,200.0,13.3322
0.3381622405098065,4.049683866832421E15,2.833799304035589,118.90257996471831,-1.0683868691016682,0.1960938563592135,-0.8722930127424547,1.4415126432040042E8,1.3764190784522069E8,1.592785465453913E-20,2.4794476523829425E24,6.562535549977247E-33,6.2661948728612E-33,200.0,13.3322
0.33865550398656,4.0253541158519575E15,2.8167315772214803,118.87662384215406,-1.0657777727077282,0.19606850743057888,-0.8697092652771492,1.4402700787246412E8,1.4012621656293583E8,1.6021515789707238E-20,2.5040046378792166E24,6.572930417335336E-33,6.394910820672052E-33,200.0,13.3322
0.3391296560518033,4.001834023369091E15,2.800226223083946,118.85152484738825,-1.0684096527725748,0.19610381671784283,-0.872305836054732,1.4460348746981603E8,1.4320649652024752E8,1.6118045725736454E-20,2.5277524835402606E24,6.582982779247769E-33,6.519385645287262E-33,200.0,13.3322
0.3396038081170465,3.978179924796072E15,2.7836210678089186,118.82627509544155,-1.069260588279696,0.196118557836825,-0.873142030442871,1.4494098185735065E8,1.4607352305840352E8,1.6214568928125125E-20,2.5516439227280005E24,6.593095923688402E-33,6.64461311834505E-33,200.0,13.3322
0.3400779601822897,3.9543958303264995E15,2.7669190406797948,118.80087458631402,-1.0683957561236423,0.19611289424688552,-0.8722828618767569,1.4504719266062206E8,1.4872216725442076E8,1.6311092130513797E-20,2.5756747407997565E24,6.603268066616946E-33,6.770571148708568E-33,200.0,13.3322
0.34055211224753296,3.930485752842847E15,2.7501230739611766,118.77532332000561,-1.0658800608465793,0.19608700459379136,-0.869793056252788,1.449298263074908E8,1.511477795872081E8,1.640762309178731E-20,2.599840718823501E24,6.613497422177441E-33,6.897237622758256E-33,200.0,13.3322
0.34100789336973186,3.9073798664408425E15,2.7338865478343597,118.75061495406278,-1.0684162968269708,0.19612124403936523,-0.8722950527876056,1.454919010063506E8,1.5419716118924305E8,1.6507004519251816E-20,2.6232017756853053E24,6.623386058038713E-33,7.019685085875683E-33,200.0,13.3322
0.34146367449193077,3.884150747741178E15,2.7175578378334326,118.72575739242382,-1.0692360592046732,0.1961351323376837,-0.8731009268669896,1.4582215092588785E8,1.5702254750212878E8,1.660637818782706E-20,2.6466954663819577E24,6.633330837237314E-33,7.142827751984005E-33,200.0,13.3322
0.3419194556141297,3.86080221858578E15,2.701139747392506,118.70075063508875,-1.0684019400774838,0.1961288448676767,-0.8722730952098071,1.4592803770217928E8,1.59619823363331E8,1.6705751856402307E-20,2.670317757342291E24,6.643330052379746E-33,7.266644479036447E-33,200.0,13.3322
0.3423752367363286,3.8373381017896385E15,2.6846350816025115,118.67559468205754,-1.0659763675630052,0.19610257141474113,-0.8698737961482641,1.4581704073959047E8,1.6198534646767026E8,1.6805134303168262E-20,2.6940646126113084E24,6.653381995063453E-33,7.391114112491348E-33,200.0,13.3322
0.3428133586946212,3.8146708745093095E15,2.6686856745163694,118.65126791052211,-1.0684204862493334,0.1961358386281774,-0.872284647621156,1.463647539500591E8,1.6499892933356708E8,1.6907345561437078E-20,2.7170125636041027E24,6.663095764970033E-33,7.51139627264503E-33,200.0,13.3322
0.3432514806529139,3.791890376772488E15,2.6526512054684237,118.62679364133918,-1.0692102516539772,0.19614898485233004,-0.8730612668016472,1.4668761914972258E8,1.6777912523169532E8,1.700954804152844E-20,2.740082901449292E24,6.672861340709913E-33,7.632319926018952E-33,200.0,13.3322
0.34368960261120657,3.7690002457436705E15,2.636534352747394,118.60217187450871,-1.068405868452262,0.1961421964636249,-0.872263671988637,1.4679287833964723E8,1.7032278047323152E8,1.71117505216198E-20,2.7632717726344547E24,6.682677091107703E-33,7.753864874348004E-33,200.0,13.3322
0.3441277245694992,3.7460041181221125E15,2.620337795161753,118.57740261003072,-1.066067463829618,0.19611567354344478,-0.8699517902861731,1.4668780145687884E8,1.7262720677132863E8,1.7213962799334746E-20,2.786575322899355E24,6.692541384671461E-33,7.876010915447368E-33,200.0,13.3322
0.3445488715652592,3.7237959560078375E15,2.604691186278348,118.553449271725,-1.0684226334524958,0.1961480485687775,-0.8722745848837183,1.4722119278237513E8,1.7560059624214333E8,1.731897885972134E-20,2.8090876088997403E24,6.702070739442503E-33,7.994009528525024E-33,200.0,13.3322
0.34497001856101916,3.7014837207783405E15,2.5889661589705604,118.52935026092791,-1.0691834555113262,0.19616054533207467,-0.8730229101792515,1.4753655447534844E8,1.783325062562988E8,1.742398512248877E-20,2.8317127230541715E24,6.711647853890554E-33,8.112599532707672E-33,200.0,13.3322
0.3453911655567792,3.6790708692946795E15,2.5731652677854884,118.50510557763948,-1.0684079182645234,0.1961533603740064,-0.872254557890517,1.4764092607593787E8,1.8082069358797887E8,1.75289913852562E-20,2.854446989889242E24,6.721271172203374E-33,8.231761662925355E-33,200.0,13.3322
0.3458123125525392,3.656560856760341E15,2.557291066823863,118.4807152218597,-1.066153998709435,0.19612670325118986,-0.8700272954582452,1.4754138259487152E8,1.8306337159435615E8,1.763400847201801E-20,2.8772867345737733E24,6.730939138840579E-33,8.351476657474395E-33,200.0,13.3322
0.3462171422778715,3.6348284619372545E15,2.541960494268356,118.45712795860037,-1.0684230862470911,0.19615825158415523,-0.8722648346629359,1.4806049262556812E8,1.8599264972694045E8,1.774180085325846E-20,2.899344308613685E24,6.740276015975637E-33,8.46709188839864E-33,200.0,13.3322
0.3466219720032038,3.613000474699745E15,2.5265576880392135,118.43339696598267,-1.069155916559326,0.19617017638105427,-0.8729857401782718,1.4836825369532728E8,1.8867360403913975E8,1.784958241050453E-20,2.921505812209953E24,6.749656886049203E-33,8.583251868243883E-33,200.0,13.3322
0.3470268017285361,3.591080176520143E15,2.511085080928133,118.40952224400665,-1.068408407926722,0.19616268353660157,-0.8722457243901204,1.4847151705221298E8,1.9110485142347196E8,1.7957363967750598E-20,2.9437677450704123E24,6.759080267402516E-33,8.699938250156284E-33,200.0,13.3322
0.34743163145386846,3.5690708462378575E15,2.495545104468588,118.38550379267228,-1.0491777684549355,0.1961352513600405,-0.8530425170948951,1.4600328410742548E8,1.9019307564096397E8,1.8065151755980186E-20,2.966126608713229E24,6.768544679143115E-33,8.817132696770888E-33,200.0,13.3322
0.34782077611870665,3.54784029254802E15,2.480550191440054,118.36227601128087,-1.064349201439183,0.19616695144106808,-0.868182249998115,1.483143797732301E8,1.9541791458594444E8,1.81756612252931E-20,2.9877012370026404E24,6.777677127399132E-33,8.93021655754686E-33,200.0,13.3322
0.34820992078354496,3.526502040776408E15,2.465475039912142,118.3389065804942,-1.0947977859762195,0.1961789241171837,-0.8986188618590357,1.5276397364469427E8,2.0356737337374303E8,1.8286164463626918E-20,3.009391312163619E24,6.786858443824129E-33,9.043905535489922E-33,200.0,13.3322
0.34859906544838315,3.5050595616007085E15,2.4503222141126586,118.31539550031223,-1.0796649030716423,0.1961706437704539,-0.8834942593011884,1.492714912189487E8,2.002091947201702E8,1.839666770196074E-20,3.037054652830091E24,6.724649335300894E-33,9.01938218210293E-33,200.0,13.3322
0.3489882101132214,3.483516325392884E15,2.4350942786469307,118.29174277073498,-1.042279093096627,0.19614089069298996,-0.8461382024036372,1.4125130528062114E8,1.8981138734320807E8,1.8506963692977497E-20,3.070643102300887E24,6.591590183048894E-33,8.857680111038471E-33,200.0,13.3322
0.34936227743263015,3.4626635737201755E15,2.4203504480731817,118.26886867987957,-1.0685956083130632,0.19617440889099633,-0.8724211994220669,1.4198737477410668E8,1.9116426903210726E8,1.8620719992905393E-20,3.103163755500849E24,6.462761058345455E-33,8.70111864250819E-33,200.0,13.3322
0.34973634475203885,3.4416763419652735E15,2.4055075458676387,118.24585416404601,-1.0697674065721339,0.19618701222332402,-0.8735803943488099,1.3929054539727464E8,1.879073174440806E8,1.8734683540150345E-20,3.135902932249587E24,6.333066262299476E-33,8.543505154281553E-33,200.0,13.3322
0.35011041207144755,3.4205585978852785E15,2.3905684965613245,118.22269922323427,-1.068564154764885,0.1961774779556273,-0.8723866768092576,1.3626609631075174E8,1.8421085428714615E8,1.8848647087395298E-20,3.168854181872111E24,6.20253134897372E-33,8.384870701305192E-33,200.0,13.3322
0.3504844793908563,3.399314314447939E15,2.375536229149007,118.1994038574444,-1.0650768909612398,0.19614596135362658,-0.8689309296076131,1.329451360583199E8,1.8011427030880737E8,1.8962616713228022E-20,3.2020110438476846E24,6.0711819114344065E-33,8.225246385925266E-33,200.0,13.3322
0.350844053534081,3.3787704754281975E15,2.360995804893764,118.17687376225528,-1.0685869305976174,0.19618032964921223,-0.8724066009484053,1.305919512180993E8,1.7731566358598006E8,1.908047986238936E-20,3.2340830411634303E24,5.9441301171093385E-33,8.070844844001191E-33,200.0,13.3322
0.3512036276773057,3.3581029965542645E15,2.3463639644690697,118.15420407114293,-1.0697175476515268,0.19619258293683514,-0.8735249647146917,1.2791828748703489E8,1.7408614712085637E8,1.919833693298502E-20,3.266356676278031E24,5.816279543590816E-33,7.915472574038353E-33,200.0,13.3322
0.35156320182053036,3.3373156747001455E15,2.331643517408737,118.13139478410731,-1.0685564362031834,0.1961828732327131,-0.8723735629704703,1.2495364661376345E8,1.704631007365001E8,1.931619400358068E-20,3.298825752167294E24,5.6876547401152185E-33,7.75915940985351E-33,200.0,13.3322
0.35192277596375504,3.316412309822188E15,2.3168372761020124,118.10844590114846,-1.0651908600392734,0.1961513669576088,-0.8690394930816645,1.2172677582183358E8,1.66482979813832E8,1.9434058076139556E-20,3.3314840655087564E24,5.5582802808692316E-33,7.601935215584635E-33,200.0,13.3322
0.35226841846650053,3.2962062461059455E15,2.30252127521627,118.08624975489316,-1.0685778380812279,0.19618524259520362,-0.8723925954860242,1.19365619805431E8,1.6367254260298097E8,1.955580549348699E-20,3.3630610493656204E24,5.433189460397677E-33,7.449916775672332E-33,200.0,13.3322
0.3526140609692461,3.2758865831898835E15,2.288121022245205,118.06391499991585,-1.0696689732139726,0.19619718068204645,-0.8734717925319262,1.1672029919565728E8,1.6047678286016464E8,1.9677545908853542E-20,3.394823869110547E24,5.307362459301135E-33,7.297003681542537E-33,200.0,13.3322
0.3529597034719916,3.255456948624741E15,2.273639211074166,118.04144163621662,-1.0685483286762378,0.19618734423007136,-0.8723609844461665,1.1381805351401868E8,1.569302679645668E8,1.979928632422009E-20,3.4267665828066214E24,5.180822816299048E-33,7.143224538966593E-33,200.0,13.3322
0.3533053459747371,3.2349209712324015E15,2.2590785370487794,118.0188296637954,-1.0652997292076076,0.196155910541029,-0.8691438186665786,1.1068541993170391E8,1.530667075999168E8,1.9921034799676948E-20,3.4588832452959743E24,5.053594082870538E-33,6.988607969222223E-33,200.0,13.3322
0.35363759661610084,3.215077363271689E15,2.2450052668833522,117.99695841423913,-1.0685684210850503,0.19618930806562437,-0.872379113019426,1.0832345008983396E8,1.5025322115072685E8,2.0046654199662386E-20,3.489924834939177E24,4.93062420282084E-33,6.83916703302172E-33,200.0,13.3322
0.3539698472574645,3.1951294373016685E15,2.2308544301078648,117.97494968981367,-1.06962156301745,0.19620095959566508,-0.8734206034217848,1.0571105298866557E8,1.470968104420469E8,2.0172265539561938E-20,3.521137514233272E24,4.8069765587104186E-33,6.688902434183532E-33,200.0,13.3322
0.3543020978988282,3.175080654076721E15,2.216628605172323,117.95280349051905,-1.0685399131687758,0.19619103886795033,-0.8723488743008255,1.0287335138855967E8,1.4362941286281115E8,2.029787687946149E-20,3.552515595858534E24,4.682673680604014E-33,6.537841552696695E-33,200.0,13.3322
0.35463434854019193,3.1549344740950345E15,2.202330370788247,117.93051981635527,-1.0654041487158121,0.19615973326895042,-0.8692444154468618,9.9834809733075E7,1.3988216436230248E8,2.0423497407854448E-20,3.5840533919184135E24,4.5577381008514376E-33,6.386011771327208E-33,200.0,13.3322
0.3549537261856196,3.135474142407277E15,2.188515588786729,117.90896532340592,-1.068558755567839,0.19619266260094748,-0.8723660929668916,9.747847107678333E7,1.3707353424071705E8,2.055297382672376E-20,3.6145248309557255E24,4.437026847129275E-33,6.239315663639E-33,200.0,13.3322
0.3552731038310472,3.1159180571376235E15,2.17462946374592,117.88727462546899,-1.0695752137708896,0.19620405129035928,-0.8733711624805303,9.490302134153979E7,1.3396138542477997E8,2.0682441057095247E-20,3.6451536322353266E24,4.3156922098664805E-33,6.0918619800315E-33,200.0,13.3322
0.3555924814764749,3.0962695155380655E15,2.160674459617133,117.86544772254443,-1.0685312584972197,0.19619408300852953,-0.8723371754886902,9.213159847643624E7,1.3057519058030736E8,2.0811908287466737E-20,3.675934360988704E24,4.1937557186573764E-33,5.943676884657507E-33,200.0,13.3322
0.3559118591219025,3.076531813329547E15,2.1466530395936223,117.84348461463227,-1.0326982193308352,0.19616087643248947,-0.8365373428983457,8.644069705584541E7,1.230351251777341E8,2.0941291436790535E-20,3.7068615841194067E24,4.071238896472487E-33,5.794786533620156E-33,200.0,13.3322
0.35621886253348434,3.0574797781073275E15,2.133115390887827,117.82223973523189,-1.1024944216867671,0.1961959417896692,-0.9062984798970979,8.960162325869498E7,1.2809214783443326E8,2.10745721555043E-20,3.7367217467482374E24,3.9529491871200577E-33,5.6510332429658254E-33,200.0,13.3322
0.3565258659450661,3.0382921830212095E15,2.119478757892361,117.8008599865457,-1.0952839934509464,0.19620864558775877,-0.8990753478631877,1.0543963800565197E8,1.3945560908185735E8,2.1207936955270174E-20,3.780914376179351E24,4.682296596171869E-33,6.192856273710401E-33,200.0,13.3322
0.35683286935664793,3.018973070862275E15,2.1057461379115154,117.77934536857373,-1.0646875700859046,0.1961971025332603,-0.8684904675526444,1.2209032467106956E8,1.5035106669141304E8,2.134130175503605E-20,3.828091820331875E24,5.577515934890203E-33,6.868566141980344E-33,200.0,13.3322
0.3571398727682297,2.999526491701352E15,2.0919205339239904,117.75769588131595,-1.0472405270645697,0.19616081731891236,-0.8510797097456574,1.3949513028387043E8,1.6253449795252195E8,2.147453687892772E-20,3.8755887044593154E24,6.478796832224975E-33,7.548851263260447E-33,200.0,13.3322
0.3574349813836016,2.980688577592325E15,2.078524992417902,117.73675320464342,-1.0688105754738708,0.19619838028660871,-0.8726121951872621,1.6155744750407106E8,1.803661466089269E8,2.1613128498001248E-20,3.9216081393652394E24,7.352042274506286E-33,8.20797527594767E-33,200.0,13.3322
0.3577300899989735,2.9617131092268135E15,2.06502891454992,117.7156756771292,-1.0705135108415376,0.19621138146413755,-0.8743021293774,1.8117881020198363E8,1.9526939932483715E8,2.175184979296223E-20,3.9679729598279724E24,8.231841607854037E-33,8.872046153249662E-33,200.0,13.3322
0.35802519861434534,2.9426042301511285E15,2.0514353803159437,117.69446329877329,-1.0687558674222242,0.19619932265046466,-0.8725565447717595,2.003530976929895E8,2.096460397644636E8,2.1890571087923218E-20,4.0146725847395596E24,9.117994049613823E-33,9.540912344797594E-33,200.0,13.3322
0.3583203072297172,2.923366091817859E15,2.037747475865201,117.67311606957567,-1.063672331457599,0.19616230577466595,-0.8675100256829331,2.1891379604102522E8,2.2337774568763852E8,2.20292916308982E-20,4.061696411852719E24,1.0010298416000237E-32,1.021442199744973E-32,200.0,13.3322
0.35860398191078335,2.9047480093818655E15,2.024498172840478,117.65246369991685,-1.0687919359128164,0.1962002559906613,-0.8725916799221551,2.3894677241951627E8,2.387784442124765E8,2.2173599825527284E-20,4.1072134548045094E24,1.0874010679851967E-32,1.0866350385040129E-32,200.0,13.3322
0.35888765659184957,2.886003547921673E15,2.0111562378894683,117.63167648289108,-1.0704377114480004,0.19621312639838936,-0.874224585049611,2.5845614988059947E8,2.5359404623528993E8,2.231790877216446E-20,4.153048728183939E24,1.1743761550459726E-32,1.1522836701619741E-32,200.0,13.3322
0.3591713312729158,2.8671366943383655E15,1.9977246454665156,117.6107544184984,-1.068739307248368,0.19620101571165252,-0.8725382915367155,2.772855631663656E8,2.6771361438550335E8,2.2462217718801633E-20,4.1991920134635994E24,1.2619357125345037E-32,1.2183734589963563E-32,200.0,13.3322
0.35945500595398194,2.8481514406981485E15,1.984206374120812,117.5896975067388,-1.063825109595406,0.19616403859829676,-0.8676610709971093,2.9528518352953696E8,2.810310760061049E8,2.260652680374445E-20,4.2456330780485184E24,1.350060323508926E-32,1.284889749136065E-32,200.0,13.3322
0.3597276897066287,2.8297868478332205E15,1.9711275358223685,117.5693242931138,-1.068773993714872,0.19620178347121317,-0.8725722102436587,3.1539365409463304E8,2.9647942555487555E8,2.2756459029510255E-20,4.290564501496146E24,1.4353203029525268E-32,1.3492438207996794E-32,200.0,13.3322
0.3600003734592755,2.8113062419433235E15,1.9579634707342628,117.54881640588293,-1.070365547757336,0.1962145305549085,-0.8741510172024274,3.347482955504679E8,3.111752692995635E8,2.2906391116965993E-20,4.335788715548567E24,1.5211358695338256E-32,1.4140172485868606E-32,200.0,13.3322
0.36027305721192227,2.792713452439523E15,1.9447170453811107,117.52817384504618,-1.0687233713923987,0.19620239111218682,-0.8725209802802119,3.532086920012005E8,3.2501937774182993E8,2.3056323204421735E-20,4.3812958724633126E24,1.6074883365908847E-32,1.4791959278404244E-32,200.0,13.3322
0.36054574096456904,2.7740123115349055E15,1.9313911285785506,117.50739661060356,-1.0639702649209015,0.19616549216375873,-0.8678047727571427,3.706407537181666E8,3.379172526676178E8,2.320625641541674E-20,4.4270761166272727E24,1.6943590025267594E-32,1.5447657426302734E-32,200.0,13.3322
0.3608078596304932,2.755930447856476E15,1.9185041071868063,117.48729248596855,-1.0687566527622856,0.196203021190498,-0.8725536315717876,3.907678663266997E8,3.533707908899976E8,2.3361848579055672E-20,4.471348566665898E24,1.7783685417440248E-32,1.608175984369675E-32,200.0,13.3322
0.3610699782964174,2.7377421607215755E15,1.9055387722548478,117.46705401953082,-1.070296472093664,0.19621565023521134,-0.8740808218584527,4.09929548564428E8,3.6791816147904104E8,2.351743961915092E-20,4.515890057330054E24,1.8628886011372E-32,1.6719715657748922E-32,200.0,13.3322
0.3613320969623416,2.7194511225267005E15,1.8924978810978337,117.44668121129041,-1.0687079665522248,0.1962035027194697,-0.872504463832755,4.280004428166178E8,3.814712081293154E8,2.3673030659246167E-20,4.560691116058639E24,1.9479012059727215E-32,1.7361389195509354E-32,200.0,13.3322
0.3615942156282657,2.701061006449901E15,1.8793841917548575,117.42617406124727,-1.0641089713156495,0.19616671747055853,-0.867942253845091,4.448613612879631E8,3.939464091764068E8,2.3828623860023922E-20,4.6057422678035173E24,2.0333883767977463E-32,1.8006644748407124E-32,200.0,13.3322
0.36184617854999823,2.683286999141609E15,1.866707612700773,117.40632995377314,-1.0687398291893646,0.19620401876381227,-0.8725358104255523,4.6495535222799695E8,4.0936644570989776E8,2.3989911725608735E-20,4.6492917580831073E24,2.1160260579819429E-32,1.8630392407244014E-32,200.0,13.3322
0.3620981414717307,2.6654154195658875E15,1.8539591546670864,117.38635198311484,-1.0702300136990728,0.19621653331459307,-0.8740134803844797,4.838900936645144E8,4.237398086917701E8,2.4151197430511037E-20,4.693088183510589E24,2.1991323129173737E-32,1.9257676851916814E-32,200.0,13.3322
0.3623501043934632,2.6474497846440605E15,1.8411414654131013,117.36624014927239,-1.0686930125970855,0.1962043961559266,-0.8724886164411589,5.015544968561145E8,4.369888519710189E8,2.431248313541334E-20,4.737122447896245E24,2.282689881056991E-32,1.9888367800141986E-32,200.0,13.3322
0.36260206731519573,2.6293936103661495E15,1.8282571920732567,117.34599445224578,-1.0642422251602688,0.19616775708816273,-0.8680744680721061,5.1784352256652194E8,4.490404907154886E8,2.4473772131029154E-20,4.781385457197035E24,2.3666815059271922E-32,2.052233500038227E-32,200.0,13.3322
0.3628442679753591,2.611948786318998E15,1.8158071164658234,117.32640220378687,-1.0687234519704132,0.19620481816232663,-0.8725186338080866,5.378573133821963E8,4.6439181327391076E8,2.464079093822194E-20,4.824156810914219E24,2.4478426278968223E-32,2.1134937618118997E-32,200.0,13.3322
0.3630864686355225,2.5944145441133435E15,1.8032911352137204,117.30667670730251,-1.070165777587394,0.1962172205042462,-0.8739485570831479,5.565350871696341E8,4.785686015155854E8,2.480780645467471E-20,4.867154578809837E24,2.5294333838891025E-32,2.1750783105354777E-32,200.0,13.3322
0.36332866929568586,2.5767942475791025E15,1.7907117869510705,117.28681796279265,-1.0686784432532814,0.1962051099266421,-0.8724733333266393,5.737793110530276E8,4.9150320911026853E8,2.4974821971127475E-20,4.910370039586011E24,2.611437224735967E-32,2.2369746549281205E-32,200.0,13.3322
0.36357086995584925,2.5590912581766355E15,1.7780716085375914,117.26682597025733,-1.024347064656482,0.19616746163629828,-0.8281796030201838,5.673313526717824E8,4.8421307845866454E8,2.5141857141805273E-20,4.9537944780407E24,2.6938376128365615E-32,2.2991703124398976E-32,200.0,13.3322
0.3638036865916472,2.542008063029537E15,1.765872149033951,117.24747827540979,-1.0591748897512212,0.1962057508927814,-0.8629691388584398,6.039388250125215E8,5.1374807397382176E8,2.5314559871181678E-20,4.995704857868201E24,2.773364986963299E-32,2.3591974244233886E-32,200.0,13.3322
0.3640365032274452,2.5248201327924125E15,1.7535956862404387,117.22799814871948,-1.1303068901903441,0.196218930876543,-0.9340879593138012,6.630960112599801E8,5.622879951126477E8,2.5487242946337472E-20,5.037879777048905E24,2.853394339840883E-32,2.4196034290211682E-32,200.0,13.3322
0.3642693198632431,2.5075311439535265E15,1.7412449975627202,117.20838559018642,-1.1170586733677441,0.19620597235335624,-0.9208527010143879,6.712525981468424E8,5.678183503418924E8,2.5659926021493266E-20,5.09115845809358E24,2.922750541431251E-32,2.4723798395389084E-32,200.0,13.3322
0.36450213649904106,2.4901447741627155E15,1.7288228613052423,117.1886405998106,-0.9985437005826989,0.1961640236334604,-0.8023796769492384,6.097120659833603E8,5.1514467022769076E8,2.5831962274155842E-20,5.166744352023315E24,2.9698838748463935E-32,2.509249750297766E-32,200.0,13.3322
0.36472593269293957,2.4732731406038235E15,1.7167643838404365,117.16953150001503,-1.069250292051474,0.1962070102263062,-0.8730432818251677,6.629438408790808E8,5.594899437586738E8,2.601153703053815E-20,5.240117464321953E24,3.0156373770659116E-32,2.545040292182013E-32,200.0,13.3322
0.3649497288868381,2.4562527338326755E15,1.7045959011833447,117.15028954209257,-1.0721386686664685,0.19622234433057667,-0.8759163243358918,6.749120731335335E8,5.68962552681173E8,2.619175860939601E-20,5.31415993337401E24,3.061808272179691E-32,2.5811573384241684E-32,200.0,13.3322
0.36517352508073664,2.439088210780198E15,1.692320954315474,117.13091472604327,-1.0691397342208873,0.19620717188588122,-0.872932562335006,6.832619842416735E8,5.753795219717978E8,2.6371980188253867E-20,5.388850213106651E24,3.108383124635381E-32,2.617590379103115E-32,200.0,13.3322
0.36539732127463515,2.421784242224678E15,1.6799430951568932,117.11140705186712,-1.0604960215819366,0.19616145994710227,-0.8643345616348342,6.879781030498881E8,5.787380274416149E8,2.655217939165051E-20,5.464166690888358E24,3.155348457376428E-32,2.654328871831197E-32,200.0,13.3322
0.36561244652215796,2.4050154188826565E15,1.6679447189560854,117.09252427595659,-1.0692163128284145,0.19620745907088954,-0.8730088537575249,7.036430278215871E8,5.913254625833479E8,2.6741535641554248E-20,5.53717410056778E24,3.20087391726442E-32,2.689941028275599E-32,200.0,13.3322
0.3658275717696807,2.3881100123624975E15,1.6558451896781754,117.07350730052012,-1.0720097605946524,0.19622284120454273,-0.8757869193901097,7.155999020323035E8,6.007855552142583E8,2.693091426692361E-20,5.610797003878737E24,3.2467831824504875E-32,2.7258534152800635E-32,200.0,13.3322
0.3660426970172035,2.3710725474128555E15,1.6436479615356854,117.05435612555772,-1.0691098658217295,0.19620757058635094,-0.8729022952353785,7.238367701011614E8,6.071178856761913E8,2.7120292892292973E-20,5.685014382718065E24,3.293063146609991E-32,2.7620557804608765E-32,200.0,13.3322
0.36625782226472625,2.353907558507215E15,1.631356496439235,117.03507075106938,-1.060744394033068,0.19616162540417081,-0.8645827686288972,7.283439792554362E8,6.103236162679223E8,2.7309647934180887E-20,5.759805172141426E24,3.339700674209387E-32,2.798537848585748E-32,200.0,13.3322
0.3664646125202511,2.3372837441054345E15,1.6194495144284073,117.01640043426636,-1.0691849811903853,0.1962078183238253,-0.87297716286656,7.440708468703024E8,6.22948805958298E8,2.750834885228142E-20,5.832256468813679E24,3.3848793569618484E-32,2.8338787396408E-32,200.0,13.3322
0.3666714027757758,2.3205347064640915E15,1.6074497185807586,116.99759475129835,-1.071891204658188,0.19622324762088414,-0.8756679570373039,7.55988184506896E8,6.323746344624588E8,2.7707073353889895E-20,5.90527251672354E24,3.4304102034183424E-32,2.8694951097124923E-32,200.0,13.3322
0.36687819303130054,2.303664832424729E15,1.5953604696605408,116.97865370216539,-1.0690823990029834,0.1962078884717903,-0.8728745105311931,7.640895007042649E8,6.386044144803948E8,2.790579785549837E-20,5.978832866379475E24,3.476280461825166E-32,2.90537698377918E-32,200.0,13.3322
0.3670849832868254,2.286678514926863E15,1.5831851332317792,116.95957728686749,-1.0609736072561753,0.19616173166216425,-0.8648118755940111,7.683711257285938E8,6.416435018274802E8,2.810449849279526E-20,6.052917039084408E24,3.522477362216827E-32,2.941514372573098E-32,200.0,13.3322
0.3672837614882332,2.2702370466781695E15,1.5713976103476972,116.94110676821862,-1.06915586294327,0.19620810412432044,-0.8729477588189496,7.84128185457731E8,6.542824267604728E8,2.831274647919823E-20,6.124641453946964E24,3.5672027809949067E-32,2.9765006992238365E-32,200.0,13.3322
0.36748253968964106,2.2536808954580095E15,1.5595250876164322,116.92249987670247,-1.07178124212091,0.19622357781667338,-0.8755576643042366,7.959802327884219E8,6.636540894240168E8,2.852101832990396E-20,6.196883073684755E24,3.612250714842413E-32,3.0117393123344227E-32,200.0,13.3322
0.36768131789104896,2.2370143066622848E15,1.5475708274793238,116.90375661231909,-1.0690569125138187,0.1962081402939097,-0.872848772219909,8.039264597814332E8,6.697657829946193E8,2.872929018060969E-20,6.269622047078963E24,3.657608785072442E-32,3.047220528713613E-32,200.0,13.3322
0.3678800960924568,2.2202415286181872E15,1.5355380946077821,116.88487697506845,-1.061187050438912,0.19616179454298377,-0.8650252558959283,8.079694331664492E8,6.726273260375087E8,2.893753800594506E-20,6.342838509341296E24,3.703264604536531E-32,3.082934658551132E-32,200.0,13.3322
0.36807117266545425,2.2040151272389308E15,1.5238949589372222,116.86659469549431,-1.069128562327159,0.1962083303617969,-0.872920231965362,8.237266507479885E8,6.852571648154874E8,2.915554683773012E-20,6.41368436061544E24,3.7474421746567985E-32,3.117492432208493E-32,200.0,13.3322
0.3682622492384517,2.1876837872426102E15,1.5121741118575176,116.84817518308739,-1.0716782880780076,0.1962238452517496,-0.875454442826258,8.354899410939761E8,6.945565034743396E8,2.9373579694912046E-20,6.485003068265253E24,3.791914605313245E-32,3.152280859648804E-32,200.0,13.3322
0.36845332581144913,2.1712516108243632E15,1.5003787141482063,116.82961843784764,-1.0690330301309234,0.19620833873060775,-0.8728246914003157,8.432644740470563E8,7.005369147696269E8,2.959161255209397E-20,6.556775399661015E24,3.83666990355452E-32,3.187290559421317E-32,200.0,13.3322
0.36864440238444657,2.1547227003658685E15,1.4885119265592541,116.8109244597751,-1.061387718174199,0.1961618250247538,-0.8652258931494452,8.470593323345851E8,7.032129606574667E8,2.9809621289442875E-20,6.628982122352958E24,3.881696076541478E-32,3.2225121501630546E-32,200.0,13.3322
0.36882807572734766,2.1387397525342282E15,1.4770351004287394,116.79281986905339,-1.069102733513225,0.19620850870576573,-0.8728942248074594,8.627881876019791E8,7.158119484918274E8,3.003761682915346E-20,6.698816017632352E24,3.92524261808191E-32,3.256576303578879E-32,200.0,13.3322
0.3690117490702488,2.1226608475142445E15,1.465487334606436,116.77457732027693,-1.0715809703051176,0.1962240616634015,-0.8753569086417161,8.744414156513917E8,7.250224564401253E8,3.026563648867938E-20,6.769081564916507E24,3.9690583262194664E-32,3.2908510117697675E-32,200.0,13.3322
0.36919542241314995,2.1064899439819445E15,1.453871686162386,116.75619681344577,-1.069010428364851,0.1962084944037862,-0.8728019339610648,8.820304707303445E8,7.30860636471375E8,3.04936561482053E-20,6.839760162624572E24,4.01313160150792E-32,3.325327201103191E-32,200.0,13.3322
0.36937909575605105,2.0902309984374755E15,1.4421912101662724,116.73767834855984,-1.0615781773232804,0.19616182911714836,-0.8654163482061321,8.855712223974165E8,7.333460588344966E8,3.0721652128740144E-20,6.910833221347427E24,4.057450852091005E-32,3.3599958038838474E-32,200.0,13.3322
0.3695556527057768,2.0745158606063278E15,1.4308997689923264,116.71974182002138,-1.0690780804781124,0.19620864936939925,-0.8728694311087131,9.012445814361693E8,7.458934058087853E8,3.095987240340643E-20,6.979539091030183E24,4.1002939871651907E-32,3.393509719670407E-32,200.0,13.3322
0.3697322096555025,2.0587130234021832E15,1.4195436588792913,116.70166673229046,-1.0714881235404854,0.19622423913690387,-0.8752638844035815,9.127684783631676E8,7.550001361232027E8,3.119811635705497E-20,7.048638456603598E24,4.1433824957085216E-32,3.4272155781279905E-32,200.0,13.3322
0.36990876660522826,2.0428263027981775E15,1.408125832208902,116.6834530853671,-1.0689888341533005,0.19620861662767103,-0.8727802175256294,9.2016093867378E8,7.606872562386303E8,3.1436360310703506E-20,7.118113353491533E24,4.186705175493796E-32,3.461104616347479E-32,200.0,13.3322
0.370085323554954,2.0268595105736425E15,1.396649237657509,116.66510087925128,-1.0617606437173497,0.19616179381786028,-0.8655988498994893,9.234449031335096E8,7.629796138897507E8,3.167458470968101E-20,7.187945839664266E24,4.2302508383531605E-32,3.4951680824176354E-32,200.0,13.3322
0.3702550398349763,2.0114328211429298E15,1.3855595862291132,116.64732363069638,-1.0690543402601766,0.19620876455508857,-0.8728455757050881,9.390368737828286E8,7.754554066196581E8,3.192327948727313E-20,7.255423864314001E24,4.2723283222414605E-32,3.528083069826959E-32,200.0,13.3322
0.3704247561149987,1.995926010957199E15,1.3744110572514607,116.62940733791669,-1.0713987209905402,0.1962244029909969,-0.8751743179995434,9.50414049197972E8,7.844448525578606E8,3.217199381952743E-20,7.323260145555091E24,4.3146292053182946E-32,3.561172810591246E-32,200.0,13.3322
0.37059447239502097,1.9803427549545832E15,1.363206498290262,116.61135200091218,-1.068968008279258,0.19620871684094082,-0.8727592914383173,9.576013177676438E8,7.899740854355929E8,3.2420708151781735E-20,7.391437356593232E24,4.3571426830600877E-32,3.594428852903861E-32,200.0,13.3322
0.37076418867504335,1.964686722168933E15,1.351948751743441,116.59315761968287,-0.9870138536323678,0.19615735587868435,-0.7908564977536835,8.792313340555961E8,7.253043919124722E8,3.266837382303817E-20,7.480777547612679E24,4.3327303726946986E-32,3.574199697584158E-32,200.0,13.3322
0.37092732932597416,1.9495081137242318E15,1.341032798826003,116.57553246208847,-1.0697473220862568,0.1962099492410351,-0.8735373728452217,9.292271132863629E8,7.670054641889406E8,3.292789211367561E-20,7.593513937002292E24,4.224958235650888E-32,3.487377850236751E-32,200.0,13.3322
0.371090469976905,1.9341940890694078E15,1.3300178687011537,116.55776727801722,-1.0739577624875756,0.19622891033983028,-0.8777288521477453,9.088722727935863E8,7.506799679980942E8,3.318845906532859E-20,7.707272530598881E24,4.116208906304949E-32,3.3997687712057963E-32,200.0,13.3322
0.3712536106278358,1.9187496969346458E15,1.3189078604796642,116.53986206746913,-1.0695547562758687,0.19620988670339445,-0.8733448695724743,8.810259062225608E8,7.281709824200766E8,3.344902601698157E-20,7.822013059662428E24,4.0065208801967125E-32,3.311403472717409E-32,200.0,13.3322
0.37141675127876667,1.903179996948433E15,1.3077066809310365,116.52181683044418,-1.0568927438755291,0.1961526631244482,-0.860740080751081,8.46565587416347E8,7.00191587337446E8,3.3709520289792264E-20,7.937695176356039E24,3.895932728479918E-32,3.2223130279126966E-32,200.0,13.3322
0.37157357107226346,1.8880916274814522E15,1.296850666360949,116.50433221839396,-1.0697044025899693,0.19621008559226671,-0.8734943169977026,8.332556130020747E8,6.896895381943133E8,3.398553481300743E-20,8.049812542109566E24,3.7887523568856015E-32,3.1359679101814107E-32,200.0,13.3322
0.3717303908657603,1.872879745956906E15,1.285904684512209,116.48670498786751,-1.0737992958929763,0.1962292731498245,-0.8775700227431518,8.125869874875824E8,6.731092659558761E8,3.426162201509138E-20,8.16285906047443E24,3.680683747135834E-32,3.04890722273372E-32,200.0,13.3322
0.3718872106592572,1.8575492805925845E15,1.274872547321123,116.46893513886485,-1.0695185194975518,0.19621000860155624,-0.8733085108959956,7.853972472950692E8,6.511313664123392E8,3.4537709217175333E-20,8.276795363019949E24,3.5717645341054724E-32,2.961161284439135E-32,200.0,13.3322
0.37204403045275397,1.8421051655734015E15,1.2637580703241555,116.45102267138599,-1.0571899793627302,0.19615208137155296,-0.861037897991177,7.524929051627759E8,6.244112154467964E8,3.481371846735718E-20,8.391582044134186E24,3.4620323882133856E-32,2.8727604428016224E-32,200.0,13.3322
0.3721947742893885,1.8271486200511845E15,1.2529938362215831,116.43366320843145,-1.069666681979954,0.1962102089151144,-0.8734564730648396,7.380017099533046E8,6.129518021137203E8,3.510582146056724E-20,8.502751531255186E24,3.3557581562110775E-32,2.7871453162859765E-32,200.0,13.3322
0.3723455181260231,1.8120795569036022E15,1.2421480040263484,116.41615866128578,-1.073660259279174,0.1962296257626948,-0.8774306335164792,7.171199966270738E8,5.961981210499538E8,3.539800240568824E-20,8.614763736773502E24,3.2486783142092185E-32,2.7008811857668734E-32,200.0,13.3322
0.3724962619626576,1.7969027786237212E15,1.2312242925914685,116.39850902994897,-1.0694867772136334,0.19621011918266948,-0.8732766580309639,6.906182277884734E8,5.747763021296153E8,3.569018335080924E-20,8.727580253592209E24,3.1408295780804427E-32,2.613997629760399E-32,200.0,13.3322
0.3726470057992922,1.7816230893320115E15,1.2202264207697904,116.38071431442103,-1.057452913898636,0.19615148312734015,-0.861301430771296,6.592408287691718E8,5.492913378478221E8,3.5982281335859575E-20,8.841162674616127E24,3.032248663695707E-32,2.5265242267812856E-32,200.0,13.3322
0.37279190909100435,1.7668348158294502E15,1.209582077103795,116.36346567854011,-1.0696329871420336,0.19621032236012292,-0.8734226647819107,6.437232758687519E8,5.369999786861551E8,3.6291097434962216E-20,8.951093972543357E24,2.927158098264586E-32,2.4418626687961785E-32,200.0,13.3322
0.3729368123827166,1.7519441326258915E15,1.1988638679225214,116.34606959989111,-1.0735361109246015,0.19622997121334698,-0.8773061397112546,6.22716053441493E8,5.20143629693831E8,3.659999649411785E-20,9.06178812933924E24,2.821338265815222E-32,2.3566136091481165E-32,200.0,13.3322
0.3730817156744287,1.7369557136871445E15,1.188075415168585,116.32852607847408,-1.069458437259761,0.19621022128141993,-0.8732482159783411,5.969307947578056E8,4.9930068469658816E8,3.690889555327348E-20,9.173207738765756E24,2.714824925433319E-32,2.270805855560186E-32,200.0,13.3322
0.3732266189661409,1.7218742308082455E15,1.1772203376114336,116.31083511428898,-1.0576899383710332,0.19615086910186738,-0.8615390692691657,5.670567853366032E8,4.7503142766435194E8,3.7217706494762804E-20,9.285315427356323E24,2.607653804876208E-32,2.184468190517155E-32,200.0,13.3322
0.373365908003874,1.7072858464972612E15,1.1667204379133176,116.29368394346785,-1.0696023166419921,0.1962104289009663,-0.8733918877410258,5.506467144602642E8,4.620164427923586E8,3.754391342956604E-20,9.393754955253855E24,2.5039893206327926E-32,2.100955491658165E-32,200.0,13.3322
0.373505197041607,1.6926043114010865E15,1.1561537857382704,116.27638306083512,-1.0734230101877007,0.1962303137501268,-0.8771926964375739,5.2959015982605064E8,4.4511893252524215E8,3.787020848198257E-20,9.502883880887797E24,2.3996657957040386E-32,2.0169118658699363E-32,200.0,13.3322
0.37364448607934003,1.6778341700445382E15,1.14552390397363,116.2589324663908,-1.0694325851995072,0.19621031760114327,-0.873222267598364,5.045462495246701E8,4.24874723920007E8,3.8196503534399104E-20,9.612665821030616E24,2.2947180112125682E-32,1.9323653330229258E-32,200.0,13.3322
0.3737837751170731,1.6629799614728135E15,1.1348343095529305,116.24133216013489,-1.0008953032041192,0.1961491074006194,-0.8047461958034998,4.504934750001704E8,3.801496886670712E8,3.8522757470335406E-20,9.72306445394372E24,2.189180689499683E-32,1.847343865633024E-32,200.0,13.3322
0.3739176674241654,1.6486275950351742E15,1.124504899844542,116.22426594423817,-1.056013103342434,0.1962108135994653,-0.8598022897429687,4.531599299208478E8,3.8324660699763536E8,3.886694875212885E-20,9.8297432170217E24,2.087199436273887E-32,1.7651871872675572E-32,200.0,13.3322
0.37405155973125764,1.6341764769062148E15,1.1141074840658218,116.20704790588766,-1.1590581990731108,0.1962317874394398,-0.962826411633671,4.7291689122880673E8,4.00936763110941E8,3.92111811504202E-20,9.937124324538472E24,1.9845467657575426E-32,1.682489611309212E-32,200.0,13.3322
0.3741854520383499,1.6196313921904755E15,1.103645700808634,116.18967804508335,-1.1420230529068107,0.19621069265674218,-0.9458123602500685,4.429542461564306E8,3.7576642168802303E8,3.955541354871155E-20,1.006206559726326E25,1.8865388511325336E-32,1.6003864047284848E-32,200.0,13.3322
0.3743193443454422,1.6049971219538565E15,1.0931231827083696,116.17215636182522,-0.9634832243350706,0.19614435361674162,-0.767338870718329,3.564721002722757E8,3.011430153474087E8,3.989854223736754E-20,1.0224800574506529E25,1.7995467870139166E-32,1.5202338283590475E-32,200.0,13.3322
0.37444804901732626,1.5908023095210618E15,1.0829256351064998,116.1551640184312,-1.0701757783191723,0.19621165772750615,-0.8739641205916662,3.7739713129299605E8,3.173994967076903E8,4.026304369713791E-20,1.0382509752206657E25,1.715241328341223E-32,1.4425566312136885E-32,200.0,13.3322
0.3745767536892104,1.5764851858298308E15,1.0726484221726977,116.13801667375944,-1.0754906826576462,0.19623510629603427,-0.879255576361612,3.604843106621543E8,3.0166578519623363E8,4.062864886654363E-20,1.0541450986326698E25,1.630277258146322E-32,1.3642726038836867E-32,200.0,13.3322
0.37470545836109453,1.5620513325353068E15,1.0622956330158206,116.1207143278099,-1.069893302047965,0.1962115241550413,-0.8736817778929238,3.397813940839018E8,2.827491876121768E8,4.099425403594934E-20,1.07015610371525E25,1.544688382027502E-32,1.2854128941044824E-32,200.0,13.3322
0.3748341630329786,1.5475063354216798E15,1.0518713543734406,116.10325698058264,-1.0537505484261334,0.19614045033289096,-0.8576100980932423,3.159839465747751E8,2.6128018497213942E8,4.1359698055301765E-20,1.0862776701642787E25,1.4585084859790964E-32,1.2060086315488621E-32,200.0,13.3322
0.3749578810637194,1.533416337581663E15,1.0417809870814023,116.08632207349768,-1.070151556886077,0.19621182395986408,-0.8739397329262131,3.0254806235446876E8,2.4843589564538628E8,4.1750060103489E-20,1.1018828292716294E25,1.375089111444846E-32,1.1291478528584033E-32,200.0,13.3322
0.37508159909446026,1.5192158178108712E15,1.0316193042803217,116.06922801574147,-1.0754088329284224,0.19623571965165792,-0.8791731132767644,2.854598610943925E8,2.325422253080741E8,4.2140583301729533E-20,1.1175982806838311E25,1.2910801552842058E-32,1.0517438466124888E-32,200.0,13.3322
0.375205317125201,1.5049102427103682E15,1.0213902967487418,116.05197480731397,-1.069876576460892,0.19621167681251586,-0.8736648996483761,2.6538997266483504E8,2.1420704050595737E8,4.2531106499970064E-20,1.133417852501256E25,1.2065146101762674E-32,9.738270115406724E-33,200.0,13.3322
0.37532903515594185,1.49050507713497E15,1.0110979487635572,116.0345624482152,-1.0538944175779488,0.1961392033000851,-0.8577552142778637,2.429885131137634E8,1.9401971966931117E8,4.292144639058795E-20,1.1493353828793382E25,1.1214254150495038E-32,8.954276968478701E-33,200.0,13.3322
0.37544795975212253,1.4765603995809032E15,1.0011420819299897,116.0176667470687,-1.0701328501991831,0.19621199871973974,-0.8739208514794434,2.286234653686697E8,1.8032392645335558E8,4.3338029173298214E-20,1.1647325316146484E25,1.0391179865718703E-32,8.195914408207678E-33,200.0,13.3322
0.3755668843483032,1.4625158965778528E15,0.9911224188051452,116.00060778106977,-1.0753460563620947,0.19623637425562782,-0.8791096821064669,2.1142336975951803E8,1.6432840794434988E8,4.375479526360462E-20,1.180228343881921E25,9.562831395611049E-33,7.432692329464042E-33,200.0,13.3322
0.3756858089444839,1.4483769187875075E15,0.9810428529361781,115.98338555021843,-1.0698638724340073,0.1962118381654961,-0.8736520342685112,1.9201610704415742E8,1.466023329929459E8,4.417156135391103E-20,1.1958167981537852E25,8.72953062862166E-33,6.664907313192263E-33,200.0,13.3322
0.37580473354066457,1.4341488099688552E15,0.9709072677784865,115.96600005451468,-0.8986710413880249,0.1961335934347084,-0.7025374479533164,1.4580888216961423E8,1.0887915957926661E8,4.4587897806989365E-20,1.2114918885101773E25,7.891598618891539E-33,5.89285517162322E-33,200.0,13.3322
0.37591905042311125,1.4203946245943792E15,0.9611129421680819,115.94912636198325,-1.1915900266900223,0.1962132517069339,-0.9953767749830884,1.7349766181988224E8,1.26090449910703E8,4.5031742778359975E-20,1.2266392072425852E25,7.08187931655314E-33,5.146797598716442E-33,200.0,13.3322
0.3760333673055579,1.4065036886928235E15,0.9512424661272046,115.93208537154625,-1.2193848895432264,0.19624134475726335,-1.0231435447859631,1.6976353982332012E8,1.2216620166644341E8,4.547601738695865E-20,1.247820443459604E25,6.771507569360064E-33,4.872950694626431E-33,200.0,13.3322
0.3761476841880046,1.3924826193630042E15,0.9413002331811384,115.9148770832037,-1.0473361699002333,0.19621307558400242,-0.8511230943162309,1.44090775541027E8,1.037274964718032E8,4.592029199555732E-20,1.271878886471921E25,6.691628644949358E-33,4.8171431103302564E-33,200.0,13.3322
0.3762620010704513,1.3783380425556065E15,0.9312906307161719,115.89750149695558,-0.9545412901783294,0.19612577704966405,-0.7584155131286654,1.2974595143708938E8,9.343449807865283E7,4.6363374858505795E-20,1.2961003517891895E25,6.611208453326646E-33,4.7609573685190216E-33,200.0,13.3322
0.37637188876426764,1.3645944523005078E15,0.9215913914407058,115.88063256198677,-1.0710739593410887,0.19621397881720015,-0.8748599805238886,1.4386962036139187E8,1.0364229893447123E8,4.6842978060754054E-20,1.3195707931515556E25,6.533281813996308E-33,4.706513752440953E-33,200.0,13.3322
0.376481776458084,1.350712238948275E15,0.9118180546464957,115.86358959161889,-1.0786872247587556,0.1962441995179926,-0.8824430252407629,1.4315082967683882E8,1.0316234456595504E8,4.732377300861716E-20,1.3432205373870012E25,6.454759852656227E-33,4.651654213345804E-33,200.0,13.3322
0.3765916641519004,1.3366984491058052E15,0.9019751394186549,115.84637258585198,-1.0705940853604274,0.19621377983776214,-0.8743803055226653,1.4033613766602114E8,1.0117222235810989E8,4.7804567956480275E-20,1.3670386491098583E25,6.375678877011138E-33,4.596404117690464E-33,200.0,13.3322
0.3767015518457167,1.3225601371126285E15,0.8920671563553082,115.82898154468604,-1.0470992067811664,0.19612168067734997,-0.8509775261038164,1.3554265152385527E8,9.775463911391959E7,4.828499298038264E-20,1.3910142134714684E25,6.296075126578718E-33,4.540788784292791E-33,200.0,13.3322
0.3768071819590808,1.3088479939394438E15,0.8824791318023867,115.81209022455421,-1.0711143755041326,0.19621430507274065,-0.874900070431392,1.3695490290031606E8,9.881143455197378E7,4.880598118428981E-20,1.414215534900819E25,6.219042020166356E-33,4.486969436931524E-33,200.0,13.3322
0.37691281207244487,1.2950117477379578E15,0.8728255025430717,115.79501749805233,-1.0788615536617692,0.19624544901257832,-0.8826161046491908,1.3622509922158203E8,9.832417694878559E7,4.9327339312157713E-20,1.4375756081013931E25,6.141481825582612E-33,4.4327818382727734E-33,200.0,13.3322
0.3770184421858089,1.281058368976116E15,0.8631106958968343,115.77776336518039,-1.0706407007281316,0.19621408157046602,-0.8744266191576655,1.3346898892737721E8,9.637461006834233E7,4.984869744002562E-20,1.4610837197441263E25,6.063430113259128E-33,4.378250839675979E-33,200.0,13.3322
0.377124072299173,1.2669948255787782E15,0.8533391255919336,115.76032782593838,-1.046725625973616,0.19611905595048035,-0.8506065700231356,1.2879814894788873E8,9.304148688329563E7,5.0369625741983113E-20,1.4847291893882788E25,5.984922344431614E-33,4.323401216210606E-33,200.0,13.3322
0.3772256097913325,1.2533679487469362E15,0.8438898814727902,115.74338645353949,-1.071162605750344,0.19621466426428122,-0.8749479414860628,1.3013315223970178E8,9.404554444352819E7,5.0934085488821445E-20,1.5075946867451716E25,5.909004242248139E-33,4.2703608689792656E-33,200.0,13.3322
0.37732714728349204,1.2396299402416425E15,0.83438236025485,115.72625614343818,-1.0790587009272987,0.19624682978473743,-0.8828118711425613,1.2939778558531366E8,9.355483508461863E7,5.149897506155251E-20,1.5306012043605844E25,5.8326179241221375E-33,4.2169934016611906E-33,200.0,13.3322
0.3774286847756516,1.2257876973546245E15,0.824820909509444,115.70893689563451,-1.0706909309693577,0.19621441508562779,-0.87447651588373,1.2670330320296445E8,9.16478956894021E7,5.2063864634283576E-20,1.553738221881829E25,5.755798319764429E-33,4.163323217974828E-33,200.0,13.3322
0.37753022226781113,1.2118481057017722E15,0.8152098588120059,115.69142871012845,-0.9573101055440194,0.19611468401023321,-0.7611954215337862,1.1176624324638778E8,8.088102062598796E7,5.2628371733670364E-20,1.5769952625031003E25,5.678580214301322E-33,4.1093746206243394E-33,200.0,13.3322
0.37762782570669523,1.1983604853703062E15,0.8059241181251935,115.67441001140695,-1.050065415238662,0.1962154275434868,-0.8538499876951751,1.2098481009532496E8,8.759243269478694E7,5.323949364240858E-20,1.5994651105093497E25,5.603975748439074E-33,4.05725204826631E-33,200.0,13.3322
0.3777254291455794,1.184760505470412E15,0.7965821305707834,115.6571947082407,-1.2131073665883971,0.19624982519437065,-1.0168575413940264,1.3789792848986813E8,9.988489297871771E7,5.3850998024508734E-20,1.6220710659741609E25,5.5289193781294516E-33,4.004813751883118E-33,200.0,13.3322
0.37782303258446354,1.1710554315589908E15,0.7871883254904283,115.63978280062972,-1.357627398273948,0.19621515063970518,-1.1614122476342428,1.5221936679821253E8,1.1031258736925639E8,5.446250240660889E-20,1.6448024106751477E25,5.4534466900509155E-33,3.95208459418508E-33,200.0,13.3322
0.37792063602334763,1.157252515377039E15,0.777747111865326,115.622174288574,-0.7972468888489426,0.1961024385942437,-0.6011444502546989,8.729282689594494E7,6.202228580483729E7,5.507036267006492E-20,1.6806685736221446E25,5.3255869498483454E-33,3.7838742039564955E-33,200.0,13.3322
0.37801445783319726,1.1438210601707652E15,0.7686005613948808,115.6050525153261,-1.073098885782958,0.196217760207897,-0.876881125575061,1.1468509099947332E8,7.971272301715417E7,5.573494776364274E-20,1.7163080532601625E25,5.1981519986460024E-33,3.613014096758559E-33,200.0,13.3322
0.3781082796430469,1.130227715352541E15,0.7593830130570144,115.58772422408204,-1.085905655452709,0.19625907472053336,-0.8896465807321755,1.1318659305065784E8,7.681981723391788E7,5.640317697591771E-20,1.7522241756673288E25,5.069727864713021E-33,3.440827729646833E-33,200.0,13.3322
0.3782021014528965,1.1164820012093528E15,0.750099626194963,115.57018941484179,-1.072179488583931,0.1962174409217069,-0.8759620476622242,1.0890470926919486E8,7.202604539727697E7,5.707140618819269E-20,1.788396837493336E25,4.940386430958224E-33,3.267411480588207E-33,200.0,13.3322
0.37829592326274614,1.102593451282795E15,0.7407555438333079,115.55244808760536,-1.031890152495571,0.19609047507946042,-0.8357996774161107,1.0205041814763561E8,6.561636603860822E7,5.773868763264598E-20,1.8248059989734194E25,4.810199352929645E-33,3.092861422712561E-33,200.0,13.3322
0.3783861099621504,1.0891030177237525E15,0.731713283565174,115.53518552006012,-1.073339256109679,0.19621846578336258,-0.8771207903263165,1.0336947355920213E8,6.452457073206627E7,5.847781353082325E-20,1.8600391124569261E25,4.6842174322315746E-33,2.923949485505506E-33,200.0,13.3322
0.3784762966615547,1.0754687279205994E15,0.7226082675199063,115.5177030925861,-1.0868378321466665,0.19626178942574807,-0.8905760427209184,1.0183485270682612E8,6.153549223306642E7,5.921788719673383E-20,1.89551675345368E25,4.557361162299599E-33,2.753865252924035E-33,200.0,13.3322
0.37856648336095894,1.0617001640613966E15,0.7134456114319939,115.5000008051833,-1.072404821187234,0.19621809325467923,-0.8761867279325547,9.766782039474306E7,5.69444872140851E7,5.995796086264442E-20,1.931218988534598E25,4.4297018184606404E-33,2.5827042883115122E-33,200.0,13.3322
0.3786566700603632,1.0478069019620805E15,0.7042304079366601,115.48207865785172,-0.5764429811115107,0.19607703359023432,-0.38036594752127634,5.097712987463219E7,2.8568856448583443E7,6.069677755490999E-20,1.9671259742767487E25,4.3013103542094896E-33,2.4105617235105893E-33,200.0,13.3322
0.37874336249107277,1.0343567954651278E15,0.6953271116332045,115.46462909945946,-1.1298621397179995,0.1962211783692435,-0.9336409613487561,9.703662489462923E7,5.213316570488904E7,6.151388094071135E-20,2.001817615496414E25,4.177264558623818E-33,2.244245671821063E-33,200.0,13.3322
0.37883005492178234,1.0207158283413182E15,0.6863486455136257,115.44694584338602,-1.6768025960546895,0.19627251756637584,-1.4805300784883137,1.3858789648577797E8,7.21430057695032E7,6.233224130019303E-20,2.0423149488138225E25,4.019991365326032E-33,2.092637723899869E-33,200.0,13.3322
0.3789167473524919,1.0068961661698868E15,0.6773008587611624,115.42902888963137,-0.9795105181449394,0.19622074103020398,-0.7832897771147354,7.58888044282947E7,4.000523993862286E7,6.315060165967473E-20,2.0990845066115773E25,3.768342443891529E-33,1.9865043964583732E-33,200.0,13.3322
0.37900343978320145,9.929100015359609E14,0.6681895807400334,115.41087823819552,-0.6219102971179706,0.19605538084191312,-0.42585491627605754,4.494303314665679E7,2.4033526745699525E7,6.396341362297147E-20,2.1562524348997938E25,3.5149276199532045E-33,1.879626296865264E-33,200.0,13.3322
0.3790867733300767,9.792369160368764E14,0.6593461431044203,115.39319433850714,-1.0778731821890373,0.19622395723195069,-0.8816492249570866,7.244289992482972E7,3.935518743439651E7,6.48847503734003E-20,2.21173982178467E25,3.26896232438858E-33,1.775890047551757E-33,200.0,13.3322
0.37917010687695185,9.653555099781301E14,0.6504239359608903,115.37525600523904,-1.102826790882791,0.19628343198164294,-0.906543358901148,6.84933511264328E7,3.789323872761509E7,6.581163552004943E-20,2.2677214411547625E25,3.020806187875609E-33,1.6712298076309487E-33,200.0,13.3322
0.379253440423827,9.512800570962812E14,0.6414293593621759,115.35706323839115,-1.0758671210297124,0.19622341506490082,-0.8796437059648116,6.128533215348992E7,3.463308354015454E7,6.673852066669855E-20,2.3241571364310725E25,2.7706372170817015E-33,1.5657206516941038E-33,200.0,13.3322
0.37933677397070226,9.370248632572562E14,0.6323687907043185,115.33861603796353,-0.9958131106249402,0.19603857788300916,-0.799774532741931,5.156570238628898E7,2.9880066031523623E7,6.766308669526173E-20,2.381006893192054E25,2.5186327885166365E-33,1.4594373885625177E-33,200.0,13.3322
0.3794168787731397,9.231447572946624E14,0.6235930630302675,115.32062291606587,-1.0787080895732843,0.19622549170046893,-0.8824825978728155,5.044496307255071E7,3.008434119211724E7,6.871880511554944E-20,2.4360694397616614E25,2.2745507312801973E-33,1.3564953979686442E-33,200.0,13.3322
0.37949698357557715,9.090805183553405E14,0.6147470045398848,115.30235061161875,-1.1059327755277342,0.19628931665769236,-0.9096434588700418,4.612375654607315E7,2.8484191648374744E7,6.977684265395843E-20,2.4915732709737954E25,2.0285125410625447E-33,1.2527284052208544E-33,200.0,13.3322
0.3795770883780146,8.94846913899845E14,0.6058371010039154,115.28379912462213,-1.0765840554271535,0.1962248215454707,-0.8803592338816828,3.9414553210170865E7,2.5414902937761094E7,7.083488019236741E-20,2.547477692419176E25,1.780698608632967E-33,1.1482124904091207E-33,200.0,13.3322
0.37965719318045205,8.804586993551701E14,0.5968698046036943,115.26496845507603,-0.5812538068719888,0.19602048045559373,-0.3852333264163951,1.829957675896208E7,1.2464592419451326E7,7.189003222696464E-20,2.6037422204423807E25,1.5312883905279969E-33,1.0430233396092857E-33,200.0,13.3322
0.37973419433561884,8.664971712372881E14,0.5881959957786325,115.24658153425825,-0.983938244907979,0.1962286185261053,-0.7877096263818737,2.6096941460636836E7,1.904160194045794E7,7.309453136644282E-20,2.658165285982355E25,1.2900410341000148E-33,9.412768885289047E-34,200.0,13.3322
0.3798111954907857,8.523356274975436E14,0.5794492550745646,115.22788836666331,-1.7216288711114907,0.1963015243631154,-1.5253273467483752,3.705160779802412E7,2.9685983389235843E7,7.43019160096621E-20,2.713045956308319E25,1.0467652005215232E-33,8.386749240277014E-34,200.0,13.3322
0.3798881966459524,8.379912190627581E14,0.570636627517013,115.2088889522912,-1.1970973143216048,0.1962277925866043,-1.0008695217350005,2.358503390042939E7,1.8754050334434863E7,7.550930065288136E-20,2.7837927396609486E25,9.58272010398792E-34,7.619866731152693E-34,200.0,13.3322
0.37996519780111926,8.23481081252715E14,0.5617651195257877,115.18958329114193,-1.7200653936589987,0.1960108036818215,-1.5240545899771771,3.364751483701647E7,2.4740312873145327E7,7.670886913881203E-20,2.862992879261044E25,9.5007266570748E-34,6.9856853071263735E-34,200.0,13.3322
0.3800392155593136,8.092477755282205E14,0.553146869472004,115.17071115828553,-0.6017661932691867,0.19622808408645287,-0.4055381091827338,1.1655916874213705E7,7880590.152336655,7.810445712701156E-20,2.939932065704128E25,9.42107390480677E-34,6.3696080745826745E-34,200.0,13.3322
0.38011323331750796,7.94928764261747E14,0.544483428319632,115.15149685118139,0.3076133474779339,0.19629896832525986,0.5039123158031937,5816975.442715763,3734779.6991457804,7.950786127251737E-20,2.9836252087438215E25,9.197584988143518E-34,5.905294604243509E-34,200.0,13.3322
0.3801872510757023,7.805374037343884E14,0.5357811033716815,115.1319403698295,-1.3072985584901622,0.19622705489750117,-1.111071503592661,2.361488163979948E7,1.516189666169149E7,8.091126541802318E-20,2.9836252087438215E25,8.78603129436725E-34,5.641057219066161E-34,200.0,13.3322
0.38026126883389666,7.660869009054516E14,0.5270461398357009,115.11204171422982,-1.9649290539554296,0.19602206002846342,-1.7689069939269664,3.382538820023521E7,2.171753592739666E7,8.232158573957871E-20,2.983625208743822E25,8.372934043950229E-34,5.3758287958376565E-34,200.0,13.3322
0.38033241878633894,7.522456836347476E14,0.5186458719033411,115.09256125216379,-1.0683431124506582,0.1962259821296729,-0.8721171303209853,1.751845986601877E7,1.1247698896483725E7,8.390784883827354E-20,2.9836252087438215E25,7.975665346567558E-34,5.120763069550494E-34,200.0,13.3322
0.38040356873878123,7.383986709517522E14,0.5102219837238454,115.0727106375087,-1.0687127274082435,0.1962902993311886,-0.872422428077055,1.6649168128799776E7,1.0689571538929516E7,8.548719576075961E-20,2.9836252087438215E25,7.577279591385414E-34,4.864980138105198E-34,200.0,13.3322
0.3804747186912235,7.245554744757864E14,0.5017800160675026,115.0524898702646,-1.0683365382244876,0.19622483123903475,-0.8721117069854528,1.5766385074425178E7,1.0122782102959525E7,8.706654268324567E-20,2.9836252087438215E25,7.1780388146403525E-34,4.608648241444738E-34,200.0,13.3322
0.3805458686436658,7.10725523351963E14,0.4933254354771829,115.03189895043143,-1.067185477508232,0.1960253425565492,-0.8711601349516827,1.4872111392853271E7,9548615.128333993,8.864221389708431E-20,2.983625208743821E25,6.77820154217736E-34,4.351933365670838E-34,200.0,13.3322
0.38061426190301373,6.974359934905674E14,0.48518124691373016,115.01173163249766,-1.0683523807589927,0.1962273844572062,-0.8721249963017865,1.4042370363278108E7,9015881.238819951,9.039574459979191E-20,2.983625208743822E25,6.393043448662503E-34,4.1046432330603765E-34,200.0,13.3322
0.3806826551623617,6.84141403228346E14,0.47701387013042695,114.99116843350893,-1.0687483455778413,0.19629568303904552,-0.8724526625387957,1.3198848918603329E7,8474299.65602154,9.215295101123527E-20,2.9836252087438215E25,6.006788728948481E-34,3.8566490133678E-34,200.0,13.3322
0.38075104842170965,6.708516059204941E14,0.46882904640746054,114.9702093534652,-1.0683450663327347,0.1962261193500499,-0.8721189469826849,1.2343650420351444E7,7925220.839811185,9.391015742267864E-20,2.983625208743822E25,5.619708901862989E-34,3.608125034818422E-34,200.0,13.3322
0.38081944168105764,6.575762600478878E14,0.4606324365972991,114.94885439236648,-1.067109006053867,0.19601439929426717,-0.8710946067595999,1.147891171624869E7,7370016.749824379,9.566327303571203E-20,2.9836252087438215E25,5.232071682615138E-34,3.3592431835303765E-34,200.0,13.3322
0.3808851850549274,6.44820830702015E14,0.45273685094068866,114.92792573432021,-1.0683630163891236,0.1962288381599532,-0.8721341782291704,1.0672214569834197E7,6852078.148319629,9.762252417109767E-20,2.9836252087438215E25,4.85867061325261E-34,3.119501629310678E-34,200.0,13.3322
0.3809509284287973,6.32061224928706E14,0.44481857167797156,114.90657189261091,-1.0687891497853663,0.1963012369094518,-0.8724879128759145,9853599.314624906,6326487.544289276,9.958586610491096E-20,2.9836252087438215E25,4.484196309154057E-34,2.87907100646004E-34,200.0,13.3322
0.3810166718026672,6.193075791773264E14,0.4368835707592801,114.88479286723862,-1.068354817240311,0.19622744116610233,-0.8721273760742086,9025320.37087871,5794692.384623109,1.0154920803872423E-19,2.9836252087438215E25,4.108931198078809E-34,2.6381326472657313E-34,200.0,13.3322
0.38108241517653696,6.065698203188262E14,0.42893773231115195,114.86258865820334,-1.0670212817949667,0.19600290552006394,-0.8710183762749028,8189684.675104879,5258173.834185392,1.0350769418411951E-19,2.9836252087438215E25,3.733153554399028E-34,2.3968652173394916E-34,200.0,13.3322
0.38114561133430164,5.943324575059352E14,0.42128400599073795,114.8408131611459,-1.0683752545380356,0.19623039642158902,-0.8721448581164466,7405005.262337366,4754371.683050035,1.0570538885451452E-19,2.9836252087438215E25,3.3711905896558124E-34,2.1644674797388587E-34,200.0,13.3322
0.3812088074920663,5.820920981323445E14,0.41360823673163793,114.81857915792295,-1.0688360069997633,0.1963071699456965,-0.8725288370540668,6610493.548361605,4244256.718785233,1.0790793931339824E-19,2.9836252087438215E25,3.008185161790135E-34,1.9314004303721344E-34,200.0,13.3322
0.38127200364983094,5.698592003628949E14,0.4059166573435876,114.79588664853448,-1.068365988890281,0.19622884788458023,-0.8721371410057008,5808589.810587676,3729395.717565507,1.1011048977228196E-19,2.9836252087438215E25,2.644432035233878E-34,1.6978533222672983E-34,200.0,13.3322
0.3813351998075956,5.57643995295691E14,0.39821540392617305,114.77273563298047,-1.0669203470265627,0.19599072423289865,-0.870929622793664,5001810.800615576,3211404.5556956558,1.1230728877804088E-19,2.983625208743822E25,2.280221400765384E-34,1.464012471945455E-34,200.0,13.3322
0.3813959474407201,5.459106235746331E14,0.39079780639382994,114.75001531697028,-1.0683893895676237,0.19623204234007174,-0.872157347227552,4238145.203091038,2721094.2907379083,1.1478237243818903E-19,2.9836252087438215E25,1.9294255293585727E-34,1.2387845486068878E-34,200.0,13.3322
0.38145669507384455,5.341758416907193E14,0.38335904921945724,114.72679857338134,-1.0688900028025934,0.19631341013260512,-0.8725765926699882,3467018.2867135857,2225993.498047124,1.172632075515503E-19,2.9836252087438215E25,1.5776289680340274E-34,1.0129141339209363E-34,200.0,13.3322
0.381517442706969,5.2245046664549375E14,0.37590565702771095,114.7030854022137,-1.068378828092616,0.19623032049351383,-0.8721485075991022,2691096.9101125365,1727814.4299041263,1.197440426649116E-19,2.9836252087438215E25,1.2251402818469187E-34,7.865993415835008E-35,200.0,13.3322
0.3815781903400935,5.1074506752068644E14,0.3684440469948005,114.67887580346735,-1.0668038451676538,0.19597808138985115,-0.8708257637778026,1913155.3894134974,1228338.331501877,1.2221812284157928E-19,2.9836252087438215E25,8.72262954359214E-35,5.600350227259671E-35,200.0,13.3322
0.3816365843162586,4.995039226726584E14,0.3612581271224518,114.65509842701113,-1.0684057695183455,0.19623373825095305,-0.8721720312673925,1169531.2369785607,750895.6440333755,1.2501639690842042E-19,2.9836252087438215E25,5.324236718302528E-35,3.418417596014334E-35,200.0,13.3322
0.3816949782924236,4.8826350339343606E14,0.3540522661371902,114.6307814976399,-1.0689524026002695,0.19631980364587862,-0.8726325989543908,421178.1000877635,270416.71972370934,1.2782142591199048E-19,2.9836252087438215E25,1.9164132653054843E-35,1.2304300454627744E-35,200.0,13.3322
0.3817533722685886,4.770350178315485E14,0.3468333104099264,114.60592501535366,-1.0683936190979388,0.1962318199168506,-0.8721617991810883,0.0,0.0,1.3062645491556056E-19,2.9836252087438215E25,0.0,0.0,200.0,13.3322
0.38181176624475366,4.6582940131053056E14,0.33960798582367135,114.5805289801524,-1.066669065771745,0.1959653842890305,-0.8707036814827145,0.0,0.0,1.3342366042150654E-19,2.9836252087438215E25,0.0,0.0,200.0,13.3322
0.38186789775600727,4.550714861264234E14,0.3326509260049728,114.5555662511332,-1.0684247939337848,0.1962354209646565,-0.8721893729691282,0.0,0.0,1.3659841272200822E-19,2.9836252087438215E25,0.0,0.0,200.0,13.3322
0.381924029267261,4.4431716559283444E14,0.32567561621008073,114.53001506593188,-1.0690246430922836,0.19632609739011309,-0.8726985457021705,0.0,0.0,1.3978098852006335E-19,2.9836252087438215E25,0.0,0.0,200.0,13.3322
0.3819801607785146,4.335780610211368E14,0.3186892502556195,114.50387542454845,-1.0684106792019625,0.19623328306672386,-0.8721773961352387,0.0,0.0,1.4296356431811846E-19,2.983625208743822E25,0.0,0.0,200.0,13.3322
0.38203629228976826,4.228654911601887E14,0.3116988855836361,114.47714732698294,-1.0665129843180359,0.19595326427408105,-0.870559720043955,0.0,0.0,1.4613727150057933E-19,2.983625208743822E25,0.0,0.0,200.0,13.3322
0.38209024899493793,4.125851517343239E14,0.30496996570532664,114.45085333498164,-1.068446909289653,0.19623699491746027,-0.8722099143721926,0.0,0.0,1.4974945201852134E-19,2.9836252087438215E25,0.0,0.0,200.0,13.3322
0.38214420570010754,4.023122372311799E14,0.29822513775777126,114.42391575417928,-1.069108299960824,0.19633191391986418,-0.8727763860409598,0.0,0.0,1.5337050115198693E-19,2.983625208743821E25,0.0,0.0,200.0,13.3322
0.3821981624052772,3.920587856428548E14,0.29147195933672115,114.39633458457581,-1.0684303479938848,0.196234617169423,-0.8721957308244618,0.0,0.0,1.5699155028545251E-19,2.983625208743821E25,0.0,0.0,200.0,13.3322
0.3822521191104469,3.8183649701053706E14,0.28471783229651215,114.36810982617129,-1.0663323722120748,0.19594261494439885,-0.870389757267676,0.0,0.0,1.6060286199240246E-19,2.9836252087438215E25,0.0,0.0,200.0,13.3322
0.38230398527203313,3.720321109811911E14,0.2782190133541745,114.3403200624059,-1.0684725947578575,0.19623832817392808,-0.8722342665839294,0.0,0.0,1.647203880790671E-19,2.9836252087438215E25,0.0,0.0,200.0,13.3322
0.3823558514336194,3.622402058224193E14,0.27170749912357633,114.31182515929908,-1.0692050122734513,0.1963367384927987,-0.8728682737806526,0.0,0.0,1.68847651592212E-19,2.9836252087438215E25,0.0,0.0,200.0,13.3322
0.3824077175952057,3.524732098077685E14,0.26519121029552506,114.28262511685088,-1.068452965282396,0.19623569727534795,-0.872217268007048,0.0,0.0,1.7297491510535692E-19,2.9836252087438215E25,0.0,0.0,200.0,13.3322
0.38245958375679195,3.427431714938128E14,0.2586778883020296,114.25271993506126,-1.0661240064234145,0.1959345890174649,-0.8701894174059495,0.0,0.0,1.7709197734351003E-19,2.9836252087438215E25,0.0,0.0,200.0,13.3322
0.38250944037255896,3.33417897566256E14,0.2524145021041009,114.22325144501552,-1.068502328876818,0.19623925566632847,-0.8722630732104896,0.0,0.0,1.8178763719632403E-19,2.9836252087438215E25,0.0,0.0,200.0,13.3322
0.3825592969883259,3.2411166194590625E14,0.2461427569272324,114.1930101132804,-1.0693163448466345,0.1963399352885454,-0.8729764095580891,0.0,0.0,1.864934983241652E-19,2.9836252087438215E25,0.0,0.0,200.0,13.3322
0.38260915360409287,3.148372123927319E14,0.23987090831921046,114.16199593985594,-1.0684788336089102,0.1962363710558827,-0.8722424625530274,0.0,0.0,1.9119935945200637E-19,2.9836252087438215E25,0.0,0.0,200.0,13.3322
0.3826590102198599,3.0560686842331944E14,0.23360700431904025,114.13020892474212,-1.065885012196531,0.1959305179984182,-0.8699544941981128,0.0,0.0,1.9589525556023954E-19,2.983625208743821E25,0.0,0.0,200.0,13.3322
0.38270693514932663,2.9676933564011494E14,0.22758849145276078,114.09886231549191,-1.0685365429999851,0.1962395946433605,-0.8722969483566246,0.0,0.0,2.0124265104116862E-19,2.9836252087438215E25,0.0,0.0,200.0,13.3322
0.38275486007879345,2.8795913442762994E14,0.22156733754317215,114.06666995821627,-1.0694435845159096,0.1963408114447998,-0.8731027730711098,0.0,0.0,2.0660001154174104E-19,2.9836252087438215E25,0.0,0.0,200.0,13.3322
0.3828027850082602,2.7918920085879062E14,0.21555206406718647,114.03363185291516,-1.0685081654593211,0.1962364752114052,-0.872271690247916,0.0,0.0,2.1195737204231346E-19,2.9836252087438215E25,0.0,0.0,200.0,13.3322
0.38285070993772696,2.7047198785844578E14,0.2095509517666487,113.99974799958858,-1.0656133331124478,0.1959317211728135,-0.8696816119396343,0.0,0.0,2.1730601944704285E-19,2.9836252087438215E25,0.0,0.0,200.0,13.3322
0.38289677802375854,2.6213670533015566E14,0.20379152249396754,113.96631211826997,-1.0685755535304018,0.1962391765128508,-0.872336377017551,0.0,0.0,2.233731777768171E-19,2.9836252087438215E25,0.0,0.0,200.0,13.3322
0.3829428461097901,2.5383889109263278E14,0.19803676497291198,113.93195422323268,-1.069587473774149,0.19633874355646838,-0.8732487302176807,0.0,0.0,2.294490492024344E-19,2.9836252087438215E25,0.0,0.0,200.0,13.3322
0.38298891419582165,2.455914642472865E14,0.19229534272716864,113.8966743144767,-1.0685410184422668,0.19623586664382828,-0.8723051517984385,0.0,0.0,2.355249206280517E-19,2.9836252087438215E25,0.0,0.0,200.0,13.3322
0.38303498228185323,2.3740680120245266E14,0.1865756408576135,113.86047239200204,-1.0653082950776374,0.1959391611498537,-0.8693691339277836,0.0,0.0,2.4159459264581744E-19,2.983625208743822E25,0.0,0.0,200.0,13.3322
0.3830792654675401,2.2959396877893406E14,0.18109465450026252,113.82473238308734,-1.0686194843939383,0.19623790263503707,-0.8723815817589012,0.0,0.0,2.4843538814677767E-19,2.9836252087438215E25,0.0,0.0,200.0,13.3322
0.38312354865322706,2.218304564383918E14,0.17562734461625598,113.7879935995483,-1.0697479164178159,0.19633339466766633,-0.8734145217501496,0.0,0.0,2.552823830556955E-19,2.983625208743822E25,0.0,0.0,200.0,13.3322
0.38316783183891406,2.1412888164156975E14,0.17018232552266482,113.75025604138493,-1.0685772259007238,0.19623447489974777,-0.872342751000976,0.0,0.0,2.6212937796461338E-19,2.9836252087438215E25,0.0,0.0,200.0,13.3322
0.38321211502460095,2.06501258712862E14,0.16476789283187468,113.71151970859724,-1.0649711653933687,0.19595271173472179,-0.8690184536586469,0.0,0.0,2.6897400581679806E-19,2.983625208743822E25,0.0,0.0,200.0,13.3322
0.38325468246561084,1.9923561273477303E14,0.15958969500814488,113.67326872757161,-1.0686681919583196,0.1962358759401331,-0.8724323160181866,0.0,0.0,2.7661834915559847E-19,2.983625208743821E25,0.0,0.0,200.0,13.3322
0.38329724990662073,1.9203238578955766E14,0.15443577554171042,113.6339455341494,-1.069923718283039,0.19632522825261894,-0.8735984900304201,0.0,0.0,2.8426505955113207E-19,2.983625208743822E25,0.0,0.0,200.0,13.3322
0.38333981734763056,1.849035403035361E14,0.14931443440100578,113.5935501283306,-1.0686163456762123,0.19623242719844722,-0.8723839184777651,0.0,0.0,2.919117699466657E-19,2.9836252087438215E25,0.0,0.0,200.0,13.3322
0.38338238478864045,1.7786038037584506E14,0.14423361387202843,113.55208251011521,-1.0646055732819937,0.19596861725647263,-0.8686369560255209,0.0,0.0,2.9956100337790736E-19,2.9836252087438215E25,0.0,0.0,200.0,13.3322
0.38342330296121585,1.7116879414508994E14,0.13938659306131837,113.51113659440637,-1.068721205239348,0.19623391200729193,-0.8724872932320561,0.0,0.0,3.080056253641191E-19,2.9836252087438215E25,0.0,0.0,200.0,13.3322
0.3834642211337912,1.6455311753376266E14,0.13457571557102424,113.46905280172989,-1.0701124326570242,0.19631753470993807,-0.8737948979470861,0.0,0.0,3.164477243146228E-19,2.9836252087438215E25,0.0,0.0,200.0,13.3322
0.38350513930636654,1.580242679665338E14,0.12980863087177782,113.42583113208572,-1.0686576409013526,0.19623054936059986,-0.8724270915407528,0.0,0.0,3.2488982326512647E-19,2.9836252087438215E25,0.0,0.0,200.0,13.3322
0.38354605747894194,1.515924628619022E14,0.12509259957035457,113.38147158547392,-1.0642176490171895,0.1959682335653864,-0.868249415451803,0.0,0.0,3.333395919797541E-19,2.983625208743821E25,0.0,0.0,200.0,13.3322
0.3835853902837145,1.4550029394601794E14,0.12060737627582682,113.33768622660615,-1.0687777044040339,0.19623585371342248,-0.8725418506906114,0.0,0.0,3.425417001217903E-19,2.9836252087438215E25,0.0,0.0,200.0,13.3322
0.38362472308848716,1.3949673058546186E14,0.11617086963941554,113.29270960169711,-1.0703103843724608,0.19632566959556058,-0.8739847147769002,0.0,0.0,3.517361384997731E-19,2.9836252087438215E25,0.0,0.0,200.0,13.3322
0.3836640558932598,1.3359127166261245E14,0.11178968429055594,113.24654171074683,-1.0687001148582675,0.19623266292368052,-0.872467451934587,0.0,0.0,3.6093057687775594E-19,2.9836252087438215E25,0.0,0.0,200.0,13.3322
0.38370338869803244,1.2779269685381264E14,0.10747002191429206,113.19918255375528,-1.0638157550889054,0.19586918347181342,-0.8679465716170919,0.0,0.0,3.701358391591853E-19,2.9836252087438215E25,0.0,0.0,200.0,13.3322
0.3837411975598145,1.223193010479889E14,0.10337696868475389,113.15246876913322,-1.0688365503615562,0.19625847798221316,-0.872578072379343,0.0,0.0,3.8001144481260746E-19,2.9836252087438215E25,0.0,0.0,200.0,13.3322
0.3837790064215967,1.1694507161139733E14,0.09934524405283507,113.10452638673915,-1.0705129225615995,0.19641673745588434,-0.8740961851057152,0.0,0.0,3.898762265623711E-19,2.9836252087438215E25,0.0,0.0,200.0,13.3322
0.38381681528337885,1.1167779626335483E14,0.0953799742229222,113.05535540657306,-1.0687426036342036,0.19625544612804288,-0.8724871575061607,0.0,0.0,3.9974100831213476E-19,2.983625208743821E25,0.0,0.0,200.0,13.3322
0.3838546241451609,1.0652455401183127E14,0.09148589738363408,113.00495582863492,-1.0634096600591025,0.19533098184891134,-0.868078678210191,0.0,0.0,4.0961013042196974E-19,2.9836252087438215E25,0.0,0.0,200.0,13.3322
0.3838909681088707,1.0167882014306394E14,0.08781253096267623,112.95529354993813,-1.0688964012124007,0.1963700119967482,-0.8725263892156525,0.0,0.0,4.200370421242221E-19,2.983625208743822E25,0.0,0.0,200.0,13.3322
0.38392731207258046,9.693943128612773E13,0.0842125297912434,112.90438349760466,-1.0707149983196922,0.19686560621497085,-0.8738493921047213,0.0,0.0,4.304596134664385E-19,2.9836252087438215E25,0.0,0.0,200.0,13.3322
0.38396365603629024,9.231231298007708E13,0.08068908864001209,112.85222567163444,-1.0687839444606575,0.19636677602668395,-0.8724171684339735,0.0,0.0,4.408821848086549E-19,2.9836252087438215E25,0.0,0.0,200.0,13.3322
0.384,8.780272485886555E13,0.0772450722127745,112.79882007202752,-1.063346362541206,0.19488768528933234,-0.8684586772518738,0.0,0.0,4.513047561508713E-19,2.9836252087438215E25,0.0,0.0,200.0,13.3322
